qid_hash,doc_id_hash,level,category,row_hash
h_f1f5f9c0f44f145b,,query,query_states_real_conflict,8de815ddc58cf2904be8b44941b2eab1c88ad7d1714c9f67f1001f58aa41a6f2
h_1dd576d381884210,,query,query_states_real_conflict,83df0333b7d8da635027aa5bf3d65424a2567113d61d8796c57ed4fec0cb9ac8
h_9e14977944920e9e,,query,query_states_real_conflict,95adbb98b368459e2f7487f53a3ebe3846486c18c832129018da7ee919cb63be
h_eca58cdb96880d39,,query,query_states_real_conflict,2a395cea52897c17939a37e508df0683cedd020315f8c77b890ec95966b404e6
h_f81699fba4a145ac,,query,query_states_real_conflict,30f24497cda896362e865c035e2b742facc3b8d22ef77639cfa2b5a350072fa1
h_25f09691189e7d21,,query,query_states_real_conflict,1c214b91063b1bf748a2b79a19d25ad865c6c875b522ff9c580480c7d20cde58
h_25f09691189e7d21,,query,risk_types_real_conflict,1c214b91063b1bf748a2b79a19d25ad865c6c875b522ff9c580480c7d20cde58
h_16d62500f29d3587,,query,query_states_real_conflict,38a42767fc7eb5e8140f360278cc1f72791fef07b74491ea281350a696df2fd5
h_66b704865d1ca4ee,,query,query_states_real_conflict,fc1844b4370004f2586778daa003f98d5d50f7a08820989970828546c03a93a0
h_3852d79299a2988a,,query,query_states_real_conflict,cde7f3ffbdb7dadfa6d59ebd62393aa898e6206e535f74a6e6a737ac49a7b2da
h_3852d79299a2988a,,query,risk_types_real_conflict,cde7f3ffbdb7dadfa6d59ebd62393aa898e6206e535f74a6e6a737ac49a7b2da
h_1ffcfbd1fc2931b5,,query,query_states_real_conflict,234b78c5cff5b5a14a68b651f6bd5d73c51fe03fddcb63acc72db7b262f2140b
h_1ffcfbd1fc2931b5,,query,risk_types_real_conflict,234b78c5cff5b5a14a68b651f6bd5d73c51fe03fddcb63acc72db7b262f2140b
h_9fb65af2a8f3e24f,,query,fully_consistent,295b6f42ec43a79c6300ef7ca3a35e7a6157b7bc0a1a12240ab8831c44e47415
h_11ebeb1cd1844431,,query,fully_consistent,94a904e7c3b425610e4515895f8fc9b7c01ad47d5e26fd4e320f7ab81241cc3b
h_3b859581fd395a81,,query,query_states_real_conflict,39be7edd54aa2b5ce5d981881a495950eb9f1e6e15697d886fec3d626bb2378a
h_3b859581fd395a81,,query,risk_types_real_conflict,39be7edd54aa2b5ce5d981881a495950eb9f1e6e15697d886fec3d626bb2378a
h_f73c33b00131d4a3,,query,query_states_real_conflict,cfda89662e0c71726e7745cc4ca44fbab860f1b989a312980404d8e644f3b686
h_3bbfd8c7edbcf7a9,,query,query_states_real_conflict,d68b66aa535ee9a828d0ec57c877afcce97e54e2bf1aaec16635e4f19409303d
h_3bbfd8c7edbcf7a9,,query,risk_types_real_conflict,d68b66aa535ee9a828d0ec57c877afcce97e54e2bf1aaec16635e4f19409303d
h_33f1ef500ea1ca06,,query,fully_consistent,1fecec406baacc56a906dc025e7843215d9ad6b4e8e5d838851991d65497fcda
h_fa786c4511a68302,,query,query_states_real_conflict,d80252cb9eb82396cffb6b09cc97979a5ee0304d621f29b5971c25ce6f9d8ab0
h_4443ef6128bcdd6a,,query,query_states_real_conflict,635302d403ade2d23d8c7883b10e8f25c0f10a2df019764a89b56e08b8b5d294
h_89e68e84a29a8317,,query,fully_consistent,f04b3cf5496200183c56579bb9976c5e17461371c03f5bf72df6922f5b2f9f04
h_77b59ebdf28d1298,,query,query_states_real_conflict,4f6dff8f9fa0a6590e62baaba6f65deb96ef20d87572dcf2d3b9c05e86fbcb3d
h_8d5e595867a16ee4,,query,query_states_real_conflict,18234c879e8ecccb7f52537b090a79a52709fa927877071e7700e77957ab982e
h_8d5e595867a16ee4,,query,risk_types_real_conflict,18234c879e8ecccb7f52537b090a79a52709fa927877071e7700e77957ab982e
h_94a854a9b2a13918,,query,query_states_real_conflict,eee5f19048fad0a9ef73db246c0af8564fca4ed55430af551c3604008ad45663
h_94a854a9b2a13918,,query,risk_types_real_conflict,eee5f19048fad0a9ef73db246c0af8564fca4ed55430af551c3604008ad45663
h_ade01a0ba2077541,,query,query_states_real_conflict,ef27e170c23f8754fcc5a1f3fd7f5abb7ca7039dc489219a1c973a6dbcf2a379
h_ade01a0ba2077541,,query,risk_types_real_conflict,ef27e170c23f8754fcc5a1f3fd7f5abb7ca7039dc489219a1c973a6dbcf2a379
h_63c9cef3d1e00a43,,query,query_states_real_conflict,33365e8dbc14722829a754d6ef3725fa0c3cab1c57d72e33fd8ee2a3068479ba
h_53fc8adaea9f5f87,,query,query_states_real_conflict,1e2ba5497947ab11ab82a42b3f6ce30a09c5055f9d2f22399c0906f1e6732e4b
h_53fc8adaea9f5f87,,query,risk_types_real_conflict,1e2ba5497947ab11ab82a42b3f6ce30a09c5055f9d2f22399c0906f1e6732e4b
h_0090dd284c02023a,,query,query_states_real_conflict,7131b6bb6ee943dddc86ed1b5d6abaf455c5e05cf346340db68b4e77537baaab
h_ec14661dfdb4aa1a,,query,query_states_real_conflict,92f16a2476d842c8754cbf895404c091ba16264b61675f6327237360c98327f2
h_75398ff6bbbe2d26,,query,query_states_real_conflict,011bbd6cfd1278a7fc2d9e57157fa87b6d513b0959eb22894b1e7ef383069e69
h_75398ff6bbbe2d26,,query,risk_types_real_conflict,011bbd6cfd1278a7fc2d9e57157fa87b6d513b0959eb22894b1e7ef383069e69
h_c8d42efbd8b87fbf,,query,query_states_real_conflict,7947b8cc9308aad0b7f9173e7a90d2be267fbfd407393990c13889948afca21c
h_e929b09e3fdeb301,,query,query_states_real_conflict,2efafc309d8c040a420b9566f595a9ebb7f287f6fd2b52c8ba9f3556e07e291b
h_76924abb4c897425,,query,query_states_real_conflict,fa252fe6f0f702943ab4f12e7de45c85fa3bdcbae039ce47e34a196fbe5fcba0
h_8d064650f444c465,,query,query_states_real_conflict,d0a8677d6975850efe8b0d32c979995339da3a60ee971d6ec68941eb30052bae
h_8d064650f444c465,,query,risk_types_real_conflict,d0a8677d6975850efe8b0d32c979995339da3a60ee971d6ec68941eb30052bae
h_bfbbfb23b7934435,,query,query_states_real_conflict,7cdde6efe298145a27734eaa3fee016b97e9845654702c7585d64fc58242ab68
h_bfbbfb23b7934435,,query,risk_types_real_conflict,7cdde6efe298145a27734eaa3fee016b97e9845654702c7585d64fc58242ab68
h_a9a8a6d762a7bc06,,query,query_states_real_conflict,be1b08841a16c0f66b5f134340376256fc14dbb3020e5194d421348a02d3f17a
h_adddfcdb733eb699,,query,query_states_real_conflict,0784a7053ef35e8a20a9382038f42c82654a9a0983248f8433dfb88d44b57f5b
h_4b228af28a222492,,query,query_states_real_conflict,31c878bcc6beae1c67af120e75a9ad1954fe5d6bd1b069fb9a9674281959d957
h_4b228af28a222492,,query,risk_types_real_conflict,31c878bcc6beae1c67af120e75a9ad1954fe5d6bd1b069fb9a9674281959d957
h_09d7a1a61baf6400,,query,query_states_real_conflict,517f353831197fa62a4e60b5f3acd6f97d76866a956a6aed94c36cb2fde64af5
h_09d7a1a61baf6400,,query,risk_types_real_conflict,517f353831197fa62a4e60b5f3acd6f97d76866a956a6aed94c36cb2fde64af5
h_d8cbe284def1a50c,,query,query_states_real_conflict,4a75c66560f37e25a0f641fdd4a40b00935808ba7aa432340c14a1c7c01323f4
h_0731672f8ba38c22,,query,query_states_real_conflict,7f2fc2c927dd62461329fecb5f0d8e41915f74311719017de9415ef8d7eb7272
h_78f48a397b8667fb,,query,fully_consistent,95e4d93de6473f982fe9f9c0fbb94fdf32853ce8db8e6bb3c8be84658cf17730
h_1161687597cc5195,,query,query_states_real_conflict,8985244c0097ba5f128b20c1f6c26c20845b24b378a828bbfdc267a01feeafb6
h_2faf0130d11cda85,,query,query_states_real_conflict,58a8f9c44363b4c2e5a8fe2c202bd25591a9a610ef7bb32dd2952710cbd6cddb
h_5db72fe84a66029e,,query,query_states_real_conflict,b6816a9185fca2288b022c4f11707bc899b0114fccef9045ce7ee2cae93e17fe
h_2a3319e306b8c95e,,query,fully_consistent,77e41534ec4264e0a3bdf7197b700d618c65e75b8ccd741b1a2532a80eb9cd70
h_b0b65676432fe2c7,,query,fully_consistent,dc2f3a86457a93eef031e1c2fef1252f11aa62720f9e3d0781b1fa269ff71b66
h_a1696a9d4d35d8eb,,query,query_states_real_conflict,430d1f3d9836a9779a5786a0fc2c5c3eaeacb9a02c9169afcf0bc7063400ae04
h_56aee866aad71779,,query,query_states_real_conflict,4e974d244b1f122f1fcfd453f8b4f7cef14ee91a2ea285dcf640685ab960edb2
h_56aee866aad71779,,query,risk_types_real_conflict,4e974d244b1f122f1fcfd453f8b4f7cef14ee91a2ea285dcf640685ab960edb2
h_99e4b23a2a7866fb,,query,query_states_real_conflict,cfb23710c7d586774dadd735898472db391ad3c3974ed8b2856067bdaacd4f27
h_4d88f82a41ba4883,,query,query_states_real_conflict,0d8b27938f5b6140982523c299a336f74bc91145218c5fe9f92b92c87d5cc227
h_333a3915fe3e6e15,,query,query_states_real_conflict,cc7bd89f5352e374b9eabeae559b9991d5300ae5bcf750d522c1d6a84c58d070
h_35f315394f1454ca,,query,fully_consistent,3b30f32f662ab89955b6887c039db62f486604329c05ac95a21111ab9ee4674f
h_072ffa49ddd8d32b,,query,query_states_real_conflict,8063d48dcf18aecb2e84b5fa096595b654047fc8f16c4125ed976ed412dfb2a9
h_072ffa49ddd8d32b,,query,risk_types_real_conflict,8063d48dcf18aecb2e84b5fa096595b654047fc8f16c4125ed976ed412dfb2a9
h_a036806a6288ce8e,,query,query_states_real_conflict,cd0b9768fc46cb7d7e8e14c12c152c7548695479fd463b46479f09efaa0e78ba
h_a036806a6288ce8e,,query,risk_types_real_conflict,cd0b9768fc46cb7d7e8e14c12c152c7548695479fd463b46479f09efaa0e78ba
h_a5289f1960ec85df,,query,query_states_real_conflict,4aedd61c7523695314c7cc1e8498b27aacaa91ed54701ac76fd027ebbf0e5e70
h_a5289f1960ec85df,,query,risk_types_real_conflict,4aedd61c7523695314c7cc1e8498b27aacaa91ed54701ac76fd027ebbf0e5e70
h_0fcad1451d8a52f0,,query,query_states_real_conflict,bb5666d0aae6a4e568203ace26facc9680af5c1e0b23b9e36fbe24bfbb002110
h_3e9d095ffe04e1dd,,query,query_states_real_conflict,64e1d0c063d4dbf05d795b67a2544d87f7385dfcc80e38c71651908279f194e0
h_3e9d095ffe04e1dd,,query,risk_types_real_conflict,64e1d0c063d4dbf05d795b67a2544d87f7385dfcc80e38c71651908279f194e0
h_71845850351421e5,,query,query_states_real_conflict,5ebcd2e0a2818e576c1c901b68bbdb861ca9828ecefc4c2768c2404632dfbc09
h_71845850351421e5,,query,risk_types_real_conflict,5ebcd2e0a2818e576c1c901b68bbdb861ca9828ecefc4c2768c2404632dfbc09
h_935859e0ce70ad2d,,query,query_states_real_conflict,e14f1a5ba09d9a52ed5b863b1cf568fd11e5372d5344782e3ec22e3aadc7fea0
h_935859e0ce70ad2d,,query,risk_types_real_conflict,e14f1a5ba09d9a52ed5b863b1cf568fd11e5372d5344782e3ec22e3aadc7fea0
h_19879ff48ee99c08,,query,query_states_real_conflict,571b8c8cf4ef413629b8d045459f490cca361567f7ffda8de8dc0c20078fb70d
h_e035dfef0c456f9b,,query,query_states_real_conflict,0d951ed3b1f02a06bffecc7a97c903c174218793790605f9a75f6e41e2722c57
h_e035dfef0c456f9b,,query,risk_types_real_conflict,0d951ed3b1f02a06bffecc7a97c903c174218793790605f9a75f6e41e2722c57
h_1a6204d4805c9bdd,,query,query_states_real_conflict,a06076ce7b3fba94211f9fb147dccc48a1d8105a389399e02beee3d5064a9cfb
h_93f52c898e7493f0,,query,fully_consistent,7d5eb09805cb4dfd1940370a5170a8461f4032f70c9f07b31348ee5026fe7c75
h_4132aa9f914dd400,,query,query_states_real_conflict,80a74b5fb8281db2be7b37b9f83468044345e6302a9a82f782a30ce7fbedebc7
h_4132aa9f914dd400,,query,risk_types_real_conflict,80a74b5fb8281db2be7b37b9f83468044345e6302a9a82f782a30ce7fbedebc7
h_2f1e548763c998c1,,query,query_states_real_conflict,56f1ca12a32b4a44662ece98d345c49c3240b3f5b6290fe6cc93b64229bac802
h_f5c59643f1640f52,,query,query_states_real_conflict,376947134e604190599207467c35eb3af5c74ef99fca97f92349e30b89c38500
h_1f1cf20eb58376e4,,query,query_states_real_conflict,60d732e296e82153049884328c699309319d4967555a5a711007a37fa93c8dff
h_1f1cf20eb58376e4,,query,risk_types_real_conflict,60d732e296e82153049884328c699309319d4967555a5a711007a37fa93c8dff
h_39a1d8f247841640,,query,query_states_real_conflict,35638d78196c277e2876b40d5327bbbef84acbc410c6dbd81910d4dd298d803a
h_39a1d8f247841640,,query,risk_types_real_conflict,35638d78196c277e2876b40d5327bbbef84acbc410c6dbd81910d4dd298d803a
h_7cd56a963461eba8,,query,query_states_real_conflict,41ef049610fe21556aba5af02185a62090c7027bec49a2488063bac58ed82357
h_7cd56a963461eba8,,query,risk_types_real_conflict,41ef049610fe21556aba5af02185a62090c7027bec49a2488063bac58ed82357
h_c3df367330fe9c64,,query,query_states_real_conflict,ab9e9715777de44d19b6f9f66d912a7137971c50b22d94dc3383e300bee687d6
h_c3df367330fe9c64,,query,risk_types_real_conflict,ab9e9715777de44d19b6f9f66d912a7137971c50b22d94dc3383e300bee687d6
h_1d84ae67852da347,,query,query_states_real_conflict,45b50c3f8cd4780ddcbb420f6920bab8ed61a4fa04cb1372e9b9f755ccb02307
h_1d84ae67852da347,,query,risk_types_real_conflict,45b50c3f8cd4780ddcbb420f6920bab8ed61a4fa04cb1372e9b9f755ccb02307
h_185b757724f24441,,query,query_states_real_conflict,6ace287c2642d2933f0712c94edfb1a3ddf055acfe9fd5d561872923875fd097
h_185b757724f24441,,query,risk_types_real_conflict,6ace287c2642d2933f0712c94edfb1a3ddf055acfe9fd5d561872923875fd097
h_f0da2634e5b19f13,,query,fully_consistent,e0d5071626b74dbee0035b5d791845af961cc2aada491d3c690d8cff20a9500f
h_2b944d2fa2df7b5d,,query,query_states_real_conflict,d23882bee6e04c6620a39528a0d41aee7b38321aea8907b70856d2ee159f681c
h_cc578f24f40eff17,,query,fully_consistent,932fa9c05df3ca2a6e17e753c0e065225d6ddeec1e7fdccf53792fdd0b10be8e
h_19a64aefaff94913,,query,query_states_real_conflict,6aaa44163665b7befa4f255473ca6601478b1b0fc8b426d790cd43c950f71053
h_19a64aefaff94913,,query,risk_types_real_conflict,6aaa44163665b7befa4f255473ca6601478b1b0fc8b426d790cd43c950f71053
h_3b0dfa043436e728,,query,query_states_real_conflict,074cd94b6cf9941b1bd506268d096a1d114a3fa16e34b8ceaca7a0ef2e372449
h_2ccdf6f2ccc0bce7,,query,query_states_real_conflict,7f326e2613393856468e5ddfeb8143a010d644b91770b973023fae9398f4c20a
h_2ccdf6f2ccc0bce7,,query,risk_types_real_conflict,7f326e2613393856468e5ddfeb8143a010d644b91770b973023fae9398f4c20a
h_81403919f2d33064,,query,fully_consistent,c06ef5f86984c446bf9c75d52010b0c56a67f36c051467dae45ca8f9f7352806
h_964afc20a1d837fe,,query,query_states_real_conflict,7f856d5010f107de021de24da86ecbf7bd9518fb729b13e2528ab6d6d10e94d4
h_964afc20a1d837fe,,query,risk_types_real_conflict,7f856d5010f107de021de24da86ecbf7bd9518fb729b13e2528ab6d6d10e94d4
h_ea06a6e62bea0fa4,,query,fully_consistent,efa315c9179e59bcb60422ce549ee226b1a8a33019fda1516e870022c9786f5e
h_7f122ec85fd92ccb,,query,query_states_real_conflict,fba71b3a49b71c34930c59bf0d32d51d707b398973e747ed9c566e86a7dc5b60
h_6f52fede6f0c3811,,query,query_states_real_conflict,f69171715dbc7fff8a6359aa2dd7b8f6ac728c0b8e9b975be22adeb1f2b8fd75
h_59211fa4542d2c9f,,query,query_states_real_conflict,065e00b4d7d7b23d98ae7d4a0a6dc5a4dc3bdbd4fae59e341adf3f41d4084a5b
h_7a9d3d4163ea6d74,,query,query_states_real_conflict,d80717a80cbc43c60dc3d3cb0a1228a8c057d8a63a949fb3dfb9bf7fca33141b
h_a4c6cc2d0344dbf8,,query,query_states_real_conflict,45388402ff42500f2ad201fd3001e4c45987e3afe7a1c7b6554a67784ce371df
h_a4c6cc2d0344dbf8,,query,risk_types_real_conflict,45388402ff42500f2ad201fd3001e4c45987e3afe7a1c7b6554a67784ce371df
h_f09012a393b7b5be,,query,fully_consistent,c049c75a865147bbc2a28a3b6befb0d7eecb3228a17c376f96bfb038582f1492
h_baa319eaa3b86279,,query,query_states_real_conflict,62eea6eb307f433a96b673a4eb88c338b64062cbea7606fdcac68ad226cb5881
h_21845abacd62a0c3,,query,query_states_real_conflict,2d3464065510597a405664292a9bf12327ebcb2f99c0cd50f390f4966c2b7e54
h_21845abacd62a0c3,,query,risk_types_real_conflict,2d3464065510597a405664292a9bf12327ebcb2f99c0cd50f390f4966c2b7e54
h_dc2e6dcc378dc471,,query,fully_consistent,631480695b89f3e523f20db96ef762f7edc94dc8c7ab335e0623d9176d142e35
h_e97fe6737cf45b1d,,query,query_states_real_conflict,e6b7b2b5f86a0230da90d4dcd77ff89d415a1883ae2771e884962ffc1597c71f
h_e97fe6737cf45b1d,,query,risk_types_real_conflict,e6b7b2b5f86a0230da90d4dcd77ff89d415a1883ae2771e884962ffc1597c71f
h_ddfdbe12e25a9300,,query,query_states_real_conflict,4ebe32888bac2b8e77b73951fb86405d18961f060b7042502ae5530c7503cbde
h_888d0173b1dc7cba,,query,query_states_real_conflict,8d83deac6bc76ea4e0117a6ad372db46d71d5988183e5bbcf245fae0dc78fdb2
h_c0e319b715d02b78,,query,fully_consistent,d64fe0a6b37837c70cbf259f4887c0a3d2418678c7ad28a210095952b0f0b834
h_6766d10184784c3d,,query,query_states_real_conflict,da5d92722897e773295c526a64c18035b052e6566cf54bd55867cb35261776da
h_93ced938e855f50c,,query,query_states_real_conflict,994303417c73047852c85ca9484aa816754a68f64243ec53e09e99a28f4bd5dc
h_e0cef060477eddb6,,query,query_states_real_conflict,1c64ca16d5a7900ffea050ee6da6e27064baefc5752a7fb2b4f5ce7db3f3d04a
h_e0cef060477eddb6,,query,risk_types_real_conflict,1c64ca16d5a7900ffea050ee6da6e27064baefc5752a7fb2b4f5ce7db3f3d04a
h_a3809cada7a35f86,,query,query_states_real_conflict,c9a52694020ab024283b4a62ed07c6a28a4f458e049ba08b5bd225a46a2c27bc
h_0306d12b3af54920,,query,query_states_real_conflict,f259ba296a1c2ce8320706fec90eb2234e8c06f72a97e64baa9960c6b0c7d7f0
h_0306d12b3af54920,,query,risk_types_real_conflict,f259ba296a1c2ce8320706fec90eb2234e8c06f72a97e64baa9960c6b0c7d7f0
h_d6dcbf977f3ad96d,,query,query_states_real_conflict,f8a1ab5479dc421a1b4b34fa79ce55d190bdeb3552d822404fd7b815e9102082
h_b9cc58a31d8e18f6,,query,query_states_real_conflict,9ad06263aaf59b7782c265585b724af3a3e8104d92b92834a4b7c54d528fd71d
h_3798fe03b6325806,,query,query_states_real_conflict,b10860a87ae51ef3941535bc6344581844d9c325839d6de15073025afb7794f0
h_3798fe03b6325806,,query,risk_types_real_conflict,b10860a87ae51ef3941535bc6344581844d9c325839d6de15073025afb7794f0
h_0a84731d9c9f375b,,query,query_states_real_conflict,743087b8f22494fcb507cfbaf3d50f9e1f28e70ed3d72c7a379090d73847e0d3
h_563fae909642c6f5,,query,query_states_real_conflict,728902f59b61f30cfda44d431917edbfb5b1f69834a93cc440460e4ea43a0dee
h_ed02b1555307e88f,,query,query_states_real_conflict,2057975beec4e264423aaa0c1ec4db1fa66ed7802e9a421f5ab7882dab4aff5d
h_ed02b1555307e88f,,query,risk_types_real_conflict,2057975beec4e264423aaa0c1ec4db1fa66ed7802e9a421f5ab7882dab4aff5d
h_91b53a8010f26961,,query,query_states_real_conflict,87403b27f38835dde01ced0a66e418e5d9e8b9fe16a1529399e9e5a422623c87
h_91b53a8010f26961,,query,risk_types_real_conflict,87403b27f38835dde01ced0a66e418e5d9e8b9fe16a1529399e9e5a422623c87
h_c4998a678d35af3c,,query,query_states_real_conflict,3951b1e27a23ea411bfbede2a435b6e67a9cc78a5af3569ec7d919927a391be8
h_c4998a678d35af3c,,query,risk_types_real_conflict,3951b1e27a23ea411bfbede2a435b6e67a9cc78a5af3569ec7d919927a391be8
h_b24c367420a1a94c,,query,query_states_real_conflict,ac97c85ce7042673ab96fd649a25c06784bff3860385ea5aca8a489b7b611184
h_b24c367420a1a94c,,query,risk_types_real_conflict,ac97c85ce7042673ab96fd649a25c06784bff3860385ea5aca8a489b7b611184
h_603e0c7761ec334d,,query,query_states_real_conflict,ec46e74a469537bd9bd416159faedea23835980aa60bce37b9aac6a3d80c9ac6
h_603e0c7761ec334d,,query,risk_types_real_conflict,ec46e74a469537bd9bd416159faedea23835980aa60bce37b9aac6a3d80c9ac6
h_41179dbea626d479,,query,fully_consistent,57150b3843755c0f9192e9d1bcd7da63ddb58430f6abf893732f3db27de0bc05
h_9e2e0be5a663c17f,,query,fully_consistent,5f50f642c3e6d41301700ff0a1c5f3026bd0ca8b265d9af1c29e664108a325ab
h_6ea8518f954d2aae,,query,query_states_real_conflict,ff4da45c07dd3b2332fe5a2169ab3cb328b0aa21beb77e60f9a67bf2fa64df6e
h_6ea8518f954d2aae,,query,risk_types_real_conflict,ff4da45c07dd3b2332fe5a2169ab3cb328b0aa21beb77e60f9a67bf2fa64df6e
h_f164da19117f30ce,,query,query_states_real_conflict,681fe1b5d0b5e2a5bcd276ffb2f9190f549c339bd59368cd2aefe84819a42f09
h_ac9ee62b6f06f803,,query,fully_consistent,c655f54ca9bbe4ec1b5e3ccab228127c6e45ce55926aa9388b2cd5b79127e151
h_dfd107b6db7a4496,,query,query_states_real_conflict,bc7b88aff65371b85bb2d802b93993cd39681f50dc1b388f4d7352c8efc41db8
h_dfd107b6db7a4496,,query,risk_types_real_conflict,bc7b88aff65371b85bb2d802b93993cd39681f50dc1b388f4d7352c8efc41db8
h_95cdc7428140ef2f,,query,query_states_real_conflict,4a4a93d8725936f3212cab410a3800c151ea40d0068b3d1de111ff0397bfaf64
h_95cdc7428140ef2f,,query,risk_types_real_conflict,4a4a93d8725936f3212cab410a3800c151ea40d0068b3d1de111ff0397bfaf64
h_021614be9955be9e,,query,fully_consistent,c35d8d170156597a31fc3d032591d47bc489ef638259ef03a9bc1428ec71bcf9
h_8d5ab639cef42d63,,query,query_states_real_conflict,ec6ebdea3f8c076b18c88f871330b199962c5d809ac2f41fcff8a5bd1a7760bd
h_9a94f6a1f0e6bf25,,query,fully_consistent,8b4b26e16686fbaa88c2acb4bd09a36e3046ab728e8eedb2823577cef370a870
h_4df543724df9e9e1,,query,query_states_real_conflict,397ff5ba486da06d5bac2b1321f97a0b1d8199404be1ef5ea327e2169ea6e943
h_4df543724df9e9e1,,query,risk_types_real_conflict,397ff5ba486da06d5bac2b1321f97a0b1d8199404be1ef5ea327e2169ea6e943
h_8ec55afb0b3688d7,,query,fully_consistent,01d64adcf21baa87a8bf09b9205936e4f8df7f0a89e137cad8325c6705fa20b0
h_d79788dfe9729247,,query,query_states_real_conflict,4dcf0001847c0b9606d8c083ffa30c33601b343f87381f40c085ead54cf7a748
h_d79788dfe9729247,,query,risk_types_real_conflict,4dcf0001847c0b9606d8c083ffa30c33601b343f87381f40c085ead54cf7a748
h_893b41c2ff393f8f,,query,fully_consistent,796fe4477aba15ebf808861a647c704623edc5b1c0ff8651e4f387042ea5819c
h_e2fde3be494ddaf5,,query,query_states_real_conflict,c5a934065a83bf7666d045c7f775f5a331f3ac799fca1095f9559e3ffdd2237f
h_96c0a24fe612e67c,,query,query_states_real_conflict,1410bd55209544c88ac55b26601b79253561126f2a55848400f1950acc2adc6a
h_0447ff1e20811c1c,,query,query_states_real_conflict,c9dd2245d1cfc9dfb76d55e3f743ccf397535e271b173562547d3b33ee898cb9
h_0447ff1e20811c1c,,query,risk_types_real_conflict,c9dd2245d1cfc9dfb76d55e3f743ccf397535e271b173562547d3b33ee898cb9
h_085a74f610e725c9,,query,query_states_real_conflict,31fbe81593569cb287737c0d6a88529cf7822d9ec4c5faf5c6afab4f66737751
h_f0cbd354c935e74a,,query,query_states_real_conflict,bbcb2e011bc53a56b717c32552d1d9000b11e04f27bb2f5143cc69e3b6666bed
h_a62519d8105562d4,,query,query_states_real_conflict,aac8e5db80164c7e20939eb44e7d445d9c22601de11e7fc7e42c710cd889331c
h_0e17180169a58461,,query,query_states_real_conflict,048ec5ff55356aabf4ee6986895cbe6326cdda3beed5629319fbaf3e6d3d050a
h_0e17180169a58461,,query,risk_types_real_conflict,048ec5ff55356aabf4ee6986895cbe6326cdda3beed5629319fbaf3e6d3d050a
h_398e6ce1bad671e5,,query,query_states_real_conflict,52300c5a3b5ede1a10b8cd54475fd1644697d24a33668c821baf704a59f678dc
h_398e6ce1bad671e5,,query,risk_types_real_conflict,52300c5a3b5ede1a10b8cd54475fd1644697d24a33668c821baf704a59f678dc
h_edcd3660ce75978f,,query,fully_consistent,c3832a6db309c8b3eddd93a63bdbfb765063dac30f4cc7d9869814213d53606c
h_46847b652a1f9ced,,query,query_states_real_conflict,ad5c984720aae5de36bdcbc9829b64b48a76291b70cffdf17e0cd903d4a0727b
h_b1a42b5b6fe72e46,,query,query_states_real_conflict,6d73d550c208aef8ea74e1864104563430e154b723040446dc64ac8963a5e8e3
h_59632ad5aa846494,,query,query_states_real_conflict,1b664d184f9b8930e5d0a767da42bdf0dbbdcd014c1ad49b84c64c6652d3ebf2
h_845043ca76aff3e9,,query,query_states_real_conflict,12541396536884063b0bcf07d5229374f3e40d2fd13939ca77ca69ed196e9ec0
h_19e2bf612f860a0f,,query,query_states_real_conflict,810ea26e3fbdfba3c1a55387169d3ac6ccfe2462b4f18c91f281cc9b0fd7e0c5
h_19e2bf612f860a0f,,query,risk_types_real_conflict,810ea26e3fbdfba3c1a55387169d3ac6ccfe2462b4f18c91f281cc9b0fd7e0c5
h_7d128cce91b8981e,,query,query_states_real_conflict,c2760c00080d08c437cf1ca18b2e8eaf09585542054d15378ffdee7f408f60e3
h_62360070902a8b05,,query,query_states_real_conflict,b4d5b9f4d800dd460caff9e90368c6158ce1954124fb0982bcd0768ee2c5be63
h_1c9fa8ebc689c9d0,,query,query_states_real_conflict,7a0b0014b01f66bfddac7aa8fca5e2f7d2b111b06fde678ae8c20d77038011fc
h_1fc53a88426433cd,,query,query_states_real_conflict,40beaa2853286bd4b9d88615d64f0eda2383a89de5748a618e89b07592045e2f
h_20c782809efea749,,query,query_states_real_conflict,3038682d899e1238666e7c278a636a40c65503af4c06913df3fea981111c1aed
h_20c782809efea749,,query,risk_types_real_conflict,3038682d899e1238666e7c278a636a40c65503af4c06913df3fea981111c1aed
h_05cdb0a7b431a016,,query,query_states_real_conflict,e795b3805b717214e0e3c602e704c3863800fed52cb5a8233ea22e940c37b029
h_8e44f9c054a263eb,,query,query_states_real_conflict,bc4529c2540e83be35a089c662f4b681731ff268cf631b91f218a7fb626fc34a
h_8e44f9c054a263eb,,query,risk_types_real_conflict,bc4529c2540e83be35a089c662f4b681731ff268cf631b91f218a7fb626fc34a
h_efb19144c8aa370b,,query,query_states_real_conflict,1724d8b63ec92d7715b0bd21a1d0c4b368c9fff9ce3e67e5d72f36b000b304cc
h_75fdda66ae83cf1a,,query,fully_consistent,5c430656dfb0de43e321c5155d4d03e0ca56bb1bdc6f7c97970c62206e2ad3ef
h_2793b9d8fd42c949,,query,query_states_real_conflict,78b9403151ead332587186c1d5641a66073f21078456a7e96c73c10f4f2f179d
h_820498ae14f23dc6,,query,query_states_real_conflict,42521486e9f6cbb4c1a54b00496355c23e5449613c63b667128b58290cdb06a4
h_820498ae14f23dc6,,query,risk_types_real_conflict,42521486e9f6cbb4c1a54b00496355c23e5449613c63b667128b58290cdb06a4
h_a6e2a9dc0150ace2,,query,query_states_real_conflict,0a1f65ddc794a8672faa73f8ee753c5faff87009c36e67d0ff33691e4004fa7c
h_3cc602f456ea0e41,,query,query_states_real_conflict,09eeeb4d9a37b060e2f6e3ee3cb6b54ecbf2892971fe5153bce58ea59dcd8b82
h_19fe3438fa3efa26,,query,query_states_real_conflict,a7619f95c10a13cc67aadaa043852ef2a78f0ccc6241368a96bf7ffb3754e74b
h_19fe3438fa3efa26,,query,risk_types_real_conflict,a7619f95c10a13cc67aadaa043852ef2a78f0ccc6241368a96bf7ffb3754e74b
h_64df7ab607fe8acf,,query,query_states_real_conflict,f85b2d5ec89107b3132cc086ab56783bbdfe542ac9651e5a167708e0d563e4f3
h_64df7ab607fe8acf,,query,risk_types_real_conflict,f85b2d5ec89107b3132cc086ab56783bbdfe542ac9651e5a167708e0d563e4f3
h_1234ad3e48dcc00a,,query,fully_consistent,653bda53d1bb76a83070a920d2ab9641cea7d9c8a6b484f794c1405fcd110d2c
h_60efa1a773c82efb,,query,query_states_real_conflict,b88b5d4b247ed84064d9d5f37e9f3eddbf7e76f7dd2a0257f7049a72186d49ce
h_60efa1a773c82efb,,query,risk_types_real_conflict,b88b5d4b247ed84064d9d5f37e9f3eddbf7e76f7dd2a0257f7049a72186d49ce
h_51dbc877176944da,,query,query_states_real_conflict,1a70cea8b8449c6c5430f3814889ddc3db58eb1ce53b011138f1b96f2b82fec1
h_76d7785d81f9d4d6,,query,query_states_real_conflict,940c7144e3633f35d2d8522dbc12addc95ed09beecd81c7f22a54a79c6ab44ef
h_b5e78128ae0ccf83,,query,query_states_real_conflict,b8e6f35ba489680e275b7304debd035882a3624c997a736558a964566dbb038f
h_759c2474bcec4e69,,query,query_states_real_conflict,44b78f7746d65eb012c10795c975193a2f2b719e907f03f746ca4205307d6cdc
h_759c2474bcec4e69,,query,risk_types_real_conflict,44b78f7746d65eb012c10795c975193a2f2b719e907f03f746ca4205307d6cdc
h_719c5c51f4baac58,,query,query_states_real_conflict,006c66b5fe30c28aafef3bcf198d55e254cd1e1954a41051925fd11c5b0547ec
h_adb1009d8f2be027,,query,query_states_real_conflict,9e5930735e4dc826d7280695d8f111872d6a0cbec2da7386903c571d9968c39d
h_4fc5ac2fb34513ab,,query,fully_consistent,e33234c4563fb86b3ec886e8dbdf96b436478aaa8cea639dca244b89804f4e7f
h_f86fddd860267e68,,query,query_states_real_conflict,2b29db95cbf84eb7c9ff95105f2a8b0349c7f1041a406f2e11beac6304f47841
h_f86fddd860267e68,,query,risk_types_real_conflict,2b29db95cbf84eb7c9ff95105f2a8b0349c7f1041a406f2e11beac6304f47841
h_2a51a3be934421b3,,query,query_states_real_conflict,13f3904a8f21e76fbafbe03619dacb235d1aac4f3d17f636d21d4b4589261fea
h_2a51a3be934421b3,,query,risk_types_real_conflict,13f3904a8f21e76fbafbe03619dacb235d1aac4f3d17f636d21d4b4589261fea
h_9befda9ad38e976f,,query,query_states_real_conflict,1406d85e6d46b711221650840a317c6093fb4ef99541d692e11100bb3baba61c
h_50e394bf3749ca2d,,query,fully_consistent,47812c5fdc612b267474dd4eff7dd665c8304eabc2fd1ef0af028c82968b2b53
h_1f68c38ac889e5dc,,query,query_states_real_conflict,3054bb16a6726d7d5eb9ed20bba42390ce9e3198cc1b9732b13fa23dd7e115d4
h_1f68c38ac889e5dc,,query,risk_types_real_conflict,3054bb16a6726d7d5eb9ed20bba42390ce9e3198cc1b9732b13fa23dd7e115d4
h_0d7ea3f87a05316e,,query,query_states_real_conflict,d58e561a4d7a1dc5b064cb862f2499991c23fd193ff69eb736c65eec4712b509
h_631aad599bfcbf03,,query,query_states_real_conflict,246186bdb5e29dcf6b67761ce1b728665be9c53e621056984aeda0a501358365
h_7ad82915249dfe9e,,query,query_states_real_conflict,055b6e960ec1d1d229405eef9b48041b8f306b2e6aade90d3e7ecd923ea85a1d
h_7ad82915249dfe9e,,query,risk_types_real_conflict,055b6e960ec1d1d229405eef9b48041b8f306b2e6aade90d3e7ecd923ea85a1d
h_e5a677308618e50a,,query,fully_consistent,8d46a10e0e19100d74e9ec5950b03d114a52dcfa7007e30a420992f3a6b394a9
h_b1751c07cfbea14c,,query,fully_consistent,15198cb20496bc2164646b6724a1732e55bee1225fb567335b7d0fc41624f417
h_4e1e7f2b3b3b56e9,,query,query_states_real_conflict,27765d05db1f89714691e77e903793f25b4871d45fe823e3cc8a3369a33bdf86
h_5c7253f7cacf6554,,query,fully_consistent,63378baf92a40d02e4d5a5a4605ca33b9463b17ad3ce681261cb2c8730518dbc
h_e789be84132b2271,,query,fully_consistent,c78ef57faafcfb71c27ded45ed390d6d222a9ca940e62fa71746c737500e3b98
h_99dba1861fd444da,,query,fully_consistent,46682ea106e5050d2b4eef8b616b65925c54ad7ce07b3f84929b86ca2aa5d348
h_3bac2a1e915e2cf6,,query,query_states_real_conflict,e34a9d2c2b3d0d5c2090861042bb913c46ef69c59eebae7cb438c0c84d2c19f6
h_d39befcf4ab167fc,,query,fully_consistent,a0d53a023d874138cd3ffcaf7718e79b29b54cffa11378ac11fbdeb32c24ee3b
h_e292ca03ea014548,,query,query_states_real_conflict,aec8c8aa40a761e74404b2581adc5875ec1bed10cb48f132df87c2ee93f22c3c
h_162de764bf46f22e,,query,query_states_real_conflict,cc86a0c755dba734cdf862d673bd741211d2397d2671e99a03f7e82e9d788d84
h_82ded7f1fee543c4,,query,query_states_real_conflict,89b8244b6b4acc619ba4c3bf28eeab194940fe8163ff8c08d0961cfba72a09e8
h_0aa9a016c3e03edf,,query,query_states_real_conflict,b87b535e562668dd0fdc7365c13cab8894bb7b298d823c5fd2db2ae3f04354bb
h_0aa9a016c3e03edf,,query,risk_types_real_conflict,b87b535e562668dd0fdc7365c13cab8894bb7b298d823c5fd2db2ae3f04354bb
h_1f1072f0262346d4,,query,query_states_real_conflict,3a4dfb9888111a329d3542f3bda4e20f1558ee90e369f8320d9b0a831373de1f
h_1f1072f0262346d4,,query,risk_types_real_conflict,3a4dfb9888111a329d3542f3bda4e20f1558ee90e369f8320d9b0a831373de1f
h_a7e7ea99fe6041d0,,query,query_states_real_conflict,135118de373f6d6a7e71a8c6f63f6895cd23c23b672d05abce83ed3f53e7488f
h_45d1b41ad59e1557,,query,query_states_real_conflict,07c052e36d0ec44affab16fe2887484e9540cf0d39b9a67ddb93b103f6d4fef3
h_7a58aa552ff8a05e,,query,query_states_real_conflict,1e82ec455fc8237d181be4e6c4c3dc45871a6457bc483137201ea474758dc4ce
h_7a58aa552ff8a05e,,query,risk_types_real_conflict,1e82ec455fc8237d181be4e6c4c3dc45871a6457bc483137201ea474758dc4ce
h_34312358fa45770d,,query,query_states_real_conflict,7d305efdd948e07044f0f76276d7fabfb25b1102afc173f4291cfb3a3312856e
h_b2da72cbeec6f9b3,,query,query_states_real_conflict,2bc6d478f76345753052e06c7acdc7cfe1d3de9dcb1300c17848927189e83d88
h_b2da72cbeec6f9b3,,query,risk_types_real_conflict,2bc6d478f76345753052e06c7acdc7cfe1d3de9dcb1300c17848927189e83d88
h_2d37c58aba833145,,query,query_states_real_conflict,471e46b6b3e0b9407593d96d02b44fefba920369e1fa86d0e945a2a0f17a039c
h_6acdeadcd427b37e,,query,query_states_real_conflict,953666558cf550dc4f443a5f850377342f8d8f5154efde9387f4ffddd15dffec
h_fb1858364a98be0c,,query,query_states_real_conflict,e87e0383988c1ed2f70088668a22bcdedcd966883770ab9ae8d8acbd80c68991
h_fb1858364a98be0c,,query,risk_types_real_conflict,e87e0383988c1ed2f70088668a22bcdedcd966883770ab9ae8d8acbd80c68991
h_4293ab88a1dc31de,,query,query_states_real_conflict,9980c0002640ad06546a090d7bd9a0662bda74e050df0abfe8cc8807d6e86be6
h_4293ab88a1dc31de,,query,risk_types_real_conflict,9980c0002640ad06546a090d7bd9a0662bda74e050df0abfe8cc8807d6e86be6
h_e35d8b3e00b6c578,,query,query_states_real_conflict,9caf7720ef2b04384f57e6873c2705946958a935095fa146bc3ed5f2fef1e69b
h_e35d8b3e00b6c578,,query,risk_types_real_conflict,9caf7720ef2b04384f57e6873c2705946958a935095fa146bc3ed5f2fef1e69b
h_14f89f13535cefcb,,query,query_states_real_conflict,311ad540eb4950939dd5328392b3fbfc33135a67d418f01c27bb59b0dc6064cf
h_52c921c207086275,,query,query_states_real_conflict,7c56e66e7f15c1e328711e45f20629093afa860a29cf2fedb329187e4a4153b4
h_52c921c207086275,,query,risk_types_real_conflict,7c56e66e7f15c1e328711e45f20629093afa860a29cf2fedb329187e4a4153b4
h_7d621dceabbd4760,,query,query_states_real_conflict,519730f19e47fa5b243ca7ab119e74945e048f8a1f75b09a3ec3463cc5f57e56
h_d757b834181fcaa6,,query,query_states_real_conflict,12d0cd80e5fd89ed9d00a924ee3eaf5a8c0d056060626a85dc32a3b6d59122c4
h_d757b834181fcaa6,,query,risk_types_real_conflict,12d0cd80e5fd89ed9d00a924ee3eaf5a8c0d056060626a85dc32a3b6d59122c4
h_5552cabaa024d645,,query,fully_consistent,9ff8c2e3d7bdfbb8e77b5473754353a41180e347ce11e541c2caf2f96204e0ca
h_63e0054d0871d439,,query,fully_consistent,fb0fc9c12e3ad9715da3cf61a79a1215327f2443676d69d03efb07a3c8d3ada6
h_5f3cda0e62d2d81d,,query,query_states_real_conflict,9a7e2fc86ffef682041f4474d39a98a16ced8dd0725b7e7af11791dbc92d807e
h_6e18b1081914b79f,,query,query_states_real_conflict,2a7941ce787e800c65ed3d72a915a962d96f72f2f40e833201da8388c44053b3
h_ee825dd1d3235280,,query,query_states_real_conflict,7dd5e07cb1d2cb1f352f4df15e898da6e842b75e1e13211b7d7d6678d181a119
h_ee825dd1d3235280,,query,risk_types_real_conflict,7dd5e07cb1d2cb1f352f4df15e898da6e842b75e1e13211b7d7d6678d181a119
h_f1f5f9c0f44f145b,h_03b9d62c084a6e92,evidence,relevance_conflict,c62b4b96b32ccc3a0748cdfefb1206a21b078395681be62f7290b24af33564b4
h_f1f5f9c0f44f145b,h_62998276ad58c641,evidence,relevance_conflict,00a83a14e02c6b88122d0bcb7889b16444438ff9338570abc281b3045d356f20
h_f1f5f9c0f44f145b,h_47489ed797c8899e,evidence,supported_states_real_conflict,bce31635c81592272997c4f85eb6c85a2e3207afb3d68e22d9675982da8c8cb4
h_f1f5f9c0f44f145b,h_1048101064e0ae6a,evidence,fully_consistent,20c0ea33402f8d17898bd0c95b5ca86e4366b0624031c6d8df4e10c384f259d1
h_f1f5f9c0f44f145b,h_710108c0042f57ef,evidence,supported_states_real_conflict,b7dcb1d0445c6eeb16442f3ac3c93a4adb6276667f33a9c68b6fda9434900bf3
h_1dd576d381884210,h_e6a9dff68bc12a76,evidence,fully_consistent,aca207f756bb57d1d47bad8edc6910f8e831147ad5b630b7f5ec440710dd21a5
h_1dd576d381884210,h_f9785079c2a3fe7d,evidence,supported_states_real_conflict,c2e8a326d813e1c934f399ec8d1e14f9258db5eea2bd40591df9fe61c355ca37
h_1dd576d381884210,h_410a2cade75a904d,evidence,fully_consistent,cf68787648f7638a1f148b741a47c748a26f020eb6d21967aa8da0ce2d28bfda
h_1dd576d381884210,h_a7a7cd58209a75e4,evidence,supported_states_real_conflict,3988c8dad03f87777642663fe41e71bb0ab7b7b997b97d6e18c65eb04364ed7a
h_1dd576d381884210,h_eb7cc1554da50479,evidence,fully_consistent,688bf791bfe0bfbedf4436e6c14a1cf98f722a2c3d8447d0f21614a9a3aabebd
h_1dd576d381884210,h_b01641792dd15a1a,evidence,fully_consistent,fec1847e6164829f1f5b8289b4e780927626d5d30424a8071fd6be3590f3bc9d
h_1dd576d381884210,h_7a7d83bb45a70ac8,evidence,fully_consistent,44bb1503886888e79cea635695d66936f35ebe4eccb350b0624da4f03fe90bb6
h_9e14977944920e9e,h_814bfb1834ba2e8f,evidence,relevance_conflict,809cb485917247687b7035dec8e486b69a05c7ca34892c3dc9fd0429b5605cfe
h_9e14977944920e9e,h_7f60a83e267126dd,evidence,fully_consistent,53cc927107e6682a6d440cc0c6ef44e0fb0a4b31e9b71f2e35c808fd173527dd
h_9e14977944920e9e,h_6acdd797b432fda0,evidence,fully_consistent,8d89914deb5f67b1f3f43719c7008167b1d5547a18ab58dfb33988bdd04ddb04
h_9e14977944920e9e,h_a3cdb7b51b07fc61,evidence,relevance_conflict,442765621b90b429f2e9dcba96aa5998fd2e1746032b3249dd1cfd7a81ca65e1
h_9e14977944920e9e,h_f96a0a112d3905fc,evidence,supported_states_real_conflict,578fc2ae671ceb80c7bae189873ec588eb5d895627ab269c13da64b26252982e
h_9e14977944920e9e,h_603d9232e7b1c2e9,evidence,relevance_conflict,17eb4a69943f5f7f049db12f5d2d6831588167c42006f74d5e5c1922a857b9e0
h_9e14977944920e9e,h_627b1063eebfb16e,evidence,fully_consistent,3531446dde9abc2188e47c4d01237c3220cfc0f85731753566073be8f265fb41
h_9e14977944920e9e,h_fdecec40dbe00ba4,evidence,supported_states_real_conflict,56ac09e2c1ff238ae027d639a6faad1d629765ed8eb07776046cff51a312d1ad
h_9e14977944920e9e,h_a01dca53244e19ee,evidence,fully_consistent,c3df5017d3791e76940ede1fedc371cce1dd47658875d04737f256788c2ba9bc
h_eca58cdb96880d39,h_6359d813cd164de8,evidence,relevance_conflict,79cc0ce718e5353105dcd1b4d80393231712452d20e8cdfb28d86e4c61d70822
h_eca58cdb96880d39,h_1b210f4f532564ce,evidence,fully_consistent,7725b9036453dd08fca5951c6d025edae8b79735d9f07d87d9667ae3c72c3daf
h_eca58cdb96880d39,h_b5d2d4fa1ceb8758,evidence,fully_consistent,ff2b08499e0e7fb04bc205b865d05621794bc3f01aceeb216196a82711b303e5
h_eca58cdb96880d39,h_d107aa3868e21141,evidence,fully_consistent,40fa22faf3e3498a6c32145dd5637533ccaa3c0ed8ce58c92f2d4b4a7b02f52b
h_eca58cdb96880d39,h_c976fe273ff74085,evidence,relevance_conflict,61105cfb8c65c442aefbe1b5f126e578230175a7fa4ac2e4f1648a8211c1edf5
h_eca58cdb96880d39,h_3579e45d2b56e544,evidence,fully_consistent,22f374c03b11ca52739352d960caa8b49dddd530ac9c6ea4c446ce6541d210e7
h_eca58cdb96880d39,h_835291680006f657,evidence,fully_consistent,d4bb4bc2cd583e49bdc3bd0255c9b0a7cd1628747332765bccbf56cc0ca41dcb
h_eca58cdb96880d39,h_a8ea14917e53b06f,evidence,fully_consistent,7b80a1c800368e5abdff77a280afe29bece94bcc21df0c27850e163520ae8f6d
h_f81699fba4a145ac,h_96dc5532a3c26991,evidence,fully_consistent,fa9a7f1cfa6f3114725114cf1e11fd2ceedcda070f2851cb39ec7b074a01c815
h_f81699fba4a145ac,h_6ebdea409fffb43a,evidence,fully_consistent,d3acaaac9e06958e28241880cb24da27ef161032f6ec749d45edf4a6c16c4e15
h_f81699fba4a145ac,h_325596c50d507a72,evidence,fully_consistent,ef0ee46a28a2684c0c1f56bab3e41278f1ddb74d4357656d290de09e8cb6e83e
h_f81699fba4a145ac,h_6359d813cd164de8,evidence,fully_consistent,6157c0a296c2eb858ce0913c000996cf912b01a1eb9663112e9373a905f2c82a
h_f81699fba4a145ac,h_42400c87b23e4deb,evidence,fully_consistent,2c0aa20166bc52f688f2953e26063718d5853898767bf3fd86769f692a442c43
h_25f09691189e7d21,h_79ab3ded1585c5ce,evidence,relevance_conflict,afa5460e715262465caabba3bc13af0c5b1e6c8a9b5d565c8f2aed6d51aa1e55
h_25f09691189e7d21,h_b4d7d73c49a3593c,evidence,fully_consistent,f7f4ec969f7822f1ed5b9a3caecca35353892cb5104a0690550dd1d36f81b8b6
h_25f09691189e7d21,h_f001e2493b0d251a,evidence,fully_consistent,e81dfb4f96b6a55c068af3146f7f0a3f153616e56536f64b7c540b90336f70f5
h_25f09691189e7d21,h_835291680006f657,evidence,fully_consistent,3034660e4983caf49e69ef29d3e43e30dc4000cd8bdfd1967a7c6b465d47b996
h_25f09691189e7d21,h_774d0d1deffa40ab,evidence,relevance_conflict,fe26c54eb8a28a65b2605984a4716325739b8342772a49f79647a527414054b8
h_25f09691189e7d21,h_b72d97d3531c39f1,evidence,fully_consistent,316cda9f7a3e5b04b323bee05bb0c25026c330426194adf76c09747e700de56f
h_16d62500f29d3587,h_1e36fe49cf23b519,evidence,relevance_conflict,92b997c068a54d70ad8b88cfabdf1d9489e4ec8ad2918054deb5783646ebb46d
h_16d62500f29d3587,h_87b129af8623042e,evidence,relevance_conflict,ad34ff3575e24efd4047bf59e84bab03b2f4ed71b1685b711b3167ec72cdcad1
h_16d62500f29d3587,h_c4415879e8bc384e,evidence,fully_consistent,0cc944c6d18b08d04c3a473125c0ce7745b869721e4a4a18ddaf1667f65444b0
h_16d62500f29d3587,h_286ef973a76b3def,evidence,fully_consistent,7a1bc88d7cd8a026e807ac2a7cded05187ebca373752b5c278dab9a7f331edba
h_16d62500f29d3587,h_65a352cec8b9b387,evidence,fully_consistent,6353419ee8c4f2b673e211fa82c83397ab6b1c3f249206871d29bef0e3661a46
h_16d62500f29d3587,h_69589b15e9e9809f,evidence,fully_consistent,7dbc4fdaadfd00dfc48a304cd80f046e16bec9312657af98ae0c0335555a73f0
h_16d62500f29d3587,h_0212304e6463b080,evidence,fully_consistent,3c42501fda0d6b71e91e49a6d1252f513a92b15291c31a6377145aaf304660bb
h_16d62500f29d3587,h_7619a3b30b34ab09,evidence,fully_consistent,e3ab40ca6d2944dd2ab6dfebbb322c095f9545839609ee7dbae3762c0de96054
h_16d62500f29d3587,h_4f4e6a315f7a4ee9,evidence,fully_consistent,6cf0cf96ad5f606482f489ca261a39f1ddddd5c305ed4b8347bc49513327ea5e
h_16d62500f29d3587,h_0af17d1851b9e040,evidence,fully_consistent,3ae6023b299bf6b44fb564de912d9aaa189e1ced91d5febc8e07b68c7634d62b
h_66b704865d1ca4ee,h_06a6866c1ef0b7ed,evidence,fully_consistent,ef9e248f9ea4b608e93d9657cce39d201fdd684a68ceb252ae587e8fa1b24188
h_66b704865d1ca4ee,h_630df91acdfbbae1,evidence,supported_states_real_conflict,fe7b88693f0e6d40910cde73900ce9938e5677701d73b81c1b46f99e8b567a6b
h_66b704865d1ca4ee,h_2bc2299349a99ba2,evidence,relevance_conflict,f50556473c1902cabae7c3e69f35a7213ba1e88c58297291ba868e991da1df57
h_66b704865d1ca4ee,h_7356f684db8e514a,evidence,relevance_conflict,a716302ac7aad073bfd73afb52cc64d54d5643344a17c62603d608ee748b87be
h_66b704865d1ca4ee,h_ab7a55fb0b9ae7be,evidence,fully_consistent,11dcd9e30c561a93b07da43c5053b9689a656774311b582b4d06c5d9130f0712
h_66b704865d1ca4ee,h_2d08e0c4c2fd163b,evidence,fully_consistent,3495e5e24a58c5528b332f824164248c3ed4c16e9e81982b6b70f9f22f142245
h_66b704865d1ca4ee,h_f884acb506453467,evidence,fully_consistent,b920be88d1581226e20d59312b0f65a61c1982218be26616fac4c987364db568
h_3852d79299a2988a,h_96dc5532a3c26991,evidence,fully_consistent,38820d207103cbe77e9cfddf2d9e63ebd026ce99e47c00ebb2e5d6454197e269
h_3852d79299a2988a,h_046bdef0faf03473,evidence,fully_consistent,4d0c93fdfccdc3b7fccaec390ee07c780c36d55401b39974303d6275bbe0e218
h_3852d79299a2988a,h_9122a4fe98154284,evidence,fully_consistent,b00da5062a90252d22b7caf596761f1cd809eeaa0f11bd70b937d502a7499117
h_3852d79299a2988a,h_0782c2a935ae0232,evidence,fully_consistent,608a633825ceeb772eaec4ca20b9ce496e10d4196ebb4b6d7b8ebff3002c91c9
h_3852d79299a2988a,h_074fd4d4e1b812ae,evidence,fully_consistent,c5fbf94d7a8a6d1e1a646b115502a46b08cd466056c88fcfef989dad3af870d2
h_3852d79299a2988a,h_559e899d7a80ee96,evidence,supported_states_real_conflict,17ae3cf43ce30b55a835129234768ed45b26703ddaefc3c19b8715b79487e164
h_3852d79299a2988a,h_650c79813ff88e1d,evidence,supported_states_real_conflict,243bee22c9d7d84ac5f58fb20967603c4357a3440b185db582bf20e208b2a951
h_1ffcfbd1fc2931b5,h_e6a9dff68bc12a76,evidence,fully_consistent,28426e1320a02238e11733b29db9d77a35e46987c1a1e572379b0c407b51956d
h_1ffcfbd1fc2931b5,h_6359d813cd164de8,evidence,fully_consistent,649544562f1ac9f6b06968a7ff7882484a4a9b8d6e66a12b66fd368ef9823779
h_1ffcfbd1fc2931b5,h_08a45ef6f528a848,evidence,fully_consistent,bea88890f96822706abc0bf9b90bea633d99b543e9d1174374dae1b9b325e00f
h_1ffcfbd1fc2931b5,h_b5d2d4fa1ceb8758,evidence,fully_consistent,85e52151c54e0430e0dd073d6691c2a611469a2b443bc9d34ae2d70e2829e0e6
h_1ffcfbd1fc2931b5,h_fc27d8b159be329e,evidence,fully_consistent,297263cc9a5fd6c9cbded3497eadcd9b1918a821037d34715fc6095f13989415
h_1ffcfbd1fc2931b5,h_bbeecc85e1b82c28,evidence,fully_consistent,bc493c32663a0b886aa8061b4f5206cf3eff4470d8f6f2df8a935bca6cc0e1bd
h_1ffcfbd1fc2931b5,h_a0151bcccaff16ac,evidence,fully_consistent,862a7f31d11ca507967fb5c539d74b93a13f1c5afaaa0cf913b0db8e70b1c55a
h_1ffcfbd1fc2931b5,h_f08e8e4a63147a51,evidence,supported_states_real_conflict,01fc1cd98c819fd2a25373f25f161d3085042c6cf3f8f4e17700520ee8f316d4
h_9fb65af2a8f3e24f,h_585a8335ee9feb49,evidence,fully_consistent,6c126bf4bf7fb3233a7b8767fc4cd1bfd2aff827fed252510beba277e8895734
h_9fb65af2a8f3e24f,h_1d3c199018c08766,evidence,relevance_conflict,d4efff2cf1ec6fa0857ad140d43e6b1b42ddc2130658ecf16e2567301ba73b65
h_9fb65af2a8f3e24f,h_6359d813cd164de8,evidence,fully_consistent,7b791d81e69c73ddcb2f0abf2dde6bcc45a4c459487a6ea3ebd07b01cea08251
h_9fb65af2a8f3e24f,h_08a45ef6f528a848,evidence,fully_consistent,874562b4ae3962c40926dfc1a8625b6050e077f12d2ca2260fd6a3d51e1662bd
h_9fb65af2a8f3e24f,h_873290f9be234349,evidence,supported_states_real_conflict,c153a04a0c01d755287d1a12160dd2d85dedea819011a4c5560962fd6a4a8f8d
h_11ebeb1cd1844431,h_74da95ec455d5f5e,evidence,relevance_conflict,c72a8374aa7544d921a9a9eff22a077fb30db22cad5b81c4fae4d4b74a3deec8
h_11ebeb1cd1844431,h_7dcfb2f56b8df187,evidence,fully_consistent,998500a5974315b0e6cfa8b803d59ca77949a3f6e91929950870ab1d138e71d0
h_11ebeb1cd1844431,h_13d437859302117a,evidence,relevance_conflict,a6aedad40f5d3eed0ba142ba082d43056dd8a629797ef36647809b35e52c820b
h_11ebeb1cd1844431,h_5cd669c3cbd57b89,evidence,fully_consistent,3c7e022d3591333c89c702b335a627bb9556abec081adf748e0566c62447e099
h_11ebeb1cd1844431,h_a6b2500c5887f804,evidence,fully_consistent,9fe1f50ee9ec829f1c4f22373d8bb7a24da3f18206a5d1bdadaed3bf06354967
h_11ebeb1cd1844431,h_35122ed961c62b02,evidence,relevance_conflict,5b1d0e55bd4baa477211ba2821995c81cb8a58bf508816f603eddf5606f15257
h_11ebeb1cd1844431,h_a01dca53244e19ee,evidence,fully_consistent,8b6a50581ef3aa1a2eae795dcc8f31042521853cc6691a4bcca9731ec53f8e49
h_3b859581fd395a81,h_96dc5532a3c26991,evidence,fully_consistent,dc83de11edd7ae222d48e860f1f4f159f9e4fa19cf6fe64462919714fbabca55
h_3b859581fd395a81,h_0b507009863037ed,evidence,fully_consistent,f97769f634522293e6f2ee15dead30177efc2ad19f2d2a45775c7fa7b2af98e4
h_3b859581fd395a81,h_450d6a114c351f95,evidence,relevance_conflict,3e50ea26aa13eed9c8abca1b14913db76d570cb674871086f2b3c5d7a04875c6
h_3b859581fd395a81,h_ead06ff34c8f04a0,evidence,fully_consistent,e16a3793bbacf6d37c1d656b977c2476753686352344c7c1e4ea4d6883751e7d
h_3b859581fd395a81,h_66da5b8ff62628f8,evidence,fully_consistent,f5547422061833e89a5e9ede70558140e86e6c0aa4e5a9674a2790af02b5a7d3
h_3b859581fd395a81,h_3da514cd1b3a1c4e,evidence,fully_consistent,e403269485428c9510c756cb53c6db4860ef73597c39d523cd9dde792fca4d64
h_3b859581fd395a81,h_3518edfcd267df99,evidence,fully_consistent,ae3e0406db4d5c7eb6e0f9b250ad26ed10e9b9db740e70a5e3e2933912b477c3
h_3b859581fd395a81,h_e1263c1b5373b337,evidence,fully_consistent,b5aa4f6cfcf690c4a3794f991f0e149556e12ce084d2d31e6ae3dd8192ab50ef
h_3b859581fd395a81,h_6ec8fc109496138a,evidence,relevance_conflict,d7ca2cd73ae8caa6030b9c603cc047fb62e092b50c6ed067e1d29eda2ce6469d
h_f73c33b00131d4a3,h_12c56d047da96556,evidence,fully_consistent,4a6c7244cfd02f9a7b3158f05e6ee424563a9bd0f6b66d1e3ec06e1b3d453c23
h_f73c33b00131d4a3,h_7f2548800e267783,evidence,relevance_conflict,66777896b9e36eb0676cf3fd8d5a815f5b409fc5141cee69e61925c7916346f3
h_f73c33b00131d4a3,h_3d41ff4025e5120c,evidence,fully_consistent,7d071ca44fdc279508aae974dab8f1e325f6dc73415fbc88116bc8a0014f734c
h_3bbfd8c7edbcf7a9,h_fac998f69b2aca8a,evidence,relevance_conflict,1f0cb884509dce5732f8ea28d25c74238a1ce2ed797d85847f5f826694a2e6de
h_3bbfd8c7edbcf7a9,h_4a0ac5b57e847f76,evidence,fully_consistent,2314ff7fb3a400d6f5e8905f8bf1149040fabf00d5c1ac43b803c5e67b611e4d
h_3bbfd8c7edbcf7a9,h_765ad512da9d8464,evidence,relevance_conflict,32f0c71fee2e40b4da7cd114ab702897fc1fc4c974e4ecc2b09b40a14ec30931
h_3bbfd8c7edbcf7a9,h_fd771c58b3ae74f1,evidence,fully_consistent,fcd9af383b8959571f7660cfb04d42b4d708efc3fd2a788858f4a7a8f1c467a4
h_3bbfd8c7edbcf7a9,h_5913996df5a68143,evidence,supported_states_real_conflict,ba9d9bebe8cc37bfe2a43fcef69904e5c069eb28b519c4160586965294dec407
h_3bbfd8c7edbcf7a9,h_41f72f3764472271,evidence,fully_consistent,0247db0aa47671575ce4176a5c1486df51cee91bb8f2824caa32d52958f0407e
h_3bbfd8c7edbcf7a9,h_ab32fdb9b050984d,evidence,relevance_conflict,84c6546d84a0318d0c9720d20474a979c9248424f5d08050664fdb66b7ce866d
h_3bbfd8c7edbcf7a9,h_a6da9ba8b654280a,evidence,relevance_conflict,97e8085592fda855cc421780b44ff7ff47611b9780d30953553ee7aef605970c
h_3bbfd8c7edbcf7a9,h_1f945983b69d5660,evidence,fully_consistent,725bee25ecb05df43198dcbb4a527f664b02ea98e99577342ba5e2f8dc5768b6
h_3bbfd8c7edbcf7a9,h_b2f7e308aa7eb0d3,evidence,fully_consistent,85bfb0d4a815d98709592ba1548ff41a152bc9959665e3aad71d08a3fed6b36e
h_33f1ef500ea1ca06,h_e6a9dff68bc12a76,evidence,relevance_conflict,3334ddfae509b286353be63adc2bab4068f3edc5ef6e3d03f27c43f34dbe543a
h_33f1ef500ea1ca06,h_0b507009863037ed,evidence,fully_consistent,8ccca3e3b0ca8d2b6fe301b44358bd66f59c5ba3a9732b18693d60dcd848e853
h_33f1ef500ea1ca06,h_d8648b81b7dba12f,evidence,fully_consistent,a027570a5e48113f63a9fa71b49772506d1830f1151f80c3abb7f3a4ded7ff97
h_33f1ef500ea1ca06,h_08a45ef6f528a848,evidence,fully_consistent,e2864c4c47dc9ad79720e68cfc264f475adfad5f57a443a02db5d45bae6d6e4f
h_33f1ef500ea1ca06,h_fc27d8b159be329e,evidence,fully_consistent,854f98143d6a0f94c6c22ced7e1bc0ab61ecb88e7b17a64cf3849bd94f485749
h_33f1ef500ea1ca06,h_c41b485b0fdf0c55,evidence,relevance_conflict,9205eb99e48ed814eaa03f885ed1f30d52f6f28638d6d3b106a0eed8e9db091d
h_33f1ef500ea1ca06,h_5c8823a75fbf4c64,evidence,fully_consistent,e7ca311e4fa6a97fee47696fc9bfd907daf26c108124c7b31434f29710fe6ad8
h_33f1ef500ea1ca06,h_f71f4c12de1b012e,evidence,fully_consistent,d7b0b8316222451567133df82036c089dd38b2a98b0406bc2b7715a2a9480362
h_fa786c4511a68302,h_0df07cf13d4e2605,evidence,relevance_conflict,e3c5cc7646031fcb9b0987ced886698426867b0a74eb48e50be294f22ee3ae9d
h_fa786c4511a68302,h_0f0ce1b751c4595d,evidence,supported_states_real_conflict,17e1785d1d49b47825d6ccff90b4f54b34ea546cc18d6e23a766c9defb115e02
h_fa786c4511a68302,h_6ac4de5eacf1c3f9,evidence,fully_consistent,efe53fff89c3dc0617195926c5fc2d7d9892f86f3c0d8bb76c1ab5326733e95a
h_fa786c4511a68302,h_0061696cc37f106a,evidence,fully_consistent,14a7a8362d9f2f5826cd977a79c0c1cb1c43e1c4e7ad61f08df6b60ad4af1a51
h_fa786c4511a68302,h_9bef6382182cebbc,evidence,relevance_conflict,e7a01d63a0e533b6c5f894fa5d14994dea255a6fea4e70fce270cf979490878d
h_fa786c4511a68302,h_5b2aca68a7c5b039,evidence,fully_consistent,9502bf61ae0e2a5880dbecf93b26e4b8749b83161f60f3dbe7b3b66927312602
h_4443ef6128bcdd6a,h_e69529312fa278c1,evidence,fully_consistent,99789cf53fe75dfbfc903673558aded40abe93424e572e3e58573fcef3a1c96d
h_4443ef6128bcdd6a,h_fe41d60414278c24,evidence,fully_consistent,85c8937bfd15fc82e1a0224a7584c16269cf875bc8d239a42c4bc11caafa3e4a
h_4443ef6128bcdd6a,h_f378016146c64d51,evidence,relevance_conflict,d65839d962af1fe60d2e507457b30531726216349828ba265d31a77b698145d0
h_4443ef6128bcdd6a,h_eddf221e36fd46f6,evidence,relevance_conflict,936326140f6f96345a3a74d8c05b7a12fcf58aca632b3f58942f70da7aae5690
h_4443ef6128bcdd6a,h_2c5dc0ac6304182a,evidence,relevance_conflict,d26ad51f39e2dd7050b747520336c9e633be716ec46042b91c27699d30c96e49
h_4443ef6128bcdd6a,h_b865d31129bd651a,evidence,fully_consistent,5bbe493993a8d0454d875e502339e257fb76871f767619f2818f972944d15199
h_4443ef6128bcdd6a,h_eee86455961e7667,evidence,fully_consistent,468e722ac659c3469ffa32b358447bd6ce6d4bd47d3e78555327234ba7374b6b
h_4443ef6128bcdd6a,h_c5c15c979061cd01,evidence,fully_consistent,c35d0e30efc359bfec1163e13db25bc4b170c2da7e1366ff3b106261ee62a23b
h_4443ef6128bcdd6a,h_3b381e5946b3047f,evidence,supported_states_real_conflict,3a73984d57736ef448d61b4151424efe5e7f40af14e4fe2e8df1e5f27d764660
h_4443ef6128bcdd6a,h_9675408d736f44bb,evidence,fully_consistent,f776151c033e07239262f59c424d5e49da6645e5e52b5e1c3bd65d7b3124bf40
h_4443ef6128bcdd6a,h_5f346670f20b7968,evidence,fully_consistent,a66cd169982980adc3ab847bce155964b4a397e89446b0a6718eb926d5af135f
h_89e68e84a29a8317,h_c52bb781124accc8,evidence,fully_consistent,a8b5e34fd003557e802f6102db481bf39a5e6edc3cebcfcf4caf31a4030eb22d
h_89e68e84a29a8317,h_6c46181f6a91af3a,evidence,fully_consistent,c7f4b99b307666f8881f2f7cd6cc769bf1b4b32cb94fa7f7d1bde79b850fe291
h_77b59ebdf28d1298,h_64b3b41307c93ff2,evidence,fully_consistent,6e15435161fb9448b7b9fba72566d51ec1edf8e73a9e4c22839986d7c4fd6e7d
h_77b59ebdf28d1298,h_26fe5a9589cbb624,evidence,fully_consistent,c437125e58f17be8658588879e91d538b5b94886a7f57fabf27d5c3bbb60d8cc
h_77b59ebdf28d1298,h_188d414c09fb6143,evidence,fully_consistent,d3a133227378f70dc9a8296fb7632204d87a072efcd469513df07bbc95ff630e
h_77b59ebdf28d1298,h_ade1e845ed58ec0d,evidence,fully_consistent,36e86f511ee4a6db8af7a3d971f6b6c930a644fffb7730b674075fe1dcd5f81e
h_77b59ebdf28d1298,h_85a30270edca37e0,evidence,supported_states_real_conflict,cb2c1a1d6b3da1150f905b39d9849b4ea35a094ebd0b559cdc99cb3a345c04e1
h_8d5e595867a16ee4,h_da8ba30c6579f39c,evidence,fully_consistent,440c5ca9ca2b4cdf513e050e1e26f7e0e2e7146e9f08d2b7757c471a2ed16ecd
h_8d5e595867a16ee4,h_62535918e9eb167c,evidence,fully_consistent,2db270af7b10c27e84293adc76dde7bed00b34ff7ceab81606c39ef37ecf28a6
h_8d5e595867a16ee4,h_6b62afa7dcd33db7,evidence,relevance_conflict,4f9c3e256b2fbb87c57c97d3d8765c9e954eed5df5948ae1a360c081c1a9c47c
h_8d5e595867a16ee4,h_1d458dbc0267c108,evidence,relevance_conflict,c055cfc1a3e89039d9687dec224f875a25ad4bad26d6e3bc4c39fabf0a08266d
h_8d5e595867a16ee4,h_ea48c89053cc5600,evidence,fully_consistent,94cc98eec7fffafdd1210d934d56e5f55d598e61ac207f04627a03e535195caa
h_94a854a9b2a13918,h_9461431649f3ead2,evidence,fully_consistent,acf0e38ab2f5aaa0ac42f597283dacc731095ac03485eae6921dd105ca7c9089
h_94a854a9b2a13918,h_6e65691392182e49,evidence,relevance_conflict,bc9eaedd9354068a92e531f5433dd495be9efd0b0ef9b4bebaec18d534f41398
h_94a854a9b2a13918,h_4771290d3e74726e,evidence,fully_consistent,64e0e0801d31985fec572a7f4e0e6e4b5e8cb11f89656ae708929c1e3688caec
h_94a854a9b2a13918,h_17d591267345c4f3,evidence,fully_consistent,90d284badfd8af4e0ce7ef86312fc0b24e4b30932e061a0c7db6e6077f3e3e4e
h_94a854a9b2a13918,h_dfb453b66b9365e0,evidence,fully_consistent,252c99b4943ae96202806f18c5f472632686ef5151a683c05b708e7bdc10ef83
h_94a854a9b2a13918,h_96df7c8ab7c0dc85,evidence,fully_consistent,6bf8026a125c59f5512da72dc441d5cf2d0201e5410ccc2c04bf07ea5b446b83
h_94a854a9b2a13918,h_7812ee6d397fae37,evidence,fully_consistent,0860f1f07f54ac746b0fa901dae6ac7e40f18fb29a2d83ac003f2113ab444f3c
h_ade01a0ba2077541,h_f3804ebbb97fdd42,evidence,fully_consistent,4c980569fe89fd072e9fe44553cf89fa19446c7ce2340100c8470b3bdcefa8f3
h_ade01a0ba2077541,h_8c99b457e095bbcd,evidence,relevance_conflict,e66e08b93869c14701fac977f914b670370da30101bc6aec51b032ae717db832
h_ade01a0ba2077541,h_16a626567412c33c,evidence,fully_consistent,ef73d753958e7d93c570913a0202cc13f3dfabe7700aaa12e4ff3a4ae7accd1b
h_ade01a0ba2077541,h_413b805bfb297b44,evidence,fully_consistent,baa6ff1f6679ea5f83182e2120d40eb093a420c73cc6535663c88070559676d7
h_ade01a0ba2077541,h_1ddf6a1132d9b6b2,evidence,supported_states_real_conflict,c8e9abd2a0711ba032001341a22817e35a9baf1dc0c8e23598dba95af3d7dc89
h_ade01a0ba2077541,h_23a6152af7e98a8f,evidence,fully_consistent,8e63213e26c8b1756a838bd02449fe872e304053160799b45266e0d7b8df12e9
h_63c9cef3d1e00a43,h_d5acce8187cc699e,evidence,relevance_conflict,66c3abef2af276ede56f524513dbc37c1195cec2267e2a767c92644e2f2ab370
h_63c9cef3d1e00a43,h_9f5e6e87f78c560e,evidence,supported_states_real_conflict,5380469f304dc99ea07b3df690fc6a861234a4bb729a1ad2d7a60565279666da
h_63c9cef3d1e00a43,h_ff3280db14f3f6ec,evidence,relevance_conflict,2dec985dbf01948dfa7813b7d35720adab9c90c73eecfec61db4ed03eb7993cf
h_63c9cef3d1e00a43,h_915cb0744040b1df,evidence,relevance_conflict,48254299231d4f1c26cf14aabd4afe6a43868f907220e3d3284b0e43b679bb03
h_63c9cef3d1e00a43,h_ff73c7de553ec8a5,evidence,relevance_conflict,67d4a4cd2d0890b25d507800f30f01d9a9f13a17b2833047d11463ad6246992d
h_63c9cef3d1e00a43,h_3408304d3be7aa80,evidence,fully_consistent,d524c4fc955a32f576d0d1b808dbf03a71df24c3006eee61291113fc4dca9867
h_63c9cef3d1e00a43,h_e4a93638e3ce24dd,evidence,fully_consistent,583a57e859d3ae8a2ea3b76a9b4f0e7fc55077bee61808df7b4c895b1d5aa3f7
h_63c9cef3d1e00a43,h_afed8408a3c5bf32,evidence,fully_consistent,d849a42b565016b169308e1ad990597356aabb84baae35342f491c5abf4efcab
h_63c9cef3d1e00a43,h_081fb6b95657d699,evidence,fully_consistent,d3d0b92cf2b83b8b02fa95695a0d6f89ab1b7718f8a74deb186084a981d9b886
h_53fc8adaea9f5f87,h_e393b81f5d3aa2b5,evidence,fully_consistent,69e295362b6d7cce018e36861762fbe7d655b17d6432f6f3b36015a0c66cfa3e
h_53fc8adaea9f5f87,h_3dda213c48d7e1cd,evidence,supported_states_real_conflict,8c07dba5a5f7b2dd837fc00f8f499a46da12b00c7f780210cf26119a51592a64
h_53fc8adaea9f5f87,h_1759539cb85b008b,evidence,relevance_conflict,5c51c25f8a5b8370bf025a33232501e6874fbac94f4cf4379ada0fb51104fc4f
h_53fc8adaea9f5f87,h_9f28e0b69b500be4,evidence,relevance_conflict,9a177453172b9b2fe41440d8369e1527b89c43cf03aa5384e370f5feeda049d5
h_53fc8adaea9f5f87,h_4ff5db1b42be9435,evidence,fully_consistent,01d161a685e1b7d663a49a18ddd8b477d6c714a2ceaff80841b38d180aba6139
h_53fc8adaea9f5f87,h_320eec9dbffff6a4,evidence,fully_consistent,d1212e97733978f53e41b8d162482d1e50b5ce179fa7d788b5684afb358c3e14
h_53fc8adaea9f5f87,h_88605e893474420e,evidence,supported_states_real_conflict,8b82669f9e97b5181988680a493eaffe5d25d300209f90dbd529ffe54f56b58a
h_53fc8adaea9f5f87,h_e0c2b37baaa05cb9,evidence,supported_states_real_conflict,a7a7167e86842b476db56b0061d1d0f536cd4a90c5c94e813f2f2c83f802fdba
h_53fc8adaea9f5f87,h_002b0d43de518b93,evidence,fully_consistent,bd275244b6dc336aefa678c2e9fb97c793f4ae64994a2220f9e3217da431167a
h_0090dd284c02023a,h_a664682d6dc13493,evidence,supported_states_real_conflict,579c3071298ea960f0dc2e886c02e1331af381dd90bc4670602ab3301051b06c
h_0090dd284c02023a,h_6b7b3b63a6efdad9,evidence,fully_consistent,b8c42ad13955d94467144a5ce75da729c18851dcc6113652714d7743a0035fa0
h_0090dd284c02023a,h_907c68f60c4354ef,evidence,fully_consistent,a6b9f869afe878aa2a5b2e12821168a77949c7c313f0986dc84b132d6cfdc7c8
h_0090dd284c02023a,h_08a45ef6f528a848,evidence,fully_consistent,f8ba6d28ce7cb015482df9148a898a9f5e4290b5ea3a28e8d716eab2873f395c
h_0090dd284c02023a,h_c0c70cb0b1d13ceb,evidence,fully_consistent,dcd05c6d17ed120e4c07417e6c14391234a3d65a77126d4ee40c8b35a6f0bd6f
h_0090dd284c02023a,h_c53113593ae7c058,evidence,fully_consistent,548374e41f1d346fd79781cf58c60b89183f54234dc2103db9c224e24d68aca2
h_0090dd284c02023a,h_d44840f2a5393ea0,evidence,supported_states_real_conflict,3c77da0f9eab555694183526c4ea64cf45c0d29057681a2a33a594e2cf33de69
h_0090dd284c02023a,h_facc3b9dbf39dbfa,evidence,supported_states_real_conflict,be1c48fcc9ca128b131c7cd134f623dbe285c71a86f3a772e15dafe6c010f6de
h_0090dd284c02023a,h_e3ebc7e046e20b77,evidence,fully_consistent,16ce6b4ffe8849190ac8f7b4b78e2225dc79b9de2c4cc7b21db4b4bcc0c466ea
h_ec14661dfdb4aa1a,h_9df79e1a4da0fdde,evidence,fully_consistent,495fba75c2ef810030c9b56749426e99da15adf8a6d5539f8eeb794c24864090
h_ec14661dfdb4aa1a,h_3ac7d9238f6ecf9f,evidence,fully_consistent,8f246ddad520f068e4f0613b06f09741b630e52b960636729eb4ea2204c8093e
h_ec14661dfdb4aa1a,h_835164e23fdcea2e,evidence,fully_consistent,d900cabc35f11683a4d2356f9e693f767c1610ce56c36e08fe86419c81d82ed2
h_ec14661dfdb4aa1a,h_4dcbb91edec61c48,evidence,fully_consistent,5fe221ce334a68fd4bfb7a7a007cdfdeb9a73a1d28329180adb302dce18ad74b
h_ec14661dfdb4aa1a,h_e3dedc97379d6574,evidence,fully_consistent,503ee7a2e8250777b6a1bd52db5da32460a505fcc9376de21ee5e2f8a4a06006
h_ec14661dfdb4aa1a,h_5f583c78715aa56c,evidence,fully_consistent,b26c72daa09351357acbdb90856b550618f73631c5ccfc8a54a73c39bd68427e
h_ec14661dfdb4aa1a,h_fe972a4830e94702,evidence,fully_consistent,6d602b3616b111679193cea39a7822012512c2fcdebce7e1d78229e15f721195
h_ec14661dfdb4aa1a,h_72da849deb11e320,evidence,fully_consistent,b74c0c68f6986ebe8379df2eee4e1d942e3129918b6c1ce8cce4162df2999f2e
h_ec14661dfdb4aa1a,h_0ccb88bad1804162,evidence,supported_states_real_conflict,29cad1e141530f79c9fa000fc0089d0b71923705cba0651d48be992f2440ccd1
h_ec14661dfdb4aa1a,h_a46970f98adeeaf8,evidence,fully_consistent,21d199a57e840094a5e82ea66aa1a92cbbea74208a28ec54b51bbcf314dfc82e
h_ec14661dfdb4aa1a,h_10f209dca3f04b85,evidence,supported_states_real_conflict,df0361c0c2fc33cd5d5f9df9404ab7973cd969b6439306d1d33be5cb573d4dfb
h_ec14661dfdb4aa1a,h_215da2ea0d077125,evidence,fully_consistent,2599ec982491012319db5e2572a7bbbc179fce0bfac8c6afd02d19a71a770ec5
h_ec14661dfdb4aa1a,h_13d34a73c833c025,evidence,fully_consistent,2e59d5d14170e1e49aad22e8622710e4a23c3ed6d4a5a7efe316d84680499901
h_75398ff6bbbe2d26,h_13aecd27c08e90f6,evidence,fully_consistent,7e4709b039906f8fbc71eaf23e740fd4a2a840949ba8fa4f8027d007f1a1b53a
h_75398ff6bbbe2d26,h_ffb1ad4bac98eb41,evidence,supported_states_real_conflict,f0f51a18987ece20d2587553a02248b9b986824c3596a14a41680419a28d1098
h_75398ff6bbbe2d26,h_55f667d8006b2d9a,evidence,relevance_conflict,37bd7099fcffca7abad09c7348ffbcea2f812794c24157128a378537c0c00e5a
h_75398ff6bbbe2d26,h_e5f7195c547b03ea,evidence,fully_consistent,29e030dc7ac3d19cb5bd57841c88a3c6470be078a97c17b3a8ce3d2dc783e323
h_c8d42efbd8b87fbf,h_32c7a28ec008c2e0,evidence,fully_consistent,e875eb8175a63271d6e7ecfc747e4a8e6aff9c432000b9b11813a05ef9bc8bc9
h_c8d42efbd8b87fbf,h_08a45ef6f528a848,evidence,fully_consistent,948df213d57c3928dfd94d46985b94b510b646cec19339cdc519ec14be42cb66
h_c8d42efbd8b87fbf,h_915cb0744040b1df,evidence,fully_consistent,6696c0b95472bed52660c1b6636803f76a2bec6a3b1b5aa1beb988928d6545d1
h_c8d42efbd8b87fbf,h_66da5b8ff62628f8,evidence,relevance_conflict,62ca9bffc9b4db821052ea384466178e7b76de227c18da71151a999ceb7f139a
h_c8d42efbd8b87fbf,h_addbd2bc5f4afcff,evidence,fully_consistent,ef84f8059d0f2bdc53047695e4357b8b341f7f46f445902aff3643dfa7eccfe0
h_c8d42efbd8b87fbf,h_5dc624fadacf6c3c,evidence,relevance_conflict,c7a2626a9c41f9c9d72f1b0e5f768df756629f0f94d31b86278c725d21822c10
h_c8d42efbd8b87fbf,h_c968978835aa46d1,evidence,fully_consistent,7cae6aea779271942b6f31faf7be51dda3ddfa73474c0b6d8ba7c2b8707d345f
h_c8d42efbd8b87fbf,h_29adb256ae4c10d4,evidence,relevance_conflict,89fbe3e5ea103ad0358b7cbd54ae111bc43ee58b411142f7e56c07c32ff781f6
h_76924abb4c897425,h_af9cf54e6578c730,evidence,relevance_conflict,eb74422d4ba7f31bb8e35ef16cf6f6abada1b6a20e8c489278e0d1ac4e89e073
h_76924abb4c897425,h_613c0067a8031afc,evidence,fully_consistent,ef000637c4729d6c378af908cc69c46d96527c58fd041732c02384761ff8cfbe
h_8d064650f444c465,h_415802a72250efc0,evidence,fully_consistent,459270ad4b896749e116d16d328ca5353fd578d5af1b9e29a9b6517f9fc08017
h_8d064650f444c465,h_1754e45fdab8ac19,evidence,relevance_conflict,ef05870938afc54fbd0e8e4c34639971c7e328aedececd4b8fed56404098c0ec
h_bfbbfb23b7934435,h_f6ff4a34d811a96c,evidence,fully_consistent,f61a77a7eb088283ffe1730351e3edb052927061a955015f711d9d2262acad2a
h_bfbbfb23b7934435,h_dfe014366dcb5241,evidence,fully_consistent,f43a9169c7476e03a4179ae591aeb88316f484f42b5122e980b63cb2c80b2681
h_bfbbfb23b7934435,h_7d97dbb557945775,evidence,supported_states_real_conflict,3756f910024b50c3320444f455c5415c40895a2a41f703dac73d52815ca6065f
h_bfbbfb23b7934435,h_aaddd9c3ab4f0ee8,evidence,fully_consistent,93fa63c84517afdaeb0f5bdaca979ede69d45facf5e5e4ba037d669b52428db8
h_bfbbfb23b7934435,h_3da36bac0b135387,evidence,fully_consistent,04f5407769059efb056d9d8c3880f0f5f91214dea5ff2e87b231a85e10173f2a
h_bfbbfb23b7934435,h_ddfc70dbce8447ba,evidence,fully_consistent,58cdf38e26a70d2003355ca0063d9c6f74857270de86443921c6df666485e241
h_a9a8a6d762a7bc06,h_9585e92206d92dd9,evidence,fully_consistent,2d1ab985cd565a9a6b2b52254009c908efb61bcc81029cc25189e474c846d3c5
h_a9a8a6d762a7bc06,h_29423998b18bb77c,evidence,supported_states_real_conflict,8919cf674594a6c790e9779502a33fd3b89c0dc35247a5d570c865de7b1196e2
h_a9a8a6d762a7bc06,h_6c9b9c8150e538f2,evidence,supported_states_real_conflict,6416164873d9f341cfc79b61e40714ad589c1c15ad039f09e8b42466d08fcf1a
h_a9a8a6d762a7bc06,h_df65ed5d77b8b0d0,evidence,fully_consistent,fb026f306e02934ecdce770bd67f439fb9110b3d9b9090cbe59c7b059e71467c
h_a9a8a6d762a7bc06,h_83a69e8f769ca9ef,evidence,fully_consistent,c5989975cbe08976f8cccb53f9308ff71024b61800c574c9df443a507c9bdd08
h_a9a8a6d762a7bc06,h_7d21b0985a393f1e,evidence,fully_consistent,d96c2c89ff488a8093c4b407454b17fe05df67aeb7b69b05fb20a6e0230b79a6
h_a9a8a6d762a7bc06,h_c24f2b6e43eb3aac,evidence,supported_states_real_conflict,97341c2e5ae223b0ec9800b5866c471e458f73d613d84af44368e211fe14258c
h_a9a8a6d762a7bc06,h_f001e2493b0d251a,evidence,fully_consistent,5d27110a5cc2227e63bbb57bf83874454e03f8bd5dc15089700bea715d31b21f
h_a9a8a6d762a7bc06,h_c283dfcb1b477910,evidence,fully_consistent,90b9c6069a2c933e13a631d982996c0621191254f833adb97b54c487b4a21be5
h_adddfcdb733eb699,h_b28f7c6cd42bb5db,evidence,fully_consistent,88dfcd6d9a183c7b7155ba296e562d5550a5ce83a654eca656512d6c85a8bbc9
h_4b228af28a222492,h_5d0f8a58918dd36c,evidence,relevance_conflict,18a60635b81df6fe30f67ff95ccf22c795aa64d97ead89ba35862f05ef9c17dd
h_4b228af28a222492,h_d4839d4b12503327,evidence,fully_consistent,d10df2f0bf9ccff30a048fa3279b542db35137e0e942d27632366474144a11cd
h_4b228af28a222492,h_af8276191c936543,evidence,fully_consistent,2330dc669a8a5caedfa4d814b46ce8d6c57b6dd63f87024a56841f42ac4f0370
h_4b228af28a222492,h_ba30dd385a2d4be8,evidence,fully_consistent,059cccae560d25d6cd1fcd7f23e94cc4027dd8f8efc61f5c302b8b664e26a49a
h_4b228af28a222492,h_8c48c8fd4309a9ba,evidence,supported_states_real_conflict,14588d21ade4eeca6ebb1d0fee870c17c462307e9d94806a82047a6d6430f868
h_09d7a1a61baf6400,h_aea38ae8c0404adb,evidence,relevance_conflict,421c59f3a94e19c3ca4054e7b0e98480a16fc6475bd51c7246b762a2f34a4481
h_09d7a1a61baf6400,h_ba64f495e4a7270d,evidence,fully_consistent,0ac6e245ee4b0994594c8c4eeb8fd1a226febd97f428bb333ffe139d845dc30b
h_09d7a1a61baf6400,h_d0f66a6ae4cac8f7,evidence,relevance_conflict,8dccb51584d156172c6f3b3dc6a2eab2336e9a2dba012d2a74392a0a239fbf7c
h_09d7a1a61baf6400,h_c6149a721bdd657e,evidence,relevance_conflict,0009e96f2a7b2046667349c8026bb8e5232d460c15ac6ae2f5646a657ee700a9
h_09d7a1a61baf6400,h_a05820fa3ec5b31c,evidence,supported_states_real_conflict,a84844d5f2be1925190b9020900ddef9d952c8ae6d2f341aa0b2b5dec10589d3
h_d8cbe284def1a50c,h_986a4d558af91ca7,evidence,fully_consistent,698e63d260efd4d8bf9314570d06f2d0c4a012a88aea7b57684d6144db83a3b8
h_d8cbe284def1a50c,h_fc27d8b159be329e,evidence,fully_consistent,45addc28414b2f4f9bb876d336e758c239c26b08d10c469f2a455c739763f573
h_d8cbe284def1a50c,h_fb239d74a840e976,evidence,fully_consistent,c4e5897504be1a480b20485605a85cc4c8649bad37f72901c5a7c43648b0720b
h_0731672f8ba38c22,h_27d462dd65a9d718,evidence,fully_consistent,f9ddaa08d6bc796c9afc2d0b2fb948d0086c7201c1d63fce4936868921180b44
h_0731672f8ba38c22,h_bec129f1a8e14bc9,evidence,fully_consistent,025d03d492178326d720c1702b134cfdefacfde4dd6f52a9efc37987b0b97a36
h_0731672f8ba38c22,h_4ba470305843f5c8,evidence,fully_consistent,4a8eec21e3b6dd83b512bb7d531b5e3e2fe06095dd91ad595067fa0d2dee55fa
h_0731672f8ba38c22,h_ad678ee6556eaf79,evidence,fully_consistent,c7fcc279d9783418eaff31e27219dc099402a43b3304e2b4e9d7cc5cea0f7c54
h_0731672f8ba38c22,h_33d9fd1cba247d7d,evidence,supported_states_real_conflict,ccc88ebba6a68f567817435d739ff9aecc86fadd0176ac39251b624752025c06
h_78f48a397b8667fb,h_db3a02bc4ded4644,evidence,fully_consistent,e0a99655c491d017459f3694586751767b4e5bba3a6d536ca75d52cca9477655
h_78f48a397b8667fb,h_fb239d74a840e976,evidence,fully_consistent,d9e1b38d1baa9ffdfea755afc04e1c8877ec3700d6cfe34a18351271e11b0a33
h_78f48a397b8667fb,h_695be63588c7baef,evidence,relevance_conflict,593354f8936ef894ec4eedc4c1fe77d05ebd3a9de09a968dda625eff3fb572b7
h_1161687597cc5195,h_6c2d2f4184c9a300,evidence,fully_consistent,522cc51d8853ca6b8b18bbfd57aa5f648f7716677bfaf3ce3fa97b20f53fc7b6
h_1161687597cc5195,h_32108e4f14a51886,evidence,fully_consistent,c3102d603bf32dd1e694981550a7d76d6940636d44cd2b61c73b5853995963c6
h_1161687597cc5195,h_36e0f25ad5270f63,evidence,fully_consistent,eed6467c3b345cee10500a07e3da7676d99769f626e0b1d03a49318ba792b5d9
h_1161687597cc5195,h_bec2e17c870179cc,evidence,fully_consistent,7de123aff44f4886c58d812a7bff5705a0e1cf8eca1c342611bc7236603d5656
h_1161687597cc5195,h_c44fa77b2ba5ddca,evidence,fully_consistent,a4f12c03e5a2ea37ae6ef2d0ba7cdafc6eeac622a8087e64f9d1b2ba2ec16824
h_2faf0130d11cda85,h_2a640363a756c391,evidence,relevance_conflict,535d90842077344ad22cea36b624c5d588d754b9668170d29488f49bd946b846
h_2faf0130d11cda85,h_9ad6600480d49a5a,evidence,fully_consistent,74e3693960872a133b6c976f0ecd266dab34e12ab9f1e2a75fcd248ef695a504
h_2faf0130d11cda85,h_fb239d74a840e976,evidence,fully_consistent,db0bb50be149614adaaaab652ff1e8d848394ad524767ef58e494b7ff5b56c07
h_2faf0130d11cda85,h_718a1452f73ce9c6,evidence,supported_states_real_conflict,96bcfdb5bd68ddd3146f6731f0c68c0a0c289a4de44ccc4a019c0aee8ee70831
h_2faf0130d11cda85,h_1373ccd24e7f7d39,evidence,supported_states_real_conflict,8a46d7a7091ac360ecc856ef4b57b996b0d687939314bfd03314e9109166fafc
h_5db72fe84a66029e,h_3aa2a71296afe475,evidence,fully_consistent,4234a3d4468987c0161318ed623fc622b029b0c18f2e73af6ebfbe8fc6cf7215
h_5db72fe84a66029e,h_ce72acfd8e60fdbc,evidence,relevance_conflict,b7677aab6b9fbf8c631730bbd15f36d55fd49c538297d28e18450c95c7517ddc
h_2a3319e306b8c95e,h_120a878ecc430747,evidence,fully_consistent,d392896cdf54779ea3d9e627a9de93ba0924972d415c46778b3133fd77ff08fb
h_2a3319e306b8c95e,h_7829be9cc36da2ec,evidence,relevance_conflict,0a4df9ffb7ceb872f834e3ac201c8635168703b33debb5133a05734bf54b5f1b
h_2a3319e306b8c95e,h_3201583cd437358a,evidence,relevance_conflict,b0ae7e1133184f927792ae7a153c567444b83bcfb3904564229a5e37330e5e73
h_2a3319e306b8c95e,h_349659fcf185df89,evidence,fully_consistent,7f55b6193ce724b0e277edbab734a4b39b3f90edd148624938aafdb2967a0835
h_2a3319e306b8c95e,h_fd7b8f69e54dcf17,evidence,fully_consistent,b74e26eb8352ba2f52037fb32de1e1af9fe762c2bce8db5f3b1bef21f3f00c79
h_2a3319e306b8c95e,h_4633771bf5c85b3f,evidence,fully_consistent,4b2bf33f09cb2a68029ba15e4809d22e671aa732296af960783caefc0527dabe
h_b0b65676432fe2c7,h_821a648465749f13,evidence,relevance_conflict,52b5e015f501225f5a399c07f7182dc0abdd4f276aa26d9ba13f666fa36f7b8b
h_b0b65676432fe2c7,h_9a736b83ca63650b,evidence,supported_states_real_conflict,f00809c8a935c7bbed0e62ac6e8fb5f387b4e5be5ecf4cde9423ecb7e9e4f0b8
h_a1696a9d4d35d8eb,h_6a55353fb7619c23,evidence,supported_states_real_conflict,7e47f3f61a29d2d37b670ca46148e989490792bc954c404cb544e2801f0ebc8a
h_a1696a9d4d35d8eb,h_e6227e585e7b8d4b,evidence,supported_states_real_conflict,13b44280aecb21ca823bf362c4e2856d04323a241b74e5afffe49add0fe34c3e
h_a1696a9d4d35d8eb,h_64af74ebb009e848,evidence,supported_states_real_conflict,e4437d73e850be900cd0bd195eb22dc632bcf0d656995d43bdffb2ed962b9dfe
h_a1696a9d4d35d8eb,h_730db41e854f1aed,evidence,fully_consistent,f7acf0994462ddd02b1367a2c1d242921dbce92d9ff8bfed9b992270099d962e
h_56aee866aad71779,h_34aa6bae5143384a,evidence,relevance_conflict,a1fc729c1f99dc5bf71743096d755453e59ff3e6f1fbcc814bae4dd0fbfbd395
h_56aee866aad71779,h_11e22b635fab7e3a,evidence,relevance_conflict,f3e6e9e450a47cb07adff37a7371d260e832c4864a5d8b3dcd15f8f4d51f575e
h_56aee866aad71779,h_5aaa23bb1b4b1b2a,evidence,relevance_conflict,cd6bcb0510cf87cd9a6620805aafa86ac04ec2762c46f3c194d8bf90ae074f09
h_56aee866aad71779,h_49dfd5dbc20d289e,evidence,fully_consistent,8c2f743f6a6e902424e1628efa8dc8c703d9712fc15ecce146b5a1bdf7dfa6c9
h_99e4b23a2a7866fb,h_413da25222f551ec,evidence,relevance_conflict,5d2a17fb5094bac80454b8dd4bcaa58a56bbc8ae0ae16f117dda465c07146738
h_99e4b23a2a7866fb,h_16c0adc8f8246376,evidence,supported_states_real_conflict,bfd250142214d0864cb4b5a18828d5437618d20b2bbe771ef83146847a1da4e7
h_99e4b23a2a7866fb,h_bed5af9ac391bd47,evidence,relevance_conflict,8d66dfdb778351867e3f0ac193d7f2898dd6842252dd47c9b5948e57d4f0a572
h_99e4b23a2a7866fb,h_0c9c8e209da1c5aa,evidence,supported_states_real_conflict,f727191d02c1d18b174af1b613f32226f7a81af6a9107a0011a3e4a51e3e13ce
h_4d88f82a41ba4883,h_689feb6fb2e4985b,evidence,supported_states_real_conflict,dd9d8fa9e3ac1bb57b9a958f3f12e701609c5a5f2504f246c056bcfdc65953f7
h_4d88f82a41ba4883,h_9a1c7e41108b0bc3,evidence,supported_states_real_conflict,3342c22347414a4f9ae4e0e78c64835b6f78f78324d92a86619962773ac62127
h_4d88f82a41ba4883,h_63618b0f46fa5901,evidence,fully_consistent,8a0b705a4d34263d80b222cf1f9175314e1a5e1d4abf22f312718ce11d60614c
h_333a3915fe3e6e15,h_2e4ba91e9620e810,evidence,supported_states_real_conflict,27f3c8edc70e34cfd4931416ca2efe08983b73de086360e554734709646d8bde
h_333a3915fe3e6e15,h_b4f5eb2562f9d228,evidence,supported_states_real_conflict,3032f2223dc1827e1f522ca4f3b2512969723487e27fc43defc6f19b4f5e6911
h_333a3915fe3e6e15,h_b060fe8ea00ed5e5,evidence,supported_states_real_conflict,4536ebcadf2457f44c9d4046e69a31c847e68ee58dfc6133a21adfc669c394c8
h_333a3915fe3e6e15,h_2b2de441194759dd,evidence,relevance_conflict,b6b39363d625fe58b8b88ebcd97beba1af9d0b0cc2b653a41f0cf8ac55b9995b
h_35f315394f1454ca,h_0c2c511b5d194071,evidence,fully_consistent,d4c78a9eee5b57665f5cf3b2fb881a334a97a5f1aab21006da3c00e46d6f6da9
h_35f315394f1454ca,h_ea897e3f7d081145,evidence,fully_consistent,e93ed9432baa77830c1d4b886668d5fd2fcd198ce6e0cd6e0cd531de3b2a0bda
h_35f315394f1454ca,h_d8374537214380bd,evidence,fully_consistent,afd8af0e8e94626112d79d887f19c368109936c6418537792273f01f5dbe12fc
h_35f315394f1454ca,h_8f7de22a0673cb71,evidence,fully_consistent,77c901862a718c7a4c11d143cdfd0853edeb274172a4c9adcb312ec6db4015ef
h_35f315394f1454ca,h_2e6c6401966ad05c,evidence,fully_consistent,941a9ee8d225125fdd0c0eb6afeeb2c9fd259bdd10cd7b55bcad0ccf48373be0
h_35f315394f1454ca,h_9628bf07115d1fc2,evidence,fully_consistent,2d2fdf2333447ba9fcef741603b6a6d191dad5d7917ec3d60461bc55f8c304af
h_35f315394f1454ca,h_6ea13bb1c0cbe3e9,evidence,fully_consistent,bb56332ade6613afa71cde63ba2c774dc9c27af5f0c82cf85c53e38e22d6d3fc
h_072ffa49ddd8d32b,h_b1c26c745a97cf5c,evidence,supported_states_real_conflict,183360c7a026c9cecc4e28a262d33f2185fd54f71087c5ed54a96d2a5aa7d34b
h_a036806a6288ce8e,h_bb5ab7dec7705009,evidence,fully_consistent,a1c3e08c6a3421aa1bd87079f04431caf61f95992eb924962726b59e8ce998de
h_a036806a6288ce8e,h_762d2c7c71330be9,evidence,relevance_conflict,65d3edfd6d0211827ee71b7badaaaf0045578b01e7c5c7d86341f05610cb78af
h_a036806a6288ce8e,h_09ca96ffe24af07e,evidence,relevance_conflict,ecd4ba58c9c80432e0692d1694720f1dbf600fea6343bb2098b656944c9dcc3a
h_a036806a6288ce8e,h_ec08dccecc3dbc36,evidence,relevance_conflict,5a05afe903c9db24438fad468303b93f74830914ce254b784bf435be049a23a4
h_a036806a6288ce8e,h_5b6673108f07b130,evidence,fully_consistent,d57ca6214fd6933cfdbca9f73b2d048724cd7fb2c751143b656f87f12b8ef725
h_a036806a6288ce8e,h_a343005d2943e3e1,evidence,relevance_conflict,47de2cff4bfd30f167cfc1622c102e5152acb9aed54695dc1eaf2f69107ac89c
h_a036806a6288ce8e,h_81312b581b8f8435,evidence,relevance_conflict,eb545653c3e73358e646f96eb57f2f391997d06c7955d731141f65b0fc26239b
h_a036806a6288ce8e,h_61352d45bca8420d,evidence,relevance_conflict,66b9f6a997a9d18b6fcca533af8e2b7602686f07dd976503f2e040488eb38521
h_a036806a6288ce8e,h_6cab9e2f267b4c40,evidence,relevance_conflict,95017deb76cd22c6688b3605618c6aea19576c53599d02748f330f3dd5149886
h_a5289f1960ec85df,h_2df793b4de128587,evidence,fully_consistent,dfd8ae47678304cf95671904b869d0d753b60f54c55507b2d069dd4be21ba86d
h_a5289f1960ec85df,h_603c436bc76b2a6f,evidence,fully_consistent,b76b1ecfecb4649a8e52c5885ac0503e493fb63498d89d2232333c4cb32b4302
h_0fcad1451d8a52f0,h_f3d149fbeca2473c,evidence,fully_consistent,ff49a73acdf89f972c2378d9a7d5db4a9221bd6d04771d67af1f26213dd026ce
h_3e9d095ffe04e1dd,h_b19786e55a202964,evidence,fully_consistent,5b3f503264dfd3b6b2d6349d4622a59f7732e9b1288d379593baf35f105ea1f2
h_71845850351421e5,h_9df79e1a4da0fdde,evidence,fully_consistent,4ef5610f8a4c4b22c1b73726620549b715d12b684af012d069a997144734c5bb
h_71845850351421e5,h_f590b4d7d1b3dfbe,evidence,fully_consistent,10aab203a353e29bf35c37ec01d5d9e5a4be9604843f18b55bcb45146f91b864
h_71845850351421e5,h_bbeecc85e1b82c28,evidence,fully_consistent,8acd5d784af13777ea525629e0586263b7a5a9da4865fb83815cd69ddb9a5d0a
h_71845850351421e5,h_cd79cc8d5d8bbc76,evidence,fully_consistent,62c515cdc88cdbc258302ff0dc4d830d7a68a1937de110685143fea61c446448
h_71845850351421e5,h_c1bf88ea249c4b5a,evidence,fully_consistent,cba3c45bf805582de8d5ed6e7c67e45694db71b8e7237e59ec3f1fb5c6e37f08
h_935859e0ce70ad2d,h_6085799a06b54590,evidence,fully_consistent,a71c1ed87215a8267205122c14c3bc7ee971cc4e95a16822e8738c24cd6c4b0a
h_935859e0ce70ad2d,h_80d0ce89942cf2ef,evidence,relevance_conflict,1205f6b853a6242167295f4d6b79e72af77a9656782566beeefa5f97176d9cfa
h_935859e0ce70ad2d,h_90e0545208cbe087,evidence,fully_consistent,548099cc0087354f892421ac7c6fcac534a0fda5e2d8302695a05211d00859a5
h_e035dfef0c456f9b,h_53821383826810d7,evidence,supported_states_real_conflict,bb6e151a0e62160a29c05caa44557fb385124129d3bbeb8a94c253d514eab38c
h_1a6204d4805c9bdd,h_4e2b0df224499064,evidence,relevance_conflict,bbef4ca416409f4d3090ef02c7027742bb3cc06263696eddd3238ec6d8d35e60
h_93f52c898e7493f0,h_58e357d8712f7679,evidence,fully_consistent,4ef9b431d79ba3fdfeabd852635a8aacb974ee4b836ef87d71b8027982818656
h_93f52c898e7493f0,h_341787069849a216,evidence,fully_consistent,c262a5fb983dcecf90c6b4d8be03a2648911de375c9aa962a12d59120c26f2a8
h_93f52c898e7493f0,h_64fd5afd22a26ecd,evidence,fully_consistent,628aa8b6b11b8d662cf08ce98965b9716d55855e754c3d9f865723ac61f226b7
h_93f52c898e7493f0,h_a08b80eedb2bb00a,evidence,fully_consistent,3dda080492055808f76eb0f2cb2265824825ccda45095cab3fa149548c0990cb
h_93f52c898e7493f0,h_e087f6e52aa7cccb,evidence,fully_consistent,df2c61dd49d7c769cc37562e9dcbc5ef9cf791b3701666617b93e8cdfd6fc179
h_93f52c898e7493f0,h_8bfc1d9d646dea71,evidence,fully_consistent,6aef3e9d0f0263d18503f59c4f89ecea84f64c237f5e6933b4c4cca300099d06
h_4132aa9f914dd400,h_3e1bde9bf6cbfbee,evidence,fully_consistent,cb1700c4486308109ba1efaf002797269636aa1e910c894fb5adc5063f1bef0d
h_4132aa9f914dd400,h_6359d813cd164de8,evidence,fully_consistent,081c5ab267d56e92c046489b36e72cdfdfd797db47d3cc01882593b05b2fc35e
h_4132aa9f914dd400,h_96df7c8ab7c0dc85,evidence,fully_consistent,d0d98de9cfa7df86322408a75452933116ecb2b6e13fccffe13c794d4a024384
h_4132aa9f914dd400,h_370dd64734647db8,evidence,fully_consistent,09666c7bc7944863bccbfc3d48c7542d315c547daa73b7d1603e92b00ab39c5c
h_2f1e548763c998c1,h_e421d602bbf5c7aa,evidence,fully_consistent,2f33db26087271bdc2ee798ef1ee2c425dd039008d4ffaf819b27f7beab9cb8f
h_2f1e548763c998c1,h_fb239d74a840e976,evidence,fully_consistent,8abb19c791b603c5e21893807894fc6de6c14cdbc9f217f3d05e80947ad1c989
h_f5c59643f1640f52,h_48abe364ecd5799c,evidence,supported_states_real_conflict,6766d7da6a793e465132034917ff8fac096a64a5c55c02510c2e301552fbc31f
h_f5c59643f1640f52,h_62915b012fc4997d,evidence,fully_consistent,169d0272ab0c02fb60c6a7b17a33e15976d8bd9ba3ae1862197fc62a8a2429cf
h_f5c59643f1640f52,h_a4ac893167f31e13,evidence,fully_consistent,179bbe8e718dcd667177aaaf9b5f95ea8907f9c0b28726e16f0430e1dd5c6583
h_1f1cf20eb58376e4,h_f964d3acf8ea3694,evidence,relevance_conflict,aa89d2c261583f393bc8f72136589a395a5471308657504fc924fc32d744cd4e
h_1f1cf20eb58376e4,h_8eb41d4c31698a32,evidence,relevance_conflict,912bf0894d256dc01f3ed901a1114616535766f36f503c421f065eb489d16571
h_1f1cf20eb58376e4,h_71b45b96aaa47fa1,evidence,relevance_conflict,ebe44f0a8368aad9e1387d83ad3fa50b46e8684f903fba7c8f51c61d5c944823
h_1f1cf20eb58376e4,h_ed24095548f70f2c,evidence,relevance_conflict,fbe862ab3641a89b9a64c82c35942273c57ec9da7ac038950d62568c27962d51
h_39a1d8f247841640,h_ed24095548f70f2c,evidence,relevance_conflict,298a6533e2f613878e7742f4d8f8a0137671baac1e4b341b40a670364158d2cd
h_7cd56a963461eba8,h_33dfd0535fc1f586,evidence,fully_consistent,9929e946ad5750c848b9d6a7fbd5be1744277301bf42d10090a2037856c6f0ca
h_7cd56a963461eba8,h_ad6ef2757df4caf5,evidence,relevance_conflict,2fbb53764b6b320ef899d6ee9eeaf5d397d43413c79d2af6090964df3cc7e911
h_1d84ae67852da347,h_f87f16ed013e6de9,evidence,supported_states_real_conflict,92536385babc1f2df5848bff06f2cb871f205ea689202eb773ce6d65da6b1fbd
h_1d84ae67852da347,h_8329804bb05c135b,evidence,fully_consistent,11c3f518625eb928d5df3d7b00b7b2f14aa817bfe93af61f869d8dbc812e3b8a
h_1d84ae67852da347,h_cc6beffeba36dae4,evidence,supported_states_real_conflict,5c11442b6b7cbd9e3a6fb29bcfe7b78d1c181b70e9d1ecc1466569518a01406b
h_185b757724f24441,h_6308e947648e0658,evidence,fully_consistent,fad697c6f8d1e6ba617dcfee0a23ac8909d922b74194f8a5bb71dbc957ba18ff
h_185b757724f24441,h_cb3ffd15fec5afd7,evidence,fully_consistent,fe38316b9e5937f9099432728aa152a251b6f586f562811243caecd7f0841168
h_f0da2634e5b19f13,h_b5541753b36e443f,evidence,fully_consistent,0e4dbe547ac0bd0817256abcd5c235da0f40570b41ac29c37035994bd867d5f6
h_2b944d2fa2df7b5d,h_986a4d558af91ca7,evidence,relevance_conflict,6c73a92da3a37cfc249572b060a2186d6195a0285b4c13d75fc1d1d8fed14bcb
h_2b944d2fa2df7b5d,h_c640649fea9b022e,evidence,relevance_conflict,fe583f117ba07a00d6e2b79d137ef8f3ae5c6c6e10d12257c8a678710c5173b1
h_cc578f24f40eff17,h_8270086f26f74b8b,evidence,relevance_conflict,d392cd9ea4fb5662a2853036f07f9846a19dfcee1cb364e37131f2c3758d0829
h_cc578f24f40eff17,h_c075bcbefa469e11,evidence,relevance_conflict,a093d88b2e0fb222ea2b36342ef43ba7c247d4b36140b579d1cabc21a1e5f37c
h_cc578f24f40eff17,h_2356ca8958e3c7e8,evidence,supported_states_real_conflict,353e8b686d9892090879d17ca707ed7051ac3eeb9d4141cad7f690f4e05cab00
h_19a64aefaff94913,h_6d8523efddcecd18,evidence,fully_consistent,e205399373b7fe878f8354d8b8218b05aeeda8dcc9ab111f82aaf0747969fd6a
h_19a64aefaff94913,h_ad53aa773214ef81,evidence,fully_consistent,29d773d761e9bf77c51cb0863b66e6f3332bfdec908d30f5affd86b7e6395652
h_3b0dfa043436e728,h_dbaa5351281f118e,evidence,relevance_conflict,664bea78141c31a2d7e29d48e9f8a1d84026d5341999831fac3553894fcb08ca
h_3b0dfa043436e728,h_2a2c92642720c398,evidence,relevance_conflict,404bcecb801c7d8e1321e2474f58324024dec628949f121cc59efdaaa5ca7460
h_3b0dfa043436e728,h_2ff66e3bdbc15ac2,evidence,fully_consistent,c50b69682decc93072bf202d4fa1bf289a817f5d0519c4457a8b1ac79ea9542b
h_3b0dfa043436e728,h_fc27d8b159be329e,evidence,relevance_conflict,0bc863446ccad88bf9f3255e4907c6d6f73a5bd8725cff4a14c5ed8e9c9b66ff
h_3b0dfa043436e728,h_0b950127e287961f,evidence,fully_consistent,2392fb7d5c377552010ca7fbf0227de2d9c3bed6ceb6f6056ceb7a10ca400dea
h_2ccdf6f2ccc0bce7,h_9df79e1a4da0fdde,evidence,fully_consistent,b67a7e62c92822c178365f68db0ab8c8c81054c6649144b71cdcdaab21f22916
h_2ccdf6f2ccc0bce7,h_6359d813cd164de8,evidence,fully_consistent,3b7d6e4faf00eaca5243b2cb81588a66618037ae5f8c065d5463b7e204a6bac0
h_2ccdf6f2ccc0bce7,h_b0df1b61554c59bc,evidence,fully_consistent,127799d03f9a230c8446cc7de663b545c7ebbe6bcf6fb4365bd2f0f056a30ab8
h_2ccdf6f2ccc0bce7,h_6429b33e3239d0d5,evidence,fully_consistent,517da69628c59d0fb9f4aaa240d9b4098e855408302c60b4f90d563622de296e
h_2ccdf6f2ccc0bce7,h_10d3f4041a0e2b64,evidence,fully_consistent,1cd58fdf785a0c13818e1fd34ae7b6b4ea6b28e606cead5d9018ebc00078ba50
h_2ccdf6f2ccc0bce7,h_69d741bbc4919a68,evidence,fully_consistent,90f843efabb1441b21946343c4cc9d30b7f11e3d3d16d0d6771b5b84a76baa24
h_964afc20a1d837fe,h_a4f42bd3fba0b3d5,evidence,fully_consistent,d38b9d5871a77c8a8e002d4383e29c60ec219f818d8965fa8b7af46e99d84846
h_964afc20a1d837fe,h_a29c8074d82a8e45,evidence,fully_consistent,68949dcbd3dd618b9b444ea8290e754aaaced434712386851d4c743b13a22ae7
h_964afc20a1d837fe,h_fbd69840a99c562f,evidence,fully_consistent,6e6f65bc8e803aa885d73bdffaa059565d59ea0d1679bc2e5b120143c97a9ece
h_ea06a6e62bea0fa4,h_fcee82b56322ca8b,evidence,relevance_conflict,c03c11f35bef91a76d13f9857f4e8f9ef41f0274c15aa711528952852a13b562
h_ea06a6e62bea0fa4,h_3b9650573a4df202,evidence,relevance_conflict,c5a6baaa022818777a01ac0abdf011d383d008bd9d18d2388786edf100795dec
h_7f122ec85fd92ccb,h_5b37cb76ad0bd729,evidence,fully_consistent,f947876f269cb1a7f59be07eee37ec57267e0a4bf4b595b5f3b6afc6835c4d22
h_7f122ec85fd92ccb,h_0655fef69ab676b4,evidence,relevance_conflict,bcac7c213f16b960ee3009678196d6a9cad17a2ca8dac2384844796aa032dc57
h_7f122ec85fd92ccb,h_b1c26c745a97cf5c,evidence,fully_consistent,510cdbb86838230c06acc8afb861799a16b058857a1e41dd9ebef55ba0ce643e
h_7f122ec85fd92ccb,h_3e1bde9bf6cbfbee,evidence,fully_consistent,bca2b010d1713bfb00e86425c8e2eefb0a79e98f48e71e06f2740497405bc888
h_7f122ec85fd92ccb,h_325596c50d507a72,evidence,fully_consistent,3a9983a73df8b99d55010da1b4ba87bb2e61fa6c2f5b91cb44f7508e235446c4
h_7f122ec85fd92ccb,h_bdbf737ac4b97c8f,evidence,fully_consistent,f2097c954b9790e49b61e9a0436187edbea0ffb9608a3977513fa839e2f9ead4
h_7f122ec85fd92ccb,h_c9c1d099555f49e4,evidence,supported_states_real_conflict,51639a2f1eb1d8b606b03d777726b219102e451fbe3ec92b2e859987b672ad03
h_7f122ec85fd92ccb,h_7e4ada5ab0a36bd1,evidence,fully_consistent,52e7ab1f663779fe6e4590690ae1c08e4fd1769ea33775cc34c8b1ec136f7cd7
h_6f52fede6f0c3811,h_48d2e2abe088c1e5,evidence,fully_consistent,3d3c873fab6cce55ef2e25e7d74732bf86a0febc339a5066f53896ec039508d1
h_6f52fede6f0c3811,h_b97e7f2b1113634c,evidence,fully_consistent,effa6a71b22c3bb43c23fb1ec17a6ed25f00b3e11d5593c4386671c312446d4f
h_59211fa4542d2c9f,h_fdd6417ed5b6b3d8,evidence,fully_consistent,5792ac7e9e8df8cc1d7ededec61fec18cfb54f4558d145be8e48bf6cea9d2ed9
h_59211fa4542d2c9f,h_f9d4cf3830fb139a,evidence,fully_consistent,01e787f607351751c7d684019788fe0bb190a01e2a9fec1bc2aca316ebc9d21a
h_59211fa4542d2c9f,h_acfecf02726562ca,evidence,fully_consistent,f19ab5b74a8682c81c14db1f84f294192cda29d5752aa10614c1ed80cb8d4ced
h_59211fa4542d2c9f,h_803205814baca92b,evidence,fully_consistent,60a95df1591179fffbcbec332370e061860e236785ad9fd2e9bf86c649dc49c8
h_59211fa4542d2c9f,h_82f1e0d22bda3131,evidence,fully_consistent,27802bac92f23b22432ff7f49e5af5e24716d427a4ffb43e5feff9d595d8e0a2
h_59211fa4542d2c9f,h_623b0c15590a94a5,evidence,fully_consistent,f05c54e02b86154f9ef4ed96cd17be893e36e9d9367e47753e8f7a89eeed1719
h_59211fa4542d2c9f,h_8da18564f412d6c6,evidence,supported_states_real_conflict,841a1cde60082604e5d97826b322fd8896ddd38ee8a04652e07cc38ecd06ac30
h_7a9d3d4163ea6d74,h_986a4d558af91ca7,evidence,fully_consistent,67f42f1152d76a93883cc5aebdd8e4449818b2d3eab03901012958db07e7e32c
h_7a9d3d4163ea6d74,h_f9751af4c3b85a4a,evidence,fully_consistent,f2faa85a5c6271427e348026a7ec56cb41d7f0838581f772a359f08ce8e27652
h_7a9d3d4163ea6d74,h_99eff632a603bf77,evidence,fully_consistent,50890a85fc0f4081c49f0ccf3f0981b1483e0aacdafd34bf2fd52b9a332ddee7
h_7a9d3d4163ea6d74,h_498fcb9b5c9ed023,evidence,fully_consistent,a155a261a18fda845152faed67662c25dd27410e477fcfcbef45259d87aa542e
h_a4c6cc2d0344dbf8,h_8df4fa1ff350237b,evidence,fully_consistent,0d5c1a69400070f449189e1b1b3935e05660f140f8e88c6a91c6ad69db8cfa4d
h_a4c6cc2d0344dbf8,h_160d11939601a5d7,evidence,fully_consistent,4d45c8c1b67f87d75510b677db82fff93ea2cf995a0b7ff06000588c7d3262ba
h_f09012a393b7b5be,h_b87fa6702f69f9c9,evidence,relevance_conflict,8b57b056f98faf1d8e79a968f9d3aae0a1efbbd2157314d6ea382209a4e0b440
h_f09012a393b7b5be,h_6c436b4348064527,evidence,relevance_conflict,0618f722d27b8ca80027c68a45339a0529294aa5ebdc85b1c04750e83f88af7a
h_f09012a393b7b5be,h_17a26920b3bb1406,evidence,fully_consistent,d7d1e56a205176c4f3c9a1ed28249fb195fd98493396e123e6a807ecd8d82a36
h_f09012a393b7b5be,h_addd8f41603e0b7a,evidence,relevance_conflict,e275caa79249e575a95f8caaed55230ff9df1702853bc77b2c402f94da71d2d8
h_f09012a393b7b5be,h_426df50ceb7618b5,evidence,supported_states_real_conflict,7ac60933b6cd2e58e7be6afdad315f85a05b802ad0483b0ae1698b6ca582e45a
h_baa319eaa3b86279,h_a59d3812fbc0bc82,evidence,fully_consistent,758a2509cc031e469ca017bc7085ab0cb7404f2614bce45bbb1be87f48463efd
h_baa319eaa3b86279,h_474dab3dfa588418,evidence,fully_consistent,95d90b96d58b08fe235a3c8417200004fd56ef2f0612bce7bf4470908b8f01b1
h_baa319eaa3b86279,h_9fb4a9d00eb32cb8,evidence,supported_states_real_conflict,1cd9a0bc38ad7004850134579f349939058cc964f3746b60feb16327460ee48d
h_baa319eaa3b86279,h_979b643017244578,evidence,relevance_conflict,1e89d56d9be9b5174e169bfb5cf3f2aa39f072035f7011a9eb88efda6f77c4ba
h_baa319eaa3b86279,h_b9167ba8c38d5b74,evidence,fully_consistent,be8bf115577a63fe6443cb7674d1eda672b4860b3fc8959725fbf0e984c37de1
h_baa319eaa3b86279,h_1d1959534cd2164b,evidence,relevance_conflict,c8ab68c322281a5b9a759cb158599c9036387ef1a6ac4d58ee661a664f0c96aa
h_baa319eaa3b86279,h_18407ec46b8d7f87,evidence,relevance_conflict,f98485a623bb3f87b353c3afd7f7791660fd3d341dc15ee48095f8ec8c6f8826
h_baa319eaa3b86279,h_6aa8aab8e9cc8684,evidence,relevance_conflict,73bcf3c8f24fd6497cbe78bfc930187d12de8f41568823a0c9b7751066879d01
h_21845abacd62a0c3,h_61671f0fca25191b,evidence,supported_states_real_conflict,7fc78f37a08c07f23cebf55fe0e3407522f52799df2d6b9f675b241a52d31326
h_21845abacd62a0c3,h_08a45ef6f528a848,evidence,fully_consistent,a97ec363400597566563222de79136b48960d6de06743b519656922997b59daf
h_21845abacd62a0c3,h_fc27d8b159be329e,evidence,fully_consistent,863a96e2214259e2ee2184f63570def2db0cacf15e5832bce479796a89940ab3
h_dc2e6dcc378dc471,h_514e5cf7faa4d024,evidence,fully_consistent,953e9ff82852c1c5bedbbd15da409ef712123f8df7e16950e3cd029582d461f4
h_dc2e6dcc378dc471,h_5980b1fbdb574884,evidence,relevance_conflict,8d1c87442a6574e0798926fa96b86fcf9904cc9b35f393e0736754a088cd94cb
h_e97fe6737cf45b1d,h_b4977bd59e2d18a3,evidence,supported_states_real_conflict,c622081e5cfaf50d2e1c27213059de63b734cf6ea2354b86259711aa4e4e760f
h_e97fe6737cf45b1d,h_ab1836bb9aa034fc,evidence,fully_consistent,e9ff9b7bcee3a1a4aab9338f6eefc29ad995802dfcfb71e61b933deb9d96997a
h_e97fe6737cf45b1d,h_d9fd9ea5d1392791,evidence,fully_consistent,d709558297bb92c712b4fe49643e17cd774f5a4b58d09dd9a7e2410f51f4390a
h_e97fe6737cf45b1d,h_073607510eaa1830,evidence,relevance_conflict,bae69075c41503f54318aa1175c1503ba28d3ecf5f7f0b325edbc2a36670729b
h_e97fe6737cf45b1d,h_c85111cdd8231787,evidence,supported_states_real_conflict,4d137441b3dfd536f1d69005379801a5e70297e20aaf074c876be26fae2a4641
h_e97fe6737cf45b1d,h_56201954572f5be8,evidence,supported_states_real_conflict,b564270d0fe1b1b5fc8cbee83a9a112465b084bbca3f8abdc5fc1cc49c31179c
h_ddfdbe12e25a9300,h_d31afe80f2f58a35,evidence,fully_consistent,50c4a0ab7943fe522444660fa09b296b9e6a36d752a1348e07d22e42ebd99b60
h_ddfdbe12e25a9300,h_87d72f51efaa7ec1,evidence,supported_states_real_conflict,1dd27bd32fffadb81f5a103452cd88484703db1aa2e49c5be69c31fbff1749a0
h_ddfdbe12e25a9300,h_4540877fc7a4edbc,evidence,fully_consistent,093337fc6a32889269fbdd47dab4d7dbf67e7e852077dbf774979a0dd174eb05
h_888d0173b1dc7cba,h_2b194228a0357671,evidence,fully_consistent,920dfb09dda2f451d7a8c547f9ab3ba0023b65a790cf20afa9bf33b248c284c2
h_888d0173b1dc7cba,h_ce9794aac053b817,evidence,fully_consistent,eb3998e3d5fc5032d3d34c34ff2b45e84676efd4d539ca51bf36823c6d7fce54
h_888d0173b1dc7cba,h_1b5c0d22c28fa640,evidence,fully_consistent,9044e7ebbe788142f9d80c95ecc7a0a154a9bf79a81aed9faa09dda7109e837f
h_c0e319b715d02b78,h_adf897f803e13cc7,evidence,fully_consistent,acf92f08a68848082c56cb01abb89c96782091734034200b5c9002f19c24a602
h_c0e319b715d02b78,h_a4e3b1e1a1b0b316,evidence,fully_consistent,f950f5d0893a3b56fb3c8e145525ac85521b3e021c428c2f639b167708ed36d7
h_c0e319b715d02b78,h_b418bca7f4b6783a,evidence,fully_consistent,e2762fc7bb2c04ff181d61ad415367cdfd60b9817aa51c8c081232a948d11257
h_c0e319b715d02b78,h_d61ada1317e53418,evidence,fully_consistent,04e5a7e07598ca8488136c15498287c342c7f55789d6e59b5cbb4ea71226c367
h_c0e319b715d02b78,h_0ddc7e377ff8858b,evidence,fully_consistent,574fc1ffdd5287365f562cf802ea6be43d98be2b6e31196ae93c7988216e28cc
h_6766d10184784c3d,h_b809a77fbe3f08dc,evidence,fully_consistent,2a23ba13e5f7d05e1453885237f7a61cb124db574edf7bfb51f6f6d0e93ab68e
h_6766d10184784c3d,h_9c876164e4d7ba09,evidence,fully_consistent,fd3fc381d2c2475305d662381c5a1a2cd164c544ea419025d5e7d296a14570ac
h_6766d10184784c3d,h_b7a5b1d80795708d,evidence,fully_consistent,8d2490c0bb7e3e231915eebdb32ad17af35d495120db7b21e2c9d3282d4c7322
h_6766d10184784c3d,h_f22cf42be43d1185,evidence,fully_consistent,627cad5f2d656bf6c05d3573c8eb61b28a3da5665fcd17b516a4080ebecd18b1
h_6766d10184784c3d,h_871577ed5f05c73d,evidence,supported_states_real_conflict,b2f34254667f55e98d53f772ee12ccb446f9d1f01b872494cdae027609a7598f
h_6766d10184784c3d,h_243030ce03f4bbcc,evidence,fully_consistent,37c7c0ca0e63132468ea740680a667a922fc6b074e34743fb25e92c15ec1d752
h_6766d10184784c3d,h_b5d10886e44d3ca0,evidence,fully_consistent,0fd67351a5a87aaa40a3e485d4515b02d36b32a02ed5747ebce06a385d84e84a
h_6766d10184784c3d,h_4390fc60eee3b48f,evidence,fully_consistent,ce61164a8ee1ab66a6d44b9bb5753ddfd543e58495a6e4709db0214c97466a5f
h_6766d10184784c3d,h_d7f050726a88cca7,evidence,fully_consistent,68ca981ab619b3c1d8a267b31b968220b706563910dfec7d20bbb2205a823c43
h_93ced938e855f50c,h_26fd27e21618bfa7,evidence,fully_consistent,3cb2a35d40a5fa4e4c953f3bcad4b0153fa4fd7c99ba1b4fd6ccba358a1604a3
h_93ced938e855f50c,h_60d02a483863750b,evidence,fully_consistent,ca7f6ef7b60579d47d6c9657fd45c368d2346e04656f9a337552bba15089493e
h_93ced938e855f50c,h_b96bff42d470157a,evidence,fully_consistent,3793fef3c7509f06c8e2405149a6a2f8753f441c03d6ffd79cb21b0adcfb61d5
h_93ced938e855f50c,h_f07bfe5ed4fd6666,evidence,fully_consistent,369ed5ad768436ce1db49d09e3c32f7d36e248634784d8aa0a38bb80fc0d99c0
h_e0cef060477eddb6,h_368c2e5118a29269,evidence,fully_consistent,15a66d0288c87a9054d283e31f24f08f45595c0b8ef946294f88ffb99227421a
h_e0cef060477eddb6,h_8d15d7f277b6f762,evidence,relevance_conflict,bffcc7038f9ff22c3670f0f1de3ed1978c7b81a41ff92c25679cf58acd1071ba
h_a3809cada7a35f86,h_01a120e17808ade0,evidence,relevance_conflict,242b19be1943213bb83e020fd77027810f373e73607eacb59eefb62a56341a5f
h_0306d12b3af54920,h_3abd2d18d50c937f,evidence,relevance_conflict,e0cdc3e075cd4072fbbb00f696e3ed14a3ad75fa794f508ff39923e7b8a6c3f4
h_0306d12b3af54920,h_4712c4f61f4a0193,evidence,relevance_conflict,cbb6d6e25a2eb17ea664bf7a1a3cca57119a3b18ce9c16fbf0a8cac44abec042
h_0306d12b3af54920,h_6b0ca78c0b305d69,evidence,fully_consistent,2de09f04c7f1d9cdebf0f3f9197a7ffacc65050f849ae0a426995c6ab43bffb5
h_0306d12b3af54920,h_77df8f2f422e5f95,evidence,relevance_conflict,ca6bb5731b3969713cb27e5d27dd6a2cc9182b5b5d18a4230b38d7b92b77abf7
h_0306d12b3af54920,h_f3950279ba726cd8,evidence,relevance_conflict,56b964d198d41c13367a1abf31087380cd26ea24da9b7832673dfbddc73417aa
h_d6dcbf977f3ad96d,h_beeee35bb332b033,evidence,relevance_conflict,6bd4e4f959b8823e6da0281baf884d248991218913dd326693ac34009ad07506
h_d6dcbf977f3ad96d,h_950793177866708b,evidence,supported_states_real_conflict,15ee44daa4583e8e137d335d2017a0673a852af1dc7f88fb5c3b51f109db20ca
h_d6dcbf977f3ad96d,h_7c086eab8e77ab1b,evidence,fully_consistent,bbddcf9f218972759f06ab42c456038f52056d6ce9be74c8369635becda1306c
h_d6dcbf977f3ad96d,h_88605e893474420e,evidence,relevance_conflict,8551d29a4cdcb075cb901baa18c884000a6aa42658b56bf4b55436013ba42ec7
h_d6dcbf977f3ad96d,h_3025bdc31a2df5a6,evidence,relevance_conflict,c070564a7f83eb31b8eb0f3771d6eab5432e9c828e54303c957a666bd7e74fd1
h_d6dcbf977f3ad96d,h_43dae57bdbfb1701,evidence,relevance_conflict,e49778e9a36c53963f724c34fa9d29c5a9dbdf65324f84414d656213b1b114e8
h_b9cc58a31d8e18f6,h_89134d989146d5b4,evidence,fully_consistent,90b46947c4abd01da1e06e3c99f889a7de86d024ae773d0eccb524e4f7c6c04b
h_b9cc58a31d8e18f6,h_151b147bec147238,evidence,fully_consistent,f9dd6c724d136b8b1d0a5ac9d0d83a3d9429f88de090f30e8bdf6dd507e22ebc
h_b9cc58a31d8e18f6,h_e3ebc7e046e20b77,evidence,fully_consistent,9c70428e9c3ed7d748f148997b3773a1010963e1b50d2b75c8ae87aac1a6a921
h_3798fe03b6325806,h_2c5dbabaa10f7205,evidence,relevance_conflict,244f1fa015556415be259880ac37e30775059c4be49dcdcb0b3610fa8849218d
h_3798fe03b6325806,h_ac715e48b00a040b,evidence,fully_consistent,08ba4a01937ee3da38f894f79433837fa27ae0f7fb15b7d4ac4646bdff9a928a
h_0a84731d9c9f375b,h_4d6fb3ef619508e5,evidence,fully_consistent,37174bb97c109aba9b806dd67c2df3031cab560288885e7da7ffb763cdc29afc
h_0a84731d9c9f375b,h_9c9583d7332bf844,evidence,fully_consistent,0fe8ea42afd8e99d03cd3e68357f0018c8cd1926a2de79a2067fda963ea5d518
h_563fae909642c6f5,h_0655fef69ab676b4,evidence,fully_consistent,108611253a720b13acda70dd6a4df0047568ad7fa966dea24595f4a3d08b4683
h_563fae909642c6f5,h_96dc5532a3c26991,evidence,fully_consistent,4adaa2a6a0158066ee9bfc53446e4e956ba82c0f2a202fd1cb1d8551a0f8c898
h_563fae909642c6f5,h_6359d813cd164de8,evidence,fully_consistent,66eb7beb113bdeccce1e32f0465b5a39a12856d375cc639af17ade0f9a7008ad
h_563fae909642c6f5,h_26fe5a9589cbb624,evidence,fully_consistent,19bf8b5de11e975214a3cd75de32da482b0199fe1416c1630acacc144a93da24
h_563fae909642c6f5,h_7d21b0985a393f1e,evidence,fully_consistent,1ec0729e75667433222ad556260e907b24c60afa5113862f135527dab31e1d49
h_ed02b1555307e88f,h_3414e52ae119c13e,evidence,relevance_conflict,72fbe797ddc250e97d2251652f8bfcb068e4c6a9990dd11441cf6c7863a77117
h_91b53a8010f26961,h_8addbccf59c01153,evidence,supported_states_real_conflict,655afc3b21cf0655eeb3ed673733b10c9042667d7e553bd76299d7a4f425f78d
h_91b53a8010f26961,h_5f583c78715aa56c,evidence,fully_consistent,e8a9aad384f3150f372725b84f9729e7605e7c0cf5dd85f5a325341b72543ee9
h_91b53a8010f26961,h_456f5faee255a08c,evidence,fully_consistent,10390041cc7181b02f4483e7b8abb2f8f8fe1d40e2de9f3485d037e4802ee9d9
h_91b53a8010f26961,h_fe972a4830e94702,evidence,supported_states_real_conflict,e39c6ebb01fe59717fb8f1e24b40a08f20380f21efbacf7562961c69141db500
h_91b53a8010f26961,h_30ec33de981db168,evidence,fully_consistent,e6705ad378995b1ddab31210284d49cf6b63be029b1ef02e9c9f9547c74e9e30
h_91b53a8010f26961,h_0ccb88bad1804162,evidence,fully_consistent,21bbe42de943c6969a24152d867106b706cc509376e906db598c432292fa4540
h_c4998a678d35af3c,h_4a6d062cc7e3dcc4,evidence,supported_states_real_conflict,853a3ff01f29e65a503bfec69b78bdfcc6800f00bf04c846973e890aed85ac6d
h_c4998a678d35af3c,h_5b658652aea25117,evidence,fully_consistent,b552ec68a7460f52bb750abc2b1651324634af2dc781c574ba8a5ca9f44d5aa5
h_c4998a678d35af3c,h_978381c233fa0f52,evidence,fully_consistent,c10914d45854b9689704933a04bddc5ab694b3c8f411d7a1734e053a2e8b3ba9
h_c4998a678d35af3c,h_835291680006f657,evidence,fully_consistent,f61a3d36875f76dd2fe80fdbad6000a4b5890fb6d9415475c06a2bc547d1788a
h_b24c367420a1a94c,h_2c786cb7a1af73af,evidence,fully_consistent,5bae143398751fdf7fdcb1da6d8951fb5a1a1be79b15728922bb444a2cd9b5b8
h_b24c367420a1a94c,h_63fec91bf50f9679,evidence,supported_states_real_conflict,edad0fe4af4ebc635f6eb7141f7934ef4869975a4a5b47751c5ed1179affe3bf
h_b24c367420a1a94c,h_750ba86ae8d3a338,evidence,fully_consistent,2550b6a568a966d906552f89ce06d45ea4eafba4d6c438c0d323815349c16592
h_b24c367420a1a94c,h_98e67c1429e54344,evidence,supported_states_real_conflict,dc34aa98ee00ab3290598b01c10ddff4f7e507467304d6f4a8f87ae3343f4e71
h_b24c367420a1a94c,h_4eedac85cc3a9d21,evidence,supported_states_real_conflict,b5c9eda35f2c73c0152bb2d15dc37b5c91fd12dd8879d4c5fd541f2c3ada08cc
h_41179dbea626d479,h_1bfc2057920c7449,evidence,fully_consistent,89a4190099ef6b43da28feaf094ce9ff730fed4c64e4e511a603c45f1391a71e
h_41179dbea626d479,h_fe6acea560eedcba,evidence,fully_consistent,1d9ddbb3ea64a1355c620942e0664d38727c46596df7a6b13467e1b1c5eb758c
h_41179dbea626d479,h_e5258429600e7634,evidence,fully_consistent,e8fcfa939440b5e0b41ee31ad9b81a318262d01678877b819689f0a56d002f26
h_9e2e0be5a663c17f,h_c366e0ca5678d252,evidence,fully_consistent,173a6608d95466688ae0a6a2cc2ca591cb2031725d4c146bb393a962f2957724
h_9e2e0be5a663c17f,h_40fd64272ab7986a,evidence,fully_consistent,5f591a7edecef90266cbdb54cd76d210237f5bbeec5386674c237c75c2b976a4
h_9e2e0be5a663c17f,h_3579e45d2b56e544,evidence,fully_consistent,7330eb94d1d6115a85b278552aabbed6c7a851fe99e1e333fe18f3de4cb135e2
h_9e2e0be5a663c17f,h_966a3d68ab34fbc2,evidence,fully_consistent,31272b548c901ad636640e0a68930f139ab5253b7ff2ef221ae756ead3d2161f
h_9e2e0be5a663c17f,h_9d8b3a95e7a22e8d,evidence,fully_consistent,8535f4792d0ee3ae3a82f8db1b376132a3691eabe4ffeff8cad76e1e37c22c57
h_6ea8518f954d2aae,h_786d959474067c7b,evidence,fully_consistent,23171ee721abe3874fcf06c4d367307f56c7090c63a2df5d4e1f651c54c46263
h_6ea8518f954d2aae,h_aa800bfb3295889b,evidence,fully_consistent,602d45001aed0ba1035a30f993131fa88d689d2c6fd3219a41742a7fb2738352
h_6ea8518f954d2aae,h_900090dd0b227da6,evidence,relevance_conflict,2c35eb39442652633ccd883e6c260b1ea661ba656e34fe518c4b7834fd45d5b7
h_6ea8518f954d2aae,h_4633771bf5c85b3f,evidence,fully_consistent,763e59fabbe1660164a150f7ecd68eb5526393cf1894ab847184953a20ad07a2
h_f164da19117f30ce,h_986a4d558af91ca7,evidence,relevance_conflict,a774aa8ed2e3316db87367099e0df5a4d88451818d19fa3a62b4d5e8cf3dbca5
h_f164da19117f30ce,h_6a3520dec75844e6,evidence,relevance_conflict,b5534c34826d3ec9128c9f603d50c7d3820bfb14cd8568ffb070ebddf255a949
h_f164da19117f30ce,h_cb22fbf056580c02,evidence,relevance_conflict,be40c77792427d6bbd9ba5534b04f23aec65417bcb7fd76b8ded8855af8c372e
h_ac9ee62b6f06f803,h_b1db64adec0094d8,evidence,fully_consistent,0ba5657f185b1df09e3cbd6ee4aeac3d0c03198eb6a3f029380ac395a06d196c
h_ac9ee62b6f06f803,h_73fdff5cd7b8c005,evidence,fully_consistent,745feb34c4562d5987ba86f7dce5ecfa6f14ce322286764a55dbfa51621dc594
h_ac9ee62b6f06f803,h_6c6d04e32b656026,evidence,fully_consistent,bce4d72bcbe6fe9864a970ff187c415bb9488df54bf8bfa48c76937058c4b335
h_ac9ee62b6f06f803,h_6de56cda1635ff7e,evidence,fully_consistent,22725b300810dff59c8eb85376a15db43c4e10d71e0128047e948e96a939e121
h_dfd107b6db7a4496,h_91bce8298741f3b4,evidence,relevance_conflict,0d90b386db6565f317c79ff38e2e0332a25fcf6c4cb4a36f478742beee4108cb
h_dfd107b6db7a4496,h_1c03903ee5f39c98,evidence,relevance_conflict,d83159326d53912c3ab79c535a9a5b3b7e6ee3d18dcda7c4e78f6714fb6e4346
h_dfd107b6db7a4496,h_654d540ac8a78df3,evidence,supported_states_real_conflict,4c8ee7441118e699245449b6ed70a15bb56ef1eb33a2f04ca2f0210dca05ab4f
h_dfd107b6db7a4496,h_8582d89566ac48cf,evidence,relevance_conflict,4c375c9b32467c1fd7a5dda3f86b8129f1f13f0a89f30508d830dc093b2b44e6
h_95cdc7428140ef2f,h_447dbddc719715d4,evidence,supported_states_real_conflict,3e6d3ff1110eec1dc3fb01ad80ebe17e4a00b6578547e8ca42b188c1de54323e
h_021614be9955be9e,h_f2ec46e289e670af,evidence,fully_consistent,0af215c27e8188228aa80180d203ef876bd4b66652ff2e524a9bc8e800fc06b4
h_021614be9955be9e,h_42400c87b23e4deb,evidence,fully_consistent,93ac5a674daa74c54bb3328611122c0306ef916eca9de31e61bf672101616d31
h_021614be9955be9e,h_0493db9d0c283944,evidence,relevance_conflict,a3943cd26b99edba2f10a0a342892a08d6def2807fcad2474131ab0622001e7e
h_021614be9955be9e,h_f386c457aa8c274c,evidence,relevance_conflict,21998de949d6147f48e63b37507782c71577d7d3907a83913959908809adc78e
h_021614be9955be9e,h_d25459a207f4aea1,evidence,relevance_conflict,6c3015bf933b219a8206c40d18f422bbb786ddde8791ee88e07f3d089301c9d1
h_021614be9955be9e,h_7a0bda78b564dbcf,evidence,fully_consistent,2701aa5faf8db3dec02ca3bc19b51cdeee47f66e82c9e98686c81e2cfe39a537
h_021614be9955be9e,h_bd5a67d56981ae32,evidence,fully_consistent,d2bdb57edf77e89406fba81152c36b411d089655f94d3ba801ddf88b2f4ba510
h_021614be9955be9e,h_0e44781f9327e6ac,evidence,relevance_conflict,1030cb5dac7d206b7f679a1b5be93c8c9fa1104d7653ef047f3cedf0f08973cd
h_021614be9955be9e,h_40edaf5dd473f827,evidence,relevance_conflict,b8fd7ac2dfd9c95a6cef18a1172f8ebc2ca0626241748a79a80a76f126936827
h_021614be9955be9e,h_addee5404773dc60,evidence,fully_consistent,cf383e178e305ce796e4407f8fd5959af00c2d2c06c33caec6bb3eb40d643715
h_8d5ab639cef42d63,h_d02f97aeec10b041,evidence,relevance_conflict,a56545a6f59ef039b5313cd1948cbabb1193178b6ff637088b847c4cd9c91c70
h_8d5ab639cef42d63,h_835164e23fdcea2e,evidence,fully_consistent,6d72fbab27433785dd116b405395bab21bb6142d7dffd694b1d9c200a4cdd77f
h_8d5ab639cef42d63,h_05f9b8840c8b7343,evidence,supported_states_real_conflict,09e127b6f79fe9dc1ac3ba0a9afaf27b3846a3382a79ad7f4e40988d9117a5f2
h_8d5ab639cef42d63,h_ea83d21d2ade880d,evidence,fully_consistent,796087b8a28edc84724c8f3c0ee20b837ccad104a948f80542f3f0396cdee1ce
h_8d5ab639cef42d63,h_952143415acccc46,evidence,fully_consistent,526273572d0c355125ebddda3f4b0cb2717a338bf91aa523baed0df845cfe983
h_8d5ab639cef42d63,h_50d1543e41eed3d9,evidence,fully_consistent,45c6d35c4e2a5e6fa529dcb8055bab6910dbc68781c3e917c2b0f895ffffed8e
h_8d5ab639cef42d63,h_3d41ff4025e5120c,evidence,fully_consistent,472bbf611c1c5db2abbaa561677b6f99bde3c6b0c5849d68c6a34d46234df272
h_9a94f6a1f0e6bf25,h_3573225ee34daa84,evidence,fully_consistent,c59b5f39895e4e66bf794df61085fa0dcf13bd6622a8062c6a905b0ef6e95917
h_9a94f6a1f0e6bf25,h_c1cabccd2e32aed5,evidence,fully_consistent,0e49bb2d0ec2c3403d9ccc108cf40f6536e917cd782857e5479e0610be1c1878
h_9a94f6a1f0e6bf25,h_f9751af4c3b85a4a,evidence,fully_consistent,6197c39e4108252212ab9875ca4412ffbdc5c44f350139b018cf44d1491a86e6
h_9a94f6a1f0e6bf25,h_e19ca2065533092d,evidence,supported_states_real_conflict,9eaf2d8050b644271149aebda4df95016ba0291b2bf0b144746000abbbf66c16
h_9a94f6a1f0e6bf25,h_0ccb88bad1804162,evidence,fully_consistent,6943c0a13bae324ef2756e3e766a93ec6addaa79ee9a1a074d0b831e28f2f007
h_4df543724df9e9e1,h_3476af17f1cd579c,evidence,fully_consistent,571612d36a8c3b42f83d7119c2f6d0b7809aec60b384727025fca161aa68cb3c
h_8ec55afb0b3688d7,h_d289248c31bd5cf1,evidence,fully_consistent,44f51cd9fcc59b5ce496742445b4e2c95336c0a67828f7774495024e70fb1933
h_8ec55afb0b3688d7,h_efc1ce9279624953,evidence,fully_consistent,df6bd3698564c5fbfd400fc8bf21448703b221b3b7ac06536de002f78c397d32
h_d79788dfe9729247,h_af9cf54e6578c730,evidence,fully_consistent,73b313d356f6ecc8e6e87898218982d0ca1745d206eab0f393f11997f4fa8cad
h_d79788dfe9729247,h_f1c99ca5a106a801,evidence,fully_consistent,3db676edbda5e1f8c5d4bb9439776bc0ee063facbf087cf71bfde195b316d7b8
h_d79788dfe9729247,h_16933d786c25270a,evidence,fully_consistent,70737fa8f5d415183036ff19859e8933a5b6b561de9c9151fb09bfdda7e5ebe9
h_893b41c2ff393f8f,h_d90737f73b71dc76,evidence,fully_consistent,ccc8c0d64448e632bb60965f353a797edbd708f93414b2bc0f0184c923d452b0
h_893b41c2ff393f8f,h_f698a71039f9ce5c,evidence,relevance_conflict,f519abc6901653d089f1ac451651a10f91347dd8aadc1e38c2a0d32a9d2146a3
h_893b41c2ff393f8f,h_d17e0e4a135dbafb,evidence,fully_consistent,6d0754cdf2641fcc74655f9ea883fc6cfdfb1c03f7c4f1a3a182169f72bee52a
h_893b41c2ff393f8f,h_a91fb57ccc6e6497,evidence,fully_consistent,418b8a4a0d13d537ee99f9289e4fe35d4b9b176bc33e06685b55adeadddadb39
h_893b41c2ff393f8f,h_62d0731f19c695ce,evidence,fully_consistent,7b2fc94b86cfee2c6df0d5a30282c6eeae18560b716f43fa49681d179693a4c1
h_893b41c2ff393f8f,h_75109863d1bc9f0d,evidence,fully_consistent,8025a614393720ba87eab3f8ffc8df411c33a3c2fc21bbc7349c35030d0a5e75
h_893b41c2ff393f8f,h_5e25b506e62e0735,evidence,fully_consistent,c7e9a5734e53552044953dadc45dabfdf0a88005d4f244d1be844f4222e10797
h_e2fde3be494ddaf5,h_160c755172e2b243,evidence,fully_consistent,aa23956c3b7e34849cd02fef5b16ac2cf32db77fe0a67b02ea55c8303ca135c0
h_e2fde3be494ddaf5,h_b3df93aa8ef663f6,evidence,fully_consistent,94d1c42dc8e433da1c25ccae5e8fd8adecf11a5d8d218f7b9aaff9db46de7003
h_e2fde3be494ddaf5,h_09e9b4e956fdfb66,evidence,fully_consistent,0171471c8c80ac0ad5b2fc1eefe5f5d0a5beafa556df28db19e3e4c92c545261
h_e2fde3be494ddaf5,h_3466d6721827400b,evidence,fully_consistent,66cdf4cb1f317af7fe7fec0a98f76245b0357c8c43493864f44a420b76e0258c
h_e2fde3be494ddaf5,h_0ec4e80c7dbddd02,evidence,fully_consistent,6fbfb86f0f7b1bbe1a40e1b39f68122ca2c8dd764daee366505f50498d1bf881
h_96c0a24fe612e67c,h_8ac700ba9f5a6196,evidence,fully_consistent,7a0e5f3902ec6b58521c0dc55def212f0f3329cffa918c1bfdb4e6747fc1443a
h_96c0a24fe612e67c,h_2ff66e3bdbc15ac2,evidence,fully_consistent,eb399a34007b681b7f06187a9cf705df705ae2bd7e3032c6254f76f87ae3e82c
h_96c0a24fe612e67c,h_3db6e13b528558af,evidence,fully_consistent,ffea5f3b09279309cc9368d524158d2330daeb3af149c3e3f13531fc358cda9d
h_96c0a24fe612e67c,h_041faa1616f172c0,evidence,fully_consistent,7ca9991c3b65c2758225b4d2745dbcde1d93d1113310ab2c7e35982883c57ccd
h_0447ff1e20811c1c,h_48ea0345d9e87a01,evidence,fully_consistent,ebaf81558a8ab44e00879860cd913350c2543fd810c4a174d233541e9737afa8
h_0447ff1e20811c1c,h_23fce6ab5eeec3d3,evidence,fully_consistent,19f08403e91eedfa7008c9cdd7652a5e31fb776b281774d949cabfbaa7738138
h_0447ff1e20811c1c,h_13478431988241cc,evidence,relevance_conflict,ceb89776122445cd52b730a9ad32ff387e773661c00b44298fd93fef4fd9402e
h_0447ff1e20811c1c,h_b723ebc8e3b03127,evidence,supported_states_real_conflict,8c9a5b958cab2c86c9ff6662890ef1b70268ee9714ae495bf8d0d280426eaf38
h_0447ff1e20811c1c,h_0c2a26e98622f14b,evidence,supported_states_real_conflict,bd6637e0840ef096e722a6f361b4cf539b9753b8551c524477d347d798010f32
h_0447ff1e20811c1c,h_f220ba2a9924934e,evidence,relevance_conflict,e8d5a11fa3f5b2016160f03daf656d031f74980d3f8b860bc9e1c19bd6d8645c
h_085a74f610e725c9,h_b96311ed7094c861,evidence,supported_states_real_conflict,fa99489b19cba12620da92ed607b4da05677c6c9e82a5cb8c173fd6374c6fb27
h_085a74f610e725c9,h_5967341af0ee7ac1,evidence,supported_states_real_conflict,462ea6ff3005cd5ee84e619e8d2cbc2d2c38894e3ac05393ec7bf6405db250af
h_085a74f610e725c9,h_ad53aa773214ef81,evidence,fully_consistent,59916bbbb688ded491d1f9520cf3c476837f60644e7fadb637fa73db9e74be69
h_f0cbd354c935e74a,h_19da8a921691edfc,evidence,fully_consistent,e9aa303de3a28c68d1c3597d5d4a17bc9e5e8790c8fa6384d69ee350fdb7f8a8
h_a62519d8105562d4,h_ffd262299be705cd,evidence,supported_states_real_conflict,919929a654b756e62c7dea01b01bab1594737066ea00f42e96ca0548225bcedb
h_a62519d8105562d4,h_beeee35bb332b033,evidence,relevance_conflict,01385cb85471b14120ca977570ea7c003b20ac5e774831a0510a5bd8b013de11
h_a62519d8105562d4,h_4969e6e1c223e4e7,evidence,relevance_conflict,3e8efb812b2d2ce61264d5447edac93e35e88a0fda797942fb70d84d5439e57a
h_a62519d8105562d4,h_7c086eab8e77ab1b,evidence,supported_states_real_conflict,4d91add1f12b4c7f14066b821f9ac320dca9b90ae9fe1ad4893020b52607f684
h_a62519d8105562d4,h_974ef067c133e08c,evidence,fully_consistent,8cc0a7ef193338aa593d44820cce966853d3ca0aae8addab587dca50f6ef9e50
h_a62519d8105562d4,h_edc59f9d4e2daa0d,evidence,relevance_conflict,fc2f6ca988cda777a7478a51ffcabf430753575fab04d44eeb4442808f21ae64
h_a62519d8105562d4,h_800aa918155562dd,evidence,fully_consistent,f97dddf49896e24cae951b3fa8d332f0c1a0e0da5706038a0227b4c9215676a2
h_0e17180169a58461,h_a8e8d7c1c4a2104a,evidence,supported_states_real_conflict,c27ccdbd6eab1040d1faeecd587f6b53865ece2c58bee293ed1af69ef8884aaf
h_0e17180169a58461,h_ac220a56c879c6af,evidence,supported_states_real_conflict,04c27fc38d35e2e51969cdd562cf4d4c510ae7cf4cf13cdb1e430a9148f89132
h_0e17180169a58461,h_a8153d0ce304e3e7,evidence,fully_consistent,54ca86d91ea3cd7642a71ef22eca4a4f2b8ab3817a169f87f4affe4d60b5038e
h_0e17180169a58461,h_5e9033d3ab1f0ed2,evidence,supported_states_real_conflict,a54cd2036ab52ac0e7789a4a14942d232aed1f80acba1f92bf594669d108c927
h_0e17180169a58461,h_628dd816e3dc1347,evidence,fully_consistent,9e52e89be4eed79fce0eabb4e6cade37ee354758341cd760478f8e1f28f9677a
h_0e17180169a58461,h_41b62ffb2c81a47b,evidence,supported_states_real_conflict,9d910eb497616d3ab60e8c67d7c7552000c200cee30bb1e35b454ccbd671a416
h_398e6ce1bad671e5,h_a7f7fc59a8d7487c,evidence,relevance_conflict,32b9b009ec0304cb5a139c8f2244786d9277c4908b991046e0b7c64939505d2c
h_398e6ce1bad671e5,h_76f327442a224481,evidence,fully_consistent,e0d31e9ea38261a321d50b2bf6b1c5fe7c695d62300920f1b41b1bb0b0103bc5
h_edcd3660ce75978f,h_2e3818775d44a958,evidence,fully_consistent,6bc36cd666c810141031fe9bc108812a7f4abb779572b203b4ee68675902cf66
h_edcd3660ce75978f,h_b0df1b61554c59bc,evidence,relevance_conflict,59b2af5f39888d0dc5bb4035b493efc5a5b2d3e1b4f5c49b4c171637c117196f
h_edcd3660ce75978f,h_94cfec66042ef825,evidence,fully_consistent,da9df4af760f2c2515fe3c51b905ef19fb8526c7f754e9f1dfbd7095cbf4c47f
h_edcd3660ce75978f,h_76ce0b0a914914af,evidence,fully_consistent,880440c2ea0fa18efdd1fb8cffdc913b48af1dfa537a1a7b5f8ed7a501c5f15f
h_46847b652a1f9ced,h_7bfb31125b8b5a46,evidence,supported_states_real_conflict,dc3e9aa0629d2de4eda03b304a7c876cf76e4a9c27352eb70b930cdf3f5a8075
h_46847b652a1f9ced,h_2aacdcfb35cc4565,evidence,fully_consistent,a1204c13c52001641660b7c2c7c5bc573d47f004d8da645895d80f684ce67a03
h_46847b652a1f9ced,h_a85f143eff1338bd,evidence,supported_states_real_conflict,bb18a5efda328b23d041779a876cc72ff28cffef43a72eef2b062e684dc93d78
h_46847b652a1f9ced,h_4e82a9b8dc2ffabd,evidence,fully_consistent,8a43ffab72eed6006257f7046dfc01ad6f2032ee221924f2c54c20f64e2aa70d
h_46847b652a1f9ced,h_a110a984be8a1769,evidence,supported_states_real_conflict,1116291c33f2e42fbdb40624051ce30d84029f8dc7dbb3f58cc1f51b71a08d25
h_b1a42b5b6fe72e46,h_3ffc4ede2e2f54ea,evidence,relevance_conflict,7752662c9609bc4da13077c58ff8b0382da4950d6fc8538f8ac1173b9b3fcfda
h_59632ad5aa846494,h_1f243e477566d68c,evidence,supported_states_real_conflict,4e7e51afa019bbcf056bca4e3aa4df813d4284e0eb74ed43a99063c4014840c8
h_59632ad5aa846494,h_4463213288d3926e,evidence,supported_states_real_conflict,181e0e0243f411ee85cd7878eb696bea8c281e1e1ee667054477466c65ad3580
h_845043ca76aff3e9,h_9354d879a7e7412f,evidence,supported_states_real_conflict,06c6a98e043955e96f29a1b9706d088c6edb60c2a0b9363d313a3506033f7102
h_845043ca76aff3e9,h_af3dbd2af26d0916,evidence,fully_consistent,396818813a01999686eb8310203ed36950943fb5f228a163d8551e7939972bf9
h_19e2bf612f860a0f,h_e373a4a8dec333dc,evidence,supported_states_real_conflict,67fc04a68965933f5376f361d187fd896ad23587414dafe2825eb9edbfaadd8e
h_19e2bf612f860a0f,h_8a8fdd19263c0b93,evidence,supported_states_real_conflict,0288e3971137876c987323d8edb097719182bfa8765005407261ac0df21e3787
h_19e2bf612f860a0f,h_fe078f28025c4a4c,evidence,fully_consistent,35673957323d387605bdc197e1827d60fb34d559b0cfc2acf70d7e3b6b11936e
h_19e2bf612f860a0f,h_3cfdafff74b678f1,evidence,supported_states_real_conflict,8c6c6dd23ac6c1af527481caf5874e9405b50a051f6e2e0696e1f00d9ae36726
h_7d128cce91b8981e,h_29f11fc3825312c1,evidence,fully_consistent,5a3cce390b65a8980166483fab0565109fe76454049d23646473f3b8998f590b
h_7d128cce91b8981e,h_4ac6f32c9d04d13d,evidence,supported_states_real_conflict,2079d0932dfb4417b7825f9f922f29dcefc64299c2350f1925f6795fecad7dfd
h_7d128cce91b8981e,h_8e2d20dd8006a6cf,evidence,supported_states_real_conflict,43ef5bcfe286bfd317c712d147c13692cbb20447fca2ec49d271663dbeb3446b
h_7d128cce91b8981e,h_1e248a35639299c1,evidence,relevance_conflict,8d3d5efc257ece5b80bfa40171d64595e2133c82ea1b2bc2e3430a6fe4105333
h_7d128cce91b8981e,h_6d2499ced7bd0163,evidence,relevance_conflict,57c0e16bfd0e058eeb7ad150e7dbe3e75239b174064b96e8eef0a1d64dcadb7f
h_62360070902a8b05,h_ad53aa773214ef81,evidence,fully_consistent,4ffc4bb7c66066910a8caed27889f4e6e45001c6671e9c325a881fbbae803d9d
h_1c9fa8ebc689c9d0,h_2d36b3b62e3583f2,evidence,fully_consistent,2c54cbf0782350c8a51b0825153da03dd607e4cf5199dc3477cd686eac005e1c
h_1c9fa8ebc689c9d0,h_9805841a5132c6e7,evidence,fully_consistent,490318fc02f3c4b691338e09ea1a386e192af25d9cd874e82a28a4b0508731cf
h_1c9fa8ebc689c9d0,h_6a85685243ff1618,evidence,fully_consistent,9ec7f83363bd0835f8d9a12a37eedfb806f419f3becf5275e4eda05e226d5ac4
h_1c9fa8ebc689c9d0,h_15553c0377042675,evidence,supported_states_real_conflict,ac7dd9b778283be691c33eaabca7a0d1c15075d5f7a41cba7c8341ade0fd46be
h_1c9fa8ebc689c9d0,h_07636f2411b577ec,evidence,fully_consistent,8d577d750d0ac0236bacc1e5af580003ba85b0cd4c856f002c371484a37e5826
h_1c9fa8ebc689c9d0,h_3d6d4847f63b574a,evidence,supported_states_real_conflict,e4ea52633a09a29ab84365ff7092f489aa48d4cf7c2f3162e9624615225fe945
h_1c9fa8ebc689c9d0,h_d6ae2ae1d5e5fc0c,evidence,fully_consistent,35571ae1bbcdb7f1a3af38af91886efb3242ced590aadfdfd2225bb699d0f52a
h_1c9fa8ebc689c9d0,h_44c683e4be8111dc,evidence,fully_consistent,e09621b0ae7159fee470f698df94b3f18bb1194b8e766985c43501abaee24abb
h_1c9fa8ebc689c9d0,h_5afb54cd907d6005,evidence,fully_consistent,18ddcde0ba36a169a0961f5fcf7b6a31e998f3227bb76d46af51e0f75f745292
h_1fc53a88426433cd,h_45c072f51db062bd,evidence,supported_states_real_conflict,6f68a4cb3bf1b095b2434250fcd099af9cfea1ffc28c7833eebfda27dbe78be4
h_20c782809efea749,h_7cba52bc66d0e2cf,evidence,fully_consistent,fdb7ab9953a5a8dbccff396ab79987ff53e067c91b1f7aa8383fa8e9b2ee2f34
h_20c782809efea749,h_62915b012fc4997d,evidence,fully_consistent,6546b48208c7725e1118ffb35b3e99f5cbf367e6dc84b4cbd6aed46d95e3cb8a
h_20c782809efea749,h_e1a27684bd3c1f4d,evidence,relevance_conflict,b44081d43c696d78b70fcfba2dead94ae55694fb844b931f8aeceec128ba8fc7
h_20c782809efea749,h_b1cab7e5e96293c3,evidence,fully_consistent,8cdf5ee5d0f85d18865d89b0b78516a8ba0b369008ce314bed7dabf33ee134a1
h_20c782809efea749,h_604fc7c29fb000ff,evidence,supported_states_real_conflict,531dfe779a5273b518904fc8bba9bd9b9c20b0f04353e0e3344150ff0624965e
h_20c782809efea749,h_6a7c127686c62505,evidence,fully_consistent,22a705c9e5e70307f6558923cfaa58cf7f8e5788c22d21607c394fc16526bd4b
h_05cdb0a7b431a016,h_fc27d8b159be329e,evidence,relevance_conflict,86c96a51419717bdce5833cc0affb28d37b87389b2318a2fdcf7865dc7115df7
h_05cdb0a7b431a016,h_f9751af4c3b85a4a,evidence,fully_consistent,a1b61bab4ee00c74e89670773b9c65237a2ce7b2b2eba92a1b12a57ee26c2773
h_05cdb0a7b431a016,h_dcc9959a6f4753a4,evidence,fully_consistent,86a05304492a31a388216ae08f1c6cb6d4726224f292101d9f74ae0d4581bde5
h_05cdb0a7b431a016,h_5980b1fbdb574884,evidence,relevance_conflict,aa8895b2c9300d0cd94078d91c07b60048e3426c66aa9814faa3416902323c2f
h_8e44f9c054a263eb,h_fd0d24921159657d,evidence,supported_states_real_conflict,beb40ea030fcd88128ba09c2cc1e1794d73aec11bc73492d39a2d6f1610dfd2c
h_8e44f9c054a263eb,h_4eee78e21eb5d47e,evidence,fully_consistent,9ba6d7c943a1649717a6adfd607e938b05590094af5ecf628e6ba3a4ddbc0dab
h_8e44f9c054a263eb,h_eb515ed130476085,evidence,fully_consistent,43217162141341eba3e4e93197698b45539f53989b2b6945d477d6b405cc38d0
h_8e44f9c054a263eb,h_1b7780b5efb2cf99,evidence,supported_states_real_conflict,322aa7f2cb881b0af2ad2f3a6ab51fb846d5d1845ce35b701b9c0a1e5fdcce2c
h_8e44f9c054a263eb,h_81cb3f43703003c1,evidence,fully_consistent,9540677caebafe4f99219ba275fe62e60f0a601244f323e78b6d79efed320d17
h_efb19144c8aa370b,h_dd961a152655facf,evidence,supported_states_real_conflict,0649bc1e82fcc9989b66082f7d38f695d4bd07f90d0ce06e28f78ac026a5809b
h_75fdda66ae83cf1a,h_9df79e1a4da0fdde,evidence,fully_consistent,159ccf47b6d25c3999e3a559b7b2fdc1b9cbf4cbd402ab99d7c3211733a03169
h_75fdda66ae83cf1a,h_613c0067a8031afc,evidence,fully_consistent,18b7e5ceb0949526fb54e5a7638dce84453d7ea22bc210fe2892fd250bdcf847
h_2793b9d8fd42c949,h_fc27d8b159be329e,evidence,fully_consistent,e38a274e6e2d4ba88027b3f799b45fb11bbefafbbc455111176c2e8eae01fa57
h_2793b9d8fd42c949,h_40da98c203daf3b2,evidence,fully_consistent,1f2621461fd1f4f34b6de16c3b7d341118670aaa5a71939c4635f86023114e3f
h_820498ae14f23dc6,h_b0f4094cd79eaca0,evidence,relevance_conflict,98f2cc6ff0410c29b0eeb955f495cf92b5a623339adc7ec9fdb27315aec01a7c
h_a6e2a9dc0150ace2,h_765ad512da9d8464,evidence,relevance_conflict,3c049aa7c5cddb1b6028bf4f5cee0d3f3b34757a67783603e624d3f6a42b976a
h_a6e2a9dc0150ace2,h_a4efbaa1ccb31a10,evidence,relevance_conflict,d7d2ebc210e3fb2030a2afc11b313920bbae949e3480ae11c590342b5b7e0d64
h_19fe3438fa3efa26,h_6bd1ba5053b0128b,evidence,supported_states_real_conflict,3b89c97efd4e75a04f134229a488d678600695e438ff0059a65c7ef554a6a66e
h_19fe3438fa3efa26,h_06d11fb556942e96,evidence,fully_consistent,08a5692c0075b6d8ff62f6caafc19fb75ac463f5ae2d2723117ca07c2e1eee73
h_19fe3438fa3efa26,h_c28dc3f5db4d343b,evidence,fully_consistent,a4252d7681a2483ea515d53c47c7a20fa465fe6e7b57135925958b382a99543d
h_19fe3438fa3efa26,h_b43cd9ed5b231823,evidence,fully_consistent,814e381e61162a8f4ba7ce468f52aa231ed0ab1c859e9755659c009152458b38
h_19fe3438fa3efa26,h_79acbe9311b83cf5,evidence,fully_consistent,7a1975b30f5337b3280eb3b34e955d59ecf5e5b909fcadfc6e147391b3089d7d
h_19fe3438fa3efa26,h_a86d5e8e8e27ab2b,evidence,fully_consistent,36cae23dc3dd7ac1391e451240f48a1578e9eef4525c5c92013e58a5cf2d33d4
h_64df7ab607fe8acf,h_cf2160fb2d84f405,evidence,fully_consistent,0230e3d390026fc2145c3bd1ab73692f6ae3d51e7ee33042a57dd87fcdd449d3
h_64df7ab607fe8acf,h_16f710e5ffcbd510,evidence,fully_consistent,c3e746d1ce0c530a2e102b854da44977ed9f817da76ba4fb00ae62dac7ec1a72
h_64df7ab607fe8acf,h_7d21b0985a393f1e,evidence,fully_consistent,9a624f43f92f20dbb0bdeca5aac8953f4f37b9f95161eff19c041e99c2525ccc
h_64df7ab607fe8acf,h_01d9ea25737f9f7c,evidence,fully_consistent,8433c1e9312b67f19a9b6a0bc42af489493b53926f76fc2d2534304e22861c2c
h_64df7ab607fe8acf,h_7aa0f0e8112203d3,evidence,fully_consistent,6314fb8794f721dad79e2cc8890a6db03a926dd119d0f19da4c65fa1fcfbb237
h_64df7ab607fe8acf,h_ed8c372a6b233d82,evidence,supported_states_real_conflict,20b454544d48fdc294eea27cc39abeebc6135071d02a0fc790a34cfbc887675e
h_64df7ab607fe8acf,h_1bb6871951d2fe93,evidence,supported_states_real_conflict,45467de732ffa6847f1d40c5b0a726b8e3707ea3331239aee38e029e2462e3d0
h_1234ad3e48dcc00a,h_1074088b3ebebbb6,evidence,relevance_conflict,ba8e3978f340b549b87c33682d3ee78f65e38bc2caae7e2c79fb070d939a1171
h_1234ad3e48dcc00a,h_6ed5a3b63c447818,evidence,fully_consistent,3a377e940ca46914d1bb489a23e6856739b04d58ce7f301e6fea9af75deab818
h_1234ad3e48dcc00a,h_7849fe5e0677d59f,evidence,fully_consistent,637032e77f6e463984d5ad7dc58181d366436212dd861f279ed2a23bf2bc1c71
h_1234ad3e48dcc00a,h_9fd466e1049c95d8,evidence,fully_consistent,11713426f0169181863cd345e0f691fbfe7107cbf65db5841ba63c3913b86ee2
h_1234ad3e48dcc00a,h_cdb1cb7315608aa7,evidence,fully_consistent,6b1c31d1da681151d9f3613c8caa7c7f05b920eb59b72a16ac4cca1fefabe858
h_1234ad3e48dcc00a,h_e49a17d7c26969e1,evidence,fully_consistent,3fc9fc85f2a0a8051704ea9b04e654e2d3762f7426d4416709d2b02c4927ab7c
h_1234ad3e48dcc00a,h_e2c12147ec222d44,evidence,fully_consistent,4a1420c41e68405d2a24acdf5d2d1008d1ae2a82c9c512b0255623e54b629f26
h_1234ad3e48dcc00a,h_1a920ac7c1a86e51,evidence,relevance_conflict,5082079e1bcf67f49872f070383e49f898455b075f7e1c581009fd87eb9be07c
h_1234ad3e48dcc00a,h_3c5ca06d57da1f08,evidence,fully_consistent,e6e9274c6b85494e3333ff71d23e00008279ea329cef9f2f4b97d99e26342965
h_60efa1a773c82efb,h_a515a05c920c947e,evidence,fully_consistent,a2ddd81d9ad83bbde077799dd1acd5ab182a069d94689762bfe508164b090928
h_60efa1a773c82efb,h_52c07b4c321f6d28,evidence,fully_consistent,c95e2e4444ec915d15c12ab2591146ff0c767667ace2f558e38365875ddbe600
h_60efa1a773c82efb,h_9388d090dfdb4b81,evidence,fully_consistent,4e4f5a55dba26db2005d2879296cc31d025baf4bfde39f561dcf2edad5e52b55
h_60efa1a773c82efb,h_825afcd5c758a970,evidence,relevance_conflict,9a96c6d12d5d18236ef2e0c579b356309ca4918b8332846c4d57d709175d2047
h_51dbc877176944da,h_9cf5cb16f019e774,evidence,supported_states_real_conflict,f4c47b5f143ffee6c18daf5c1caa3117e77aae98db1b385cae8535f82fbc1f01
h_51dbc877176944da,h_dd55d4bbb85d0912,evidence,fully_consistent,fb074d54315870e64f18b3b2359fbdcf023a4a9ae02e7447212fda891343d70a
h_51dbc877176944da,h_8ae310e4f0bd2a94,evidence,supported_states_real_conflict,cc381a64f6417afb9a1a71c3daf70d4fb728ea808e81b025fdcb28685ded6184
h_51dbc877176944da,h_29dccec930c161ee,evidence,fully_consistent,f305b442483f605defb1771792ec4fb1fc0c7080aa70fcd75a0d6041d62d2c12
h_51dbc877176944da,h_2b0ea9b5be035ecb,evidence,supported_states_real_conflict,d5afa8cb62eb28c37795cda1c16895465d900cf39eca6d4639803ef537d0762f
h_76d7785d81f9d4d6,h_4f0d9dcf1da662f6,evidence,fully_consistent,2e291d7f8610eaaf49de6a94af763c0bed6043f49d74dd32140856a14e04cf77
h_76d7785d81f9d4d6,h_7d885ed59c90f052,evidence,fully_consistent,79446b14873a083715cc6e915360ce3585305c918710505edc6d985ed34f83e1
h_76d7785d81f9d4d6,h_ba80cd4029769389,evidence,relevance_conflict,7e5e7edb5445494105ae48c5bc06d3f0d81b1f47c1c7321bbff984e7cb2d84af
h_76d7785d81f9d4d6,h_dd408bd937455ea2,evidence,supported_states_real_conflict,f86be8215a3eb7b9b5f7143e667a9d896c03263c5b2b2c1e6583decb97e3a969
h_b5e78128ae0ccf83,h_4ed75bd97b621c7a,evidence,fully_consistent,c0fd38f043ddcc2e54b0013b45f0be55668ececc2857ada4d5ef2b8c1e617bbc
h_b5e78128ae0ccf83,h_adea3627b0b6ca0c,evidence,relevance_conflict,f2fcdb7a213331b45b4d9753d34537175d33b61edbe846944abc3f2bc7e4cee4
h_b5e78128ae0ccf83,h_ca9d2756c0ba9cdb,evidence,fully_consistent,13dc764386ed4bb93498f7a1abe086299b96935ef8fbd6b795392c8996b95129
h_b5e78128ae0ccf83,h_ba858910f0da22f5,evidence,fully_consistent,8070c7f5441d7f4dc465ea29e67d4c3cf7851d7529f6a7947d683c7e2ea4cb49
h_b5e78128ae0ccf83,h_2ab664b5a8a3a87b,evidence,fully_consistent,7745ff1211f3579e36332419347cd3e02e1ab3e9d29d6a915cb104facdac16f6
h_b5e78128ae0ccf83,h_5b2f40dc6b905433,evidence,fully_consistent,dfd4a32da1c77e71de21883db055b7f03703109b47c93e933363e7e76162f498
h_759c2474bcec4e69,h_692ed1e9420757c2,evidence,fully_consistent,bc219d48f51b98ca318d86367f2b205bb774d2f28531b547c580859b1293eebc
h_759c2474bcec4e69,h_3f6f81b0918811b5,evidence,fully_consistent,6aaa0e68151a304640a65953625709d329a1222ad8011b78db5e8f61cff0095e
h_719c5c51f4baac58,h_e1b1bc03f434f99b,evidence,fully_consistent,cd1717441997c4b196544f346de88ce68fda0512353b095532a5c67e186e8483
h_719c5c51f4baac58,h_b942a016ff0bc793,evidence,relevance_conflict,c299ed6ddd7446b3da00edecf702f895d8c4b4ca31228cb99cc8674ccf0cf9d2
h_719c5c51f4baac58,h_3327047c96be9651,evidence,relevance_conflict,2c45976c98e6424cb1424871455bc3861038c2ac5bcecde58d8768a339f4f809
h_719c5c51f4baac58,h_05ef1c977ee4424c,evidence,fully_consistent,4b7c92485eeff8eb20823b52bb8224ca3198b3702c6f165039e5be6987e8b5ac
h_adb1009d8f2be027,h_568070e397c1f8a5,evidence,supported_states_real_conflict,ada8c14415ead0ea82c17a9c188122634358a3730e5f5a8a11e34eebbfcf1f49
h_adb1009d8f2be027,h_ab1487440ba54734,evidence,relevance_conflict,4a6b429671751f5e5c4e890eedf3f2ef930c7ea3d737139889265fa142dd9488
h_adb1009d8f2be027,h_414afdb398ec33dc,evidence,supported_states_real_conflict,4d9e4637d963a77793c7c613ff0e6b03349a480165fd2814d781accdcd709d46
h_adb1009d8f2be027,h_9ab2ba1216fc55a6,evidence,fully_consistent,b40d98fb05e2c03089b9e70c04e9426a649c0225a6a6ae48d7bc390002581918
h_adb1009d8f2be027,h_5223ea43a3e3163d,evidence,supported_states_real_conflict,a47f73f5b20c091c76cd03c7b61cd6b07dcdd765dd0637f6cd9381d9dbe01733
h_adb1009d8f2be027,h_4d2a6a27d1437368,evidence,relevance_conflict,95a1eb2f539e6b484dd0098917f2c1c1753050052910fe8bd9022a50d3839eca
h_adb1009d8f2be027,h_7c220fb19bd2bb9b,evidence,fully_consistent,f284bda57f02e9d0f1b95e3619a1d63a19e43a127363bc869a05efb267fa90ce
h_adb1009d8f2be027,h_33c82e7eb92156b3,evidence,supported_states_real_conflict,3cfc75b32bcaf9c74533b84614adabbdc858e3c69aed965a2f51d706a922fe5c
h_adb1009d8f2be027,h_4be46ee2d855c797,evidence,relevance_conflict,85574a4717c646d938b4fee7dd49f4d31ec587a362824cd8f021e2f8eb9b2167
h_adb1009d8f2be027,h_1dae4164855f6b14,evidence,relevance_conflict,a8e9c805fce1ada84854199b5405e80415f0f64e5f1e4948d0c4c234d985ad58
h_adb1009d8f2be027,h_5925d38fed013e2e,evidence,relevance_conflict,1db296a356bd14193a47260b3744c7b82b4ffe2353dd0b9553a7e6157b576135
h_adb1009d8f2be027,h_a85e7dc580bb13e7,evidence,relevance_conflict,89bf339308aefe6b5593f05ad82505eb0074b1cd7343b38e9000df9d5e5dc5e9
h_4fc5ac2fb34513ab,h_54962786464c5333,evidence,fully_consistent,fe426105db12d240536b72bceb9958383759217431340dfd219f7c3686da1eac
h_4fc5ac2fb34513ab,h_fc27d8b159be329e,evidence,relevance_conflict,5a9372315f7ccc4e14bcd75230a2353a1e225ee321c30adf79a35706b7560b27
h_f86fddd860267e68,h_2c1e2068470d4be0,evidence,supported_states_real_conflict,0735195ced990eb31d0b3b926ec49d9ae646e49bed9d8dca1b44212e6a90639f
h_f86fddd860267e68,h_98f642226e9df595,evidence,fully_consistent,aabcafdacbc9c2db73f1f2620a41278e438225f32763c0da54044182e332a515
h_f86fddd860267e68,h_a81d929f7b95b291,evidence,fully_consistent,ad03716d1e20eb27ffd2d1a0cb1c929df2ae38a4f070e7b26fd1399595754855
h_f86fddd860267e68,h_af8276191c936543,evidence,fully_consistent,84e3a484e5a1d85e1f380f1f550be9e4b777cffaa18afa321bfabc7a9bb62e6b
h_f86fddd860267e68,h_a0f7dba78ae1b139,evidence,fully_consistent,2f74e13090056b6eea032322ae77851d389118e0225ea7867ba19e640e320a03
h_2a51a3be934421b3,h_572a1fecd649ab53,evidence,relevance_conflict,44f086095b776a4cd9cf71917bddf2c8e687f7a522bbda980bcba1b6a47e8c31
h_2a51a3be934421b3,h_bd430059fc13f956,evidence,relevance_conflict,3e71167ea2289f7f9f02d5c5d88badc6691392ac215c72cf894ffef3c8a10b64
h_2a51a3be934421b3,h_a8cf5fd667616a54,evidence,supported_states_real_conflict,917262ca20c0e5502c7d7a79df5a776022fb308b621352d69ecd9260aa551da6
h_2a51a3be934421b3,h_4bceb3175fa2e045,evidence,relevance_conflict,5c4df2ffacb520ca5ab67914c1aa085c14c86647a2f21e054f24eaff0590b016
h_9befda9ad38e976f,h_d0f8ff011c0217cb,evidence,fully_consistent,dd05b874a250da6646f48b6dbf0c9bf58393ffac36021effbaf454e01d656de0
h_9befda9ad38e976f,h_f9751af4c3b85a4a,evidence,fully_consistent,97eea1a7eefb9a36ade184e60c74d3c42c83f150d287ca507a143a95653508d5
h_9befda9ad38e976f,h_0ddfda74d5b7fa3d,evidence,supported_states_real_conflict,aba07d5470278c4d823e216ddeab636ecf7d8d0f451be892a5c3b7b688d620b5
h_9befda9ad38e976f,h_2a7b72955c2526bd,evidence,supported_states_real_conflict,33f20d148a41b168841d25e3e6e14b9311a2da4f6e5458654791cbca3c859895
h_9befda9ad38e976f,h_e19554d21fc9750b,evidence,fully_consistent,5368c617a139b7d19d5a4a5c8dc1943b80168960837a082bc078bf827fc1edbf
h_50e394bf3749ca2d,h_f997df340bf6c679,evidence,relevance_conflict,930a83a7cc716abf3ab4afe7df8d867f908e4af5871f5657311675d25883306a
h_1f68c38ac889e5dc,h_6ee106e825ef6c6c,evidence,relevance_conflict,02f8d570355c0cce3f8d08df6487a9e6198ed516802c0a6e834065ce2782fd4d
h_1f68c38ac889e5dc,h_2a2c92642720c398,evidence,fully_consistent,2e9fd8126cac73b40292afe11529ce4925a1657300f9e27c6cbaf832f833c7fa
h_1f68c38ac889e5dc,h_e80d12368a77b352,evidence,fully_consistent,21be8c5876999d07d710780f00e999dac6ea431cfaf99ba95ac412ecefdd1fd7
h_1f68c38ac889e5dc,h_32108e4f14a51886,evidence,fully_consistent,1f6edbd31c7ecd6332a8db010b2f855c7ec47a714b77d7267c796b139bd00087
h_1f68c38ac889e5dc,h_00784bbed06382e3,evidence,relevance_conflict,67cde9fd082ec6a48d7e192780231d6142556063c77e3131667c9157e187a223
h_1f68c38ac889e5dc,h_6e30b5cba5b3d8b6,evidence,fully_consistent,1766e4e43ce72a7e2d5f4e4f35d37549093a3f505f7d8c2461f864bb34da73b1
h_0d7ea3f87a05316e,h_19091e3ad617e90e,evidence,fully_consistent,21de2ff3d77cab5f57bacf5426b6d3e2961c9f5fb1c36ab4d271677a0f79f5da
h_0d7ea3f87a05316e,h_961ca15a34e797a3,evidence,relevance_conflict,a79b8c488643f2f71bbc51cd26219fbfaa81cc7a2e38ba709b8f37719c9754ac
h_0d7ea3f87a05316e,h_e12c5aa07854b2a6,evidence,relevance_conflict,98ce064220107d914390457ec2d6fa284489cf2e17891ade6600bf8417e2ecaa
h_631aad599bfcbf03,h_102f8feae9b5d131,evidence,fully_consistent,c8c371b1122a43d10b9b1bbf26f7972f03a14e3155988297a0c4875c138bb86b
h_631aad599bfcbf03,h_4f514b5359267762,evidence,fully_consistent,3faf77bed30bf6394b3788230f7bf35e86601bc49631da18c5e5ceaf12ce96f1
h_631aad599bfcbf03,h_e9b22a5f2d4b5c03,evidence,supported_states_real_conflict,0bbf56c76c2a183bd9a018f33c84f32a18fdf36b21d69a6b34f0185d119be5a6
h_7ad82915249dfe9e,h_ef60db25398ef7e3,evidence,fully_consistent,200c1ee6863e8e8ddd442c9f8e453106e23f9cb138a1422795d92ecf04e3715e
h_7ad82915249dfe9e,h_81c4e829412f501a,evidence,relevance_conflict,bb6b779b56a880a913e70d9940178d804b61a9a5481057728a48e29bfc17b68a
h_7ad82915249dfe9e,h_6359d813cd164de8,evidence,fully_consistent,c00c31d909df7b51a6f0a088befb4ad8c562fc9e47700e71a0340c3d494166b4
h_7ad82915249dfe9e,h_67162a067f2462f7,evidence,supported_states_real_conflict,dba5068849c7cc3c55811ca7ade5e5d834b6d37cfda5ecc75f2ff399fe06e1a5
h_7ad82915249dfe9e,h_9b35d2b281e5d84a,evidence,fully_consistent,61caf19de69001814119782632331b030ddd3f489e91d902cc14e3c715571960
h_7ad82915249dfe9e,h_e0eec78c9148136f,evidence,fully_consistent,1c23a75672b9417a3b43cccff29214f39d6fa99fbc913fc6b17600d387d7caaa
h_e5a677308618e50a,h_31bac8403bcfe42f,evidence,relevance_conflict,26d10edfd1272df5eab3456667cacc66fece29b52fc305882ee691f919cd48e4
h_b1751c07cfbea14c,h_e187a9b2cc184bc4,evidence,fully_consistent,77d5d1c061abee4208772a68f50a5c3159207da3d35841132f56af72a5d56f74
h_b1751c07cfbea14c,h_312bf802b161d364,evidence,fully_consistent,3b828d240ccbd39aad1a15eadf69495a9b0dd88effe36a296765656a1c02d770
h_b1751c07cfbea14c,h_b131d44723c9bfc8,evidence,fully_consistent,032100b462641a9c76b40a0ee0deaea85a7e307eb6f6ec741a1e7cbb703d10f9
h_b1751c07cfbea14c,h_36779ae437ddd426,evidence,fully_consistent,dee02a7c34bd66f1944cb15d37bfdbb7783ca9e5dedd5c999bf3d315879eb1b8
h_b1751c07cfbea14c,h_40fdd61042eb8a8c,evidence,fully_consistent,06db1e60824ea38dabbb41b0e04015bff76ff8d3f8c594d293d915641db34201
h_b1751c07cfbea14c,h_260baed69178aca4,evidence,fully_consistent,5e20f9cf7c5e5b5d9ff7ff18b974c6d04aeac333becd21a59c1c627f54f9e487
h_b1751c07cfbea14c,h_ef99036a063e1366,evidence,fully_consistent,209a595cc44959fcb18e05a1ca0260ea54012c884793d0cbd0912d7f73d8bb07
h_b1751c07cfbea14c,h_2a487670d43deeab,evidence,relevance_conflict,7a00cc20531212ba6edf122b63cd53035ebf2cd246e8df7275a55cdbe428bfa4
h_4e1e7f2b3b3b56e9,h_341ce1c323d06e79,evidence,fully_consistent,346243f25a7d2df9060da0ae66ca22787606983b38feaa90d9119c53060150ac
h_4e1e7f2b3b3b56e9,h_3c38428bb5cbc1a8,evidence,supported_states_real_conflict,4a6352beede9d23f11fec488e0a86028e8e4182c0fb413db7a51c9bf1e4cdaa2
h_4e1e7f2b3b3b56e9,h_598ccebdd686f954,evidence,supported_states_real_conflict,bab4aee31d58ef4048e2273a250ef5786b129155c605f9a963f78184a01b2e22
h_4e1e7f2b3b3b56e9,h_f43640fbd96cc032,evidence,fully_consistent,cbec8c25882e13518f787d737f76797f5979456450be9a1d2f86beb543189ede
h_4e1e7f2b3b3b56e9,h_c6d79c483eedcb4c,evidence,fully_consistent,609abfd305b4025e751687fa6589e604a36192e118942cd168d6d22b82aa43b6
h_5c7253f7cacf6554,h_4254732a8530962f,evidence,fully_consistent,6e2cdacb5caa8e1c62e671de3d0076df737fe9c7966388bffb1ff776f969775e
h_5c7253f7cacf6554,h_d8a1af1be891c304,evidence,fully_consistent,f7729fe7bbb5542cf4d80f486fc37a3c989c06b9ec78cd43713892e5d9b42a63
h_5c7253f7cacf6554,h_c1cabccd2e32aed5,evidence,fully_consistent,caf7a84d3042c7dbf6450e6a7dfce62d3c15c7da43ae944b3ab7fc344ae2a538
h_5c7253f7cacf6554,h_ad53aa773214ef81,evidence,fully_consistent,4381a5f278d4ff27cc4777cf43bc4c67018f9d307768c3fac4270d03dca31cee
h_5c7253f7cacf6554,h_d3f7fe7bb2795999,evidence,fully_consistent,6a53df61c5fdc9c8fa26813977106066bf275b54963c171abd9e999172df0fb9
h_99dba1861fd444da,h_69654c0ac7fe4043,evidence,supported_states_real_conflict,5fc235bcc9d7fa0b9f27ee8a0a2226c4df49f0961a5cadbf6afb182c466a3346
h_99dba1861fd444da,h_68275441f70f7ee1,evidence,fully_consistent,757ef2f443a42972dac18cf1084f8eb7eb5c875d8dc5b86000d91b19eb878429
h_99dba1861fd444da,h_356d7490b236603b,evidence,relevance_conflict,afd0ac20861f06fd9a33bcc8a3df44a94cfde4f5c1cc8b462d92e47dd247ae78
h_99dba1861fd444da,h_8f7d8025cd9148b3,evidence,supported_states_real_conflict,3eaaba40b2eaeba707ba6e51e80bcf6f6c7ccb2a6c3e30ac81b5e4d04eb9459c
h_3bac2a1e915e2cf6,h_80096a3214e634db,evidence,fully_consistent,954993220a6b28273ea094abd0abeae07cfb9ac93354490d40b7e2209be3973f
h_3bac2a1e915e2cf6,h_918ff9ebd41db8d6,evidence,supported_states_real_conflict,ce3aa343dcd4e7826d60ae6e35a89a31c9f5d5d633e8e01d9f3d2f35b7fe14a6
h_3bac2a1e915e2cf6,h_20abd53a29b6f2a7,evidence,supported_states_real_conflict,7a17172576d2815373a8fc7dc80a65ffad0f0cbcddfcd1e04ebca9c606ae78bb
h_3bac2a1e915e2cf6,h_fd1ce070c4db3e25,evidence,supported_states_real_conflict,2b0d4ab4025f2bca57d89b72586930ae81f05501143285270c88ab1631232fb0
h_d39befcf4ab167fc,h_82a67a0894c88bc2,evidence,fully_consistent,562287f08e055be328702e570539c649372bf646ba0c39760aae46bbdb4d32ca
h_d39befcf4ab167fc,h_b77b687d9859e866,evidence,fully_consistent,ed5ad4d7f0646aba5e8f66680235efebad151d39deeca5de581aecc1ec73e08a
h_d39befcf4ab167fc,h_ecd44cbe3adbdeb5,evidence,fully_consistent,4052f77a3b94ef8b953298af74ce485d44f745172f2210440987fc45766c08bf
h_d39befcf4ab167fc,h_f9f5d29ef782fc03,evidence,fully_consistent,bda229b9818c2941c724a364330db19184bdd621e7806ef30a76fabd6b994491
h_d39befcf4ab167fc,h_47de7f6c8ffdef41,evidence,fully_consistent,e36c271cdaf117ff886c7660723e753e4a5d774719b3edd7ed8cb74121b01a8a
h_d39befcf4ab167fc,h_736b22f31843476e,evidence,fully_consistent,42f4c931db782da7e5858bf107facc97d58292fcf1e61210090e4d764556e660
h_d39befcf4ab167fc,h_eb2536d0fde8d2e8,evidence,fully_consistent,cc2338878448cf224e3b931adf482c1a562ece74a9d8e6e2c55678700fae13df
h_d39befcf4ab167fc,h_c24136684c3a5591,evidence,fully_consistent,0ba37a5af38d3170f6c0097792e92619e7c092f18d6daad4cc5b368edcc6c890
h_d39befcf4ab167fc,h_b896f24380c8742d,evidence,fully_consistent,a43364f2f058104f34e0fb3022823bfe79e68826a1daef37fbde610ca51af7d9
h_e292ca03ea014548,h_b0df1b61554c59bc,evidence,fully_consistent,0e0469ee2bfff1a47db17d35816396922bfeeb74298a101bdbead5379dddf7f2
h_e292ca03ea014548,h_d9d3b5b098dda2e5,evidence,fully_consistent,ef3d206668c1faf65ac7505c807e68d90dae2ba6b6a238642b2b469166241221
h_e292ca03ea014548,h_2aab37ae6d1ee404,evidence,fully_consistent,2cbba5a85256102b3f09d87fe6dac90339de119877a68203fc6d035e8753ebe6
h_162de764bf46f22e,h_d8808fdcf2c13578,evidence,relevance_conflict,21e5608e13742adf8b3c836e24fa69b4a11fe691f9bb95f285bf207ff81f398c
h_162de764bf46f22e,h_e4b82240793ba875,evidence,relevance_conflict,3692703e92a03e9b1f6422ea3fb7184680c04a83ff58ced3bddbcc6dbdd6a75a
h_82ded7f1fee543c4,h_b9370f75a1f6a0bb,evidence,fully_consistent,7f0dd1a9fda9819dc2261a736d3142c16bbf11332bc8ac71f98f4c5969eccc4d
h_82ded7f1fee543c4,h_3d36439c09a26277,evidence,supported_states_real_conflict,718be89c80199211488efe7f9c00238b63e61cccbf9dfe8e5f05342fea62b9ee
h_82ded7f1fee543c4,h_60d1d9b2ad7de4d6,evidence,supported_states_real_conflict,1ca0f66d4ff1719a56e7ff54b61bc17a46da4085d251026f97f3f03b9d6b3f0e
h_82ded7f1fee543c4,h_1a8ee526a4270b87,evidence,supported_states_real_conflict,6452621c3c1ce0cd6b238426c4a3518f88436f48d5824e553fc0b524112630af
h_0aa9a016c3e03edf,h_9df79e1a4da0fdde,evidence,relevance_conflict,1e02cfea44060011b6050aefd94f9ce9af849b85834742f93d078a34df057ec4
h_0aa9a016c3e03edf,h_22d49d6171754616,evidence,supported_states_real_conflict,691ed3f331b1fa10f7b8989de019fa7813d1e9bf3fc9e82af56d14495a80efb7
h_0aa9a016c3e03edf,h_90149d8170d31870,evidence,fully_consistent,94853be963f2dca3263839817064aa40373a1a239f81dcd9f1c63dcbe2eb68b6
h_0aa9a016c3e03edf,h_0ccb88bad1804162,evidence,fully_consistent,8b3d647076285a4727c68448736e53d4a8f7de8bf5322224c958fd138f3bb8d3
h_0aa9a016c3e03edf,h_69d741bbc4919a68,evidence,fully_consistent,e26b9303521920d2c48af5b84633e584468d5a4e2e821ba801c3f7d7123152ee
h_1f1072f0262346d4,h_189877103e504933,evidence,fully_consistent,52658ee929f14ce80c0fccdb06e26bc1414a5fdf2edccb9f948187832796a598
h_1f1072f0262346d4,h_3df69989c34502a6,evidence,fully_consistent,4b5d215b37b8c39c5c72a1a651656d115cd88486221c13ed6ad27cb7f92245bd
h_1f1072f0262346d4,h_bbd7b62c1dd08bca,evidence,fully_consistent,158071af7e8e2e18da7efb5d7762c196628aa456cdb1d78d54a1a425a7494b71
h_1f1072f0262346d4,h_4141678d7555a805,evidence,fully_consistent,ecc529f02ccfd2c96c8bffa28f49aeba6cb877a37dee6ea94347d8cb56b00637
h_1f1072f0262346d4,h_3c63fec05d1f0989,evidence,fully_consistent,aaf10f7700dbfb5ff1a5d5898e4d499761a7b50a2df4bb689d1a831cb2c5ad83
h_1f1072f0262346d4,h_25cba4dd0cd9d8b4,evidence,fully_consistent,3826cc3f9dbe39c4bc7444e78c0e8230f0fa706b667c332bc7199014505f8812
h_1f1072f0262346d4,h_77f3fc408e0c92d3,evidence,fully_consistent,fa2d31c0329d05ccbefd2197cd13f898939172b31c7182acffaadc9c6171b283
h_1f1072f0262346d4,h_290477d23f8ddf92,evidence,fully_consistent,6d9faa804dde928e5357da91c5e6e1ff403c1e39c6a799cfcb4e10811efd6648
h_a7e7ea99fe6041d0,h_b8752662ab403c8c,evidence,supported_states_real_conflict,3cdce12cd1f6096c22c486e70255a32111fb63ea0d1d2d4b565df42fa6116d07
h_a7e7ea99fe6041d0,h_8b27ae51595f4819,evidence,relevance_conflict,9e81b168bc4d45d645ade06d1226d7a323fe00a2ea937365a5a6ca522f20d814
h_a7e7ea99fe6041d0,h_bfe7053c0c183466,evidence,relevance_conflict,4febe6e964d422302fd479c5eeb53cf33c30ef64b67c64366bd3a1e2c23ecf6d
h_a7e7ea99fe6041d0,h_93915980a37df512,evidence,fully_consistent,cf6c14077ec0cd5d15f81443824c93ec1803aa8733a5a149234f0be8782cee73
h_a7e7ea99fe6041d0,h_cf397e0698e1805f,evidence,fully_consistent,4d490804d5d93c38bdddee276f474cf826015e28621b3b115cf5983c9413b7ef
h_a7e7ea99fe6041d0,h_4712c4f61f4a0193,evidence,fully_consistent,cfee1b83734dbd5b884d8ab80b8943a88626fbe6a0139c410a7e35cec64b398d
h_a7e7ea99fe6041d0,h_62e999208e4fcadb,evidence,fully_consistent,d435bd7528439c5fe8af7ce9aecb6245311f3842acf9fc85d519497282e732a4
h_a7e7ea99fe6041d0,h_a08b80eedb2bb00a,evidence,fully_consistent,2f4af2ce384636958330fd0ec5866652c4a9df9b49c2eb39d633421c0ddfdda7
h_45d1b41ad59e1557,h_1205dd6681b950d7,evidence,relevance_conflict,90081ba8c001135e369d4fc341c52062ac55796320c1d71198536fc4eb85604b
h_45d1b41ad59e1557,h_835291680006f657,evidence,relevance_conflict,9412f109f8325ebdfb228e99cd691ad17a4ab8c12610119a3fc531b6444261e9
h_7a58aa552ff8a05e,h_5be61b5c74b72031,evidence,fully_consistent,9063028cec2c4b18657d7b99712db93ceeaaa8f74075f5a064f5bc512b201f14
h_34312358fa45770d,h_9df79e1a4da0fdde,evidence,fully_consistent,5c6a5b5807fe2ed28fa4fd327b7218e3beb68d573a1a394d158e26c6acb8afcf
h_34312358fa45770d,h_7353be495692f75d,evidence,fully_consistent,59c28089f7f7811ab70c0f1c8f8461a6cbcb5aab185ed647911cc3a4b3182eec
h_34312358fa45770d,h_74bd0416c3067325,evidence,fully_consistent,d4f7fab473ca3529795b32f6cff52f01c0c964a951080d2ce5cd9bde4feb9455
h_34312358fa45770d,h_dc136ca8b58e5fef,evidence,fully_consistent,3dfc56d32322f0427c53c2e651b3c9c00a90166ab35edcaba6d1da1608a87e8f
h_34312358fa45770d,h_909e364e090ba8b5,evidence,fully_consistent,f65f9c9c9e3aafdcb7fe455b3bfb01bab986799ef3eca1d91c537a81f3f2dcc0
h_b2da72cbeec6f9b3,h_75b2b85bc4b24046,evidence,fully_consistent,8e90dc8da2788d4737ab4cc69d4d77fed33fb13dff576192269a7bd1cc6b5d5b
h_b2da72cbeec6f9b3,h_394747e60d731d62,evidence,relevance_conflict,ea9876690cc856945daa7aae28f11732adcda8fcc71cebbbd0a1a46244676ee6
h_b2da72cbeec6f9b3,h_546a88c405a143fa,evidence,relevance_conflict,19fcffcf48d46d7586d37ea1c169c194884e0480ec0d2d82cc871b29246c1018
h_b2da72cbeec6f9b3,h_e6a86848adeac302,evidence,supported_states_real_conflict,56cdc265e8a0d239113b29acb8bc0d0ebe24719ebfa18aa49137296ba3cf026c
h_2d37c58aba833145,h_3151df873e4ccf41,evidence,relevance_conflict,3a1d132e36ba7af0fd9773c183e7300af19e3768accd92cdb753fc6c033b8586
h_2d37c58aba833145,h_32f828547342e2b1,evidence,fully_consistent,c041f56b0f0e7964b43ddb3be4604ed75bdde6768e5c5a53178fad9bb178918a
h_2d37c58aba833145,h_e258c7c7492d1fa2,evidence,fully_consistent,2cfcef5bf684159645dc5c511e7d737279ed2b523e70ff9d7f4706e77e74f86c
h_2d37c58aba833145,h_9002761dd6e84450,evidence,fully_consistent,a296646213c140d2e002c572e93ce18ca09e06c4aa3c5a5cc06c3ca6b07e9368
h_2d37c58aba833145,h_ba806a4149bf4537,evidence,fully_consistent,178c6c2985d6e2a982a3f1ece5a6406f70177c31957f3e58de5ab365cc0dda7b
h_2d37c58aba833145,h_ddb64951cd41303d,evidence,relevance_conflict,72f280f8d296c210c83aa4f1a2ab5b21f01139177e7ef2799006163c21ff88bb
h_6acdeadcd427b37e,h_585a8335ee9feb49,evidence,fully_consistent,38c171c3596a77b85bde3ecbcfe6971ed8377a5ff4d8eeac55689578ceeef268
h_6acdeadcd427b37e,h_8c0a9446bfd5e118,evidence,fully_consistent,eed81cad372413c4c1bd6fb87291a58da25a6bcf2e28c8eb837436baf3085443
h_6acdeadcd427b37e,h_fc27d8b159be329e,evidence,fully_consistent,c8f07163fa5b53ecafe20583da92ff71c0f727c0edc2514f77ee300ae5b4b763
h_6acdeadcd427b37e,h_bbeecc85e1b82c28,evidence,fully_consistent,9dae1982548bfa4172da83f1057dc03cdcf6d1ed116390d2327bb4decc077bf7
h_6acdeadcd427b37e,h_d25a633edc524e14,evidence,fully_consistent,e5804d14f2970891a5177cbc2645de315c469206507f79b38d88763515c3ff93
h_6acdeadcd427b37e,h_087d863b3f4b7b24,evidence,fully_consistent,5adc3df67f3f90efaecf58e08c903d3d8fc21523ae3206af8aa60c90ebcc85c7
h_6acdeadcd427b37e,h_aa042a8a12bcdde6,evidence,fully_consistent,fa9ad954916bf1a20290a38cdeb4d6f244bd35e30fd320e7fb30892d2a5a6a6c
h_fb1858364a98be0c,h_48aff118d15227ce,evidence,fully_consistent,ed6b68dc5cbb60b8b29d2d9ac22825a49545aa3e2e3f02e724f49096860201cc
h_fb1858364a98be0c,h_e6a9dff68bc12a76,evidence,fully_consistent,9308b664da9c620d7c70147b4fd55d73e229eca8fe67b7629fea2a4b09d7be8f
h_fb1858364a98be0c,h_1b12f7e792780736,evidence,supported_states_real_conflict,338755c92db2fed5c72a4ee2f2473f126728667bbf34f6b5c3a110b19e54a004
h_fb1858364a98be0c,h_835164e23fdcea2e,evidence,fully_consistent,3406c5974b3666489f426631a971e91a56e4552c9ddbee9a215ff09bd2c1e9d5
h_fb1858364a98be0c,h_08a45ef6f528a848,evidence,fully_consistent,03ebd96325dbf97e0065b7c960542429c97e81cfd5182c3f9a81ad713431b7cf
h_fb1858364a98be0c,h_9df4a41168eea8d7,evidence,fully_consistent,bc3e05eb397f42ad4cb05ce856675ea17eaa63f86cbb5dff096cc9f27b0b2097
h_fb1858364a98be0c,h_ce86ff1a21818062,evidence,fully_consistent,fe1359fd0e6acf9ec4c7edfe6e20ba062cf26f74e7020698e87d2b6046612668
h_fb1858364a98be0c,h_aa042a8a12bcdde6,evidence,fully_consistent,f7c2a483b02fcfadd819df108891e875cd78020963c6fce1bc46c14f2d31c933
h_4293ab88a1dc31de,h_b0b22e70d371ac7b,evidence,fully_consistent,9709dcfc20392519c9dbf4ec6de31e6bb029c0621ab5bbd793e9b85c7666c4b4
h_4293ab88a1dc31de,h_ab9512b8d077ee7f,evidence,fully_consistent,4db34a58919510ed0a54cc4ef4c8a8ade6cba991b62a61cd85c97369fa694f09
h_4293ab88a1dc31de,h_08ed2cd21c7943da,evidence,fully_consistent,ed712c9e7de3a6bbc59c77babb0806651a75b3a46bab8483183af59950a05749
h_4293ab88a1dc31de,h_42a41ad339c1632a,evidence,supported_states_real_conflict,c8eced0dbaacf46f473f0ba63e2243fe883cfe9a4ba53f9c59a8dbf32d24a95c
h_4293ab88a1dc31de,h_9c9d863b89554bde,evidence,fully_consistent,a0e3664b2774945e6f69f7fcb2413530ae82a050ac8a0d08c27116498ec400fe
h_4293ab88a1dc31de,h_b469b2415193551d,evidence,fully_consistent,4a858c72b83cad92bf333de995ae983d8e6565dd6dd54999817cb06b7ba61813
h_e35d8b3e00b6c578,h_3e1bde9bf6cbfbee,evidence,relevance_conflict,7d427e01ba05ce60a3eb6d07205d70e27beba14edb5106337e6d81de28be1c3e
h_e35d8b3e00b6c578,h_b3dab4b90d50ee9c,evidence,relevance_conflict,2c1c074d8fde5e3e9423e9aec8f78eb280836821de87f0304c63b00ccbc937ef
h_e35d8b3e00b6c578,h_ea39b020cf63a889,evidence,fully_consistent,41c809c66d4cda671e30224a6cbb0e42208f3ee234b8a17f98e48b1e360bc56e
h_e35d8b3e00b6c578,h_44286342c22036c2,evidence,fully_consistent,d1e34dc120a8debd1a1df8d14a07515aa3bf473bce4a79bf741addfc5680759c
h_e35d8b3e00b6c578,h_5412556227672d36,evidence,fully_consistent,755d32e180f7079a687b48eed44f605077438aae65e60099dac62fe17241118e
h_e35d8b3e00b6c578,h_0210943b884eb8c0,evidence,fully_consistent,ba4ff263335f394b480a2d0bb262a4153e5097dc7fea2ae5ad9172ccfc77d4ce
h_e35d8b3e00b6c578,h_ddfc70dbce8447ba,evidence,fully_consistent,94ba0414631696fa6b101f91dd49f97ff068cd6e7256f67b4115f4d1c88fe72d
h_14f89f13535cefcb,h_60bedb9c866fed28,evidence,fully_consistent,3a8c5a11c51c99fa52926b70657489635a61c6ad20dba033fd4cee1f0bf6a5e6
h_14f89f13535cefcb,h_2b9a55e46cbfbdda,evidence,relevance_conflict,6dc3270cdea78b1ad1c6e3591d6b70a49965b574adc29257b0717932e554bd31
h_14f89f13535cefcb,h_41ec05761acc1b7d,evidence,fully_consistent,c38e7b47b042479bdb9e6f579c9359f28ea940eb367f9f0512ba5a378c5b82f2
h_14f89f13535cefcb,h_cf761d9f37a7d816,evidence,relevance_conflict,fb8d125801f4d807d4beab139d90c7f7ec7160553936d4a9909e25bd6f17988e
h_14f89f13535cefcb,h_c84cf798d9232bed,evidence,fully_consistent,04c93ebdb0d396228a8661042706aacc7ed8852b150ac45e7bac6706b8365910
h_14f89f13535cefcb,h_c1f91346bfd2236d,evidence,relevance_conflict,554835bd813eb7a65d697e0613a14ee13b2d09e9f423be685c3367d63ccff20b
h_14f89f13535cefcb,h_ccad13fad19c89e5,evidence,relevance_conflict,31b39a8b0edcfbbcb0d0b53c3f0a49b13e1b6d513a7eb26c3039ab54a2ca19a6
h_14f89f13535cefcb,h_0bf7b43136f9475a,evidence,fully_consistent,ad72b852dfac9bb2038a8baa916e0294795e140aecea6e21fc28a27e690d4c16
h_14f89f13535cefcb,h_5be61b5c74b72031,evidence,fully_consistent,bfdc393ea33d4fafcdfe2b8b2a85cdce52410f87dec0e7d06e60b94fda2eaa4a
h_52c921c207086275,h_b984f85c06e7b5e8,evidence,relevance_conflict,b8704eeb60fb81e4971a84630fd32888fff9b8f21ed48a3e101fb36fb0f1243c
h_52c921c207086275,h_26d2d3295a5852a0,evidence,relevance_conflict,14b37dd9d753ce64b59a70a9694d8269c85a3f4a178bba0a3fe759a765eb9287
h_52c921c207086275,h_adbb835cf5829479,evidence,fully_consistent,a068567303e5498922509365e66ded3a232eb0641f88fccad5f1e946d3ad4b5f
h_52c921c207086275,h_c7c3a35fe132a48a,evidence,fully_consistent,96948a012c8adeef9dc32d0438f5384ce8366a263af9fb9780d10db5aecf304f
h_52c921c207086275,h_afe3d16677e04aa0,evidence,relevance_conflict,0c34b421f5d1ed4f4f9e8f27ebcf75053ab50f3eb1374c0088957a539aa8e90a
h_7d621dceabbd4760,h_a3f1adc94710dada,evidence,relevance_conflict,910650b03ff60f4094359e238b16d06593c79cbe2d3d42a119d1b8d08e6cff8e
h_7d621dceabbd4760,h_7356f684db8e514a,evidence,relevance_conflict,f68c117d73bbe4d1aa0e8674a2ba14514a54f6dff351e0983158af64149f1b47
h_7d621dceabbd4760,h_a207fbc9eae8a7ad,evidence,fully_consistent,8620bdf9185758468ce1ed97b26b5e96845830390ec9a42715dc7c2228ac65ba
h_7d621dceabbd4760,h_811cf64b4b49f010,evidence,fully_consistent,44cab091931182f47da55eb10008a43d801100545a5049de43aeb325380ef691
h_7d621dceabbd4760,h_49743780ea409579,evidence,fully_consistent,f6cdb88c4e978dfedbd95a203cd4834986f427da5c823322a48b2a70cff00945
h_7d621dceabbd4760,h_4cc27045c0e07972,evidence,fully_consistent,7ffe2f62557e550bbe52d8cd37878d8e066c45c03a839a432a9a0f3b1f63b9ae
h_7d621dceabbd4760,h_2d08e0c4c2fd163b,evidence,fully_consistent,fe36a1016f5d9470fcde211546248e4f6d9c6ffd5f36c5ad31a6f90247194edb
h_7d621dceabbd4760,h_f884acb506453467,evidence,fully_consistent,9495ebc2a7169fe1efee1ee770e541898befaf74404a1755b9baac63b4370367
h_d757b834181fcaa6,h_953b38a317267df5,evidence,relevance_conflict,e129168378051805b21003aad7b095d0ff4c78228a18c8cf393affb141747cf9
h_d757b834181fcaa6,h_e2a946eaff80d3b8,evidence,fully_consistent,f3444d49812255d8397701c6bc98b8abbb237c51e7caec85c23f57cc574983b9
h_d757b834181fcaa6,h_0493db9d0c283944,evidence,fully_consistent,758d55b6ecc862b4489ba3394b57575434f0edfc7c9ddbb54db288dc201f2b4c
h_d757b834181fcaa6,h_e7514f4d86791639,evidence,supported_states_real_conflict,b5abd98f0339ab63802774aed318b5180d3e1a66e06a2996307436056fe26ae1
h_d757b834181fcaa6,h_33fc440abcab7a5a,evidence,supported_states_real_conflict,f04e8d192508de1a3860c43d37dab64f193aeb6aea73351078b51c4c6dfb7cf6
h_d757b834181fcaa6,h_c53113593ae7c058,evidence,fully_consistent,5cd45ef797273ce1cd10be34d7856903fda56b59ffcfbb871349c42117950783
h_d757b834181fcaa6,h_f471fec362b76bf4,evidence,supported_states_real_conflict,e309cb3b9192f6a730e69c23382d7c85385f52c5aa9f5806c99d48564307976f
h_5552cabaa024d645,h_9805841a5132c6e7,evidence,fully_consistent,b856ba57ca989fa526a0b57517d463f7f98bee379d8e12d217dc61e541e5eba0
h_5552cabaa024d645,h_99b4c69e7b276e9a,evidence,fully_consistent,d3480a817e3eaaad7c6a7c700318ec94c183f4db088833814e1c86cf2d393db7
h_5552cabaa024d645,h_7a67584c36d5292c,evidence,fully_consistent,752c957f7be4368a302fab7b42723dec118343ef072dde6e9d2436eaf2e41a70
h_5552cabaa024d645,h_91bce8298741f3b4,evidence,fully_consistent,cd84413a048e2ec5a681d7b40078521a941d27f8d50cc1820b79e58ad8ffba8c
h_5552cabaa024d645,h_c0c70cb0b1d13ceb,evidence,fully_consistent,a69c0883b71be092c83ac11253b7624f891b0200f839facb896c4f56a64c8e24
h_5552cabaa024d645,h_79b73ab238d2f3b3,evidence,fully_consistent,484792d8d4cd3c0c82d3d4d96f5f145ab852371bee7f817342f13809fc0dd608
h_5552cabaa024d645,h_b8c98d97560bee99,evidence,fully_consistent,6cccb2ff279079bfb645afa7f643ae7da06465dc345eb27770c08f59828a77aa
h_5552cabaa024d645,h_6524f80798b43cc4,evidence,fully_consistent,f0285e3b77cb43bd09f6cc9009e9e91a8d15d676e32108dada1289c9cf4bcb97
h_5552cabaa024d645,h_a0851e5a6304de0f,evidence,fully_consistent,7cf45620b7069328e6870daf6c283d136dcfa2c39dff68afe78c4d84684e917f
h_63e0054d0871d439,h_7621b9e1d9327f0d,evidence,relevance_conflict,2b92dec7c6d4b3cb5af980f0ef13119bdc1205781ffeb053af6bc5338603b12f
h_63e0054d0871d439,h_51c5bbd8a44c7c0a,evidence,fully_consistent,cc4aee6815eec580741220ba24e1cae689014083d38e91d9b233b231612aa49c
h_63e0054d0871d439,h_2c5adf16754eba55,evidence,fully_consistent,6046826513839f5e9ab456e7dc2123657a63a71af3fd614f2773ca3351f2bc00
h_63e0054d0871d439,h_dc164d291bd89e14,evidence,supported_states_real_conflict,0f082cccda4c07a2ee7e6e6c6eb5bc4e3acb7d8f8a13c4ab1ca51c678a5073e3
h_63e0054d0871d439,h_5795ffc6d06637a1,evidence,fully_consistent,0d09f4d1615887c4d00f52d405099831267a6adcb4895a1549fafb4c6980ca6d
h_63e0054d0871d439,h_d85b1ce1e1719c7f,evidence,fully_consistent,0df5fda6d5b7eb528cfda7f62415e2b4f82b0dfaf8aa1fba73aa86b9454cd026
h_63e0054d0871d439,h_8a7986a056bbf4d0,evidence,fully_consistent,5344f8f3bc28869146c8a6cf0e2f9ea24c1ea112e913b90f2662b1095c9e9840
h_63e0054d0871d439,h_a3dadd20dff97cdd,evidence,fully_consistent,d1c16e807c67a5aedc240c7b17e60954fd00943979213d312132422b28ee4803
h_63e0054d0871d439,h_69f6549cd0c3d69b,evidence,relevance_conflict,4bb1e2a353b2337dad06e470a26719f14fa3ed7fd47131147f450003f325458e
h_63e0054d0871d439,h_655fda506fb22f29,evidence,fully_consistent,3ede5c1a72ab0d36636bee72a927ded5890549bb40cc2a0ef247142378633181
h_5f3cda0e62d2d81d,h_6a241f973d9f75b7,evidence,relevance_conflict,6822f0dbb254f130c24fcfe6c1869a7503776ff2a869b206961644fc528ab494
h_5f3cda0e62d2d81d,h_0b05b99e2fa76bf9,evidence,relevance_conflict,64cddd7ba7062d17e79a6dbf8b36f1467e407135004de4ca449cb3b3abbff0d9
h_5f3cda0e62d2d81d,h_9aee61028c200162,evidence,fully_consistent,67a55fa8d0bd7b9a60c907268fd3aec5d0ddf5cb5cece581f405cae003525cc2
h_5f3cda0e62d2d81d,h_91bce8298741f3b4,evidence,relevance_conflict,ba436216b5540ebcd10526428e05017867ae36f2151caf0b7b3cc0821ecb3251
h_5f3cda0e62d2d81d,h_bbeecc85e1b82c28,evidence,fully_consistent,080781ccd3e2645a560374378f5d0fa6cbcc1e0fdfa53d879a25870563ee5b6a
h_5f3cda0e62d2d81d,h_823bc1bd21eaa194,evidence,relevance_conflict,e9dbb63e37a8abae9b0ee226d5d3c89424f59566b44cb098da9f15faec80ed3c
h_6e18b1081914b79f,h_0655fef69ab676b4,evidence,fully_consistent,330ebdc050efcec50bd31634bcb18a0e33dcfc66185b13b9cccba50f10a515ca
h_6e18b1081914b79f,h_c14f58889e72ca9f,evidence,relevance_conflict,69249dcf6e2a74449375d50c158510ba8551f7ba793466432414d255af42ec0b
h_6e18b1081914b79f,h_016d60fe3a148020,evidence,fully_consistent,7dcc736f26b538819ac054bb6ce3964279a58d9103a100861ccdc5a790dd1188
h_6e18b1081914b79f,h_7d21b0985a393f1e,evidence,fully_consistent,7e97d42469cd6eab91b96fe009883726babd74a2a53a690aaabaa30ac7f4f747
h_6e18b1081914b79f,h_7c93146eff15a3f5,evidence,fully_consistent,33d0c70c64852ca134ffa73bcd1d6d2a050d071fcda347055fde4b10e0a6119d
h_6e18b1081914b79f,h_3c9fd1366398f55b,evidence,fully_consistent,e90a0532a844da4bf534493acb5861e065443dbb3dfed970de6194e4e24a5615
h_6e18b1081914b79f,h_ebbba85de21fed64,evidence,relevance_conflict,2b01af0b9652266ea478a754019cd859f9fa26030601d4125c1d1fd978d4faca
h_ee825dd1d3235280,h_a65fc909bddaf8dd,evidence,supported_states_real_conflict,6681f5721a272af9cd1b767da1eafe44ffb91256973ebf3d3b63bfed8affe7cd
h_ee825dd1d3235280,h_835164e23fdcea2e,evidence,fully_consistent,2fe5fa1b20bf01ad4654e0281712f6d37b2be405fa0fb931c0e60ae4cad92355
h_ee825dd1d3235280,h_08a45ef6f528a848,evidence,fully_consistent,03f2b3afcb9745cf0fcc5d51ae663f2686c6a1b87ad7b2d2aeadacc61a3355d1
h_ee825dd1d3235280,h_ce40c7f7b86335d4,evidence,fully_consistent,34f84ae56d030a67fb7b81c54402251e441e6f043bc9ff8857f2fde166ec931a
h_ee825dd1d3235280,h_b4d7d73c49a3593c,evidence,fully_consistent,b23d7d8a1368dca628d09941cda8dbc67abc6682939d922dbbc5f9d62d277140
h_ee825dd1d3235280,h_7c93146eff15a3f5,evidence,fully_consistent,70b0719607382f27d07ac12728d55e932763cd7c0b77b0d6a09cdf58c86609ac
h_ee825dd1d3235280,h_bbeecc85e1b82c28,evidence,fully_consistent,5a38a22160ea822cfa29cbc32885c914c7a2eb501d2968000e613adac66da1a2
h_ee825dd1d3235280,h_f001e2493b0d251a,evidence,fully_consistent,83079dabe2a4936cc319d091bc2dd4e51ee1cebb8f6212700ba891a39332a3ca
h_ee825dd1d3235280,h_c53113593ae7c058,evidence,fully_consistent,b05141e685657bebfcf8458037a223d1b34339b699500b57e475719f36537f28
h_ee825dd1d3235280,h_5be61b5c74b72031,evidence,fully_consistent,a8f5d17bffde5e69c718b5b115c884674361eec62b4412c285a87e780bef6d73
