source_id,qid_hash,doc_id_hash,source_file,row_hash,usage_scope
human_gold_000001,h_2a3319e306b8c95e,h_349659fcf185df89,data\annotations\formal300\evidence_annotation_a.csv,d3a6565cc791d34c8d218f3acf6ab7febe2aa4fcf0b2e270d09b3f82609a5c3d,injector_and_evaluator_only
human_gold_000002,h_2a3319e306b8c95e,h_4633771bf5c85b3f,data\annotations\formal300\evidence_annotation_a.csv,4136f266457a52b6fdc179bc5ce110a48ad4a41294f0f56f3c8d0966010a28dc,injector_and_evaluator_only
human_gold_000003,h_2a3319e306b8c95e,h_fd7b8f69e54dcf17,data\annotations\formal300\evidence_annotation_a.csv,5154f6ec7e3a5c0ccbd7d0d23d41bada6864d4b01b50f94ea46781a73ae3782b,injector_and_evaluator_only
human_gold_000004,h_2a3319e306b8c95e,h_120a878ecc430747,data\annotations\formal300\evidence_annotation_a.csv,25e56f2f82b70f937da5d097f8f5e492c3a0bb1c99858a0e644ed7456ba66370,injector_and_evaluator_only
human_gold_000005,h_4132aa9f914dd400,h_370dd64734647db8,data\annotations\formal300\evidence_annotation_a.csv,8faf9548291eecf968a99005a51601f5e2d989c0bd2fc153196974a8d8513773,injector_and_evaluator_only
human_gold_000006,h_4132aa9f914dd400,h_3e1bde9bf6cbfbee,data\annotations\formal300\evidence_annotation_a.csv,1fc39090a0723caa3548b19342bb61d02050cce59afa6e3ec4bfe90946847051,injector_and_evaluator_only
human_gold_000007,h_4132aa9f914dd400,h_6359d813cd164de8,data\annotations\formal300\evidence_annotation_a.csv,dcf8d7ff5093400d87383e8160177b4b68dcafd532bfc31860b8462884499f35,injector_and_evaluator_only
human_gold_000008,h_4132aa9f914dd400,h_96df7c8ab7c0dc85,data\annotations\formal300\evidence_annotation_a.csv,0269e888dcbf5d332ebdfa857054b311334180d44f076bac1bc1f0e575004d00,injector_and_evaluator_only
human_gold_000009,h_7cd56a963461eba8,h_33dfd0535fc1f586,data\annotations\formal300\evidence_annotation_a.csv,736f6608c30d2dd60c4a3b96ab8d0ec21aae1aad08fa8a3239534a6a8e99ee6d,injector_and_evaluator_only
human_gold_000010,h_21845abacd62a0c3,h_08a45ef6f528a848,data\annotations\formal300\evidence_annotation_a.csv,994e44504c09e3b1c2fc0f7cc1162836e4105084750561ce8e05857a3f456c1d,injector_and_evaluator_only
human_gold_000011,h_21845abacd62a0c3,h_fc27d8b159be329e,data\annotations\formal300\evidence_annotation_a.csv,7b3e3bd74b5c652bdd601a2839846a8772198b78a78e691891a21c9f089f6d59,injector_and_evaluator_only
human_gold_000012,h_563fae909642c6f5,h_6359d813cd164de8,data\annotations\formal300\evidence_annotation_a.csv,2b9c9df53591794429a5096b85441b0807e2bee89a599ce570f55c69f83d8810,injector_and_evaluator_only
human_gold_000013,h_563fae909642c6f5,h_26fe5a9589cbb624,data\annotations\formal300\evidence_annotation_a.csv,ce508507879f14fee61e4bb175fa5e603710726e3f9a8196dbd8db3c1248de07,injector_and_evaluator_only
human_gold_000014,h_563fae909642c6f5,h_0655fef69ab676b4,data\annotations\formal300\evidence_annotation_a.csv,3680b6eae45fd832dde34900a88416c3ab9ab6a0b720d9809be543ac50f6cea5,injector_and_evaluator_only
human_gold_000015,h_563fae909642c6f5,h_7d21b0985a393f1e,data\annotations\formal300\evidence_annotation_a.csv,b0f4487acf64eb7be99ccce8f8ba4eb7c044a16ebc06a9096624b99af08502af,injector_and_evaluator_only
human_gold_000016,h_563fae909642c6f5,h_96dc5532a3c26991,data\annotations\formal300\evidence_annotation_a.csv,86d7ac087b349914cc1aef579275a1d2edebfe08fb8ad44f29793319c7983f99,injector_and_evaluator_only
human_gold_000017,h_0731672f8ba38c22,h_27d462dd65a9d718,data\annotations\formal300\evidence_annotation_a.csv,78d62be3e289a0066d36146db1c6d51684e96ee64b735ca7dc772e38263c72cd,injector_and_evaluator_only
human_gold_000018,h_0731672f8ba38c22,h_bec129f1a8e14bc9,data\annotations\formal300\evidence_annotation_a.csv,38cb19020aa78db27ff5d6643bf988bf60486ea54408bae8eb575cd009a88d1a,injector_and_evaluator_only
human_gold_000019,h_0731672f8ba38c22,h_ad678ee6556eaf79,data\annotations\formal300\evidence_annotation_a.csv,dad8b9406d9a91c8f08dc881aca4530b9239ba042e9c3dab7a5444c14897cece,injector_and_evaluator_only
human_gold_000020,h_0731672f8ba38c22,h_4ba470305843f5c8,data\annotations\formal300\evidence_annotation_a.csv,0dcf6c8eba347bc529ee8a15ff0d6a6bb410b753944733878c6a139570f6a8b5,injector_and_evaluator_only
human_gold_000021,h_0090dd284c02023a,h_e3ebc7e046e20b77,data\annotations\formal300\evidence_annotation_a.csv,20b47554c534541e55914a581fc000fbdecba6a6db103f7643bcea8f69b9dc5b,injector_and_evaluator_only
human_gold_000022,h_0090dd284c02023a,h_c53113593ae7c058,data\annotations\formal300\evidence_annotation_a.csv,7bd8a27aa767aa05bdba3280b86d98f06de8e5da3d9cab45bc93cce930679538,injector_and_evaluator_only
human_gold_000023,h_0090dd284c02023a,h_6b7b3b63a6efdad9,data\annotations\formal300\evidence_annotation_a.csv,ab90f848d245fb5d17c0996747d44881176a0f29f21feeb59b3ba42b87c5ed28,injector_and_evaluator_only
human_gold_000024,h_0090dd284c02023a,h_08a45ef6f528a848,data\annotations\formal300\evidence_annotation_a.csv,2e054fbd3561221612fcb39233929fce3d23e80aa7d50fb673869788a10f4820,injector_and_evaluator_only
human_gold_000025,h_0090dd284c02023a,h_907c68f60c4354ef,data\annotations\formal300\evidence_annotation_a.csv,d03dafca9c5e785a7ccb4a968b5cdfefec409ee3648153750ed60af935027335,injector_and_evaluator_only
human_gold_000026,h_0090dd284c02023a,h_c0c70cb0b1d13ceb,data\annotations\formal300\evidence_annotation_a.csv,43d39a1f2baf44a482ad21ece2312ab5f50cbc82f525a53bd41fd852b93ebdd9,injector_and_evaluator_only
human_gold_000027,h_8d5ab639cef42d63,h_835164e23fdcea2e,data\annotations\formal300\evidence_annotation_a.csv,79da91a533eaf7f7cc732b21a475b5eaa9625efb6e4299d0c706204ee56bbe8b,injector_and_evaluator_only
human_gold_000028,h_8d5ab639cef42d63,h_ea83d21d2ade880d,data\annotations\formal300\evidence_annotation_a.csv,ae1f6afdd6c58d79939962d02c61854da8c133d19c4bb8c30a2fe08b74e3e4d7,injector_and_evaluator_only
human_gold_000029,h_8d5ab639cef42d63,h_3d41ff4025e5120c,data\annotations\formal300\evidence_annotation_a.csv,5cc53eac49fd8c99ffdbcdf58d590b9d6a20f3fe91f078548c4f381cb4d883d4,injector_and_evaluator_only
human_gold_000030,h_8d5ab639cef42d63,h_952143415acccc46,data\annotations\formal300\evidence_annotation_a.csv,29444c9e1bc92d6197a44762cae7d941f5e8eb6e4da1e337c384b1c1a141a812,injector_and_evaluator_only
human_gold_000031,h_8d5ab639cef42d63,h_50d1543e41eed3d9,data\annotations\formal300\evidence_annotation_a.csv,a0953c40888582aad6f57e2fcc5440be96f94e4522cb50bd8cf9eadb9334285e,injector_and_evaluator_only
human_gold_000032,h_c0e319b715d02b78,h_b418bca7f4b6783a,data\annotations\formal300\evidence_annotation_a.csv,f00864fce8697c130f50315f7bae1ac8eb8533161b57227f1b5a8b01f29bb4ec,injector_and_evaluator_only
human_gold_000033,h_c0e319b715d02b78,h_0ddc7e377ff8858b,data\annotations\formal300\evidence_annotation_a.csv,ce9abc163368c92edeb0f043c4015721334802f593497c820d2198dba978d9f6,injector_and_evaluator_only
human_gold_000034,h_c0e319b715d02b78,h_adf897f803e13cc7,data\annotations\formal300\evidence_annotation_a.csv,c60a75bb1a3e581017ce9d1fd476a6e399c33cf64578277c420bff5980c83aca,injector_and_evaluator_only
human_gold_000035,h_c0e319b715d02b78,h_d61ada1317e53418,data\annotations\formal300\evidence_annotation_a.csv,3ffa5eb8490bd2537b886af3bfd8d6d0d673462fa440ea4a79a9ec0bfd23914b,injector_and_evaluator_only
human_gold_000036,h_c0e319b715d02b78,h_a4e3b1e1a1b0b316,data\annotations\formal300\evidence_annotation_a.csv,6183131e9006c637e2fcb43bcac7f81902a885a41d2d5a6dfe3841a965a9443f,injector_and_evaluator_only
human_gold_000037,h_f1f5f9c0f44f145b,h_1048101064e0ae6a,data\annotations\formal300\evidence_annotation_a.csv,33ec4b7303829264a482175e9d5adc6dec86144e5af4f6f1204a3870c35dbd8e,injector_and_evaluator_only
human_gold_000038,h_719c5c51f4baac58,h_e1b1bc03f434f99b,data\annotations\formal300\evidence_annotation_a.csv,a00ac25af00c6d5fe95df84c27aab31f63994ba715adb85ecee6b89b685adbea,injector_and_evaluator_only
human_gold_000039,h_719c5c51f4baac58,h_05ef1c977ee4424c,data\annotations\formal300\evidence_annotation_a.csv,f0aef5588c7590e825d8d741f1db3fa7c54cce99681915f43c2b4934b6650ee3,injector_and_evaluator_only
human_gold_000040,h_f5c59643f1640f52,h_a4ac893167f31e13,data\annotations\formal300\evidence_annotation_a.csv,e209afed4a4f88bd147b9b700ada34b5da1aaf35b64637893537e6462f0934e1,injector_and_evaluator_only
human_gold_000041,h_f5c59643f1640f52,h_62915b012fc4997d,data\annotations\formal300\evidence_annotation_a.csv,ef7a49c1412b8c64c1721f3b1a6e17dd5e7ff8f4caf3d4c93c8d4978427739c1,injector_and_evaluator_only
human_gold_000042,h_845043ca76aff3e9,h_af3dbd2af26d0916,data\annotations\formal300\evidence_annotation_a.csv,d0be508cd19a77ba1b09140ec38b7eefa7fc7e8f86c90715d0c85138b529644f,injector_and_evaluator_only
human_gold_000043,h_1c9fa8ebc689c9d0,h_07636f2411b577ec,data\annotations\formal300\evidence_annotation_a.csv,ceea67537e6c166035718e2cfef24074d83e109b266eb601a8279691c65e4601,injector_and_evaluator_only
human_gold_000044,h_1c9fa8ebc689c9d0,h_6a85685243ff1618,data\annotations\formal300\evidence_annotation_a.csv,0dd323d41f783f5cfe82807289d48bc334e1d514006435649db1731fc10efe96,injector_and_evaluator_only
human_gold_000045,h_1c9fa8ebc689c9d0,h_44c683e4be8111dc,data\annotations\formal300\evidence_annotation_a.csv,dfb39cf669c558f4c7c435e67126714a6e4c35835ae9aada563400c587788ecf,injector_and_evaluator_only
human_gold_000046,h_1c9fa8ebc689c9d0,h_5afb54cd907d6005,data\annotations\formal300\evidence_annotation_a.csv,e62b7a2e226205236e1d89226dfaec924d487dde1ad8cb4f976295b6e437e6c2,injector_and_evaluator_only
human_gold_000047,h_1c9fa8ebc689c9d0,h_d6ae2ae1d5e5fc0c,data\annotations\formal300\evidence_annotation_a.csv,9ffb1e811141f620cdf6b6475a3c2a5276493691b606196efbbff624f5a152c0,injector_and_evaluator_only
human_gold_000048,h_1c9fa8ebc689c9d0,h_2d36b3b62e3583f2,data\annotations\formal300\evidence_annotation_a.csv,4a785d82b3f2e0a982c9c772db013da2d62003be019f3a728735f2839ec2b20d,injector_and_evaluator_only
human_gold_000049,h_1c9fa8ebc689c9d0,h_9805841a5132c6e7,data\annotations\formal300\evidence_annotation_a.csv,6184e88e386ac57718da9f7a29b6b4833abc7deb27de396cb07e348bd6e2546d,injector_and_evaluator_only
human_gold_000050,h_7ad82915249dfe9e,h_9b35d2b281e5d84a,data\annotations\formal300\evidence_annotation_a.csv,582ae654357e7fe0addd36de1b78cbd938c9c324fba0decbcc962ecf0bf1d1a8,injector_and_evaluator_only
human_gold_000051,h_7ad82915249dfe9e,h_6359d813cd164de8,data\annotations\formal300\evidence_annotation_a.csv,544159f8e33c371566e98f76bb957573870796ffe867d57485e691cb73f404ca,injector_and_evaluator_only
human_gold_000052,h_7ad82915249dfe9e,h_e0eec78c9148136f,data\annotations\formal300\evidence_annotation_a.csv,7976823c972d70507cb44678ad7cd6354ef7b0cc42c1f436464c533380dc4b1b,injector_and_evaluator_only
human_gold_000053,h_7ad82915249dfe9e,h_ef60db25398ef7e3,data\annotations\formal300\evidence_annotation_a.csv,b2d813118f62ee63936923eec18574906116a9707abc8257a946cbc09514aa05,injector_and_evaluator_only
human_gold_000054,h_085a74f610e725c9,h_ad53aa773214ef81,data\annotations\formal300\evidence_annotation_a.csv,5371038c71ac577f0239c4f56b0c7b8a3b0d549dcfaa35afceab7ac79e5f733b,injector_and_evaluator_only
human_gold_000055,h_b5e78128ae0ccf83,h_2ab664b5a8a3a87b,data\annotations\formal300\evidence_annotation_a.csv,20f25436f16d728799a7e49e24db8fe64edcc70a183809236cbfa105cb286ee4,injector_and_evaluator_only
human_gold_000056,h_b5e78128ae0ccf83,h_ba858910f0da22f5,data\annotations\formal300\evidence_annotation_a.csv,f8448d70e7ba3ce66cf6908e13ed1d6e20dd9965570168044ccb9574346e10bc,injector_and_evaluator_only
human_gold_000057,h_b5e78128ae0ccf83,h_ca9d2756c0ba9cdb,data\annotations\formal300\evidence_annotation_a.csv,2a9f809f945e16fd6ee9d8a1ff020483b1bcc6782593b0f6cc380753fd7146c4,injector_and_evaluator_only
human_gold_000058,h_b5e78128ae0ccf83,h_5b2f40dc6b905433,data\annotations\formal300\evidence_annotation_a.csv,a53d030f4b09952534cd7eb97e3e4405ab5c92dbec94f9c75a3d702769eb62c8,injector_and_evaluator_only
human_gold_000059,h_b5e78128ae0ccf83,h_4ed75bd97b621c7a,data\annotations\formal300\evidence_annotation_a.csv,3625f791e18ee6152ec137ac9039d3bd0d61f1aee575dfdffce2e9d1e55505ff,injector_and_evaluator_only
human_gold_000060,h_9e14977944920e9e,h_7f60a83e267126dd,data\annotations\formal300\evidence_annotation_a.csv,4d6b27fd5be26abf3ddec53736d79532c0a680c694f8291b94ac78eb6d65033a,injector_and_evaluator_only
human_gold_000061,h_9e14977944920e9e,h_a01dca53244e19ee,data\annotations\formal300\evidence_annotation_a.csv,50e13127a41b45e2169995032170c0d4d664039a3b44730de1e32cb3c6f80add,injector_and_evaluator_only
human_gold_000062,h_9e14977944920e9e,h_6acdd797b432fda0,data\annotations\formal300\evidence_annotation_a.csv,2a9e0aaea77b780fd3fdc324af3bff7f15d60073085bfa118383a8034e5ecee2,injector_and_evaluator_only
human_gold_000063,h_9e14977944920e9e,h_627b1063eebfb16e,data\annotations\formal300\evidence_annotation_a.csv,6cc73a3b343fff37ccccf56bbd0fe0f9ece07ff0e196d06dcc31649a6d54e484,injector_and_evaluator_only
human_gold_000064,h_eca58cdb96880d39,h_a8ea14917e53b06f,data\annotations\formal300\evidence_annotation_a.csv,dd703e8282f292c6bf139b71e0bf294cb5c35df2c0415deb5dd9d0a103a9e11e,injector_and_evaluator_only
human_gold_000065,h_eca58cdb96880d39,h_b5d2d4fa1ceb8758,data\annotations\formal300\evidence_annotation_a.csv,02ead09673d693ea326e33da803a40881afe4f2a9284ec771d00b9daed77d399,injector_and_evaluator_only
human_gold_000066,h_eca58cdb96880d39,h_1b210f4f532564ce,data\annotations\formal300\evidence_annotation_a.csv,55b634905d49260ab32cb81172b325dc791ff80cacd89efda59721ce0f921e35,injector_and_evaluator_only
human_gold_000067,h_eca58cdb96880d39,h_d107aa3868e21141,data\annotations\formal300\evidence_annotation_a.csv,011f0aebeb1cf2e97ecd268b274ee59762576b022bbb695a10e2e6ab1b8a1e5c,injector_and_evaluator_only
human_gold_000068,h_eca58cdb96880d39,h_3579e45d2b56e544,data\annotations\formal300\evidence_annotation_a.csv,8e2a6d1dcc3766f31f23a86aefa56df0f84fa31724c7cf41dbadc969fb648f20,injector_and_evaluator_only
human_gold_000069,h_eca58cdb96880d39,h_835291680006f657,data\annotations\formal300\evidence_annotation_a.csv,887f0ea8c1da1783de548fae42984d4e349856cdf24dfb202cf469bc766abc8e,injector_and_evaluator_only
human_gold_000070,h_1ffcfbd1fc2931b5,h_08a45ef6f528a848,data\annotations\formal300\evidence_annotation_a.csv,ea27e9ccbd28dedc6ce95608b4c73e7e59c0c06b37e36f1dc7784651072adfa0,injector_and_evaluator_only
human_gold_000071,h_1ffcfbd1fc2931b5,h_e6a9dff68bc12a76,data\annotations\formal300\evidence_annotation_a.csv,381f6bec883dd23da08920c34e2aa535c1f0e44203d30a10a80055e6c68285c7,injector_and_evaluator_only
human_gold_000072,h_1ffcfbd1fc2931b5,h_6359d813cd164de8,data\annotations\formal300\evidence_annotation_a.csv,ae117520d1529592ec4d9184de7c5393fd9eedd8121a635dd0ef868fec6db334,injector_and_evaluator_only
human_gold_000073,h_1ffcfbd1fc2931b5,h_bbeecc85e1b82c28,data\annotations\formal300\evidence_annotation_a.csv,33a34ecc5c1736d251b8b661a529792f2fa9c54df20a84adcd509487866e1257,injector_and_evaluator_only
human_gold_000074,h_1ffcfbd1fc2931b5,h_fc27d8b159be329e,data\annotations\formal300\evidence_annotation_a.csv,46ef2f1e33b605f243072b5d97f9bd24c361161198d92ff2c40a3eaf0a34c98d,injector_and_evaluator_only
human_gold_000075,h_1ffcfbd1fc2931b5,h_a0151bcccaff16ac,data\annotations\formal300\evidence_annotation_a.csv,17dc9690b4c5090702e52274616fe45d9c31dd6c78eb1a5cfb4c0cef9a27ea7e,injector_and_evaluator_only
human_gold_000076,h_1ffcfbd1fc2931b5,h_b5d2d4fa1ceb8758,data\annotations\formal300\evidence_annotation_a.csv,6598c57f6c6789ab5bb87d986c9556be28119498333b4405346b5bfc89a75a54,injector_and_evaluator_only
human_gold_000077,h_fa786c4511a68302,h_0061696cc37f106a,data\annotations\formal300\evidence_annotation_a.csv,026a98295b3a1aa5819d8c08d21bc766b84a6df2628beefd1453b3d3ff1e2ea8,injector_and_evaluator_only
human_gold_000078,h_fa786c4511a68302,h_6ac4de5eacf1c3f9,data\annotations\formal300\evidence_annotation_a.csv,89cff40ddb88f2ebee898b5c9f751ffad8eed1c426edcc8cac6007b70b469e22,injector_and_evaluator_only
human_gold_000079,h_fa786c4511a68302,h_5b2aca68a7c5b039,data\annotations\formal300\evidence_annotation_a.csv,23b5d63796462542c0161975bf33909000ea49e7c676dd81f92470531a12ce72,injector_and_evaluator_only
human_gold_000080,h_bfbbfb23b7934435,h_dfe014366dcb5241,data\annotations\formal300\evidence_annotation_a.csv,c39e53a7a60d610afca8f8d9a43baaa20f4b3d66e48a1eb169cefda836542c66,injector_and_evaluator_only
human_gold_000081,h_bfbbfb23b7934435,h_aaddd9c3ab4f0ee8,data\annotations\formal300\evidence_annotation_a.csv,9da13d4aab31673671253b2db2f20e658681e5b613b60f41f977ebf1095b3501,injector_and_evaluator_only
human_gold_000082,h_bfbbfb23b7934435,h_3da36bac0b135387,data\annotations\formal300\evidence_annotation_a.csv,a541ec2e73956191ef8b75811a05bb20a66fe2b4223c45ab31245ab4144b4306,injector_and_evaluator_only
human_gold_000083,h_bfbbfb23b7934435,h_f6ff4a34d811a96c,data\annotations\formal300\evidence_annotation_a.csv,765405bff8f56df313ceb91ec5e2ab7705bf0955e17abf6a2e951a97463714ff,injector_and_evaluator_only
human_gold_000084,h_bfbbfb23b7934435,h_ddfc70dbce8447ba,data\annotations\formal300\evidence_annotation_a.csv,7aa65b4d8228aa5bbf02339ad24c2ae7629ae415992d8ecb5d70549bd655d5cb,injector_and_evaluator_only
human_gold_000085,h_ddfdbe12e25a9300,h_4540877fc7a4edbc,data\annotations\formal300\evidence_annotation_a.csv,2befca79eb2aaf2624def571ef412ce1871006237cb5d8e8d082dfc92c691a5d,injector_and_evaluator_only
human_gold_000086,h_ddfdbe12e25a9300,h_d31afe80f2f58a35,data\annotations\formal300\evidence_annotation_a.csv,e8034d8aca0780c1dc022686840c871e20cda2b8094df5a3b8fa78ab96684cae,injector_and_evaluator_only
human_gold_000087,h_62360070902a8b05,h_ad53aa773214ef81,data\annotations\formal300\evidence_annotation_a.csv,f4b2c34fbae3acd74a822e97424e6836b4487a5aa294b2b09e5136fd2f54983c,injector_and_evaluator_only
human_gold_000088,h_33f1ef500ea1ca06,h_08a45ef6f528a848,data\annotations\formal300\evidence_annotation_a.csv,6755c987aad53d4e92893174513e12f5d757abc0cd8b7b0d8eb66eccf214dad4,injector_and_evaluator_only
human_gold_000089,h_33f1ef500ea1ca06,h_d8648b81b7dba12f,data\annotations\formal300\evidence_annotation_a.csv,5ba4ab3923361ae601e1fd9408831e8abbcb3f8dc7d42037de0626919e6d44f6,injector_and_evaluator_only
human_gold_000090,h_33f1ef500ea1ca06,h_f71f4c12de1b012e,data\annotations\formal300\evidence_annotation_a.csv,8311ff2544278510906f5bfa7b8481d9d607cbc13d5e6af69098e2f34511916a,injector_and_evaluator_only
human_gold_000091,h_33f1ef500ea1ca06,h_fc27d8b159be329e,data\annotations\formal300\evidence_annotation_a.csv,9284de853860dc6a91502ca85262d8c62de0f2bb4431d9794f00dfe2932c10f1,injector_and_evaluator_only
human_gold_000092,h_33f1ef500ea1ca06,h_0b507009863037ed,data\annotations\formal300\evidence_annotation_a.csv,bdda9283905728a4b3605697f2edfff8f25e2f3904ee829d49b0ccbabb92c47e,injector_and_evaluator_only
human_gold_000093,h_33f1ef500ea1ca06,h_5c8823a75fbf4c64,data\annotations\formal300\evidence_annotation_a.csv,5b8ebacde2792ac180ab9260afb5bf6966a45904411784abaf58cc85d96919c5,injector_and_evaluator_only
human_gold_000094,h_a4c6cc2d0344dbf8,h_160d11939601a5d7,data\annotations\formal300\evidence_annotation_a.csv,7a2fd4af8afa41ee45785abd376ba8de37862b475d6f45c99a7df83617810528,injector_and_evaluator_only
human_gold_000095,h_a4c6cc2d0344dbf8,h_8df4fa1ff350237b,data\annotations\formal300\evidence_annotation_a.csv,b5bd66507ce746d0c7977920e60e212b954d97403b87967b7cefb01d5ecc0d18,injector_and_evaluator_only
human_gold_000096,h_09d7a1a61baf6400,h_ba64f495e4a7270d,data\annotations\formal300\evidence_annotation_a.csv,934570f5f406b69e09b6db0761f4ad8a367061c319e674d0503a997468cbe30b,injector_and_evaluator_only
human_gold_000097,h_11ebeb1cd1844431,h_a6b2500c5887f804,data\annotations\formal300\evidence_annotation_a.csv,b349881d3012de11db068da7311628649afc9c3f6482c5c97b4a9bcbd899b478,injector_and_evaluator_only
human_gold_000098,h_11ebeb1cd1844431,h_7dcfb2f56b8df187,data\annotations\formal300\evidence_annotation_a.csv,4657166eb5ed804730f21b5048eae51789bfac461e2444145da9db177c0d0375,injector_and_evaluator_only
human_gold_000099,h_11ebeb1cd1844431,h_a01dca53244e19ee,data\annotations\formal300\evidence_annotation_a.csv,4745c361c7d3cfbdacb390b01d9cb15e11a9cbb884b3c55b0cb61af1aef07a60,injector_and_evaluator_only
human_gold_000100,h_11ebeb1cd1844431,h_5cd669c3cbd57b89,data\annotations\formal300\evidence_annotation_a.csv,e2833f66d5ad94cd99e0dd366e17ef92479f02d12aa101a2913a14f7c58761f5,injector_and_evaluator_only
human_gold_000101,h_64df7ab607fe8acf,h_7aa0f0e8112203d3,data\annotations\formal300\evidence_annotation_a.csv,f444b744a134ea410a1f68f99b9e41e8c9929d90ee8d05f2b58c6d742351cfb1,injector_and_evaluator_only
human_gold_000102,h_64df7ab607fe8acf,h_16f710e5ffcbd510,data\annotations\formal300\evidence_annotation_a.csv,0bfca70ac691a8228fa0aaffdd172395e948991afce7a106d025bab8fd3c1313,injector_and_evaluator_only
human_gold_000103,h_64df7ab607fe8acf,h_7d21b0985a393f1e,data\annotations\formal300\evidence_annotation_a.csv,a31c1d5af6f4733d380700bff8fbb5207f7a4cf82b9b52ea6ad98a9a2ddb5dc9,injector_and_evaluator_only
human_gold_000104,h_64df7ab607fe8acf,h_cf2160fb2d84f405,data\annotations\formal300\evidence_annotation_a.csv,2cf2729c5412469cea0f6b8bfcd8f061d27b473a9af6c1ad876a3b2a691acd5f,injector_and_evaluator_only
human_gold_000105,h_64df7ab607fe8acf,h_01d9ea25737f9f7c,data\annotations\formal300\evidence_annotation_a.csv,c4804618908b29abebe07eacef0e153506330d044d257ef0b8c8b96fcaab5218,injector_and_evaluator_only
human_gold_000106,h_398e6ce1bad671e5,h_76f327442a224481,data\annotations\formal300\evidence_annotation_a.csv,ba865884f6447597631b08ad974ebf27b457c611baf7e3e0531f955553ac0eb8,injector_and_evaluator_only
human_gold_000107,h_f0cbd354c935e74a,h_19da8a921691edfc,data\annotations\formal300\evidence_annotation_a.csv,5ff49de0666403888d4f70673241d655d763113a2c5845f8c274e7e8f37df3b6,injector_and_evaluator_only
human_gold_000108,h_1f68c38ac889e5dc,h_2a2c92642720c398,data\annotations\formal300\evidence_annotation_a.csv,7be2d9c2e80610d4c973f4abb7d51d6a7449f67ad772679de73acf33ac654ea6,injector_and_evaluator_only
human_gold_000109,h_1f68c38ac889e5dc,h_32108e4f14a51886,data\annotations\formal300\evidence_annotation_a.csv,9817440e19eff0b9ebca34785703d1537b6eb3d1cc24fb2896fcdbf6cf6c143c,injector_and_evaluator_only
human_gold_000110,h_1f68c38ac889e5dc,h_e80d12368a77b352,data\annotations\formal300\evidence_annotation_a.csv,8212cfcc9f28471518a379541400b8e2d16d5cbce2715295abc38bcddb74fb86,injector_and_evaluator_only
human_gold_000111,h_1f68c38ac889e5dc,h_6e30b5cba5b3d8b6,data\annotations\formal300\evidence_annotation_a.csv,3ec54bb3499996be81b05e6be93e2ee8b61aa3cae16206eb664973b7930d9914,injector_and_evaluator_only
human_gold_000112,h_6766d10184784c3d,h_f22cf42be43d1185,data\annotations\formal300\evidence_annotation_a.csv,ae9f31f6e4e5e7f563a0fcbc54473114deae9f462c2b2f08c5a347df537fea12,injector_and_evaluator_only
human_gold_000113,h_6766d10184784c3d,h_9c876164e4d7ba09,data\annotations\formal300\evidence_annotation_a.csv,7cee83a6bde2d1097e360d7edbfa9c3338ba004b35b157c6166104412acf4bb1,injector_and_evaluator_only
human_gold_000114,h_6766d10184784c3d,h_243030ce03f4bbcc,data\annotations\formal300\evidence_annotation_a.csv,2cdcbcd49013d944c5b0ab5d4eae0ca11a2c6508bc871822bb501c073bd5f26f,injector_and_evaluator_only
human_gold_000115,h_6766d10184784c3d,h_4390fc60eee3b48f,data\annotations\formal300\evidence_annotation_a.csv,c4d6c7c333966b213bbfc4c08c15660b1d0c32e3486fa638dd7c146e538dac67,injector_and_evaluator_only
human_gold_000116,h_6766d10184784c3d,h_b5d10886e44d3ca0,data\annotations\formal300\evidence_annotation_a.csv,84f5b5f93a985309fefbd62198e35991fcd7c1f4746007aab3f4b04250705eda,injector_and_evaluator_only
human_gold_000117,h_6766d10184784c3d,h_b809a77fbe3f08dc,data\annotations\formal300\evidence_annotation_a.csv,02c79376665eca9d58b6337b5234a541c517a27f908284072593648e8515078e,injector_and_evaluator_only
human_gold_000118,h_6766d10184784c3d,h_b7a5b1d80795708d,data\annotations\formal300\evidence_annotation_a.csv,7e058a46a3dff3627406f7628057092133fa4cd05865dcd65c1ffd8f6a57dad3,injector_and_evaluator_only
human_gold_000119,h_6766d10184784c3d,h_d7f050726a88cca7,data\annotations\formal300\evidence_annotation_a.csv,40d611974604f751bf3965b8d51ddc2fa69d8064775a80195d91c5c156dee546,injector_and_evaluator_only
human_gold_000120,h_9befda9ad38e976f,h_f9751af4c3b85a4a,data\annotations\formal300\evidence_annotation_a.csv,83a6e6929216ff3f2a4e612c0ef9f4b5c5a95e7cfc437d8229561134d61c1890,injector_and_evaluator_only
human_gold_000121,h_9befda9ad38e976f,h_e19554d21fc9750b,data\annotations\formal300\evidence_annotation_a.csv,44424cc1d1b1444d7887c58348f2825c9453bfba128f1b0db4a472f41722ec3e,injector_and_evaluator_only
human_gold_000122,h_9befda9ad38e976f,h_d0f8ff011c0217cb,data\annotations\formal300\evidence_annotation_a.csv,61ea94140dcb151749f3a308bff70bbb44a2cb54a9db877a18f18c14e08ab216,injector_and_evaluator_only
human_gold_000123,h_34312358fa45770d,h_9df79e1a4da0fdde,data\annotations\formal300\evidence_annotation_a.csv,1725658b0d76542fa6ac738a815da0d16cd29cfab8c51384ec8e11e565398e7d,injector_and_evaluator_only
human_gold_000124,h_34312358fa45770d,h_74bd0416c3067325,data\annotations\formal300\evidence_annotation_a.csv,430f65b63e1c445853bc7ae665a4fc6b8d356fc04f0e1e96ba6dba2aae8727ee,injector_and_evaluator_only
human_gold_000125,h_34312358fa45770d,h_dc136ca8b58e5fef,data\annotations\formal300\evidence_annotation_a.csv,8845a39d1d544583cb91dc2e229a943ac66a490932d13c0cbff7f427c5ec7311,injector_and_evaluator_only
human_gold_000126,h_34312358fa45770d,h_909e364e090ba8b5,data\annotations\formal300\evidence_annotation_a.csv,da00074e84ff4d7be8f6c86a7f12226d0ab49105c00492249d7ee36716e8c9ef,injector_and_evaluator_only
human_gold_000127,h_34312358fa45770d,h_7353be495692f75d,data\annotations\formal300\evidence_annotation_a.csv,a24e29b11730820ef4dd3cd2d2fdf5a20a1857f63d37d745f7da2a649782aee2,injector_and_evaluator_only
human_gold_000128,h_93f52c898e7493f0,h_8bfc1d9d646dea71,data\annotations\formal300\evidence_annotation_a.csv,cccc6ad1bb13b06243410c2de8d654a4f6841d90d22557d413115928e8fd6f14,injector_and_evaluator_only
human_gold_000129,h_93f52c898e7493f0,h_a08b80eedb2bb00a,data\annotations\formal300\evidence_annotation_a.csv,203722a2589aef272726e85e057e232b8e81a9462f8f365e194b5560cb6670b4,injector_and_evaluator_only
human_gold_000130,h_93f52c898e7493f0,h_64fd5afd22a26ecd,data\annotations\formal300\evidence_annotation_a.csv,93c154cfc7f8a5ac9010025a5c76f85f43afe03093ad338948d6cac057705e42,injector_and_evaluator_only
human_gold_000131,h_93f52c898e7493f0,h_e087f6e52aa7cccb,data\annotations\formal300\evidence_annotation_a.csv,b9ebb867c654ef2b567e61ad57c212da84f6add9ca9031c087e0bd3f0fc79084,injector_and_evaluator_only
human_gold_000132,h_93f52c898e7493f0,h_58e357d8712f7679,data\annotations\formal300\evidence_annotation_a.csv,90296fe497e7337eef179b580ecda430c24eb0357b7baf31e5cf0e6cd8750ff1,injector_and_evaluator_only
human_gold_000133,h_93f52c898e7493f0,h_341787069849a216,data\annotations\formal300\evidence_annotation_a.csv,f48b80c08bdf8c9c5baf2de76e278100b6b305d4b7d9da6454742fc9798745bf,injector_and_evaluator_only
human_gold_000134,h_4fc5ac2fb34513ab,h_54962786464c5333,data\annotations\formal300\evidence_annotation_a.csv,5cefba12f08e915802dde3e94743a59c0e01ec9edd8be920c90a26018fea6f6d,injector_and_evaluator_only
human_gold_000135,h_35f315394f1454ca,h_2e6c6401966ad05c,data\annotations\formal300\evidence_annotation_a.csv,2714cb5955558c732592e4ee32efe395b92376837df12c38ea594cefe521e98e,injector_and_evaluator_only
human_gold_000136,h_35f315394f1454ca,h_6ea13bb1c0cbe3e9,data\annotations\formal300\evidence_annotation_a.csv,2eb8a206b63ad873282d320e44a85a8332b809a47927aace795652408c4fdf91,injector_and_evaluator_only
human_gold_000137,h_35f315394f1454ca,h_8f7de22a0673cb71,data\annotations\formal300\evidence_annotation_a.csv,a35470ea512c3a9f5315554d70538a081945d38e5dc8260811d6f13fff958d3e,injector_and_evaluator_only
human_gold_000138,h_35f315394f1454ca,h_d8374537214380bd,data\annotations\formal300\evidence_annotation_a.csv,3ee4235988ed6057cc6261d4ca0f8501122fa6fceac958c1b9222cae67e2f5cd,injector_and_evaluator_only
human_gold_000139,h_35f315394f1454ca,h_9628bf07115d1fc2,data\annotations\formal300\evidence_annotation_a.csv,94ad84e683005116507888eef98e57a7e8abab01651af4d183cf17b5f1ea6886,injector_and_evaluator_only
human_gold_000140,h_35f315394f1454ca,h_ea897e3f7d081145,data\annotations\formal300\evidence_annotation_a.csv,f3fbfe459c12f7dec1997e2d87bf77235ab0cb09f0b27b5816b61db82dff8b56,injector_and_evaluator_only
human_gold_000141,h_35f315394f1454ca,h_0c2c511b5d194071,data\annotations\formal300\evidence_annotation_a.csv,760212e1518cba316f7ad43d017ae9f7ea9f6c38d9a4ea9ba199184bf1dffb6b,injector_and_evaluator_only
human_gold_000142,h_e0cef060477eddb6,h_368c2e5118a29269,data\annotations\formal300\evidence_annotation_a.csv,fc7802f15d5b63b61d195c426a52d8ac6388ccd02d0fa4ca9b97759f1d573d50,injector_and_evaluator_only
human_gold_000143,h_8e44f9c054a263eb,h_4eee78e21eb5d47e,data\annotations\formal300\evidence_annotation_a.csv,9e0f951406c29d2478cb8ec3439fd74287bb5dad53b38c06972e1c0fb8cec2de,injector_and_evaluator_only
human_gold_000144,h_8e44f9c054a263eb,h_eb515ed130476085,data\annotations\formal300\evidence_annotation_a.csv,fa400c0a8344f45f5fb8bc2b5d3df561fd42ae2dc3497ae380cefcf09a2d44c0,injector_and_evaluator_only
human_gold_000145,h_8e44f9c054a263eb,h_81cb3f43703003c1,data\annotations\formal300\evidence_annotation_a.csv,33c9ddcd8d8495e4ad246b8b8693110f7dcc27a25ec142fada05a703decc3c05,injector_and_evaluator_only
human_gold_000146,h_2f1e548763c998c1,h_fb239d74a840e976,data\annotations\formal300\evidence_annotation_a.csv,877f090e2d370ef39b045cecbd76f1f335704bfe04eba9f179b47b0d51c971b6,injector_and_evaluator_only
human_gold_000147,h_2f1e548763c998c1,h_e421d602bbf5c7aa,data\annotations\formal300\evidence_annotation_a.csv,d331637c51854d0b61273803edcc5e88a8e712fa8e02436bc4ae5a7b9a7659ff,injector_and_evaluator_only
human_gold_000148,h_75fdda66ae83cf1a,h_9df79e1a4da0fdde,data\annotations\formal300\evidence_annotation_a.csv,0fdf6ec565388bbda850108dcf4c1057a69a794f791e1835732e8d289a45731c,injector_and_evaluator_only
human_gold_000149,h_75fdda66ae83cf1a,h_613c0067a8031afc,data\annotations\formal300\evidence_annotation_a.csv,d75f9353ee8bb92bdf89c274b9d8521284e99ae4e0b110cf733a5f77faff05a3,injector_and_evaluator_only
human_gold_000150,h_76d7785d81f9d4d6,h_4f0d9dcf1da662f6,data\annotations\formal300\evidence_annotation_a.csv,086c0286eef1d08493c0d283b089bff301d0379282206752436a8463b939447b,injector_and_evaluator_only
human_gold_000151,h_76d7785d81f9d4d6,h_7d885ed59c90f052,data\annotations\formal300\evidence_annotation_a.csv,a5d2b32fa20338a52e9c94f46506e56a96794d112b7e173346680b7298eda588,injector_and_evaluator_only
human_gold_000152,h_4443ef6128bcdd6a,h_5f346670f20b7968,data\annotations\formal300\evidence_annotation_a.csv,55efe6fb6985935138be1644c57bc97bacb285dc3b59acbe1819e7e162ef9d09,injector_and_evaluator_only
human_gold_000153,h_4443ef6128bcdd6a,h_b865d31129bd651a,data\annotations\formal300\evidence_annotation_a.csv,72a7975f65fdbeacdadab98461d7fb41439b49c4c06f7f8e5098d94bd1a2501a,injector_and_evaluator_only
human_gold_000154,h_4443ef6128bcdd6a,h_c5c15c979061cd01,data\annotations\formal300\evidence_annotation_a.csv,97520f3115336f7029ecaf4a3d9d29848c8108558afb5bbb04c7a388e3eb32d3,injector_and_evaluator_only
human_gold_000155,h_4443ef6128bcdd6a,h_e69529312fa278c1,data\annotations\formal300\evidence_annotation_a.csv,52fbd0bd40f72aa06ba066fe6bfafa5248cdb1f3d866efbef3ac1c9882db74a8,injector_and_evaluator_only
human_gold_000156,h_4443ef6128bcdd6a,h_fe41d60414278c24,data\annotations\formal300\evidence_annotation_a.csv,33f9bb61ebcacfdb8fc0c68bd4f3298188e0cf6e3a7d6ac9c05354abaaae54e7,injector_and_evaluator_only
human_gold_000157,h_4443ef6128bcdd6a,h_9675408d736f44bb,data\annotations\formal300\evidence_annotation_a.csv,e3afde367250ce350d72569c930a2bd512be1bfb23d317ad2ab6edc8815646fd,injector_and_evaluator_only
human_gold_000158,h_4443ef6128bcdd6a,h_eee86455961e7667,data\annotations\formal300\evidence_annotation_a.csv,0ac60234df049554653b09408e5c00083a1fd92b519494c6b619129123329acd,injector_and_evaluator_only
human_gold_000159,h_94a854a9b2a13918,h_96df7c8ab7c0dc85,data\annotations\formal300\evidence_annotation_a.csv,b622c6eb0e8ec0950cc4f1236aff6c1d29ca3561c1324b650ddf051bcb08676f,injector_and_evaluator_only
human_gold_000160,h_94a854a9b2a13918,h_7812ee6d397fae37,data\annotations\formal300\evidence_annotation_a.csv,d921e3990a9c62daea409a13a5730d3f3b39e1d2315587459fed24a0885182c6,injector_and_evaluator_only
human_gold_000161,h_94a854a9b2a13918,h_9461431649f3ead2,data\annotations\formal300\evidence_annotation_a.csv,4dfc1aad9508c911bbeb59509b3caaf213d5c99ce43b7e2950c0ec28d7ad43eb,injector_and_evaluator_only
human_gold_000162,h_94a854a9b2a13918,h_4771290d3e74726e,data\annotations\formal300\evidence_annotation_a.csv,b109903c7dfd2bed23fbf7c0234ab613d84483210eba338f2e418330dba09e3e,injector_and_evaluator_only
human_gold_000163,h_94a854a9b2a13918,h_dfb453b66b9365e0,data\annotations\formal300\evidence_annotation_a.csv,2a8f4862c5faecc50cb619f9f266f25644e6c91bbb74645f1ad10be7ab846c7c,injector_and_evaluator_only
human_gold_000164,h_94a854a9b2a13918,h_17d591267345c4f3,data\annotations\formal300\evidence_annotation_a.csv,b5774d91071c7e2a3c5d26e513ec4d935df5e2de2c17ad96e09416958b59cb3d,injector_and_evaluator_only
human_gold_000165,h_2faf0130d11cda85,h_9ad6600480d49a5a,data\annotations\formal300\evidence_annotation_a.csv,4c2e4e370c9be67410fdec0440668067817097bb33bff94144f2d537e92875bf,injector_and_evaluator_only
human_gold_000166,h_2faf0130d11cda85,h_fb239d74a840e976,data\annotations\formal300\evidence_annotation_a.csv,da3e5dc7647ace9fdef7315d9257c1920b89dad7b87901643a036d5b71a1d616,injector_and_evaluator_only
human_gold_000167,h_71845850351421e5,h_9df79e1a4da0fdde,data\annotations\formal300\evidence_annotation_a.csv,bf2e98589474f8c77e9b8490445fb4e334d0adf41355d846d5d505f3af8a03ef,injector_and_evaluator_only
human_gold_000168,h_71845850351421e5,h_f590b4d7d1b3dfbe,data\annotations\formal300\evidence_annotation_a.csv,563b61c1d028e174200f31c74248fbf9d53b3411bb028768baacdd09a4e0091d,injector_and_evaluator_only
human_gold_000169,h_71845850351421e5,h_cd79cc8d5d8bbc76,data\annotations\formal300\evidence_annotation_a.csv,f215d734581526c4a51ee895d20714677ea8ac8983f665b240b463e9e6a4f995,injector_and_evaluator_only
human_gold_000170,h_71845850351421e5,h_bbeecc85e1b82c28,data\annotations\formal300\evidence_annotation_a.csv,df35581d070ecd0bde7730506a137bf01365c298ea08f0afa26836b9f9d96c09,injector_and_evaluator_only
human_gold_000171,h_71845850351421e5,h_c1bf88ea249c4b5a,data\annotations\formal300\evidence_annotation_a.csv,58f8c3b65ac8f1c322c46a60877fdc9d477df6876302b6170c0c3b51550fe818,injector_and_evaluator_only
human_gold_000172,h_964afc20a1d837fe,h_a4f42bd3fba0b3d5,data\annotations\formal300\evidence_annotation_a.csv,59d0c0bf8177f422cd0a851860cea366017ccd06062f4a9fd55eb71240b1db8c,injector_and_evaluator_only
human_gold_000173,h_964afc20a1d837fe,h_fbd69840a99c562f,data\annotations\formal300\evidence_annotation_a.csv,009a1740bab7a1df00f56892c791b89a947c05707a22de83fc5c967339a9d815,injector_and_evaluator_only
human_gold_000174,h_964afc20a1d837fe,h_a29c8074d82a8e45,data\annotations\formal300\evidence_annotation_a.csv,998fc8c5185d303470a49ebef914bc42b5e663b9d923da9c4ac73a15ac6f58aa,injector_and_evaluator_only
human_gold_000175,h_7a9d3d4163ea6d74,h_f9751af4c3b85a4a,data\annotations\formal300\evidence_annotation_a.csv,752cd0e3ca5278c144d787a1ad26aa55a31ee4c030f1e776d0f3d83c5b756c0e,injector_and_evaluator_only
human_gold_000176,h_7a9d3d4163ea6d74,h_498fcb9b5c9ed023,data\annotations\formal300\evidence_annotation_a.csv,1030331f14aaad98755752c8370dbf6527393671721941df8b6aa733c0e0b9e3,injector_and_evaluator_only
human_gold_000177,h_7a9d3d4163ea6d74,h_986a4d558af91ca7,data\annotations\formal300\evidence_annotation_a.csv,ef5b190f475431afaf353c87015a769738f2f5b989f4e6ef142f81c0ee409481,injector_and_evaluator_only
human_gold_000178,h_7a9d3d4163ea6d74,h_99eff632a603bf77,data\annotations\formal300\evidence_annotation_a.csv,1d98e55dace858995451ca6550e661a4ba64a9bd373da017a19209350fa71a77,injector_and_evaluator_only
human_gold_000179,h_f09012a393b7b5be,h_17a26920b3bb1406,data\annotations\formal300\evidence_annotation_a.csv,60c661975977e3fe4cfed60da869d71698a4b84ee0fb1ede4666a453a467fa42,injector_and_evaluator_only
human_gold_000180,h_dc2e6dcc378dc471,h_514e5cf7faa4d024,data\annotations\formal300\evidence_annotation_a.csv,fcbf575cde8cae42ba670a5068d33566a464db7f37f21f35aacf2e17a0561661,injector_and_evaluator_only
human_gold_000181,h_93ced938e855f50c,h_60d02a483863750b,data\annotations\formal300\evidence_annotation_a.csv,4ed32b829d1ffefd3ffb23b04881a1f3707818e6982c8118543e045353915cfe,injector_and_evaluator_only
human_gold_000182,h_93ced938e855f50c,h_26fd27e21618bfa7,data\annotations\formal300\evidence_annotation_a.csv,d0ba03dc4b37d04c63726e3ad89da213b32e690fad5fa89b040db2902382694f,injector_and_evaluator_only
human_gold_000183,h_93ced938e855f50c,h_f07bfe5ed4fd6666,data\annotations\formal300\evidence_annotation_a.csv,d79f9750b8e83057aec1bded180d25a9365998f2216b2c61963514e7626bf20b,injector_and_evaluator_only
human_gold_000184,h_93ced938e855f50c,h_b96bff42d470157a,data\annotations\formal300\evidence_annotation_a.csv,a9ddc4ff7494f3076fca8d100efe68e14a3f292a2369d45c683398115dce74ec,injector_and_evaluator_only
human_gold_000185,h_0306d12b3af54920,h_6b0ca78c0b305d69,data\annotations\formal300\evidence_annotation_a.csv,7891a3ca4b3fd863e3e497fb0ced329bb364d212558067a1a6dd383b640154ca,injector_and_evaluator_only
human_gold_000186,h_b9cc58a31d8e18f6,h_89134d989146d5b4,data\annotations\formal300\evidence_annotation_a.csv,357f1c860d97baf7b42bf57e3cc34739b3e743cef8d291bdcca7fc2aeda31375,injector_and_evaluator_only
human_gold_000187,h_b9cc58a31d8e18f6,h_e3ebc7e046e20b77,data\annotations\formal300\evidence_annotation_a.csv,1555643220a4d27446fd891497a1767f4f6926c7aa2888f18e93f436092265f3,injector_and_evaluator_only
human_gold_000188,h_b9cc58a31d8e18f6,h_151b147bec147238,data\annotations\formal300\evidence_annotation_a.csv,11eabe05e4ffe1f52a9fc841766d393a7686149319d17fbc452a8b3b5e6a0e28,injector_and_evaluator_only
human_gold_000189,h_0a84731d9c9f375b,h_4d6fb3ef619508e5,data\annotations\formal300\evidence_annotation_a.csv,7e7565a0e26df618d76ad72240dd85f3f8848e56652e229e3413791f82d914ed,injector_and_evaluator_only
human_gold_000190,h_0a84731d9c9f375b,h_9c9583d7332bf844,data\annotations\formal300\evidence_annotation_a.csv,9366d6f031d637bf672bb914d2eb89c8267c0a434a32e7eb08a604e5ee963e2a,injector_and_evaluator_only
human_gold_000191,h_99dba1861fd444da,h_68275441f70f7ee1,data\annotations\formal300\evidence_annotation_a.csv,dd0f7648c68be504d1c60605f015fd853ac8aac6967ccfd868ab523c8ce94683,injector_and_evaluator_only
human_gold_000192,h_3bac2a1e915e2cf6,h_80096a3214e634db,data\annotations\formal300\evidence_annotation_a.csv,14f1986aad9ba7d5aa2a8bf902c6d5b5df6cc74dc07372690d3cbc176ba33a3c,injector_and_evaluator_only
human_gold_000193,h_82ded7f1fee543c4,h_b9370f75a1f6a0bb,data\annotations\formal300\evidence_annotation_a.csv,e62ab0ff84389d7716d2564847fef97211483c616145027985555511bfd24d92,injector_and_evaluator_only
human_gold_000194,h_8d064650f444c465,h_415802a72250efc0,data\annotations\formal300\evidence_annotation_a.csv,f823f9fabee7178823c799a771b674591e78da63b156fe50d26a56f5c7873aba,injector_and_evaluator_only
human_gold_000195,h_96c0a24fe612e67c,h_3db6e13b528558af,data\annotations\formal300\evidence_annotation_a.csv,624adbd69c32e66eda4421d78d330de95673febfd1d4d3ffb9636a98df4a8fe6,injector_and_evaluator_only
human_gold_000196,h_96c0a24fe612e67c,h_2ff66e3bdbc15ac2,data\annotations\formal300\evidence_annotation_a.csv,c0f5931f9c6ea62b95bc90aaeaafc8c37d234b9aecbff1871d28a6f4e5879534,injector_and_evaluator_only
human_gold_000197,h_96c0a24fe612e67c,h_041faa1616f172c0,data\annotations\formal300\evidence_annotation_a.csv,6f5a64ade2122a148caea15bc56b793ceb0c305c0797d4c48d09010ab4c2e57c,injector_and_evaluator_only
human_gold_000198,h_96c0a24fe612e67c,h_8ac700ba9f5a6196,data\annotations\formal300\evidence_annotation_a.csv,497b4a5db8df0a175992877fa774d2d7680b961917f0044619055fbb393bfb94,injector_and_evaluator_only
human_gold_000199,h_a7e7ea99fe6041d0,h_a08b80eedb2bb00a,data\annotations\formal300\evidence_annotation_a.csv,cc730e648ba407c75d495ad37c702bde84128a61723746d108c7053ca101cfa5,injector_and_evaluator_only
human_gold_000200,h_a7e7ea99fe6041d0,h_62e999208e4fcadb,data\annotations\formal300\evidence_annotation_a.csv,43a66a680985b3f7463363bb35dad587661f07fcc9ce912307db1190d992288b,injector_and_evaluator_only
human_gold_000201,h_a7e7ea99fe6041d0,h_93915980a37df512,data\annotations\formal300\evidence_annotation_a.csv,f96c4845596d861ec45231a1f16891744c4364166e06c7862de380100790f6be,injector_and_evaluator_only
human_gold_000202,h_a7e7ea99fe6041d0,h_cf397e0698e1805f,data\annotations\formal300\evidence_annotation_a.csv,b14b3a0fb48a066960ec6060db50025328f3a89c161d34d5f89fee6f8156c39e,injector_and_evaluator_only
human_gold_000203,h_a7e7ea99fe6041d0,h_4712c4f61f4a0193,data\annotations\formal300\evidence_annotation_a.csv,613de8bddaa26fab1b1f008c060577a86fee97c331ea49316437dd5341a15f9c,injector_and_evaluator_only
human_gold_000204,h_c8d42efbd8b87fbf,h_915cb0744040b1df,data\annotations\formal300\evidence_annotation_a.csv,a4555d042f66e4e3b2801e12372279acc9cbfc974df5562820255ac93669f7f0,injector_and_evaluator_only
human_gold_000205,h_c8d42efbd8b87fbf,h_addbd2bc5f4afcff,data\annotations\formal300\evidence_annotation_a.csv,c847399f595026f863f7850dd3fbcffd154b540ecf45476c51ee5f59f4213f26,injector_and_evaluator_only
human_gold_000206,h_c8d42efbd8b87fbf,h_c968978835aa46d1,data\annotations\formal300\evidence_annotation_a.csv,423db2119a0906183db5787c2c5241a8df51cc498f0c95884651a5b8f349900d,injector_and_evaluator_only
human_gold_000207,h_c8d42efbd8b87fbf,h_08a45ef6f528a848,data\annotations\formal300\evidence_annotation_a.csv,6ede3908df4361238caa84dcb07fef2525a7ae82995a98c63a784b6f60e21676,injector_and_evaluator_only
human_gold_000208,h_c8d42efbd8b87fbf,h_32c7a28ec008c2e0,data\annotations\formal300\evidence_annotation_a.csv,ea446d408f79d9db92e90d199474c7e7196e2f6388ec5f50211da64d285e1975,injector_and_evaluator_only
human_gold_000209,h_3b859581fd395a81,h_3da514cd1b3a1c4e,data\annotations\formal300\evidence_annotation_a.csv,cc209ab27ecd95ed7e9228aceb6bee61e5e2b1bdea08389b208b60832697cd0b,injector_and_evaluator_only
human_gold_000210,h_3b859581fd395a81,h_e1263c1b5373b337,data\annotations\formal300\evidence_annotation_a.csv,50c4c85880b623aceb4599a031bea289d9e0e31f9436fbf1afc785d860cf4312,injector_and_evaluator_only
human_gold_000211,h_3b859581fd395a81,h_ead06ff34c8f04a0,data\annotations\formal300\evidence_annotation_a.csv,e6387766e643a4256d9615508bd4f43b2098ac709be6960f0f431c702330dbb5,injector_and_evaluator_only
human_gold_000212,h_3b859581fd395a81,h_66da5b8ff62628f8,data\annotations\formal300\evidence_annotation_a.csv,e7fd2d3a25854ed048380041a83167a71a4cf7b6e7f629df9cfe9de86dc02e8a,injector_and_evaluator_only
human_gold_000213,h_3b859581fd395a81,h_3518edfcd267df99,data\annotations\formal300\evidence_annotation_a.csv,75cc667aec01a2ff7f41b2206755da77e2691f8daa05e9524567bea48422aa51,injector_and_evaluator_only
human_gold_000214,h_3b859581fd395a81,h_0b507009863037ed,data\annotations\formal300\evidence_annotation_a.csv,c40e0e7ee748f319841907c8ed3c1fa9f36993a67a294792cd3c3ff4ea7f1d73,injector_and_evaluator_only
human_gold_000215,h_3b859581fd395a81,h_96dc5532a3c26991,data\annotations\formal300\evidence_annotation_a.csv,ccfba264f3e93846459866154350dca44397cda7480ec0fc85a00be62df1bf65,injector_and_evaluator_only
human_gold_000216,h_e35d8b3e00b6c578,h_ddfc70dbce8447ba,data\annotations\formal300\evidence_annotation_a.csv,d28be15fbf28773f5bcf3a5f34f705cf5bb893e2706e32bb24a640ada8ce0a2c,injector_and_evaluator_only
human_gold_000217,h_e35d8b3e00b6c578,h_ea39b020cf63a889,data\annotations\formal300\evidence_annotation_a.csv,9ba92f2886088a242fbc558b8013037d826a870164cb883adaa061ff46563ccf,injector_and_evaluator_only
human_gold_000218,h_e35d8b3e00b6c578,h_0210943b884eb8c0,data\annotations\formal300\evidence_annotation_a.csv,91567997a3071f8b3651a283b4a8e90a180d7e398dca9fddcf95ffeb880bba5e,injector_and_evaluator_only
human_gold_000219,h_e35d8b3e00b6c578,h_44286342c22036c2,data\annotations\formal300\evidence_annotation_a.csv,35536464e31306f6c4bd03b1ba8b7ad9713e09f9be0f9577f59168de6e6e3c4c,injector_and_evaluator_only
human_gold_000220,h_e35d8b3e00b6c578,h_5412556227672d36,data\annotations\formal300\evidence_annotation_a.csv,a9440e0456c3c38766624b45846941e5f53c6195e5cbd895b0c822968336e6fe,injector_and_evaluator_only
human_gold_000221,h_adddfcdb733eb699,h_b28f7c6cd42bb5db,data\annotations\formal300\evidence_annotation_a.csv,68774e8ec7b585e53358609eb422b543757ebeb21f92103c110fe2a413ce420f,injector_and_evaluator_only
human_gold_000222,h_4e1e7f2b3b3b56e9,h_341ce1c323d06e79,data\annotations\formal300\evidence_annotation_a.csv,be35b33011eadfb17710f16c778338d32e77e7dfe59dcc8cebd8f1fcb73cd488,injector_and_evaluator_only
human_gold_000223,h_4e1e7f2b3b3b56e9,h_f43640fbd96cc032,data\annotations\formal300\evidence_annotation_a.csv,cd38ea714dcfae421a6b59c3e610bb489cb151a226c96948e968411bcf958c0e,injector_and_evaluator_only
human_gold_000224,h_4e1e7f2b3b3b56e9,h_c6d79c483eedcb4c,data\annotations\formal300\evidence_annotation_a.csv,881f94b1cbe6b5a41a5fbdecfc44e7e72f1dcf3b609009e63feffad58cca0ec0,injector_and_evaluator_only
human_gold_000225,h_d8cbe284def1a50c,h_986a4d558af91ca7,data\annotations\formal300\evidence_annotation_a.csv,05f5d08cc09c521fc233438292e3bb6d8fa18f5f40548798256e674eed3a5663,injector_and_evaluator_only
human_gold_000226,h_d8cbe284def1a50c,h_fc27d8b159be329e,data\annotations\formal300\evidence_annotation_a.csv,bff72bfa7a520af75af992a478f6b5461a82687b521e269a699b0ac396370239,injector_and_evaluator_only
human_gold_000227,h_d8cbe284def1a50c,h_fb239d74a840e976,data\annotations\formal300\evidence_annotation_a.csv,9dde326c570143b286049190354d2bde00354eff8a961844416fbcf8c81e2930,injector_and_evaluator_only
human_gold_000228,h_1161687597cc5195,h_6c2d2f4184c9a300,data\annotations\formal300\evidence_annotation_a.csv,dfb55ca959fa1d85ac8bfacb4b40d7228717231edd16c766d7e94c5aabdc05df,injector_and_evaluator_only
human_gold_000229,h_1161687597cc5195,h_bec2e17c870179cc,data\annotations\formal300\evidence_annotation_a.csv,b4e79027dfa3155737af2786646bcd8e0d994f27f77a7da9a15836f6aedc4516,injector_and_evaluator_only
human_gold_000230,h_1161687597cc5195,h_32108e4f14a51886,data\annotations\formal300\evidence_annotation_a.csv,4492242f1cccbd5053c07c28754a8b1296f2472a7a840bdc02bc342b6f55e030,injector_and_evaluator_only
human_gold_000231,h_1161687597cc5195,h_36e0f25ad5270f63,data\annotations\formal300\evidence_annotation_a.csv,65739edb732b8cbb75bcdde87c352381bf60e32a366c1788c8dea1ca704497cc,injector_and_evaluator_only
human_gold_000232,h_1161687597cc5195,h_c44fa77b2ba5ddca,data\annotations\formal300\evidence_annotation_a.csv,b6c334cd7f559490666c18ef5eb5614c3dfc0f4fc2e58a9491d29028c9d4a615,injector_and_evaluator_only
human_gold_000233,h_ade01a0ba2077541,h_16a626567412c33c,data\annotations\formal300\evidence_annotation_a.csv,261d120704ba792224ade71e8dbdf92dad3db72b939045dc101781e99d854eb9,injector_and_evaluator_only
human_gold_000234,h_ade01a0ba2077541,h_23a6152af7e98a8f,data\annotations\formal300\evidence_annotation_a.csv,b161fc9ddb17fa00122b48847f35aa35be119d6ef88003208730e011c2f616d6,injector_and_evaluator_only
human_gold_000235,h_ade01a0ba2077541,h_413b805bfb297b44,data\annotations\formal300\evidence_annotation_a.csv,669fcf139243139c79aeda15bcd6a2dc905b4fb0e6467b6683b4a98006c3149e,injector_and_evaluator_only
human_gold_000236,h_ade01a0ba2077541,h_f3804ebbb97fdd42,data\annotations\formal300\evidence_annotation_a.csv,305d711f23110ef84867cf32b44ad02dbd1fa36649cad846be0e6b1b3bbc71d1,injector_and_evaluator_only
human_gold_000237,h_3b0dfa043436e728,h_2ff66e3bdbc15ac2,data\annotations\formal300\evidence_annotation_a.csv,92eb4db68bdadc83a129f3f177086df9d2ed0e86494ccd7881f8ec0fc50b2174,injector_and_evaluator_only
human_gold_000238,h_3b0dfa043436e728,h_0b950127e287961f,data\annotations\formal300\evidence_annotation_a.csv,5d9e92bb97b3b93f414ac3aeb0d45f4bdea38006edcc030fe4b0d06fa6596ff7,injector_and_evaluator_only
human_gold_000239,h_2ccdf6f2ccc0bce7,h_10d3f4041a0e2b64,data\annotations\formal300\evidence_annotation_a.csv,cadc54957cf3086d9cb736c6d4ec61407c023c794b5282ab6c8f4f8be3678861,injector_and_evaluator_only
human_gold_000240,h_2ccdf6f2ccc0bce7,h_69d741bbc4919a68,data\annotations\formal300\evidence_annotation_a.csv,025703ca3b6d62edb2af4d559cb34fb812a3ec01be4191af4a8b18e1ef47d5ca,injector_and_evaluator_only
human_gold_000241,h_2ccdf6f2ccc0bce7,h_b0df1b61554c59bc,data\annotations\formal300\evidence_annotation_a.csv,f1de94acb9001f68d81d0e83004b6ffbcae7dca52923d6ab131c41dac7023528,injector_and_evaluator_only
human_gold_000242,h_2ccdf6f2ccc0bce7,h_9df79e1a4da0fdde,data\annotations\formal300\evidence_annotation_a.csv,e10389df678e91ed548e7e72dd6f30adb0a0d82b828cec455563b4d8d00b304a,injector_and_evaluator_only
human_gold_000243,h_2ccdf6f2ccc0bce7,h_6359d813cd164de8,data\annotations\formal300\evidence_annotation_a.csv,876038773f5eb8c7fc9d30b922b71967e163e2fa58dd286aafb88b97d3f64e52,injector_and_evaluator_only
human_gold_000244,h_2ccdf6f2ccc0bce7,h_6429b33e3239d0d5,data\annotations\formal300\evidence_annotation_a.csv,0ea2ee1a2cc4cfe682c0606e71939b0c44b9e04c6c1e4cacf12e28db71513a7f,injector_and_evaluator_only
human_gold_000245,h_e2fde3be494ddaf5,h_3466d6721827400b,data\annotations\formal300\evidence_annotation_a.csv,6e193ba80b1cddf734b64347ba745ab9e0b8794b8398795d591ff8935c0d4fb8,injector_and_evaluator_only
human_gold_000246,h_e2fde3be494ddaf5,h_160c755172e2b243,data\annotations\formal300\evidence_annotation_a.csv,cdf56612bb988c5212c2283be54a94888a15aac1f1c6885388e66a1e9281f02f,injector_and_evaluator_only
human_gold_000247,h_e2fde3be494ddaf5,h_0ec4e80c7dbddd02,data\annotations\formal300\evidence_annotation_a.csv,69ad3ea968ab5a21d8113427684dfd03491ecc4f83e39cb28eaaed7d2d29a758,injector_and_evaluator_only
human_gold_000248,h_e2fde3be494ddaf5,h_09e9b4e956fdfb66,data\annotations\formal300\evidence_annotation_a.csv,746918f8bc45c3d004b6e4d6167ba266f9dfe06c083cb0a36679916ff6071a42,injector_and_evaluator_only
human_gold_000249,h_e2fde3be494ddaf5,h_b3df93aa8ef663f6,data\annotations\formal300\evidence_annotation_a.csv,772cc5479ec6acaa61e1ede2448af0ff1ac8fd7b82e6b1fd366f1a022d44838a,injector_and_evaluator_only
human_gold_000250,h_f81699fba4a145ac,h_96dc5532a3c26991,data\annotations\formal300\evidence_annotation_a.csv,b53bfb44df167b9ac1410a11823bbdcee17cbe25f740c46647a9d35690972936,injector_and_evaluator_only
human_gold_000251,h_f81699fba4a145ac,h_6359d813cd164de8,data\annotations\formal300\evidence_annotation_a.csv,9387060ffd658816dc2b509f81ca9a4cc6abc95992143f912f4324dc791b05b5,injector_and_evaluator_only
human_gold_000252,h_f81699fba4a145ac,h_42400c87b23e4deb,data\annotations\formal300\evidence_annotation_a.csv,56fa48d13e0d65bed2a424862697f00d93c694231520bde44de36c41ebdcacd2,injector_and_evaluator_only
human_gold_000253,h_f81699fba4a145ac,h_6ebdea409fffb43a,data\annotations\formal300\evidence_annotation_a.csv,b2cdaf223f5c8f220376195e17a0f3a2946447c6728566c85f7663913fc18dc8,injector_and_evaluator_only
human_gold_000254,h_f81699fba4a145ac,h_325596c50d507a72,data\annotations\formal300\evidence_annotation_a.csv,29b4e5a8c2ee53c2da30bacf233e9c4ebbb0d1268536ed6143e18417d52aa8dd,injector_and_evaluator_only
human_gold_000255,h_14f89f13535cefcb,h_c84cf798d9232bed,data\annotations\formal300\evidence_annotation_a.csv,352b32d2a4f028ba25d8961ae404625a1bce52fb25aa0c9bbda3b99d983002be,injector_and_evaluator_only
human_gold_000256,h_14f89f13535cefcb,h_41ec05761acc1b7d,data\annotations\formal300\evidence_annotation_a.csv,693e4f1a19526825f2322144a0c158cc8fd6c791365182c2dfc3e9f8f8bd2cf9,injector_and_evaluator_only
human_gold_000257,h_14f89f13535cefcb,h_60bedb9c866fed28,data\annotations\formal300\evidence_annotation_a.csv,5b24731c53b8f454a367d3bd1c8aeeff447c50021bbb296766934d90dc6f0d0a,injector_and_evaluator_only
human_gold_000258,h_14f89f13535cefcb,h_0bf7b43136f9475a,data\annotations\formal300\evidence_annotation_a.csv,96334875e0968a7013c2ed0ad035a45c279a74a383dc5b87f26dfd6b347cde61,injector_and_evaluator_only
human_gold_000259,h_14f89f13535cefcb,h_5be61b5c74b72031,data\annotations\formal300\evidence_annotation_a.csv,4f2127b1bc8125d5f91fcaa53f323250e773f65c91c06be275f61077e510f844,injector_and_evaluator_only
human_gold_000260,h_c4998a678d35af3c,h_5b658652aea25117,data\annotations\formal300\evidence_annotation_a.csv,0934d5adfed8685f064d01e36e6586881a6aac761daf1163c232924bdbbf12cf,injector_and_evaluator_only
human_gold_000261,h_c4998a678d35af3c,h_978381c233fa0f52,data\annotations\formal300\evidence_annotation_a.csv,461a6aa0516a839a22b3ac2bfbc83bc62e009765a7ad04d3e119043e7a3561a9,injector_and_evaluator_only
human_gold_000262,h_c4998a678d35af3c,h_835291680006f657,data\annotations\formal300\evidence_annotation_a.csv,9a417f565286295b9839507784f9259f8e79d379734ce45f942d8d5bb17841f9,injector_and_evaluator_only
human_gold_000263,h_41179dbea626d479,h_fe6acea560eedcba,data\annotations\formal300\evidence_annotation_a.csv,1bd042d548a5f9e258b0a04e5ea0baf81b7fef0bc4fdbeceeec25a47ba92c7fd,injector_and_evaluator_only
human_gold_000264,h_41179dbea626d479,h_e5258429600e7634,data\annotations\formal300\evidence_annotation_a.csv,edd5d0aca59a43a7fade6bde36887628df4ab9a404e2b44c4c84dab155c5a833,injector_and_evaluator_only
human_gold_000265,h_41179dbea626d479,h_1bfc2057920c7449,data\annotations\formal300\evidence_annotation_a.csv,65d44f285eff6b5f57eb57715a2a5735ac946bf0a5ebe17328e8ada9df449179,injector_and_evaluator_only
human_gold_000266,h_f73c33b00131d4a3,h_3d41ff4025e5120c,data\annotations\formal300\evidence_annotation_a.csv,9c9abae71cd90d5f37bcde365b002e4b402570a8ea147989952810277a879ec4,injector_and_evaluator_only
human_gold_000267,h_f73c33b00131d4a3,h_12c56d047da96556,data\annotations\formal300\evidence_annotation_a.csv,dae87e6a358529e0027f28d789fac30ce2a0a92e49ffd0e6472ea67474ba34ad,injector_and_evaluator_only
human_gold_000268,h_8d5e595867a16ee4,h_62535918e9eb167c,data\annotations\formal300\evidence_annotation_a.csv,fcbf8620e7133b76a7baeb2b783b4afd3318d0e8f34951001549ec541947d62f,injector_and_evaluator_only
human_gold_000269,h_8d5e595867a16ee4,h_ea48c89053cc5600,data\annotations\formal300\evidence_annotation_a.csv,eb301538cc734f600a00154be6e3aab637287899b7440e9b8b0c816a0cf8f93b,injector_and_evaluator_only
human_gold_000270,h_8d5e595867a16ee4,h_da8ba30c6579f39c,data\annotations\formal300\evidence_annotation_a.csv,72ed9f69a5e0a26871eea2e0d614b7a19d0b24886b3a17acc043f147d1d8e755,injector_and_evaluator_only
human_gold_000271,h_63c9cef3d1e00a43,h_3408304d3be7aa80,data\annotations\formal300\evidence_annotation_a.csv,3d33572c9cc66b1007771b50e4bc3ec990ecf25cb76bc974a14d532619070e99,injector_and_evaluator_only
human_gold_000272,h_63c9cef3d1e00a43,h_e4a93638e3ce24dd,data\annotations\formal300\evidence_annotation_a.csv,e1662f9264d95f4bf36d05e70b381107eb2254dc93d8fe0c5e56b947c2d3aacf,injector_and_evaluator_only
human_gold_000273,h_63c9cef3d1e00a43,h_afed8408a3c5bf32,data\annotations\formal300\evidence_annotation_a.csv,6c0fc707fbf3c5aaed2168ef1d3ab2500e7fa509baedab9ba80ef16a9c9e13a3,injector_and_evaluator_only
human_gold_000274,h_63c9cef3d1e00a43,h_081fb6b95657d699,data\annotations\formal300\evidence_annotation_a.csv,c4bd7e3427fa2dd6d4922dd740608f7ad93dea3a6756d5f5f2d5e1ba283f647a,injector_and_evaluator_only
human_gold_000275,h_78f48a397b8667fb,h_db3a02bc4ded4644,data\annotations\formal300\evidence_annotation_a.csv,24474f3ccc01f18edf92e3bd03cdfa8224dc95449d1eb4026175999672f965b8,injector_and_evaluator_only
human_gold_000276,h_78f48a397b8667fb,h_fb239d74a840e976,data\annotations\formal300\evidence_annotation_a.csv,a70f3e5c087f99767707e292bbcfae07d9af9617bda7ad932dcf189d907b86a5,injector_and_evaluator_only
human_gold_000277,h_5db72fe84a66029e,h_3aa2a71296afe475,data\annotations\formal300\evidence_annotation_a.csv,c57a38d09a93d319b6c957a6ebb4864455eef20d1fd0e38b01ced5adcddcdfd0,injector_and_evaluator_only
human_gold_000278,h_3e9d095ffe04e1dd,h_b19786e55a202964,data\annotations\formal300\evidence_annotation_a.csv,537db0294b31e363c69e5048bf0c0a236f46b381907441f757af70f8af3418c8,injector_and_evaluator_only
human_gold_000279,h_e97fe6737cf45b1d,h_ab1836bb9aa034fc,data\annotations\formal300\evidence_annotation_a.csv,79b35a3ce9d7bc29f0ca6a9124a62c2a37acb4bb619d0af20c7f3a527bcbd062,injector_and_evaluator_only
human_gold_000280,h_e97fe6737cf45b1d,h_d9fd9ea5d1392791,data\annotations\formal300\evidence_annotation_a.csv,a433fcde43cf9b8f6af348a6784365fad8d154d34094084c10d2f65ea8377b15,injector_and_evaluator_only
human_gold_000281,h_9e2e0be5a663c17f,h_966a3d68ab34fbc2,data\annotations\formal300\evidence_annotation_a.csv,953b793cdd1802f463081421bf96e20c27d9837124501bda53b4f5fdd6ba4a19,injector_and_evaluator_only
human_gold_000282,h_9e2e0be5a663c17f,h_3579e45d2b56e544,data\annotations\formal300\evidence_annotation_a.csv,a93e611adb7d1db313801cd8a46f62f9313eb45994b170cfd7033956d32b9202,injector_and_evaluator_only
human_gold_000283,h_9e2e0be5a663c17f,h_40fd64272ab7986a,data\annotations\formal300\evidence_annotation_a.csv,ca1b1988843317997096c1ce33b1d8bdaccc89868ca8c4821479f3930564dd50,injector_and_evaluator_only
human_gold_000284,h_9e2e0be5a663c17f,h_9d8b3a95e7a22e8d,data\annotations\formal300\evidence_annotation_a.csv,9609a37cfb9cf1e174aba9be293dcec5088fd2414ce76a6ca945a3c3a06e3f24,injector_and_evaluator_only
human_gold_000285,h_9e2e0be5a663c17f,h_c366e0ca5678d252,data\annotations\formal300\evidence_annotation_a.csv,830a5f2383e37b459693c470f70fa1f29c539fa65e3c328cbd6383ee36d8799a,injector_and_evaluator_only
human_gold_000286,h_52c921c207086275,h_c7c3a35fe132a48a,data\annotations\formal300\evidence_annotation_a.csv,5c8a53f112f1bd8bbc876e640a4a452a1c2835adeeda2d1686b8645f2847050a,injector_and_evaluator_only
human_gold_000287,h_52c921c207086275,h_adbb835cf5829479,data\annotations\formal300\evidence_annotation_a.csv,2a80e1468e9c37c738f6b6d4b4d9be8b68fcec1834b524ca329c8b8ba10bbf9a,injector_and_evaluator_only
human_gold_000288,h_5f3cda0e62d2d81d,h_9aee61028c200162,data\annotations\formal300\evidence_annotation_a.csv,1810bab4b49c07f77fe79e577d90718c61845d687f7780a7559f841001775853,injector_and_evaluator_only
human_gold_000289,h_5f3cda0e62d2d81d,h_bbeecc85e1b82c28,data\annotations\formal300\evidence_annotation_a.csv,7ff7d4660bb056253527615a866059d473320273becfe4bb51979f51fdb20222,injector_and_evaluator_only
human_gold_000290,h_5c7253f7cacf6554,h_d3f7fe7bb2795999,data\annotations\formal300\evidence_annotation_a.csv,3cb8e1ef25767ba89a22e1d3b142a778d949376356b6a573e2a81461298b0a4c,injector_and_evaluator_only
human_gold_000291,h_5c7253f7cacf6554,h_ad53aa773214ef81,data\annotations\formal300\evidence_annotation_a.csv,61a6305eeb69e2e8f3245d60478146b9f92db1082676b26e5d35795ff7e2cb78,injector_and_evaluator_only
human_gold_000292,h_5c7253f7cacf6554,h_d8a1af1be891c304,data\annotations\formal300\evidence_annotation_a.csv,d8df5a45c3d940660c9ac0623605b42f9338f11cf2ed8d45f290ff226ba8d9df,injector_and_evaluator_only
human_gold_000293,h_5c7253f7cacf6554,h_c1cabccd2e32aed5,data\annotations\formal300\evidence_annotation_a.csv,1da81113c148a750b7975f46efaf60b0940ec4ebb29cbe6d9ff1b622bb52d30c,injector_and_evaluator_only
human_gold_000294,h_5c7253f7cacf6554,h_4254732a8530962f,data\annotations\formal300\evidence_annotation_a.csv,43b6dae0025829cf47bd7e59121a13f3358e3ba6035f552dac016b77e0dc100c,injector_and_evaluator_only
human_gold_000295,h_75398ff6bbbe2d26,h_13aecd27c08e90f6,data\annotations\formal300\evidence_annotation_a.csv,bf7d6ced9c594c856131aa8b547d2c8a3918fec899cd761c62821ddbc4e974c5,injector_and_evaluator_only
human_gold_000296,h_75398ff6bbbe2d26,h_e5f7195c547b03ea,data\annotations\formal300\evidence_annotation_a.csv,dc92bc11e961020aad4526a9db6c6f0d59b69869fbc00d06f93500065b17e972,injector_and_evaluator_only
human_gold_000297,h_9a94f6a1f0e6bf25,h_f9751af4c3b85a4a,data\annotations\formal300\evidence_annotation_a.csv,8c2d96b9e0a7a95bea439b2b55543fb717976da00c6a9e38f44f017a8d639075,injector_and_evaluator_only
human_gold_000298,h_9a94f6a1f0e6bf25,h_0ccb88bad1804162,data\annotations\formal300\evidence_annotation_a.csv,ea27e2aaf535509a791630b5d4083f8fb6e19d33147d6ce2b98e36e71b1a2d8b,injector_and_evaluator_only
human_gold_000299,h_9a94f6a1f0e6bf25,h_3573225ee34daa84,data\annotations\formal300\evidence_annotation_a.csv,fe0ed897bb51fbf6b05cc455f3f23a11fa54567271c4445edf3c823d8702a246,injector_and_evaluator_only
human_gold_000300,h_9a94f6a1f0e6bf25,h_c1cabccd2e32aed5,data\annotations\formal300\evidence_annotation_a.csv,ea6c6809b26c554f73be374b6312e3fc4400aae23ae06ff4cde3ffbfb81afce1,injector_and_evaluator_only
human_gold_000301,h_59211fa4542d2c9f,h_623b0c15590a94a5,data\annotations\formal300\evidence_annotation_a.csv,2631357aa24bdec8f886115afdd71c639c9cb9346180061f5c8ca35fe55a3138,injector_and_evaluator_only
human_gold_000302,h_59211fa4542d2c9f,h_f9d4cf3830fb139a,data\annotations\formal300\evidence_annotation_a.csv,43c000167f7ee2a05f77c79788b727228b95634f65366f6255fd1c7bf7827e6c,injector_and_evaluator_only
human_gold_000303,h_59211fa4542d2c9f,h_82f1e0d22bda3131,data\annotations\formal300\evidence_annotation_a.csv,c69b18071337417afd4fe848b438f0e1e61745ed44ae27301120ef3b5159c1bd,injector_and_evaluator_only
human_gold_000304,h_59211fa4542d2c9f,h_fdd6417ed5b6b3d8,data\annotations\formal300\evidence_annotation_a.csv,421bb5197664efe426c40c9a33156d4446f578930ea3ce2c37573330477c6ec7,injector_and_evaluator_only
human_gold_000305,h_59211fa4542d2c9f,h_803205814baca92b,data\annotations\formal300\evidence_annotation_a.csv,1c71588e087693b963d1081f4a3e385839b084623299b91bc32659dcc2625fe3,injector_and_evaluator_only
human_gold_000306,h_59211fa4542d2c9f,h_acfecf02726562ca,data\annotations\formal300\evidence_annotation_a.csv,1a3e59328ea8e49fcbb55417f1f8736bba877c52f1c073073c786f60da4843cd,injector_and_evaluator_only
human_gold_000307,h_89e68e84a29a8317,h_c52bb781124accc8,data\annotations\formal300\evidence_annotation_a.csv,af3f4751284f22c30e126e07b74fbf5b8c3e09703063dea907e771094cbd831f,injector_and_evaluator_only
human_gold_000308,h_89e68e84a29a8317,h_6c46181f6a91af3a,data\annotations\formal300\evidence_annotation_a.csv,fc41818a909a1066da9f9fc70a0c20affe099db3927c18f9d4f91b9b7ad608d0,injector_and_evaluator_only
human_gold_000309,h_1d84ae67852da347,h_8329804bb05c135b,data\annotations\formal300\evidence_annotation_a.csv,c2d241708813102a5724452b76d2c4116b2079fd58c70bf2f8a8617942215551,injector_and_evaluator_only
human_gold_000310,h_9fb65af2a8f3e24f,h_08a45ef6f528a848,data\annotations\formal300\evidence_annotation_a.csv,e7f3bcec791c66e8098da651fff2896a07573ee0f00f6b323b7d2139bdd8010e,injector_and_evaluator_only
human_gold_000311,h_9fb65af2a8f3e24f,h_6359d813cd164de8,data\annotations\formal300\evidence_annotation_a.csv,e2fb3830cc8f3f6d4d541e9715b20aaef9fc37e84e96a37062f90850559ef6b6,injector_and_evaluator_only
human_gold_000312,h_9fb65af2a8f3e24f,h_585a8335ee9feb49,data\annotations\formal300\evidence_annotation_a.csv,33fe2e9b2a776fb9110dcd5f5344b91c47510563881c98c1e0031f004901f438,injector_and_evaluator_only
human_gold_000313,h_1f1072f0262346d4,h_bbd7b62c1dd08bca,data\annotations\formal300\evidence_annotation_a.csv,1788a4ea8f20a64b16c8af98385bd3e3b627508bfabf9acb7faea074f61066a1,injector_and_evaluator_only
human_gold_000314,h_1f1072f0262346d4,h_4141678d7555a805,data\annotations\formal300\evidence_annotation_a.csv,f1669df3e3fa30f5d46fd149ca74ac6551dd04a8c23e4e27685f6b1645141174,injector_and_evaluator_only
human_gold_000315,h_1f1072f0262346d4,h_77f3fc408e0c92d3,data\annotations\formal300\evidence_annotation_a.csv,6b309c9c0b1f1309649cb6e31d1da305ccabadaa97d53d7e4e403e00b35d77c5,injector_and_evaluator_only
human_gold_000316,h_1f1072f0262346d4,h_3df69989c34502a6,data\annotations\formal300\evidence_annotation_a.csv,aff984d750a06fc1941c85a32dd7df729d7584461a6736d360a307bdf6ee6fea,injector_and_evaluator_only
human_gold_000317,h_1f1072f0262346d4,h_3c63fec05d1f0989,data\annotations\formal300\evidence_annotation_a.csv,550eb302d05861dc903fe1155907809a71c90e1d84f8c52be02c7ccbdc74fe63,injector_and_evaluator_only
human_gold_000318,h_1f1072f0262346d4,h_290477d23f8ddf92,data\annotations\formal300\evidence_annotation_a.csv,a8ac6a0ead6fdcdf325061e40f62faccf3ba05c890fe03a2812d163cd89db908,injector_and_evaluator_only
human_gold_000319,h_1f1072f0262346d4,h_25cba4dd0cd9d8b4,data\annotations\formal300\evidence_annotation_a.csv,af28e828a1691bbc5ae27f791cb0e1b2e3ddce1ce7fd68f58ba64c3c6bce85f8,injector_and_evaluator_only
human_gold_000320,h_1f1072f0262346d4,h_189877103e504933,data\annotations\formal300\evidence_annotation_a.csv,1fa6a1fddf95b0a04534f71cf77fbc04e2dc1f4a13bc3c731af2d098366d811d,injector_and_evaluator_only
human_gold_000321,h_888d0173b1dc7cba,h_2b194228a0357671,data\annotations\formal300\evidence_annotation_a.csv,9db3af7fa93f82c6b92ef089c8c0a14b133c798c7adcae8698299f31dd7aabd4,injector_and_evaluator_only
human_gold_000322,h_888d0173b1dc7cba,h_1b5c0d22c28fa640,data\annotations\formal300\evidence_annotation_a.csv,dec42c4749243cacf3316f8ff51b6997fc8729705c17d5cfa124e1ba0338e5fb,injector_and_evaluator_only
human_gold_000323,h_888d0173b1dc7cba,h_ce9794aac053b817,data\annotations\formal300\evidence_annotation_a.csv,be4c22234817e7d7bdd11ae748dfc2190d6455b7d9a9a74bafb82b25df6b0502,injector_and_evaluator_only
human_gold_000324,h_77b59ebdf28d1298,h_64b3b41307c93ff2,data\annotations\formal300\evidence_annotation_a.csv,133cbe44b631bee3eb0356dc43e8154f5409f67147c3e271af39a1bd69d1eb14,injector_and_evaluator_only
human_gold_000325,h_77b59ebdf28d1298,h_26fe5a9589cbb624,data\annotations\formal300\evidence_annotation_a.csv,236d698cad0a7663c187df74ad184f0a50c0edf122618c7bc95c327ab53e7ea6,injector_and_evaluator_only
human_gold_000326,h_77b59ebdf28d1298,h_ade1e845ed58ec0d,data\annotations\formal300\evidence_annotation_a.csv,408d30e9721695f89920ad7e679a4895e50eaf212a7738d5052c516ca00bea9c,injector_and_evaluator_only
human_gold_000327,h_77b59ebdf28d1298,h_188d414c09fb6143,data\annotations\formal300\evidence_annotation_a.csv,992b0bd64c75a5d982bd31bcd407789d2454242a7faa01f11e65bff8c7999925,injector_and_evaluator_only
human_gold_000328,h_3bbfd8c7edbcf7a9,h_1f945983b69d5660,data\annotations\formal300\evidence_annotation_a.csv,a20ca34d1c1342cb6790cb1f45feaa6833358fa0eb04e1ada649976de2f5af7c,injector_and_evaluator_only
human_gold_000329,h_3bbfd8c7edbcf7a9,h_fd771c58b3ae74f1,data\annotations\formal300\evidence_annotation_a.csv,1616d48c214fe44e0a55ae9e1266253eacfcda96e4ff7c7d9478016fcdd38a3b,injector_and_evaluator_only
human_gold_000330,h_3bbfd8c7edbcf7a9,h_41f72f3764472271,data\annotations\formal300\evidence_annotation_a.csv,ebfeb280c405f5d1bfbbd6bc600cead17d177e007090877411d26facc9686dee,injector_and_evaluator_only
human_gold_000331,h_3bbfd8c7edbcf7a9,h_4a0ac5b57e847f76,data\annotations\formal300\evidence_annotation_a.csv,679faf82ada23a06305f2b20b13edc223995b4cd6033b84412f282993b1137b4,injector_and_evaluator_only
human_gold_000332,h_3bbfd8c7edbcf7a9,h_b2f7e308aa7eb0d3,data\annotations\formal300\evidence_annotation_a.csv,3c3348e021070ee30530f6a3d6a2bca7fd4eb93c4ccd8e0c9cc59eeb682424be,injector_and_evaluator_only
human_gold_000333,h_759c2474bcec4e69,h_3f6f81b0918811b5,data\annotations\formal300\evidence_annotation_a.csv,b6efa39a499c5f6e70705019dd7c91fa3599884c04862676389ab10b6790874c,injector_and_evaluator_only
human_gold_000334,h_759c2474bcec4e69,h_692ed1e9420757c2,data\annotations\formal300\evidence_annotation_a.csv,a34eb91362d4cb6fbcbe3f4f1b773f3964221b3b5b45c34aac4a1ca3f1e81f9f,injector_and_evaluator_only
human_gold_000335,h_16d62500f29d3587,h_c4415879e8bc384e,data\annotations\formal300\evidence_annotation_a.csv,292bac6c339c330bfaaea65d0554bbc5373022919ccf8fa88d7e0001e818df24,injector_and_evaluator_only
human_gold_000336,h_16d62500f29d3587,h_286ef973a76b3def,data\annotations\formal300\evidence_annotation_a.csv,53fedbe820e7b2a9b61866889c8c586e9895456a78a0ac74f859efda4ad2aa61,injector_and_evaluator_only
human_gold_000337,h_16d62500f29d3587,h_0212304e6463b080,data\annotations\formal300\evidence_annotation_a.csv,69cf2a4f1f2ad33a639a9afe3b761a399c263385b20fd20d1f224331f96f6892,injector_and_evaluator_only
human_gold_000338,h_16d62500f29d3587,h_65a352cec8b9b387,data\annotations\formal300\evidence_annotation_a.csv,9cd648f6b5926629135c23160ebbcdd00e560666fc0325a631b8e57da3cef1cc,injector_and_evaluator_only
human_gold_000339,h_16d62500f29d3587,h_7619a3b30b34ab09,data\annotations\formal300\evidence_annotation_a.csv,6145d017a57bf7b1042f5699e85641c37909e12002e42b23791fc19955392c44,injector_and_evaluator_only
human_gold_000340,h_16d62500f29d3587,h_69589b15e9e9809f,data\annotations\formal300\evidence_annotation_a.csv,c029cea6ed385f20771a8e67bdce8273bb0f1adbbecfccee3b5e3a2f7dfa19d1,injector_and_evaluator_only
human_gold_000341,h_16d62500f29d3587,h_0af17d1851b9e040,data\annotations\formal300\evidence_annotation_a.csv,5d24ccc1e6ba7481d7fea75f25b0b773dc82b6a8eeff518aaf73c84234fe964e,injector_and_evaluator_only
human_gold_000342,h_16d62500f29d3587,h_4f4e6a315f7a4ee9,data\annotations\formal300\evidence_annotation_a.csv,29a982ff0c1118a9d492b8ea28b377554555434ecfd31d570c10f40fc9bd4140,injector_and_evaluator_only
human_gold_000343,h_a9a8a6d762a7bc06,h_f001e2493b0d251a,data\annotations\formal300\evidence_annotation_a.csv,3bbf278f06a34f1d89185607e13a9887ead8027507367ac228a7d8708ccc53e9,injector_and_evaluator_only
human_gold_000344,h_a9a8a6d762a7bc06,h_df65ed5d77b8b0d0,data\annotations\formal300\evidence_annotation_a.csv,0b99a93ec32112d99ba001ff89757580e661de7e69f64bc5323e52f49a239117,injector_and_evaluator_only
human_gold_000345,h_a9a8a6d762a7bc06,h_9585e92206d92dd9,data\annotations\formal300\evidence_annotation_a.csv,b0d52e36cccae13d57c83b1c175bc8e1836aaeefa85f2ce9ba23e9165cd2063d,injector_and_evaluator_only
human_gold_000346,h_a9a8a6d762a7bc06,h_c283dfcb1b477910,data\annotations\formal300\evidence_annotation_a.csv,ac1681a282b5265336ee72c1bbecb744f53bdd9629df47121dd17c4d9d372ffe,injector_and_evaluator_only
human_gold_000347,h_a9a8a6d762a7bc06,h_7d21b0985a393f1e,data\annotations\formal300\evidence_annotation_a.csv,1ee6dce6e2ac61c44aaaa05943b7c5336e1764a2ef21d1f76017c0edcf82e95e,injector_and_evaluator_only
human_gold_000348,h_a9a8a6d762a7bc06,h_83a69e8f769ca9ef,data\annotations\formal300\evidence_annotation_a.csv,451dc61223f4c1acf5266a366e82fe7f12e12894b03c1e45299637493ec048f3,injector_and_evaluator_only
human_gold_000349,h_d39befcf4ab167fc,h_f9f5d29ef782fc03,data\annotations\formal300\evidence_annotation_a.csv,b5c7acb10120a63ffdcf6cd8076be2d5095734508cbea6d59dd126b9200d9841,injector_and_evaluator_only
human_gold_000350,h_d39befcf4ab167fc,h_c24136684c3a5591,data\annotations\formal300\evidence_annotation_a.csv,3f784c4b5c68f7cfef4d7873b59b0cc18c8646e3a0c3e512eb0f3297f39dcb3f,injector_and_evaluator_only
human_gold_000351,h_d39befcf4ab167fc,h_eb2536d0fde8d2e8,data\annotations\formal300\evidence_annotation_a.csv,236745df99b07f7e95788156bfe02e7682f37aff6065a7e53feacedd1a14d797,injector_and_evaluator_only
human_gold_000352,h_d39befcf4ab167fc,h_82a67a0894c88bc2,data\annotations\formal300\evidence_annotation_a.csv,4c3c7b2f8b3b437c96d4f58b6fa185180aa67c3000225f1d837bb7bed2022cf0,injector_and_evaluator_only
human_gold_000353,h_d39befcf4ab167fc,h_47de7f6c8ffdef41,data\annotations\formal300\evidence_annotation_a.csv,e62ce4edc323f99cfd6f38df46f6f2f43b0c03b60f1cb226f94a4d269d522465,injector_and_evaluator_only
human_gold_000354,h_d39befcf4ab167fc,h_ecd44cbe3adbdeb5,data\annotations\formal300\evidence_annotation_a.csv,ae19950f4cebd184ba3614f1a86395ab59f66778d32a3b9c6c3ce7a68828ac56,injector_and_evaluator_only
human_gold_000355,h_d39befcf4ab167fc,h_736b22f31843476e,data\annotations\formal300\evidence_annotation_a.csv,c933a395b9a9575d7b22a0e8f56ed74a4d09a3d49e7437bb303002ac3bc8e7df,injector_and_evaluator_only
human_gold_000356,h_d39befcf4ab167fc,h_b896f24380c8742d,data\annotations\formal300\evidence_annotation_a.csv,590dc572108d1d3fba538090d4b01711bd3aad91e0162d5654194db27e8fe9bb,injector_and_evaluator_only
human_gold_000357,h_d39befcf4ab167fc,h_b77b687d9859e866,data\annotations\formal300\evidence_annotation_a.csv,85ea535d86f892107f437fae6cecc34eded8f495d1d23727f5274f6a7a1a014d,injector_and_evaluator_only
human_gold_000358,h_a5289f1960ec85df,h_2df793b4de128587,data\annotations\formal300\evidence_annotation_a.csv,814f54abad67446455972ca73e17636485d6f41b36035d3bd01718c9d8411926,injector_and_evaluator_only
human_gold_000359,h_a5289f1960ec85df,h_603c436bc76b2a6f,data\annotations\formal300\evidence_annotation_a.csv,d2e7698a50e1455ec5172fd14ec6ffef4fbc99061533d8bf3aab73ed0d4df1a5,injector_and_evaluator_only
human_gold_000360,h_baa319eaa3b86279,h_b9167ba8c38d5b74,data\annotations\formal300\evidence_annotation_a.csv,1f054cc2a79c4da1047ba863f519223a76aac7edfc92d8b22341ba52db49f364,injector_and_evaluator_only
human_gold_000361,h_baa319eaa3b86279,h_a59d3812fbc0bc82,data\annotations\formal300\evidence_annotation_a.csv,46e336742507537c97e440c6ef1723387c9ed14d63a7390aa78b1d1d84fe67f9,injector_and_evaluator_only
human_gold_000362,h_baa319eaa3b86279,h_474dab3dfa588418,data\annotations\formal300\evidence_annotation_a.csv,a043cf6b29ccb91b281de4c3098d09fcdbe8651316a0be6daba9067753d930db,injector_and_evaluator_only
human_gold_000363,h_b24c367420a1a94c,h_2c786cb7a1af73af,data\annotations\formal300\evidence_annotation_a.csv,a753c33d245482bed7b81db86c302f610f5374ad89b8da7453aeb12b140fa27c,injector_and_evaluator_only
human_gold_000364,h_b24c367420a1a94c,h_750ba86ae8d3a338,data\annotations\formal300\evidence_annotation_a.csv,b71748e8b7a1fe3d5d9bfafcfe92137c5788ef0587da7246147bd515ade64e95,injector_and_evaluator_only
human_gold_000365,h_021614be9955be9e,h_f2ec46e289e670af,data\annotations\formal300\evidence_annotation_a.csv,eab85c95888b3bd633d6bd34dc8296014fd9c7c54a041b3a70474ccf40713a91,injector_and_evaluator_only
human_gold_000366,h_021614be9955be9e,h_addee5404773dc60,data\annotations\formal300\evidence_annotation_a.csv,ac80c3f50d09cd965b2fcace4395a78d85468c5429033f596e7a3537b88a2f79,injector_and_evaluator_only
human_gold_000367,h_021614be9955be9e,h_7a0bda78b564dbcf,data\annotations\formal300\evidence_annotation_a.csv,f0f82fb97f6bf4ca7f1e6ecb306695fd3765a896275b3f1da74aa41675948b35,injector_and_evaluator_only
human_gold_000368,h_021614be9955be9e,h_bd5a67d56981ae32,data\annotations\formal300\evidence_annotation_a.csv,e3685a90affad637e0a905cce9d3899399a271d5cf02ae9c3393adf8ba594c65,injector_and_evaluator_only
human_gold_000369,h_021614be9955be9e,h_42400c87b23e4deb,data\annotations\formal300\evidence_annotation_a.csv,79dbef5e775397f5d0612039fcf073c0212a7f6063aa607d5fa0ab2e66150866,injector_and_evaluator_only
human_gold_000370,h_6e18b1081914b79f,h_7c93146eff15a3f5,data\annotations\formal300\evidence_annotation_a.csv,85db6e2adc04c025a8faef281036ec39c2dbda384b71e97946e33dc7180cc508,injector_and_evaluator_only
human_gold_000371,h_6e18b1081914b79f,h_3c9fd1366398f55b,data\annotations\formal300\evidence_annotation_a.csv,32be1146a6e9b71f7504914173b751827e3035b674bd7b00789f5aa8d1ac972d,injector_and_evaluator_only
human_gold_000372,h_6e18b1081914b79f,h_7d21b0985a393f1e,data\annotations\formal300\evidence_annotation_a.csv,60bee03b8cb506a648323b4241ecc371881ead6cddef9736904ea40ae902b384,injector_and_evaluator_only
human_gold_000373,h_6e18b1081914b79f,h_0655fef69ab676b4,data\annotations\formal300\evidence_annotation_a.csv,a10e502d9198995f9f8611a0b605d3f81d2d85d5319384c019983c4093fcb30d,injector_and_evaluator_only
human_gold_000374,h_6e18b1081914b79f,h_016d60fe3a148020,data\annotations\formal300\evidence_annotation_a.csv,8609df020428ab53566e5b0dbbf16f96663d45518e536db44cc8254ba2282dc0,injector_and_evaluator_only
human_gold_000375,h_3798fe03b6325806,h_ac715e48b00a040b,data\annotations\formal300\evidence_annotation_a.csv,68a7239d6e90d09203cd3d9010d6a3a7a6d93784d844cd8defcdd107ad464c7b,injector_and_evaluator_only
human_gold_000376,h_0fcad1451d8a52f0,h_f3d149fbeca2473c,data\annotations\formal300\evidence_annotation_a.csv,f537d63fe09d69780959d9924871e210c3200fd1d40ea26e4033bea843aa27f2,injector_and_evaluator_only
human_gold_000377,h_8ec55afb0b3688d7,h_efc1ce9279624953,data\annotations\formal300\evidence_annotation_a.csv,742b02554d2c73fdd49939aeac7e8ed11c767804210b961257c29b266ff2e002,injector_and_evaluator_only
human_gold_000378,h_8ec55afb0b3688d7,h_d289248c31bd5cf1,data\annotations\formal300\evidence_annotation_a.csv,b6e28b0984d8542d75f29adf37fc6f1a274b7a503ea3c3261895640d9c7d8359,injector_and_evaluator_only
human_gold_000379,h_3852d79299a2988a,h_96dc5532a3c26991,data\annotations\formal300\evidence_annotation_a.csv,46587a559fe54319dde4e8afaa18e290268ebd36567fe91205669227b85abece,injector_and_evaluator_only
human_gold_000380,h_3852d79299a2988a,h_9122a4fe98154284,data\annotations\formal300\evidence_annotation_a.csv,03be92b4046ba13a3ebbd1c9f2c3c478195965ddcee5fb96ada1015d2a9cfeaa,injector_and_evaluator_only
human_gold_000381,h_3852d79299a2988a,h_0782c2a935ae0232,data\annotations\formal300\evidence_annotation_a.csv,3eab57b8ca023ad9c55c5e75b2b76b8ddc9ea4c91af12190811db4c277684ccb,injector_and_evaluator_only
human_gold_000382,h_3852d79299a2988a,h_074fd4d4e1b812ae,data\annotations\formal300\evidence_annotation_a.csv,de2aa40dbd8ba8a69aea9173595c39e453cd9f4b6e585ee5eeef488b36f74c90,injector_and_evaluator_only
human_gold_000383,h_3852d79299a2988a,h_046bdef0faf03473,data\annotations\formal300\evidence_annotation_a.csv,85fa4507b5a39a5e3c45708b628e3597c9b8974a5d85b1d5d7815e8138e50022,injector_and_evaluator_only
human_gold_000384,h_f0da2634e5b19f13,h_b5541753b36e443f,data\annotations\formal300\evidence_annotation_a.csv,e2f8ee97068d4279f3f891103d7cc2cfab1b237cddd1f4bc3b0a6a38dc3da526,injector_and_evaluator_only
human_gold_000385,h_d757b834181fcaa6,h_0493db9d0c283944,data\annotations\formal300\evidence_annotation_a.csv,148f75e2c9247f1eba0ef5c64dcea4b07f70dd29cf22d87a7ea25b38e4ac1ac9,injector_and_evaluator_only
human_gold_000386,h_d757b834181fcaa6,h_c53113593ae7c058,data\annotations\formal300\evidence_annotation_a.csv,8b8e26ef4e70bd4f45bd958b03a1ea8c11a35b59cceb2b53eeedc23cefdd3d43,injector_and_evaluator_only
human_gold_000387,h_d757b834181fcaa6,h_e2a946eaff80d3b8,data\annotations\formal300\evidence_annotation_a.csv,552a6743ad92554f80a49541f5822de0f2afc7f538d4530ae7d3f33dab1859be,injector_and_evaluator_only
human_gold_000388,h_a1696a9d4d35d8eb,h_730db41e854f1aed,data\annotations\formal300\evidence_annotation_a.csv,2eea049811650fdd47059d1b4b52993418668c8f5ef422f092cd27a7debc0e97,injector_and_evaluator_only
human_gold_000389,h_56aee866aad71779,h_49dfd5dbc20d289e,data\annotations\formal300\evidence_annotation_a.csv,b6283abed64036c67247d22ffeab7829bad178a57ffa745544c987c53d73b7fb,injector_and_evaluator_only
human_gold_000390,h_ec14661dfdb4aa1a,h_13d34a73c833c025,data\annotations\formal300\evidence_annotation_a.csv,314393287aa8e8aca28b94a7d49eff7a1ef9321c5363df2706290aa05b68c209,injector_and_evaluator_only
human_gold_000391,h_ec14661dfdb4aa1a,h_72da849deb11e320,data\annotations\formal300\evidence_annotation_a.csv,076341b52e1e48e0f443625ebc331f52628f7e0cfeac2c59622d3440a39943d8,injector_and_evaluator_only
human_gold_000392,h_ec14661dfdb4aa1a,h_e3dedc97379d6574,data\annotations\formal300\evidence_annotation_a.csv,c3ac1bfd293cacc6fc487111a44cce1cb48afe2f430a134f8b81423366884720,injector_and_evaluator_only
human_gold_000393,h_ec14661dfdb4aa1a,h_9df79e1a4da0fdde,data\annotations\formal300\evidence_annotation_a.csv,ec577c7b2e8465ac5df00a39d61a25edb3cb5d79c853a28033d819a268f96c35,injector_and_evaluator_only
human_gold_000394,h_ec14661dfdb4aa1a,h_215da2ea0d077125,data\annotations\formal300\evidence_annotation_a.csv,f314704a0eed0a97e01d9bf3de08deafc8201f6cb4b99ddb78c75077e39b1238,injector_and_evaluator_only
human_gold_000395,h_ec14661dfdb4aa1a,h_835164e23fdcea2e,data\annotations\formal300\evidence_annotation_a.csv,93006c5c5d7287b3cdb48720d9a09a64e7b63185633f3ca3d3a519435c2f2d39,injector_and_evaluator_only
human_gold_000396,h_ec14661dfdb4aa1a,h_5f583c78715aa56c,data\annotations\formal300\evidence_annotation_a.csv,4ca168213ecac76184f4a73e3f9c643e3ef6784b0f6b0994cc946d1b6f3f8ae5,injector_and_evaluator_only
human_gold_000397,h_ec14661dfdb4aa1a,h_a46970f98adeeaf8,data\annotations\formal300\evidence_annotation_a.csv,437d5e961df9a89b707135757fdb2bcc2ebb94ddd9e7380fd6ecd0ed1d086ca0,injector_and_evaluator_only
human_gold_000398,h_ec14661dfdb4aa1a,h_4dcbb91edec61c48,data\annotations\formal300\evidence_annotation_a.csv,9047a66bbbf019d2db5f4281a0be8067aa9d1f450a467d9b67e5c0a170e9abcb,injector_and_evaluator_only
human_gold_000399,h_ec14661dfdb4aa1a,h_3ac7d9238f6ecf9f,data\annotations\formal300\evidence_annotation_a.csv,c82922b1369a0ae34d8cf10d5afc1fe5fa1bc865a9dec41f73664a7163af84d1,injector_and_evaluator_only
human_gold_000400,h_ec14661dfdb4aa1a,h_fe972a4830e94702,data\annotations\formal300\evidence_annotation_a.csv,a814502f451798c4985be0a6de0eda2b9dd4c29920b8c6c9f453ec79aaf601c8,injector_and_evaluator_only
human_gold_000401,h_a036806a6288ce8e,h_bb5ab7dec7705009,data\annotations\formal300\evidence_annotation_a.csv,a6c2b062462a76d478a54ca3e8f2a0849a350d6c91638dca3e94d2535b4f0039,injector_and_evaluator_only
human_gold_000402,h_a036806a6288ce8e,h_5b6673108f07b130,data\annotations\formal300\evidence_annotation_a.csv,96f5a5a78c5b7261a09280bfe6ce07daaf78e4f70e5505a47a4b23d636cc2d1e,injector_and_evaluator_only
human_gold_000403,h_935859e0ce70ad2d,h_6085799a06b54590,data\annotations\formal300\evidence_annotation_a.csv,0b7779e48d9c5cdea26a0d981a2f35fb7b2eedcf7a46b1151a66696c325183c1,injector_and_evaluator_only
human_gold_000404,h_935859e0ce70ad2d,h_90e0545208cbe087,data\annotations\formal300\evidence_annotation_a.csv,aee6fa275b61e436f55bc1203f92a292b212a7add1c6daf505395fc1b3d6048d,injector_and_evaluator_only
human_gold_000405,h_91b53a8010f26961,h_456f5faee255a08c,data\annotations\formal300\evidence_annotation_a.csv,dd8795873b36c9d0a2a97587802f7299018656e00cb31c744b26a7b222a7d8b0,injector_and_evaluator_only
human_gold_000406,h_91b53a8010f26961,h_0ccb88bad1804162,data\annotations\formal300\evidence_annotation_a.csv,088f0c473348577cdc69b9c8e38a0a06436f5feeed0d56ccd70525494861b5a4,injector_and_evaluator_only
human_gold_000407,h_91b53a8010f26961,h_30ec33de981db168,data\annotations\formal300\evidence_annotation_a.csv,88d1e533a909d7035235e8b02398eefab289135affa2f7d83912c520238d8e4f,injector_and_evaluator_only
human_gold_000408,h_91b53a8010f26961,h_5f583c78715aa56c,data\annotations\formal300\evidence_annotation_a.csv,b6cc65ee63cbeb3f9129d53348ac47abe26582936c6091bbe5eab454b9e4d34d,injector_and_evaluator_only
human_gold_000409,h_7a58aa552ff8a05e,h_5be61b5c74b72031,data\annotations\formal300\evidence_annotation_a.csv,60e074e87b1e931736b67d975434d0010b5a88d799cd13e17d5118a78821d158,injector_and_evaluator_only
human_gold_000410,h_b2da72cbeec6f9b3,h_75b2b85bc4b24046,data\annotations\formal300\evidence_annotation_a.csv,2d4515979c7afde99485a6541e09cfafaaceb61f54a9545769de8195437f4f7f,injector_and_evaluator_only
human_gold_000411,h_6acdeadcd427b37e,h_d25a633edc524e14,data\annotations\formal300\evidence_annotation_a.csv,0f91b2f2117234b723fac12cfd0a7312934df9a1210cb16b95443d7d55c2e5aa,injector_and_evaluator_only
human_gold_000412,h_6acdeadcd427b37e,h_aa042a8a12bcdde6,data\annotations\formal300\evidence_annotation_a.csv,4c7b869d7ab45d8fb49eabb25607be7c959c321a8322c86de2366f7702d0dd6e,injector_and_evaluator_only
human_gold_000413,h_6acdeadcd427b37e,h_bbeecc85e1b82c28,data\annotations\formal300\evidence_annotation_a.csv,a73b020b8b61784e81378791a102d62aac862473076093e1a1fbf3477ca9cfa4,injector_and_evaluator_only
human_gold_000414,h_6acdeadcd427b37e,h_585a8335ee9feb49,data\annotations\formal300\evidence_annotation_a.csv,1e10640432c3e590fa347b59ff9041ea37683d9d262ea104d30f2c356fcca2e4,injector_and_evaluator_only
human_gold_000415,h_6acdeadcd427b37e,h_087d863b3f4b7b24,data\annotations\formal300\evidence_annotation_a.csv,babc3061d6acee2e3abe5dfc0ed4ef178c36e83f628a7ae7faa43f40d3f6113c,injector_and_evaluator_only
human_gold_000416,h_6acdeadcd427b37e,h_8c0a9446bfd5e118,data\annotations\formal300\evidence_annotation_a.csv,ba6476e31dab31d5f0b4a809767dcd7d4a5b6ee33eec301c44545e7ea85bf46f,injector_and_evaluator_only
human_gold_000417,h_6acdeadcd427b37e,h_fc27d8b159be329e,data\annotations\formal300\evidence_annotation_a.csv,e3cf6531c6db55e600dfb17eef221af2fc8e226e6b1656fd09d753eacf7d472a,injector_and_evaluator_only
human_gold_000418,h_4d88f82a41ba4883,h_63618b0f46fa5901,data\annotations\formal300\evidence_annotation_a.csv,f7f00cda8c38e704bd221d3b226cedfa06146bd29644cfba71fee617ab30d8aa,injector_and_evaluator_only
human_gold_000419,h_7f122ec85fd92ccb,h_b1c26c745a97cf5c,data\annotations\formal300\evidence_annotation_a.csv,74dcad90619fcdfd5aed0ef5f33365b8e7c85915cae1c4854a33d23c3ef35f51,injector_and_evaluator_only
human_gold_000420,h_7f122ec85fd92ccb,h_325596c50d507a72,data\annotations\formal300\evidence_annotation_a.csv,8dc52803cedebf68221b05f10107a97b2ec813ee702d32551e53cfdf8d298b8b,injector_and_evaluator_only
human_gold_000421,h_7f122ec85fd92ccb,h_7e4ada5ab0a36bd1,data\annotations\formal300\evidence_annotation_a.csv,1ce5dbf17b945ea36793ae50dcd56801715ebc6b8d3f40e98d755acb9a02d0db,injector_and_evaluator_only
human_gold_000422,h_7f122ec85fd92ccb,h_bdbf737ac4b97c8f,data\annotations\formal300\evidence_annotation_a.csv,bc853a91434b996fdaa8a57ef33fcefbe7001603cce2a5ed68f91544c7c5987d,injector_and_evaluator_only
human_gold_000423,h_7f122ec85fd92ccb,h_5b37cb76ad0bd729,data\annotations\formal300\evidence_annotation_a.csv,83e273410a70b6bf9ee6f8a77975ec06a20b2a7fc0eff88f5a1f95ab3f801dfa,injector_and_evaluator_only
human_gold_000424,h_7f122ec85fd92ccb,h_3e1bde9bf6cbfbee,data\annotations\formal300\evidence_annotation_a.csv,9a8aed075f91d2e6ddd2970605cae582ec0854a691cb1833c65a862792a54e57,injector_and_evaluator_only
human_gold_000425,h_63e0054d0871d439,h_d85b1ce1e1719c7f,data\annotations\formal300\evidence_annotation_a.csv,52ce41dfdd79f7622b1395e46afb3ec2175fd81c9afd408fe1c796dd833bff58,injector_and_evaluator_only
human_gold_000426,h_63e0054d0871d439,h_8a7986a056bbf4d0,data\annotations\formal300\evidence_annotation_a.csv,a899bb80231c273408d1bc9f497a96501006e55d369e28e597aa862f2b4d955f,injector_and_evaluator_only
human_gold_000427,h_63e0054d0871d439,h_655fda506fb22f29,data\annotations\formal300\evidence_annotation_a.csv,62acb1554f1c414f4344d8ccec289e756e2c52e9f69111d92bb2c25d7e8d3f42,injector_and_evaluator_only
human_gold_000428,h_63e0054d0871d439,h_a3dadd20dff97cdd,data\annotations\formal300\evidence_annotation_a.csv,1cb667d9043cc5e4a49217c9771c822f9c0ed480be54ef5d859cf690013ecdc3,injector_and_evaluator_only
human_gold_000429,h_63e0054d0871d439,h_5795ffc6d06637a1,data\annotations\formal300\evidence_annotation_a.csv,d6ca94582822f12682793ec48353a8593500014ed9e5d1e4ba80de98f3d2ed38,injector_and_evaluator_only
human_gold_000430,h_63e0054d0871d439,h_2c5adf16754eba55,data\annotations\formal300\evidence_annotation_a.csv,fc2131001c122f277fa1883c61055bfd7187a677d5daddc5211c3c1d0d73351e,injector_and_evaluator_only
human_gold_000431,h_63e0054d0871d439,h_51c5bbd8a44c7c0a,data\annotations\formal300\evidence_annotation_a.csv,769448cf5bdbca1785a078b224116277a162af9359ebdee4780011265a902524,injector_and_evaluator_only
human_gold_000432,h_0447ff1e20811c1c,h_48ea0345d9e87a01,data\annotations\formal300\evidence_annotation_a.csv,38341abfc84437e6559f23e71bd5ad2515eb99d87b3277088c3173b434edeb56,injector_and_evaluator_only
human_gold_000433,h_0447ff1e20811c1c,h_23fce6ab5eeec3d3,data\annotations\formal300\evidence_annotation_a.csv,14d3b6ba2e304c25aa9336ed2605f422fae9347d972af6699b48b46396c91ac0,injector_and_evaluator_only
human_gold_000434,h_60efa1a773c82efb,h_9388d090dfdb4b81,data\annotations\formal300\evidence_annotation_a.csv,7abcc8cdc0e766672c5fdefd9f57fc85c5da35ade7641d528ccc216349a7ec4e,injector_and_evaluator_only
human_gold_000435,h_60efa1a773c82efb,h_52c07b4c321f6d28,data\annotations\formal300\evidence_annotation_a.csv,f99f628fb9b3a0b513fd05288dd5be392177cf80f993171d9aacf16cfbac17c7,injector_and_evaluator_only
human_gold_000436,h_60efa1a773c82efb,h_a515a05c920c947e,data\annotations\formal300\evidence_annotation_a.csv,1d59d916aa6da884c51364b04f32996aa97b267e83d952deec9f41c7534dea4c,injector_and_evaluator_only
human_gold_000437,h_185b757724f24441,h_cb3ffd15fec5afd7,data\annotations\formal300\evidence_annotation_a.csv,09ad5f0018b2272a6f8135577d4806bacb62eafbc23b0b359ef6b9f1c7389c5d,injector_and_evaluator_only
human_gold_000438,h_185b757724f24441,h_6308e947648e0658,data\annotations\formal300\evidence_annotation_a.csv,9dfdf0aa3e75eac4d96336f95520e008d19757b05cdda248af9413592e4564bd,injector_and_evaluator_only
human_gold_000439,h_6ea8518f954d2aae,h_4633771bf5c85b3f,data\annotations\formal300\evidence_annotation_a.csv,3998bc34c856f5028c77a48f044368460b8e23db43af4cbf0fe39687943a8101,injector_and_evaluator_only
human_gold_000440,h_6ea8518f954d2aae,h_aa800bfb3295889b,data\annotations\formal300\evidence_annotation_a.csv,d19214b779842037fe7d3b04ec2423794c73b9feaf54c86804739eed246cf6e2,injector_and_evaluator_only
human_gold_000441,h_6ea8518f954d2aae,h_786d959474067c7b,data\annotations\formal300\evidence_annotation_a.csv,cdbe27beaae5f9fbeebdf34de6be45f1c6bf55906c3b003f0de243a0340db574,injector_and_evaluator_only
human_gold_000442,h_4df543724df9e9e1,h_3476af17f1cd579c,data\annotations\formal300\evidence_annotation_a.csv,2a46a5252259ec4e02db4662aa41d3491eb1f617f70e1633d5e041e9cbb12a40,injector_and_evaluator_only
human_gold_000443,h_0e17180169a58461,h_628dd816e3dc1347,data\annotations\formal300\evidence_annotation_a.csv,11d57bba5c322402f8299af6944d34fc2359379e4b5b4e68dceaa0b55237359b,injector_and_evaluator_only
human_gold_000444,h_0e17180169a58461,h_a8153d0ce304e3e7,data\annotations\formal300\evidence_annotation_a.csv,183aa4f0f8cf0058aea9fbc994d523af09ba2799acb2eb67861903e63a1e5265,injector_and_evaluator_only
human_gold_000445,h_4293ab88a1dc31de,h_b0b22e70d371ac7b,data\annotations\formal300\evidence_annotation_a.csv,075394c7a6b7264e0cd14d340d75bcf5fbf9c90f6855a679242c47e992520216,injector_and_evaluator_only
human_gold_000446,h_4293ab88a1dc31de,h_ab9512b8d077ee7f,data\annotations\formal300\evidence_annotation_a.csv,146ed155fcd4f06120ba288936d508f881d2361b96dc78797aef6c33f72ed40c,injector_and_evaluator_only
human_gold_000447,h_4293ab88a1dc31de,h_b469b2415193551d,data\annotations\formal300\evidence_annotation_a.csv,83a3817cb2369e7ce88260ffbae8e682e04554bc349f36718184f3ce51abbd33,injector_and_evaluator_only
human_gold_000448,h_4293ab88a1dc31de,h_08ed2cd21c7943da,data\annotations\formal300\evidence_annotation_a.csv,187880074647344bf5fb07faf846d6dfe579772ee60cb4e32857c324fa0158c9,injector_and_evaluator_only
human_gold_000449,h_4293ab88a1dc31de,h_9c9d863b89554bde,data\annotations\formal300\evidence_annotation_a.csv,40f317976d1911721b8ee99a1c45ba15fabbafdbe5945394e1247aa6317088d9,injector_and_evaluator_only
human_gold_000450,h_ee825dd1d3235280,h_5be61b5c74b72031,data\annotations\formal300\evidence_annotation_a.csv,c340ff6aaf0435586531429e10a464159b7eb771dc2c32f5ef1a0db756660192,injector_and_evaluator_only
human_gold_000451,h_ee825dd1d3235280,h_f001e2493b0d251a,data\annotations\formal300\evidence_annotation_a.csv,97dac68f81ce7ca9a12616f82a3db262ee7c43f5fd10f4413c78a774107a7800,injector_and_evaluator_only
human_gold_000452,h_ee825dd1d3235280,h_bbeecc85e1b82c28,data\annotations\formal300\evidence_annotation_a.csv,dafcb6a56bfb7908b77a7ae08ce6dd8103a5730c86f2a9ee968dabd24f124be5,injector_and_evaluator_only
human_gold_000453,h_ee825dd1d3235280,h_c53113593ae7c058,data\annotations\formal300\evidence_annotation_a.csv,2065a9e2a19f198eafe39468a1dc0e5f37279ccdbf82d234c9e53c741a40b6bd,injector_and_evaluator_only
human_gold_000454,h_ee825dd1d3235280,h_835164e23fdcea2e,data\annotations\formal300\evidence_annotation_a.csv,a6294f38bdfff9474820bd45ee4278db8a08e574bbc82dd76cb1a64c134ac122,injector_and_evaluator_only
human_gold_000455,h_ee825dd1d3235280,h_ce40c7f7b86335d4,data\annotations\formal300\evidence_annotation_a.csv,4979608d228d83c6c2dbbcf16581575c8f55c391c4e9c173b3879d79596a8a6f,injector_and_evaluator_only
human_gold_000456,h_ee825dd1d3235280,h_7c93146eff15a3f5,data\annotations\formal300\evidence_annotation_a.csv,4ceb8389949fd7c1865f80b1e26fa94a1f00d341d0ef513acd50233c3d4132e0,injector_and_evaluator_only
human_gold_000457,h_ee825dd1d3235280,h_08a45ef6f528a848,data\annotations\formal300\evidence_annotation_a.csv,854bc1b9e39f9a28edfe90522f0ac90cc3ec3c0f7b5754a95b396fb7c233fad8,injector_and_evaluator_only
human_gold_000458,h_ee825dd1d3235280,h_b4d7d73c49a3593c,data\annotations\formal300\evidence_annotation_a.csv,c80ccf08de8071e8a37339bcfe9178947a0f092d22b8edc1a55782c212487b49,injector_and_evaluator_only
human_gold_000459,h_b1751c07cfbea14c,h_36779ae437ddd426,data\annotations\formal300\evidence_annotation_a.csv,5fee790ff7fa0ac9cd144b7411328083ae2997cc2cc8040080909599e4faf54f,injector_and_evaluator_only
human_gold_000460,h_b1751c07cfbea14c,h_260baed69178aca4,data\annotations\formal300\evidence_annotation_a.csv,6d0f03706b228ea527058ad835cbbf596eee73ffff157a85230ea5ece5e03e30,injector_and_evaluator_only
human_gold_000461,h_b1751c07cfbea14c,h_b131d44723c9bfc8,data\annotations\formal300\evidence_annotation_a.csv,c78a89818b39da2b301315cf4e3b9f188b636c046d68ce2410a98e45edb8148a,injector_and_evaluator_only
human_gold_000462,h_b1751c07cfbea14c,h_e187a9b2cc184bc4,data\annotations\formal300\evidence_annotation_a.csv,18743924634f2fb1bac448da19c41ff633a50f95686ae3e8e604801500e314f4,injector_and_evaluator_only
human_gold_000463,h_b1751c07cfbea14c,h_312bf802b161d364,data\annotations\formal300\evidence_annotation_a.csv,c0121d52c98134db08953042b17c8aedc5ce16d39537b6b943a782867c492d92,injector_and_evaluator_only
human_gold_000464,h_b1751c07cfbea14c,h_40fdd61042eb8a8c,data\annotations\formal300\evidence_annotation_a.csv,c54271368cc48fcc8df736ba691b74464ab9dec13a056a282bd1803569f432a8,injector_and_evaluator_only
human_gold_000465,h_b1751c07cfbea14c,h_ef99036a063e1366,data\annotations\formal300\evidence_annotation_a.csv,2c83772a0caf90a8d32bf863992a1945163b6287fe845f3de67f3f7f717d844d,injector_and_evaluator_only
human_gold_000466,h_25f09691189e7d21,h_f001e2493b0d251a,data\annotations\formal300\evidence_annotation_a.csv,1e1639460c84f67bab9691236148baa0906e8bde581d9bf8413bfaa27a3c7ceb,injector_and_evaluator_only
human_gold_000467,h_25f09691189e7d21,h_b72d97d3531c39f1,data\annotations\formal300\evidence_annotation_a.csv,887837d07a8d8295731ddf57a9e3f69b8648ab9ecab3ea880d3de9d130032271,injector_and_evaluator_only
human_gold_000468,h_25f09691189e7d21,h_b4d7d73c49a3593c,data\annotations\formal300\evidence_annotation_a.csv,58580808118155845eff32ec96b9e22ffd0419c537a5fa69f725b4966a4db83d,injector_and_evaluator_only
human_gold_000469,h_25f09691189e7d21,h_835291680006f657,data\annotations\formal300\evidence_annotation_a.csv,88cafdcde3b21f6853e2a16a4ed29a7c2dbdfe51293e7d7202b4192cd4909478,injector_and_evaluator_only
human_gold_000470,h_19a64aefaff94913,h_ad53aa773214ef81,data\annotations\formal300\evidence_annotation_a.csv,5e5a95f31c226aee4dbe098d59fbe64382d40d3acd9e83b5c86f3634bde587a9,injector_and_evaluator_only
human_gold_000471,h_19a64aefaff94913,h_6d8523efddcecd18,data\annotations\formal300\evidence_annotation_a.csv,092cd804960da92c79745e29413325b0c936a3ee0a5fc7663521de55bb684c10,injector_and_evaluator_only
human_gold_000472,h_893b41c2ff393f8f,h_d90737f73b71dc76,data\annotations\formal300\evidence_annotation_a.csv,a44fcf231f8bac069c6c0b70cad17154efb282f806ed148536cd5a98b1e3bf83,injector_and_evaluator_only
human_gold_000473,h_893b41c2ff393f8f,h_d17e0e4a135dbafb,data\annotations\formal300\evidence_annotation_a.csv,26e52a32cca92687025ade5c77c0ca1b422119f071596720f2497e20e1b00951,injector_and_evaluator_only
human_gold_000474,h_893b41c2ff393f8f,h_75109863d1bc9f0d,data\annotations\formal300\evidence_annotation_a.csv,7a4664f7ff3d0dc925750e26d42a1d877864fb45a68c8da58f4e82ae9cdb9d44,injector_and_evaluator_only
human_gold_000475,h_893b41c2ff393f8f,h_5e25b506e62e0735,data\annotations\formal300\evidence_annotation_a.csv,3a88290a21a8bae31c931596571d82a9958ff7b51c69dbcf1105332b9307e4d2,injector_and_evaluator_only
human_gold_000476,h_893b41c2ff393f8f,h_a91fb57ccc6e6497,data\annotations\formal300\evidence_annotation_a.csv,97ba3c6f0eb3fba2e298544add17ef13e9b2ab9b9e74f4df6952ecccc28a3dcc,injector_and_evaluator_only
human_gold_000477,h_893b41c2ff393f8f,h_62d0731f19c695ce,data\annotations\formal300\evidence_annotation_a.csv,c81368b5b88a29f92c9eb41f9d88141360654112ea1568504dcc201a0fbe9250,injector_and_evaluator_only
human_gold_000478,h_0d7ea3f87a05316e,h_19091e3ad617e90e,data\annotations\formal300\evidence_annotation_a.csv,3860c5fac58380767650d99037b792b8ca8348ac84832ae911fa26d9a63c4f93,injector_and_evaluator_only
human_gold_000479,h_edcd3660ce75978f,h_76ce0b0a914914af,data\annotations\formal300\evidence_annotation_a.csv,b4c2f02550c007fb75198ecb52277a2d6db7eb702f7435f4c911db01c461dff6,injector_and_evaluator_only
human_gold_000480,h_edcd3660ce75978f,h_94cfec66042ef825,data\annotations\formal300\evidence_annotation_a.csv,dace4557ab7cf8981353e9fab7dce2a161428c678527f5ee753ae8382af0dda4,injector_and_evaluator_only
human_gold_000481,h_edcd3660ce75978f,h_2e3818775d44a958,data\annotations\formal300\evidence_annotation_a.csv,a074688de5caa8df3841887b9bc9982a965b55ec7f28c93699b266b16cc99971,injector_and_evaluator_only
human_gold_000482,h_53fc8adaea9f5f87,h_002b0d43de518b93,data\annotations\formal300\evidence_annotation_a.csv,fd39e21b04782be5205c4d6045293d9422a127ed992f537634822d71ab625795,injector_and_evaluator_only
human_gold_000483,h_53fc8adaea9f5f87,h_4ff5db1b42be9435,data\annotations\formal300\evidence_annotation_a.csv,d5dd68426c8d85f3aa03c540554930793d92d8877dd9b8ff096139f99f384223,injector_and_evaluator_only
human_gold_000484,h_53fc8adaea9f5f87,h_320eec9dbffff6a4,data\annotations\formal300\evidence_annotation_a.csv,40cec891b223ca767914f0b6a243ebc13356de0b994c4d48171f06937212fa06,injector_and_evaluator_only
human_gold_000485,h_53fc8adaea9f5f87,h_e393b81f5d3aa2b5,data\annotations\formal300\evidence_annotation_a.csv,d8eccab2c12d835f6fa469d31e7b87f16959a57ef6bf6123efbcb9dd5181849d,injector_and_evaluator_only
human_gold_000486,h_6f52fede6f0c3811,h_b97e7f2b1113634c,data\annotations\formal300\evidence_annotation_a.csv,e1646e0e5d67c7add695cda75bde577d3f21b5c14d6751d38a039e77650b13ed,injector_and_evaluator_only
human_gold_000487,h_6f52fede6f0c3811,h_48d2e2abe088c1e5,data\annotations\formal300\evidence_annotation_a.csv,2bde77f38e3484810d7c52f3cd220e732e7486b18783240d82573aa8bb5fc7ff,injector_and_evaluator_only
human_gold_000488,h_fb1858364a98be0c,h_08a45ef6f528a848,data\annotations\formal300\evidence_annotation_a.csv,181abed9088363ce9812633bfc1e3c91b4746d996c2d7232a3110bd22a11f15f,injector_and_evaluator_only
human_gold_000489,h_fb1858364a98be0c,h_48aff118d15227ce,data\annotations\formal300\evidence_annotation_a.csv,5ddabdb10f4df1f07a769634ff27f875b850692036531e38933cb6972f47234a,injector_and_evaluator_only
human_gold_000490,h_fb1858364a98be0c,h_835164e23fdcea2e,data\annotations\formal300\evidence_annotation_a.csv,94074131a2b8889abd437c19a62cbca2f113292b17919f1ff1d692549dc64825,injector_and_evaluator_only
human_gold_000491,h_fb1858364a98be0c,h_e6a9dff68bc12a76,data\annotations\formal300\evidence_annotation_a.csv,eddf8a45c3eeef8f2909c226ce1594bd4588b9ae7cb3a1177efc1ac37d8a7d94,injector_and_evaluator_only
human_gold_000492,h_fb1858364a98be0c,h_9df4a41168eea8d7,data\annotations\formal300\evidence_annotation_a.csv,77bf1dbb13897eedd349054bac0481d67edffb3abf16846b81d85795165d18e4,injector_and_evaluator_only
human_gold_000493,h_fb1858364a98be0c,h_ce86ff1a21818062,data\annotations\formal300\evidence_annotation_a.csv,f44ba9981d7c7925b0b4dfeec91084d6f114a906fdb8bd6e269a66f47eb5ce86,injector_and_evaluator_only
human_gold_000494,h_fb1858364a98be0c,h_aa042a8a12bcdde6,data\annotations\formal300\evidence_annotation_a.csv,1eb894512caff197a467971ac9f4dc66b71804e6626a8c1a6a5d5123b4542b42,injector_and_evaluator_only
human_gold_000495,h_631aad599bfcbf03,h_102f8feae9b5d131,data\annotations\formal300\evidence_annotation_a.csv,100df026f03383129feb90085a86dfd7953ee4bd0fe60d9487739257e7304748,injector_and_evaluator_only
human_gold_000496,h_631aad599bfcbf03,h_4f514b5359267762,data\annotations\formal300\evidence_annotation_a.csv,8ad2e9ec823dafa2bfcd00dfbc416533fba0ccd0baa1392faf7ecc31b5dd7c0a,injector_and_evaluator_only
human_gold_000497,h_f86fddd860267e68,h_a0f7dba78ae1b139,data\annotations\formal300\evidence_annotation_a.csv,9342ff3fd9e91b0da5d88988fecafdbc5d171fee61a4ffe7a1002331c64e584c,injector_and_evaluator_only
human_gold_000498,h_f86fddd860267e68,h_af8276191c936543,data\annotations\formal300\evidence_annotation_a.csv,f59d53b32f4a3491d0807268784e0f43e868fcfd4f0a6279a8c2246615f9521c,injector_and_evaluator_only
human_gold_000499,h_f86fddd860267e68,h_a81d929f7b95b291,data\annotations\formal300\evidence_annotation_a.csv,3dc6635ac3098d93c227e87a039d3578355dd606669ffc9835deb7dec91b4e7c,injector_and_evaluator_only
human_gold_000500,h_f86fddd860267e68,h_98f642226e9df595,data\annotations\formal300\evidence_annotation_a.csv,7add46f5c668f69045f8fab39760189855927433a17d9cac8350b8c438766d08,injector_and_evaluator_only
human_gold_000501,h_19fe3438fa3efa26,h_b43cd9ed5b231823,data\annotations\formal300\evidence_annotation_a.csv,f189eb68591643075ffa3d1d6a3365d60dbe20ac34130a2975b4eedfae6c29a1,injector_and_evaluator_only
human_gold_000502,h_19fe3438fa3efa26,h_a86d5e8e8e27ab2b,data\annotations\formal300\evidence_annotation_a.csv,353d9d897445306a917eb4bbff600a55e4de50bdd62c71a6d937e32a95facf0e,injector_and_evaluator_only
human_gold_000503,h_19fe3438fa3efa26,h_06d11fb556942e96,data\annotations\formal300\evidence_annotation_a.csv,9d79239cf651751909d9344a8a8bc0de8c59ba16c04d4495b4a4f1865e7932db,injector_and_evaluator_only
human_gold_000504,h_19fe3438fa3efa26,h_79acbe9311b83cf5,data\annotations\formal300\evidence_annotation_a.csv,06473fda735f76f0bb674446ad1a746a4efbe5d024c56b9894a963c2321e55ea,injector_and_evaluator_only
human_gold_000505,h_19fe3438fa3efa26,h_c28dc3f5db4d343b,data\annotations\formal300\evidence_annotation_a.csv,86879183b8846e3e84301a333dbaa9831d2b5353e2a726217273da7abbb2fe17,injector_and_evaluator_only
human_gold_000506,h_ac9ee62b6f06f803,h_6de56cda1635ff7e,data\annotations\formal300\evidence_annotation_a.csv,3e79ec22e72e94749fbb38ba7f4ec01078e67727f06756a1747df368bc425936,injector_and_evaluator_only
human_gold_000507,h_ac9ee62b6f06f803,h_6c6d04e32b656026,data\annotations\formal300\evidence_annotation_a.csv,3e0527a6802d263d21dd5d651af73b22ad70066b2ef754508913b8034e97f5cc,injector_and_evaluator_only
human_gold_000508,h_ac9ee62b6f06f803,h_b1db64adec0094d8,data\annotations\formal300\evidence_annotation_a.csv,13f8fe55abf170949dcb222336a2ff77decb7227afae30ab6c0c092c40716a69,injector_and_evaluator_only
human_gold_000509,h_ac9ee62b6f06f803,h_73fdff5cd7b8c005,data\annotations\formal300\evidence_annotation_a.csv,3154f4b337f456385c04e1239e052054a5c57f4ec4b9624d48cf8690e7cd82dd,injector_and_evaluator_only
human_gold_000510,h_1dd576d381884210,h_7a7d83bb45a70ac8,data\annotations\formal300\evidence_annotation_a.csv,829338c119e0c29b17af5085e76e8b735852ab6344bbb19abbed4f107e85bec0,injector_and_evaluator_only
human_gold_000511,h_1dd576d381884210,h_eb7cc1554da50479,data\annotations\formal300\evidence_annotation_a.csv,4a2df67eab58f8723112a77263c3ad4014ee7bd186db92c431004b0dc5cc2ce9,injector_and_evaluator_only
human_gold_000512,h_1dd576d381884210,h_410a2cade75a904d,data\annotations\formal300\evidence_annotation_a.csv,40915d55f21c37cd772c49d443763abffbddb0bba65af1c29093add903c642dc,injector_and_evaluator_only
human_gold_000513,h_1dd576d381884210,h_b01641792dd15a1a,data\annotations\formal300\evidence_annotation_a.csv,9f3f14546c692af0c8ab3f8e8060ff7c35c249054b3d1d7f7244c5269d4288e1,injector_and_evaluator_only
human_gold_000514,h_1dd576d381884210,h_e6a9dff68bc12a76,data\annotations\formal300\evidence_annotation_a.csv,814715e5c24bee46fbaefa4c99929d58b0d505690741284098b399421f129d1f,injector_and_evaluator_only
human_gold_000515,h_0aa9a016c3e03edf,h_69d741bbc4919a68,data\annotations\formal300\evidence_annotation_a.csv,b3795382aa6a2424c84133e89a84d0ced98d55d879cc124fb6beed8f9a75d3ea,injector_and_evaluator_only
human_gold_000516,h_0aa9a016c3e03edf,h_90149d8170d31870,data\annotations\formal300\evidence_annotation_a.csv,edc871ee5996787aef1adc0ccdaf15eb75e58cd7ac1980b0b278e997fd1d1b10,injector_and_evaluator_only
human_gold_000517,h_0aa9a016c3e03edf,h_0ccb88bad1804162,data\annotations\formal300\evidence_annotation_a.csv,7e1b4ef76bf04d4cf1ad6bcac587cf2687c34d1770e587ff2eecb2391c06adee,injector_and_evaluator_only
human_gold_000518,h_46847b652a1f9ced,h_2aacdcfb35cc4565,data\annotations\formal300\evidence_annotation_a.csv,8a2b4a2ed7d6f7a9294d0426228209945eafe0bcfd9fbb87bb8ca027a113cce3,injector_and_evaluator_only
human_gold_000519,h_46847b652a1f9ced,h_4e82a9b8dc2ffabd,data\annotations\formal300\evidence_annotation_a.csv,e23467117f61782bc301159d7059feab47fc2cf542e0b19ef1196ab320ac2fc1,injector_and_evaluator_only
human_gold_000520,h_1234ad3e48dcc00a,h_9fd466e1049c95d8,data\annotations\formal300\evidence_annotation_a.csv,7cac4ea78f66ee0f9ed5542bf8bd89143f049818256f388a220f0dcd6ec6b5a3,injector_and_evaluator_only
human_gold_000521,h_1234ad3e48dcc00a,h_3c5ca06d57da1f08,data\annotations\formal300\evidence_annotation_a.csv,37452d045dc8a2300102966d21037bc305e073363ecfec51d80e88a40653f049,injector_and_evaluator_only
human_gold_000522,h_1234ad3e48dcc00a,h_6ed5a3b63c447818,data\annotations\formal300\evidence_annotation_a.csv,fffb9f5ffd4eabcc2ebc3a90bef7287761fdfb3ccedf2d54c5634bd93a272584,injector_and_evaluator_only
human_gold_000523,h_1234ad3e48dcc00a,h_7849fe5e0677d59f,data\annotations\formal300\evidence_annotation_a.csv,07f73cbbbc49c64d6b536f8d6f0941ba346ecd8f7a1bc5f30258dab0714f8d10,injector_and_evaluator_only
human_gold_000524,h_1234ad3e48dcc00a,h_e2c12147ec222d44,data\annotations\formal300\evidence_annotation_a.csv,8de39abef4e890a2fff653e0dbf060e0e5d59fe1b9b001f1639903ead16b4032,injector_and_evaluator_only
human_gold_000525,h_1234ad3e48dcc00a,h_e49a17d7c26969e1,data\annotations\formal300\evidence_annotation_a.csv,e9da6d36a43f392b2d20b7a58bd4c5937706156545746dfe93d3709fa93a8656,injector_and_evaluator_only
human_gold_000526,h_1234ad3e48dcc00a,h_cdb1cb7315608aa7,data\annotations\formal300\evidence_annotation_a.csv,8699c908acbd35ec47eef492dd2d4b120c51a16eb4960ddacc0045bcec62d052,injector_and_evaluator_only
human_gold_000527,h_76924abb4c897425,h_613c0067a8031afc,data\annotations\formal300\evidence_annotation_a.csv,2265ef8c15c5f5e94e81f013cd2e817f689840e015ad586f4d31aacf2a0afe60,injector_and_evaluator_only
human_gold_000528,h_d79788dfe9729247,h_af9cf54e6578c730,data\annotations\formal300\evidence_annotation_a.csv,006583e39f855985027d5efdcc932aa6fcc3baf991f8e5e1a6ca466784e8b9fe,injector_and_evaluator_only
human_gold_000529,h_d79788dfe9729247,h_f1c99ca5a106a801,data\annotations\formal300\evidence_annotation_a.csv,25fa88e3cd97185320f58db98a8251fcfff2bd454a5333605127d82cfd45b1ff,injector_and_evaluator_only
human_gold_000530,h_d79788dfe9729247,h_16933d786c25270a,data\annotations\formal300\evidence_annotation_a.csv,a86001737d694d7dbac8fbf7ec82a8f8f096db689f60c7b7d255e62a85bc9e27,injector_and_evaluator_only
human_gold_000531,h_e292ca03ea014548,h_2aab37ae6d1ee404,data\annotations\formal300\evidence_annotation_a.csv,694e938644d427d60cb16d4561717219244f4d4fa6844797af127077923dfa29,injector_and_evaluator_only
human_gold_000532,h_e292ca03ea014548,h_d9d3b5b098dda2e5,data\annotations\formal300\evidence_annotation_a.csv,e68742e6953c8beb4c5452812c8e73c0079362b930ba2199fca968fa090d8e28,injector_and_evaluator_only
human_gold_000533,h_e292ca03ea014548,h_b0df1b61554c59bc,data\annotations\formal300\evidence_annotation_a.csv,3f68d93edbe5da5a8aee6bc442af86e004d53c56ca3581716254c12f7701b9a6,injector_and_evaluator_only
human_gold_000534,h_7d128cce91b8981e,h_29f11fc3825312c1,data\annotations\formal300\evidence_annotation_a.csv,bfb55d2ba0b4991a158f58e7753290362866ad320338089633c6b8bd591cf236,injector_and_evaluator_only
human_gold_000535,h_2d37c58aba833145,h_ba806a4149bf4537,data\annotations\formal300\evidence_annotation_a.csv,fc808f5f7a06dc46f25c1870513f0911ba451b50ea00ff06cdee64872d3d5596,injector_and_evaluator_only
human_gold_000536,h_2d37c58aba833145,h_9002761dd6e84450,data\annotations\formal300\evidence_annotation_a.csv,4d0bdcdd2784c41c6bbe3515185aa66bc04dd874b5e5e8c285b22221aa68069b,injector_and_evaluator_only
human_gold_000537,h_2d37c58aba833145,h_32f828547342e2b1,data\annotations\formal300\evidence_annotation_a.csv,372cb0f82e667ca444d0280508a7059e81acb88693839a6dd809e300b4f3928c,injector_and_evaluator_only
human_gold_000538,h_2d37c58aba833145,h_e258c7c7492d1fa2,data\annotations\formal300\evidence_annotation_a.csv,ac5d1b99622ebf2deccba9aaaab6ce19ea8c565e7380a5c5c717d5d277e02e79,injector_and_evaluator_only
human_gold_000539,h_adb1009d8f2be027,h_9ab2ba1216fc55a6,data\annotations\formal300\evidence_annotation_a.csv,b228a4a09ef76bec3b1d8074a5a30ce20026eca2a632379b87d3c20c1a846721,injector_and_evaluator_only
human_gold_000540,h_adb1009d8f2be027,h_7c220fb19bd2bb9b,data\annotations\formal300\evidence_annotation_a.csv,8286216c840a69cac626db4b4ae7e0c5bdf471bad778db12e966df752ee6e62e,injector_and_evaluator_only
human_gold_000541,h_19e2bf612f860a0f,h_fe078f28025c4a4c,data\annotations\formal300\evidence_annotation_a.csv,bfabc4cdddd69935f0e2283e8837ab3b987e2265ea4ac6f75b061813f17c9320,injector_and_evaluator_only
human_gold_000542,h_2793b9d8fd42c949,h_fc27d8b159be329e,data\annotations\formal300\evidence_annotation_a.csv,b15ea21e74f56471ff4f5a44b175e364e0b120e6cc6e696dd3c551fbd68ee169,injector_and_evaluator_only
human_gold_000543,h_2793b9d8fd42c949,h_40da98c203daf3b2,data\annotations\formal300\evidence_annotation_a.csv,2611ed1816b7493977efc5ebd0c17e6e6ab9e63beae99d46c734332fbfdbb459,injector_and_evaluator_only
human_gold_000544,h_66b704865d1ca4ee,h_f884acb506453467,data\annotations\formal300\evidence_annotation_a.csv,c91a6049ea66187658e55307ce4ff87b87b722433a32b85240a1c24dbd725737,injector_and_evaluator_only
human_gold_000545,h_66b704865d1ca4ee,h_06a6866c1ef0b7ed,data\annotations\formal300\evidence_annotation_a.csv,73837227a3a1a4f6097a7219c99e2b8ab443e960474f260c94beefd559057bd9,injector_and_evaluator_only
human_gold_000546,h_66b704865d1ca4ee,h_2d08e0c4c2fd163b,data\annotations\formal300\evidence_annotation_a.csv,6bd59de704a91e2f60537f7cc61a0f7a3e67b8ad91c61277a190378b0c4d387a,injector_and_evaluator_only
human_gold_000547,h_66b704865d1ca4ee,h_ab7a55fb0b9ae7be,data\annotations\formal300\evidence_annotation_a.csv,1e62bd4e436bfd4651e9adec1d92f6c55be9dcb27982b205de9a7886ee146b86,injector_and_evaluator_only
human_gold_000548,h_7d621dceabbd4760,h_4cc27045c0e07972,data\annotations\formal300\evidence_annotation_a.csv,48c3ae0dae0a15bb3456707efc9d6a577ab89e731affbca098a016f8d8f608c0,injector_and_evaluator_only
human_gold_000549,h_7d621dceabbd4760,h_f884acb506453467,data\annotations\formal300\evidence_annotation_a.csv,7de9e34b67c86415ffa26868c6763676aa3ffd87544b2e9f15acd72079895283,injector_and_evaluator_only
human_gold_000550,h_7d621dceabbd4760,h_2d08e0c4c2fd163b,data\annotations\formal300\evidence_annotation_a.csv,ab228292a66d4029918846781d947446459bb34cfe154beaaaa3fc5170fc219e,injector_and_evaluator_only
human_gold_000551,h_7d621dceabbd4760,h_811cf64b4b49f010,data\annotations\formal300\evidence_annotation_a.csv,40ca26b20fd5a3aa263fee9a0aa945ae1fe235e56f81aabe63ba7d2bdad5e955,injector_and_evaluator_only
human_gold_000552,h_7d621dceabbd4760,h_a207fbc9eae8a7ad,data\annotations\formal300\evidence_annotation_a.csv,8b809a5aea20a7b7135407ab9b9725e3e289f58c5ab95a97d73cc93aa525b702,injector_and_evaluator_only
human_gold_000553,h_7d621dceabbd4760,h_49743780ea409579,data\annotations\formal300\evidence_annotation_a.csv,ee0a6de01d239b64670ff1f19792ad6fab11f44ed2786f054573462c977071be,injector_and_evaluator_only
human_gold_000554,h_05cdb0a7b431a016,h_f9751af4c3b85a4a,data\annotations\formal300\evidence_annotation_a.csv,8429e07a4e1c1f1debc03e78f79ffdad4354dcb84ac8babe84d635d9fba5428b,injector_and_evaluator_only
human_gold_000555,h_05cdb0a7b431a016,h_dcc9959a6f4753a4,data\annotations\formal300\evidence_annotation_a.csv,274df79961b3353b7b45328657a915d32e05ae6a4a7aba9ca67bd56ee703a194,injector_and_evaluator_only
human_gold_000556,h_4b228af28a222492,h_d4839d4b12503327,data\annotations\formal300\evidence_annotation_a.csv,27eefcae38a6c81142c2ba778af812b307391ea92ffd1efbbe6ff421d74b80e3,injector_and_evaluator_only
human_gold_000557,h_4b228af28a222492,h_af8276191c936543,data\annotations\formal300\evidence_annotation_a.csv,9b82eba92aeaf1b70edbbd95a1f5251c1d4e327c1f6cc48b1375c105a70a978d,injector_and_evaluator_only
human_gold_000558,h_4b228af28a222492,h_ba30dd385a2d4be8,data\annotations\formal300\evidence_annotation_a.csv,c53392e49cd7a29cc72726a1016ccb9c47bbaea96c6f31e77ac30e31525e30a8,injector_and_evaluator_only
human_gold_000559,h_20c782809efea749,h_6a7c127686c62505,data\annotations\formal300\evidence_annotation_a.csv,b39fa7532d471444e86faa4cfff2854032c247e3dfc03187063ca2823ce8f8ae,injector_and_evaluator_only
human_gold_000560,h_20c782809efea749,h_7cba52bc66d0e2cf,data\annotations\formal300\evidence_annotation_a.csv,cf97707b384b319f2e564725f07d9f6a50d5b37282a1441fd951e0e893cdbf63,injector_and_evaluator_only
human_gold_000561,h_20c782809efea749,h_b1cab7e5e96293c3,data\annotations\formal300\evidence_annotation_a.csv,b13a7125f25cad0dd20874d14ec731ff7d2eef440eec7cc2eacf20d81b7fdd17,injector_and_evaluator_only
human_gold_000562,h_20c782809efea749,h_62915b012fc4997d,data\annotations\formal300\evidence_annotation_a.csv,e55a7615ade8013e29cd28d60d438eee0afd054708aab8accf41faf1978ee735,injector_and_evaluator_only
human_gold_000563,h_5552cabaa024d645,h_9805841a5132c6e7,data\annotations\formal300\evidence_annotation_a.csv,067fdc1c0c689be980c2e0bb957a920070a7f08a627188253ded10339c17409f,injector_and_evaluator_only
human_gold_000564,h_5552cabaa024d645,h_c0c70cb0b1d13ceb,data\annotations\formal300\evidence_annotation_a.csv,edb0eb7f38d3a5e6290f8f02a383ad45c814751629054b48d0fc95d2838a566e,injector_and_evaluator_only
human_gold_000565,h_5552cabaa024d645,h_7a67584c36d5292c,data\annotations\formal300\evidence_annotation_a.csv,4bf713ba8f8eb41b6ce0a3448bca1cc09c78e27d5ebe91f9a1da215f03d30f3f,injector_and_evaluator_only
human_gold_000566,h_5552cabaa024d645,h_a0851e5a6304de0f,data\annotations\formal300\evidence_annotation_a.csv,057a29140a22cce8ada397a17e5fd1837d243cc24ccb6812b0810eebb40bffab,injector_and_evaluator_only
human_gold_000567,h_5552cabaa024d645,h_91bce8298741f3b4,data\annotations\formal300\evidence_annotation_a.csv,ff4b0c0e2a5ec05d0f2f04ca7313219d1853cecb2c06ad692c7ea94d665441eb,injector_and_evaluator_only
human_gold_000568,h_5552cabaa024d645,h_99b4c69e7b276e9a,data\annotations\formal300\evidence_annotation_a.csv,345e50e2e94961e869f4cff056d35d16fc5ff3f6b2f1627ca230a037ce049b66,injector_and_evaluator_only
human_gold_000569,h_5552cabaa024d645,h_79b73ab238d2f3b3,data\annotations\formal300\evidence_annotation_a.csv,046fff63d9a0802f03f7ee78bbe271147efb5497dc63e393636201a3349be92e,injector_and_evaluator_only
human_gold_000570,h_5552cabaa024d645,h_6524f80798b43cc4,data\annotations\formal300\evidence_annotation_a.csv,c32299282c943c7889b7d02026b0ab612ba385b1ab4e9111838d6eaecf97353a,injector_and_evaluator_only
human_gold_000571,h_5552cabaa024d645,h_b8c98d97560bee99,data\annotations\formal300\evidence_annotation_a.csv,b1e529d18d0fa1be1f330a448dd5a902c8936fd0c425d83b8b62b3f434db2aec,injector_and_evaluator_only
human_gold_000572,h_d6dcbf977f3ad96d,h_7c086eab8e77ab1b,data\annotations\formal300\evidence_annotation_a.csv,79d397b1dbc8d4175cd866d1fd9e749b2da4e887916504250cd749a101edc1c3,injector_and_evaluator_only
human_gold_000573,h_a62519d8105562d4,h_974ef067c133e08c,data\annotations\formal300\evidence_annotation_a.csv,04ac39754785f7bf15d23725b97a682a967ab39b5f310826b8825556ee2250c9,injector_and_evaluator_only
human_gold_000574,h_a62519d8105562d4,h_800aa918155562dd,data\annotations\formal300\evidence_annotation_a.csv,9d651353d92f2f3cfefe635544af9b9ffa3addf032faa88ebc2a8fa2ea60684d,injector_and_evaluator_only
human_gold_000575,h_51dbc877176944da,h_29dccec930c161ee,data\annotations\formal300\evidence_annotation_a.csv,88e62aba9c2257be2a46daf5497c52f4d97008b478bddacbd0bde9c7b79d90e2,injector_and_evaluator_only
human_gold_000576,h_51dbc877176944da,h_dd55d4bbb85d0912,data\annotations\formal300\evidence_annotation_a.csv,7b64c22df5ca2bd634e3cd7c0b21e42a26cdbaacd8517bc11378f77fee640a5c,injector_and_evaluator_only
