split,qid,method,k,lambda,selected_doc_ids,selected_scores,demand_cov,ndcg_10,unique_demand_count,mean_gold_relevance,mean_reranker_score,mean_pairwise_similarity,redundancy,jaccard_vs_b0,replacement_count_vs_b0
formal_train,1000761,B0,5,,WMA_b703a00296735980|108852|WMA_fa04e7ef7fa8e6d3|145755|WMA_72029596e107c171,0.93388689;0.89152044;0.87914884;0.86809450;0.83560002,1.00000000,0.64893158,2,2.00000000,0.88165014,0.28591464,1.00000000,1.00000000,0
formal_train,1000761,MMR,5,0.60000000,WMA_b703a00296735980|108852|WMA_76cf52bc0179748c|WMA_72029596e107c171|WMA_fe57955f592e96c5,0.93388689;0.89152044;0.83560002;0.79452127;0.74874121,1.00000000,0.64893158,2,2.00000000,0.84085397,0.06813638,1.00000000,0.42857143,2
formal_train,1000761,D3_TFIDF,5,,WMA_76cf52bc0179748c|WMA_b703a00296735980|WMA_fa04e7ef7fa8e6d3|108852|145755,0.93388689;0.89152044;0.87914884;0.86809450;0.79452127,1.00000000,0.64893158,2,2.00000000,0.87343439,0.25249980,1.00000000,0.66666667,1
formal_train,10010888,B0,5,,WMA_ac9c95d776198a70|WMA_488b25f9c874afd8|WMA_5999899a94dbb80a|WMA_d62abdf149c552b3|56547,0.99986601;0.99985695;0.99972898;0.99961829;0.99910849,1.00000000,0.64893158,3,2.00000000,0.99963574,0.11412846,0.68333333,1.00000000,0
formal_train,10010888,MMR,5,0.60000000,WMA_ac9c95d776198a70|56547|WMA_5999899a94dbb80a|WMA_728aed79d4faf8dd|WMA_488b25f9c874afd8,0.99986601;0.99985695;0.99972898;0.99910849;0.99875247,1.00000000,0.64893158,3,2.00000000,0.99946258,0.12286407,0.68333333,0.66666667,1
formal_train,10010888,D3_TFIDF,5,,WMA_d62abdf149c552b3|WMA_ac9c95d776198a70|WMA_488b25f9c874afd8|WMA_5999899a94dbb80a|WMA_ac9c85c54d90ab5f,0.99986601;0.99985695;0.99972898;0.99961829;0.91783649,1.00000000,0.64893158,3,2.00000000,0.98338134,0.17331216,0.68333333,0.66666667,1
formal_train,10010890,B0,5,,WMA_9d066002776c079d|WMA_cb67dd87f7d9b3a3|171903|WMA_351982b9ac0e4acc|WMA_ad96a88167926acb,0.99976319;0.99813879;0.99471647;0.99294454;0.99172509,1.00000000,0.56378846,1,1.60000000,0.99545761,0.09135048,0.60000000,1.00000000,0
formal_train,10010890,MMR,5,0.60000000,WMA_9d066002776c079d|171903|WMA_ad96a88167926acb|WMA_351982b9ac0e4acc|WMA_cb67dd87f7d9b3a3,0.99976319;0.99813879;0.99471647;0.99294454;0.99172509,1.00000000,0.53888569,1,1.60000000,0.99545761,0.09135048,0.60000000,1.00000000,0
formal_train,10010890,D3_TFIDF,5,,WMA_9d066002776c079d|WMA_cb67dd87f7d9b3a3|171903|WMA_351982b9ac0e4acc|WMA_ad96a88167926acb,0.99976319;0.99813879;0.99471647;0.99294454;0.99172509,1.00000000,0.56378846,1,1.60000000,0.99545761,0.09135048,0.60000000,1.00000000,0
formal_train,10031096,B0,5,,WMA_11853d561b187e4c|WMA_32ecb186b65aa370|WMA_6eec4f05a9d5c728|WMA_02440532bfa3643f|WMA_e620ebd66f6e77b9,0.99859744;0.99628508;0.97316223;0.96934611;0.96808404,1.00000000,0.64893158,2,2.00000000,0.98109498,0.13736978,1.00000000,1.00000000,0
formal_train,10031096,MMR,5,0.60000000,WMA_11853d561b187e4c|WMA_6eec4f05a9d5c728|WMA_32ecb186b65aa370|WMA_e620ebd66f6e77b9|WMA_e3edd4fee929e77d,0.99859744;0.99628508;0.97316223;0.96808404;0.92915475,1.00000000,0.64893158,2,2.00000000,0.97305671,0.11243412,1.00000000,0.66666667,1
formal_train,10031096,D3_TFIDF,5,,WMA_11853d561b187e4c|WMA_32ecb186b65aa370|WMA_6eec4f05a9d5c728|WMA_02440532bfa3643f|WMA_e620ebd66f6e77b9,0.99859744;0.99628508;0.97316223;0.96934611;0.96808404,1.00000000,0.64893158,2,2.00000000,0.98109498,0.13736978,1.00000000,1.00000000,0
formal_train,10042322,B0,5,,WMA_3a7e73437e0a9fe9|WMA_42bc92ed21db5072|WMA_0a9b1563ea70614c|WMA_82e93aa0a46757d5|WMA_0268a961f5fbf9cb,0.99925727;0.99873906;0.99854136;0.99848336;0.99780828,1.00000000,0.64893158,5,2.00000000,0.99856586,0.27621201,0.60833333,1.00000000,0
formal_train,10042322,MMR,5,0.60000000,WMA_3a7e73437e0a9fe9|WMA_0268a961f5fbf9cb|WMA_42bc92ed21db5072|WMA_7c8008eaa89b0ce7|86153,0.99925727;0.99873906;0.99780828;0.99171317;0.98808295,1.00000000,0.64893158,5,2.00000000,0.99512014,0.15940681,0.53166667,0.42857143,2
formal_train,10042322,D3_TFIDF,5,,WMA_3a7e73437e0a9fe9|WMA_0a9b1563ea70614c|WMA_0268a961f5fbf9cb|WMA_7c8008eaa89b0ce7|WMA_42bc92ed21db5072,0.99925727;0.99873906;0.99854136;0.99780828;0.98808295,1.00000000,0.64893158,5,2.00000000,0.99648578,0.19054874,0.53166667,0.66666667,1
formal_train,10046266,B0,5,,WMA_f2c7b129a8948e33|WMA_c0240a974293f7cc|WMA_3d498fa45f8389ba|WMA_f9300e9f30ad6a2d|WMA_c61ff9ea7449d9a8,0.99661666;0.99448460;0.99180692;0.99165010;0.98907542,0.60000000,0.64893158,3,2.00000000,0.99272674,0.22014127,0.66666667,1.00000000,0
formal_train,10046266,MMR,5,0.60000000,WMA_f2c7b129a8948e33|WMA_c61ff9ea7449d9a8|WMA_70ce7949dbc7638d|WMA_f5bafafe5bfed5e9|WMA_f9300e9f30ad6a2d,0.99661666;0.99165010;0.98907542;0.98897421;0.97301948,0.60000000,0.64893158,3,2.00000000,0.98786718,0.14812644,0.66666667,0.42857143,2
formal_train,10046266,D3_TFIDF,5,,WMA_c61ff9ea7449d9a8|WMA_532df9ea912c8952|WMA_f2c7b129a8948e33|WMA_c0240a974293f7cc|WMA_3d498fa45f8389ba,0.99661666;0.99448460;0.99180692;0.98907542;0.98445845,0.80000000,0.64893158,4,2.00000000,0.99128841,0.23401248,0.65000000,0.66666667,1
formal_train,10076352,B0,5,,WMA_0290d41421a42155|WMA_6d877f410a01a1f6|WMA_f815db6bb44a24c4|WMA_e381b339d407b5b7|22732,0.99950981;0.99439806;0.98823839;0.98709631;0.98441374,1.00000000,0.64893158,2,2.00000000,0.99073126,0.18739935,0.80000000,1.00000000,0
formal_train,10076352,MMR,5,0.60000000,WMA_0290d41421a42155|129198|84244|WMA_e381b339d407b5b7|WMA_f815db6bb44a24c4,0.99950981;0.98823839;0.98709631;0.98342645;0.97987109,1.00000000,0.53888569,2,1.60000000,0.98762841,0.11232830,0.45000000,0.42857143,2
formal_train,10076352,D3_TFIDF,5,,WMA_0ea3fada1632eb9d|WMA_b0910b03c96ae328|WMA_0290d41421a42155|WMA_6d877f410a01a1f6|WMA_f815db6bb44a24c4,0.99950981;0.99439806;0.98823839;0.96189463;0.94222856,1.00000000,0.64893158,2,2.00000000,0.97725389,0.19255046,0.70000000,0.42857143,2
formal_train,10138964,B0,5,,WMA_57cb53de62c06c6d|WMA_0b5566193c85410c|115329|WMA_f8bc8196d9286080|160236,0.99912578;0.99883085;0.99695849;0.99604154;0.99344420,0.50000000,0.64893158,2,2.00000000,0.99688017,0.16852460,1.00000000,1.00000000,0
formal_train,10138964,MMR,5,0.60000000,WMA_57cb53de62c06c6d|WMA_0b5566193c85410c|160844|WMA_f8bc8196d9286080|115329,0.99912578;0.99883085;0.99695849;0.99604154;0.99217868,0.75000000,0.64893158,3,2.00000000,0.99662707,0.16147721,0.86666667,0.66666667,1
formal_train,10138964,D3_TFIDF,5,,160844|WMA_57cb53de62c06c6d|WMA_0b5566193c85410c|115329|96697,0.99912578;0.99883085;0.99695849;0.99217868;0.97733170,0.75000000,0.64893158,3,2.00000000,0.99288510,0.12809544,0.68333333,0.42857143,2
formal_train,10168026,B0,5,,WMA_f1b28ba26b5c6633|128176|157527|WMA_f5f756484fe0800a|187170,0.99991572;0.99972445;0.99948126;0.99844790;0.99789584,1.00000000,0.69302219,3,2.00000000,0.99909303,0.20910221,0.80000000,1.00000000,0
formal_train,10168026,MMR,5,0.60000000,WMA_f1b28ba26b5c6633|30675|186151|73986|187170,0.99991572;0.99789584;0.99235338;0.98963457;0.96168530,1.00000000,0.69302219,3,2.00000000,0.98829696,0.18726854,0.80000000,0.25000000,3
formal_train,10168026,D3_TFIDF,5,,WMA_f1b28ba26b5c6633|128176|157527|WMA_f5f756484fe0800a|187170,0.99991572;0.99972445;0.99948126;0.99844790;0.99789584,1.00000000,0.69302219,3,2.00000000,0.99909303,0.20910221,0.80000000,1.00000000,0
formal_train,10204716,B0,5,,WMA_f3fc63db503dc036|43967|85028|89260|WMA_64c5a65d6e7a37d1,0.99704581;0.97227871;0.96839374;0.96156406;0.92706513,0.50000000,0.58620214,1,1.60000000,0.96526949,0.18073152,0.60000000,1.00000000,0
formal_train,10204716,MMR,5,0.60000000,WMA_f3fc63db503dc036|85028|43967|WMA_64c5a65d6e7a37d1|89260,0.99704581;0.97227871;0.96839374;0.96156406;0.92706513,0.50000000,0.61931987,1,1.60000000,0.96526949,0.18073152,0.60000000,1.00000000,0
formal_train,10204716,D3_TFIDF,5,,WMA_64c5a65d6e7a37d1|WMA_bb34d7c84e653072|WMA_f3fc63db503dc036|43967|85028,0.99704581;0.97227871;0.96839374;0.92706513;0.80288380,1.00000000,0.63685473,2,1.60000000,0.93353344,0.15927841,0.45000000,0.66666667,1
formal_train,10218857,B0,5,,WMA_d73a054ba72f3c56|67191|WMA_23a05d6ad6de3487|27574|58359,0.99300838;0.90348268;0.86477160;0.70117438;0.63914341,0.50000000,0.81046163,1,2.00000000,0.82031609,0.15245724,1.00000000,1.00000000,0
formal_train,10218857,MMR,5,0.60000000,WMA_d73a054ba72f3c56|WMA_23a05d6ad6de3487|67191|27574|58359,0.99300838;0.90348268;0.86477160;0.70117438;0.63914341,0.50000000,0.81046163,1,2.00000000,0.82031609,0.15245724,1.00000000,1.00000000,0
formal_train,10218857,D3_TFIDF,5,,67191|WMA_d73a054ba72f3c56|WMA_6b3ed944ea41b4f2|27574|WMA_23a05d6ad6de3487,0.99300838;0.90348268;0.86477160;0.70117438;0.00003310,0.50000000,0.67302346,1,1.60000000,0.69249403,0.08405327,0.60000000,0.66666667,1
formal_train,10234276,B0,5,,WMA_b7249e9e3562dc1b|168090|WMA_f3c08ff04144f2ea|94917|34880,0.96934611;0.96895146;0.96488059;0.95889127;0.94476330,1.00000000,0.69302219,2,2.00000000,0.96136655,0.17788779,0.70000000,1.00000000,0
formal_train,10234276,MMR,5,0.60000000,WMA_b7249e9e3562dc1b|WMA_f3c08ff04144f2ea|94917|34880|168090,0.96934611;0.96895146;0.96488059;0.95889127;0.94476330,1.00000000,0.69302219,2,2.00000000,0.96136655,0.17788779,0.70000000,1.00000000,0
formal_train,10234276,D3_TFIDF,5,,WMA_f3c08ff04144f2ea|WMA_b7249e9e3562dc1b|168090|94917|34880,0.96934611;0.96895146;0.96488059;0.95889127;0.94476330,1.00000000,0.69302219,2,2.00000000,0.96136655,0.17788779,0.70000000,1.00000000,0
formal_train,10291955,B0,5,,WMA_1df8dbf10493dc8e|WMA_05c202c20531f22f|WMA_26a19d989f615a10|22902|30727,0.99735367;0.99692780;0.99522626;0.99339712;0.97504675,1.00000000,0.64893158,3,2.00000000,0.99159032,0.18714636,1.00000000,1.00000000,0
formal_train,10291955,MMR,5,0.60000000,WMA_1df8dbf10493dc8e|22902|WMA_05c202c20531f22f|WMA_26a19d989f615a10|WMA_45e6337e000dfedd,0.99735367;0.99692780;0.99522626;0.99339712;0.95962423,1.00000000,0.64893158,3,2.00000000,0.98850582,0.16028188,0.86666667,0.66666667,1
formal_train,10291955,D3_TFIDF,5,,30727|WMA_1df8dbf10493dc8e|WMA_05c202c20531f22f|WMA_26a19d989f615a10|22902,0.99735367;0.99692780;0.99522626;0.99339712;0.97504675,1.00000000,0.64893158,3,2.00000000,0.99159032,0.18714636,1.00000000,1.00000000,0
formal_train,10657134,B0,5,,144387|WMA_bec79db9b0139b03|144386|60656|180818,0.99936980;0.99847120;0.99846160;0.99547344;0.99392515,1.00000000,0.74579122,2,2.00000000,0.99714024,0.25086327,1.00000000,1.00000000,0
formal_train,10657134,MMR,5,0.60000000,144387|WMA_115b8cbe99e9fbbf|60656|144386|180818,0.99936980;0.99846160;0.99547344;0.99392515;0.99145377,1.00000000,0.74579122,2,2.00000000,0.99573675,0.21331302,1.00000000,0.66666667,1
formal_train,10657134,D3_TFIDF,5,,144387|WMA_bec79db9b0139b03|144386|180818|WMA_bd06a87a899f2485,0.99936980;0.99847120;0.99846160;0.99392515;0.94026607,1.00000000,0.74579122,2,2.00000000,0.98609877,0.23358251,1.00000000,0.66666667,1
formal_train,10697219,B0,5,,160994|WMA_136bd458f0fcc97f|WMA_a4b44af271b8aa56|WMA_cee7177dfd58d1e7|WMA_8f129d50b9dad061,0.99985695;0.99985182;0.99967933;0.99967241;0.99959499,1.00000000,0.64893158,3,2.00000000,0.99973110,0.19577004,0.80000000,1.00000000,0
formal_train,10697219,MMR,5,0.60000000,160994|WMA_f00a41365973ed47|WMA_7ec4f58edca4651c|WMA_95816027ac020bf3|WMA_cee7177dfd58d1e7,0.99985695;0.99967241;0.99942684;0.99678952;0.99673873,1.00000000,0.64893158,3,2.00000000,0.99849689,0.12523830,0.66666667,0.25000000,3
formal_train,10697219,D3_TFIDF,5,,WMA_a4b44af271b8aa56|WMA_7ec4f58edca4651c|160994|WMA_136bd458f0fcc97f|WMA_95816027ac020bf3,0.99985695;0.99985182;0.99967933;0.99942684;0.99678952,1.00000000,0.64893158,3,2.00000000,0.99912089,0.19094902,0.80000000,0.42857143,2
formal_train,10823468,B0,5,,WMA_1d4439fb4f32a459|WMA_24980d4cd16f6109|WMA_58cd3d30650d66f1|WMA_afb5781c40745830|WMA_2b2a68aeafa06f04,0.99286747;0.97843331;0.93452471;0.90924835;0.88391536,0.75000000,0.69302219,3,2.00000000,0.93979784,0.16912897,0.63333333,1.00000000,0
formal_train,10823468,MMR,5,0.60000000,WMA_1d4439fb4f32a459|WMA_58cd3d30650d66f1|WMA_afb5781c40745830|WMA_86fa36f638d1545b|WMA_2b2a68aeafa06f04,0.99286747;0.93452471;0.90924835;0.88391536;0.83300257,0.75000000,0.69302219,3,2.00000000,0.91071169,0.13603761,0.63333333,0.66666667,1
formal_train,10823468,D3_TFIDF,5,,WMA_1d4439fb4f32a459|WMA_0a6074a7bf883ed8|WMA_afb5781c40745830|WMA_24980d4cd16f6109|WMA_58cd3d30650d66f1,0.99286747;0.97843331;0.93452471;0.90924835;0.84288365,0.75000000,0.69302219,3,2.00000000,0.93159150,0.22621525,0.65000000,0.66666667,1
formal_train,11651033,B0,5,,WMA_091532e0d30ad4be|WMA_8721afb1a6a11b1b|43919|WMA_bde2260253e5ca72|WMA_9d42af93a0204f34,0.99941778;0.99617118;0.95918852;0.94795883;0.90526789,1.00000000,0.62384705,2,1.20000000,0.96160084,0.15317349,0.10000000,1.00000000,0
formal_train,11651033,MMR,5,0.60000000,WMA_091532e0d30ad4be|43919|WMA_8721afb1a6a11b1b|WMA_bde2260253e5ca72|195815,0.99941778;0.99617118;0.95918852;0.94795883;0.84946787,1.00000000,0.70128998,2,1.60000000,0.95044084,0.09918574,0.20000000,0.66666667,1
formal_train,11651033,D3_TFIDF,5,,WMA_091532e0d30ad4be|43919|WMA_8721afb1a6a11b1b|WMA_bde2260253e5ca72|WMA_9d42af93a0204f34,0.99941778;0.99617118;0.95918852;0.94795883;0.90526789,1.00000000,0.58422739,2,1.20000000,0.96160084,0.15317349,0.10000000,1.00000000,0
formal_train,12137765,B0,5,,WMA_6cff41f560338354|WMA_8675918f05c780fd|WMA_145aa78e6375d41b|WMA_f6b8e59486d119f3|WMA_e35f01359f06c0ff,0.99983668;0.99975592;0.99815100;0.98710573;0.98628342,1.00000000,0.22471947,1,0.80000000,0.99422655,0.16477315,0.10000000,1.00000000,0
formal_train,12137765,MMR,5,0.60000000,WMA_6cff41f560338354|WMA_295c8304bd4c45a9|WMA_145aa78e6375d41b|WMA_f6b8e59486d119f3|WMA_e35f01359f06c0ff,0.99983668;0.99815100;0.98710573;0.98628342;0.98298454,1.00000000,0.22471947,1,0.80000000,0.99087228,0.14616116,0.10000000,0.66666667,1
formal_train,12137765,D3_TFIDF,5,,WMA_fcc59f5d072643a1|WMA_6cff41f560338354|WMA_8675918f05c780fd|WMA_145aa78e6375d41b|WMA_f6b8e59486d119f3,0.99983668;0.99975592;0.99815100;0.98710573;0.13080220,1.00000000,0.38121301,1,0.80000000,0.82313031,0.20344095,0.10000000,0.66666667,1
formal_train,12252285,B0,5,,WMA_680cb88869b7319f|58827|6231|35995|54127,0.98728198;0.95994776;0.95994776;0.95038235;0.94500214,1.00000000,0.74579122,3,2.00000000,0.96051240,0.20668358,0.73333333,1.00000000,0
formal_train,12252285,MMR,5,0.60000000,WMA_680cb88869b7319f|58827|35995|54127|WMA_a06d73e07382424e,0.98728198;0.95994776;0.95038235;0.94500214;0.77564764,1.00000000,0.74579122,3,2.00000000,0.92365237,0.15143453,0.73333333,0.66666667,1
formal_train,12252285,D3_TFIDF,5,,WMA_680cb88869b7319f|58827|6231|35995|54127,0.98728198;0.95994776;0.95994776;0.95038235;0.94500214,1.00000000,0.74579122,3,2.00000000,0.96051240,0.20668358,0.73333333,1.00000000,0
formal_train,12528631,B0,5,,WMA_359919b574a1b22c|WMA_eecbb88a52453fdb|WMA_2493ab3e10d6c24a|17096|WMA_5dc9bb8e63b34a0a,0.99824834;0.99265653;0.98711097;0.98341113;0.97119755,1.00000000,0.74579122,2,2.00000000,0.98652490,0.16701633,0.70000000,1.00000000,0
formal_train,12528631,MMR,5,0.60000000,WMA_359919b574a1b22c|WMA_5dc9bb8e63b34a0a|WMA_eecbb88a52453fdb|WMA_2493ab3e10d6c24a|17100,0.99824834;0.99265653;0.98711097;0.97119755;0.96815401,1.00000000,0.74579122,2,2.00000000,0.98347348,0.15568775,0.70000000,0.66666667,1
formal_train,12528631,D3_TFIDF,5,,WMA_359919b574a1b22c|WMA_eecbb88a52453fdb|WMA_2493ab3e10d6c24a|17096|WMA_5dc9bb8e63b34a0a,0.99824834;0.99265653;0.98711097;0.98341113;0.97119755,1.00000000,0.74579122,2,2.00000000,0.98652490,0.16701633,0.70000000,1.00000000,0
formal_train,12880872,B0,5,,WMA_a1deb781fe46c0e2|14864|WMA_05e49b6d3d7d1996|WMA_ed2ef2f1cd68bfd3|23127,0.97086459;0.91146809;0.90918940;0.90458459;0.89523941,1.00000000,0.69302219,2,2.00000000,0.91826922,0.04570271,0.60000000,1.00000000,0
formal_train,12880872,MMR,5,0.60000000,WMA_a1deb781fe46c0e2|WMA_ed2ef2f1cd68bfd3|14864|23127|WMA_05e49b6d3d7d1996,0.97086459;0.91146809;0.90918940;0.90458459;0.89523941,1.00000000,0.69302219,2,2.00000000,0.91826922,0.04570271,0.60000000,1.00000000,0
formal_train,12880872,D3_TFIDF,5,,WMA_13405dd4a27467a2|WMA_a1deb781fe46c0e2|14864|WMA_ed2ef2f1cd68bfd3|40154,0.97086459;0.91146809;0.90458459;0.86443591;0.75701845,1.00000000,0.69302219,2,2.00000000,0.88167433,0.05927973,0.50000000,0.42857143,2
formal_train,13001321,B0,5,,WMA_d076683383426471|WMA_4087532f2385980e|WMA_a11ad77c25b779e5|WMA_a1c7ec04c9ebe522|WMA_2123cf361a0d65b8,0.98680669;0.18153535;0.15016790;0.13817555;0.08918352,1.00000000,0.65082052,4,0.80000000,0.30917380,0.11365980,0.00000000,1.00000000,0
formal_train,13001321,MMR,5,0.60000000,WMA_d076683383426471|WMA_a1c7ec04c9ebe522|WMA_a11ad77c25b779e5|WMA_4087532f2385980e|WMA_41f2b82deebaa4ab,0.98680669;0.18153535;0.15016790;0.13817555;0.05894709,0.25000000,0.46927873,1,0.40000000,0.30312652,0.10673114,0.00000000,0.66666667,1
formal_train,13001321,D3_TFIDF,5,,WMA_d076683383426471|WMA_4087532f2385980e|WMA_a11ad77c25b779e5|WMA_a1c7ec04c9ebe522|WMA_2123cf361a0d65b8,0.98680669;0.18153535;0.15016790;0.13817555;0.08918352,1.00000000,0.65082052,4,0.80000000,0.30917380,0.11365980,0.00000000,1.00000000,0
formal_train,13600484,B0,5,,WMA_f36c98b439b5ef9b|WMA_b70dbf81851bfc96|WMA_597e4e1f5c2e0dcd|WMA_e83e3cf1d93f7d2c|WMA_dee74fa5f0e69098,0.99795902;0.94604152;0.88187850;0.87092948;0.81442481,1.00000000,0.64893158,2,2.00000000,0.90224667,0.27950986,0.50000000,1.00000000,0
formal_train,13600484,MMR,5,0.60000000,WMA_f36c98b439b5ef9b|WMA_b70dbf81851bfc96|WMA_597e4e1f5c2e0dcd|76371|96325,0.99795902;0.94604152;0.88187850;0.79822463;0.68172967,1.00000000,0.64893158,2,2.00000000,0.86116667,0.13032857,0.50000000,0.42857143,2
formal_train,13600484,D3_TFIDF,5,,76371|WMA_f36c98b439b5ef9b|WMA_b70dbf81851bfc96|WMA_597e4e1f5c2e0dcd|WMA_e83e3cf1d93f7d2c,0.99795902;0.94604152;0.88187850;0.87092948;0.79822463,1.00000000,0.64893158,2,2.00000000,0.89900663,0.19224066,0.50000000,0.66666667,1
formal_train,13618490,B0,5,,WMA_35eb5cf5e797768c|WMA_8e62067844cfc901|166149|WMA_204c3a29a771cedb|WMA_4d3b43bf2c6c91df,0.99994409;0.99695611;0.98589885;0.97838724;0.97803062,0.66666667,0.64893158,2,2.00000000,0.98784338,0.15576429,1.00000000,1.00000000,0
formal_train,13618490,MMR,5,0.60000000,WMA_35eb5cf5e797768c|166149|WMA_4d3b43bf2c6c91df|WMA_204c3a29a771cedb|WMA_c10f599929d97bba,0.99994409;0.98589885;0.97838724;0.97803062;0.91598308,0.66666667,0.64893158,2,2.00000000,0.97164878,0.12545867,1.00000000,0.66666667,1
formal_train,13618490,D3_TFIDF,5,,166149|WMA_35eb5cf5e797768c|WMA_8e62067844cfc901|WMA_204c3a29a771cedb|WMA_da24be8f0a98cd78,0.99994409;0.99695611;0.98589885;0.97838724;0.77669489,0.66666667,0.64893158,2,2.00000000,0.94757624,0.13909371,1.00000000,0.66666667,1
formal_train,13664970,B0,5,,WMA_e20443a41d847204|WMA_ff9f384a4fcc453a|WMA_35e2859bdaeb0b8f|WMA_3ed6dc15b82f6f7e|WMA_7564b87d54af08ab,0.99996507;0.99973732;0.99952197;0.99614328;0.97513765,1.00000000,0.64893158,4,2.00000000,0.99410106,0.21003300,0.55000000,1.00000000,0
formal_train,13664970,MMR,5,0.60000000,WMA_e20443a41d847204|WMA_3ed6dc15b82f6f7e|WMA_35e2859bdaeb0b8f|WMA_b77a23a9c48d78b4|WMA_7564b87d54af08ab,0.99996507;0.99952197;0.99614328;0.97513765;0.96756279,1.00000000,0.64893158,4,2.00000000,0.98766615,0.19830206,0.59166667,0.66666667,1
formal_train,13664970,D3_TFIDF,5,,WMA_e20443a41d847204|WMA_ff9f384a4fcc453a|WMA_35e2859bdaeb0b8f|WMA_3ed6dc15b82f6f7e|WMA_7564b87d54af08ab,0.99996507;0.99973732;0.99952197;0.99614328;0.97513765,1.00000000,0.64893158,4,2.00000000,0.99410106,0.21003300,0.55000000,1.00000000,0
formal_train,14184255,B0,5,,WMA_1eb135d6cf04eda4|WMA_b96cc68eb4b5bd8a|WMA_bfc71c508935f138|WMA_ce2a18eab72a945a|110344,0.99962783;0.99933630;0.99812263;0.98807156;0.95090413,0.66666667,0.61828850,2,1.20000000,0.98721249,0.22325475,0.10000000,1.00000000,0
formal_train,14184255,MMR,5,0.60000000,WMA_1eb135d6cf04eda4|WMA_bfc71c508935f138|WMA_ce2a18eab72a945a|110344|130654,0.99962783;0.99812263;0.98807156;0.95090413;0.77524906,0.66666667,0.73282862,2,1.20000000,0.94239504,0.13080559,0.10000000,0.66666667,1
formal_train,14184255,D3_TFIDF,5,,WMA_1eb135d6cf04eda4|WMA_bfc71c508935f138|WMA_b96cc68eb4b5bd8a|WMA_ce2a18eab72a945a|110344,0.99962783;0.99933630;0.99812263;0.98807156;0.95090413,0.66666667,0.67973105,2,1.20000000,0.98721249,0.22325475,0.10000000,1.00000000,0
formal_train,14189907,B0,5,,WMA_a897b260e8aa1484|WMA_d069892f93505c90|WMA_8168cda72ba44cab|WMA_f51998229278ea36|WMA_5ec1c337bbf2b058,0.99977177;0.99963248;0.98448968;0.97470313;0.96228302,0.75000000,0.64893158,3,2.00000000,0.98417602,0.11601442,0.53333333,1.00000000,0
formal_train,14189907,MMR,5,0.60000000,WMA_a897b260e8aa1484|WMA_8168cda72ba44cab|WMA_f51998229278ea36|WMA_5ec1c337bbf2b058|WMA_07bf2c8b43d03a15,0.99977177;0.98448968;0.97470313;0.96228302;0.92594540,0.75000000,0.64893158,3,2.00000000,0.96943860,0.07944473,0.53333333,0.66666667,1
formal_train,14189907,D3_TFIDF,5,,WMA_a897b260e8aa1484|WMA_8168cda72ba44cab|WMA_d069892f93505c90|WMA_f51998229278ea36|WMA_5ec1c337bbf2b058,0.99977177;0.99963248;0.98448968;0.97470313;0.96228302,0.75000000,0.64893158,3,2.00000000,0.98417602,0.11601442,0.53333333,1.00000000,0
formal_train,14791065,B0,5,,WMA_a224c1d7966b303d|WMA_0545e8f829573997|WMA_61145c6091784a8f|96353|WMA_b81a440dba4be699,0.99985754;0.99428695;0.99314225;0.96972722;0.96784467,1.00000000,0.46900009,2,1.20000000,0.98497173,0.19673067,0.30000000,1.00000000,0
formal_train,14791065,MMR,5,0.60000000,WMA_a224c1d7966b303d|WMA_61145c6091784a8f|109872|96353|WMA_b81a440dba4be699,0.99985754;0.99314225;0.96972722;0.96784467;0.95685017,1.00000000,0.46900009,2,1.20000000,0.97748437,0.11445157,0.20000000,0.66666667,1
formal_train,14791065,D3_TFIDF,5,,94915|WMA_a224c1d7966b303d|WMA_0545e8f829573997|WMA_61145c6091784a8f|96353,0.99985754;0.99428695;0.99314225;0.96972722;0.84446508,1.00000000,0.56378846,2,1.60000000,0.96029581,0.19186564,0.60000000,0.66666667,1
formal_train,14966708,B0,5,,WMA_c4bcdd7bff7497f9|WMA_9abebba296376dd7|WMA_a99c926303eceb17|WMA_7f681709d31235a0|WMA_ac57d23c83d108cf,0.98633504;0.96160364;0.95050353;0.94638479;0.91984677,1.00000000,0.63685473,1,1.60000000,0.95293475,0.16440875,0.60000000,1.00000000,0
formal_train,14966708,MMR,5,0.60000000,WMA_c4bcdd7bff7497f9|WMA_9abebba296376dd7|WMA_a99c926303eceb17|WMA_16f0c12866c8db0e|WMA_ac57d23c83d108cf,0.98633504;0.96160364;0.95050353;0.91984677;0.89445931,1.00000000,0.63685473,1,1.60000000,0.94254966,0.12784926,0.60000000,0.66666667,1
formal_train,14966708,D3_TFIDF,5,,WMA_c4bcdd7bff7497f9|WMA_9abebba296376dd7|WMA_a99c926303eceb17|WMA_7f681709d31235a0|WMA_ac57d23c83d108cf,0.98633504;0.96160364;0.95050353;0.94638479;0.91984677,1.00000000,0.63685473,1,1.60000000,0.95293475,0.16440875,0.60000000,1.00000000,0
formal_train,15015069,B0,5,,164335|61024|63676|81040|83530,0.99764663;0.99764663;0.99764663;0.99764663;0.99764663,0.60000000,0.64893158,3,2.00000000,0.99764663,1.00000000,1.00000000,1.00000000,0
formal_train,15015069,MMR,5,0.60000000,164335|167198|204372|43417|107969,0.99764663;0.99673659;0.98908663;0.96836245;0.96390891,1.00000000,0.64893158,5,2.00000000,0.98314824,0.09761007,0.53333333,0.11111111,4
formal_train,15015069,D3_TFIDF,5,,164335|107969|61024|63676|81040,0.99764663;0.99764663;0.99764663;0.99764663;0.99673659,0.80000000,0.64893158,4,2.00000000,0.99746462,0.65283290,0.80000000,0.66666667,1
formal_train,15015547,B0,5,,40771|110286|178246|180732|78778,0.98011488;0.97417212;0.97417212;0.97417212;0.97417212,0.75000000,0.69302219,3,2.00000000,0.97536067,0.60995063,0.86666667,1.00000000,0
formal_train,15015547,MMR,5,0.60000000,40771|110286|172722|98505|178246,0.98011488;0.97417212;0.97417212;0.96712577;0.86638039,0.75000000,0.69302219,3,2.00000000,0.95239305,0.13876715,0.80000000,0.42857143,2
formal_train,15015547,D3_TFIDF,5,,110286|40771|172722|98505|178246,0.98011488;0.97417212;0.97417212;0.96712577;0.86638039,0.75000000,0.69302219,3,2.00000000,0.95239305,0.13876715,0.80000000,0.42857143,2
formal_train,15015980,B0,5,,130361|130863|143131|192698|200009,0.98291242;0.98164439;0.97672856;0.96915025;0.96580881,1.00000000,0.64893158,3,2.00000000,0.97524889,0.14654570,0.43333333,1.00000000,0
formal_train,15015980,MMR,5,0.60000000,130361|200009|130863|143131|192698,0.98291242;0.98164439;0.97672856;0.96915025;0.96580881,1.00000000,0.64893158,3,2.00000000,0.97524889,0.14654570,0.43333333,1.00000000,0
formal_train,15015980,D3_TFIDF,5,,130361|130863|143131|192698|200009,0.98291242;0.98164439;0.97672856;0.96915025;0.96580881,1.00000000,0.64893158,3,2.00000000,0.97524889,0.14654570,0.43333333,1.00000000,0
formal_train,15018152,B0,5,,WMA_50d3f7ce1ddec215|WMA_0eb4b7d074b1d38c|WMA_93b8d064ae51df71|37521|108698,0.99948740;0.97814620;0.95280588;0.91157979;0.90107322,1.00000000,0.56668678,1,1.20000000,0.94861850,0.16616853,0.30000000,1.00000000,0
formal_train,15018152,MMR,5,0.60000000,WMA_50d3f7ce1ddec215|37521|WMA_93b8d064ae51df71|108698|179456,0.99948740;0.95280588;0.91157979;0.90107322;0.88971204,1.00000000,0.44830399,1,0.80000000,0.93093166,0.13674598,0.10000000,0.66666667,1
formal_train,15018152,D3_TFIDF,5,,WMA_50d3f7ce1ddec215|WMA_0eb4b7d074b1d38c|WMA_93b8d064ae51df71|37521|108698,0.99948740;0.97814620;0.95280588;0.91157979;0.90107322,1.00000000,0.56668678,1,1.20000000,0.94861850,0.16616853,0.30000000,1.00000000,0
formal_train,15075207,B0,5,,WMA_af78fd021b31e203|WMA_5b51809c31bb1925|WMA_60819358e104b2c0|WMA_e223705b679df24d|WMA_f1a53e1689cdd303,0.99997783;0.99992323;0.99959153;0.99754155;0.99527800,1.00000000,0.64893158,4,2.00000000,0.99846243,0.18398782,0.28333333,1.00000000,0
formal_train,15075207,MMR,5,0.60000000,WMA_af78fd021b31e203|WMA_60819358e104b2c0|WMA_7de3168012cdac1f|WMA_66ac4f3b59141691|WMA_ce9bb6717e6b2329,0.99997783;0.99959153;0.99261320;0.97465545;0.96850383,1.00000000,0.64893158,4,2.00000000,0.98706837,0.10725244,0.46666667,0.25000000,3
formal_train,15075207,D3_TFIDF,5,,WMA_af78fd021b31e203|WMA_f1a53e1689cdd303|WMA_5b51809c31bb1925|WMA_60819358e104b2c0|WMA_e223705b679df24d,0.99997783;0.99992323;0.99959153;0.99754155;0.99527800,1.00000000,0.64893158,4,2.00000000,0.99846243,0.18398782,0.28333333,1.00000000,0
formal_train,15075860,B0,5,,61547|15244|108959|219600|84955,0.91435379;0.83976573;0.81080103;0.71687186;0.68111765,1.00000000,0.76188708,3,1.60000000,0.79258201,0.09775817,0.36666667,1.00000000,0
formal_train,15075860,MMR,5,0.60000000,61547|108959|15244|84955|219600,0.91435379;0.83976573;0.81080103;0.71687186;0.68111765,1.00000000,0.77514825,3,1.60000000,0.79258201,0.09775817,0.36666667,1.00000000,0
formal_train,15075860,D3_TFIDF,5,,136270|61547|15244|108959|84955,0.91435379;0.83976573;0.81080103;0.68111765;0.00001743,1.00000000,0.58960843,3,1.60000000,0.64921113,0.09902895,0.36666667,0.66666667,1
formal_train,15159907,B0,5,,WMA_e62101ea3ac9781e|WMA_38d5ee6e2aa6621f|163841|105835|106040,0.99899167;0.99455267;0.97970623;0.94323820;0.94323820,1.00000000,0.64893158,4,2.00000000,0.97194539,0.16184735,0.47500000,1.00000000,0
formal_train,15159907,MMR,5,0.60000000,WMA_e62101ea3ac9781e|163841|105835|WMA_38d5ee6e2aa6621f|101660,0.99899167;0.99455267;0.97970623;0.94323820;0.77607244,1.00000000,0.64893158,4,2.00000000,0.93851224,0.11903835,0.47500000,0.66666667,1
formal_train,15159907,D3_TFIDF,5,,WMA_e62101ea3ac9781e|105835|106040|133522|146408,0.99899167;0.94323820;0.94323820;0.94323820;0.94323820,1.00000000,0.64893158,4,2.00000000,0.95438889,0.61051613,0.60000000,0.42857143,2
formal_train,15333626,B0,5,,WMA_1cdb8fd7a6b33321|WMA_7dc804856f244c14|WMA_8ebcfa81b0bc779b|160457|25848,0.99979812;0.99871552;0.99712688;0.99322575;0.98310536,1.00000000,0.64893158,3,2.00000000,0.99439433,0.15709479,0.66666667,1.00000000,0
formal_train,15333626,MMR,5,0.60000000,WMA_1cdb8fd7a6b33321|25848|136815|160457|WMA_8ebcfa81b0bc779b,0.99979812;0.99712688;0.99322575;0.98310536;0.94043744,1.00000000,0.64893158,3,2.00000000,0.98273871,0.11264271,0.66666667,0.66666667,1
formal_train,15333626,D3_TFIDF,5,,WMA_4c75b24baed14ea0|WMA_8ebcfa81b0bc779b|WMA_1cdb8fd7a6b33321|WMA_7dc804856f244c14|160457,0.99979812;0.99871552;0.99712688;0.99322575;0.97775686,1.00000000,0.64893158,3,2.00000000,0.99332463,0.22994136,0.66666667,0.66666667,1
formal_train,15454534,B0,5,,179000|178603|219620|127584|106301,0.93950659;0.93180066;0.91523075;0.89460534;0.88865942,0.50000000,0.61314719,1,0.40000000,0.91396055,0.19211551,0.00000000,1.00000000,0
formal_train,15454534,MMR,5,0.60000000,179000|106301|219620|160257|127584,0.93950659;0.91523075;0.89460534;0.88865942;0.80648392,0.50000000,0.61314719,1,0.40000000,0.88889720,0.09350003,0.00000000,0.66666667,1
formal_train,15454534,D3_TFIDF,5,,179000|WMA_7a9b2d0fc1b556a7|178603|219620|127584,0.93950659;0.93180066;0.91523075;0.89460534;0.00030038,0.50000000,0.61314719,1,0.40000000,0.73628875,0.17408009,0.00000000,0.66666667,1
formal_train,15498904,B0,5,,WMA_ae60d978d3bb9969|WMA_a2133297ee0726ce|108175|142849|37840,0.99948859;0.98875552;0.98398453;0.97133046;0.96798164,1.00000000,0.64893158,2,2.00000000,0.98230815,0.11646719,0.70000000,1.00000000,0
formal_train,15498904,MMR,5,0.60000000,WMA_ae60d978d3bb9969|142849|WMA_a2133297ee0726ce|5154|37840,0.99948859;0.98875552;0.97133046;0.96798164;0.96750402,1.00000000,0.64893158,2,2.00000000,0.97901205,0.09233063,0.70000000,0.66666667,1
formal_train,15498904,D3_TFIDF,5,,WMA_ae60d978d3bb9969|WMA_a2133297ee0726ce|142849|37840|108175,0.99948859;0.98875552;0.98398453;0.97133046;0.96798164,1.00000000,0.64893158,2,2.00000000,0.98230815,0.11646719,0.70000000,1.00000000,0
formal_train,15514732,B0,5,,WMA_b8e8824183c94372|WMA_84e0d9b520da76af|160291|59201|46938,0.99986815;0.99931669;0.95537108;0.94061577;0.90558875,1.00000000,0.69302219,3,2.00000000,0.96015209,0.14855895,0.68333333,1.00000000,0
formal_train,15514732,MMR,5,0.60000000,WMA_b8e8824183c94372|86394|59201|WMA_84e0d9b520da76af|160291,0.99986815;0.99931669;0.95537108;0.94061577;0.89807630,1.00000000,0.69302219,3,2.00000000,0.95864960,0.13783613,0.50000000,0.66666667,1
formal_train,15514732,D3_TFIDF,5,,160291|WMA_b8e8824183c94372|WMA_84e0d9b520da76af|46938|86394,0.99986815;0.99931669;0.95537108;0.90558875;0.89807630,1.00000000,0.69302219,3,2.00000000,0.95164419,0.19365207,0.50000000,0.66666667,1
formal_train,15570099,B0,5,,WMA_ce63cb06b0da60cb|WMA_bdc45dd56cd0b579|WMA_ec651c44333ce17f|WMA_629a1fad3ce279eb|209246,0.99967265;0.99945134;0.99727803;0.99715036;0.99617970,1.00000000,0.64893158,2,2.00000000,0.99794642,0.20221606,0.80000000,1.00000000,0
formal_train,15570099,MMR,5,0.60000000,WMA_ce63cb06b0da60cb|59833|55006|209246|WMA_ec651c44333ce17f,0.99967265;0.99727803;0.99617970;0.99512756;0.98410207,1.00000000,0.64893158,2,2.00000000,0.99447200,0.11798483,0.70000000,0.42857143,2
formal_train,15570099,D3_TFIDF,5,,WMA_db55f45d0f1a0a2a|WMA_ce63cb06b0da60cb|WMA_bdc45dd56cd0b579|WMA_ec651c44333ce17f|WMA_629a1fad3ce279eb,0.99967265;0.99945134;0.99727803;0.99715036;0.72988653,1.00000000,0.64893158,2,2.00000000,0.94468778,0.18449635,1.00000000,0.66666667,1
formal_train,15607407,B0,5,,WMA_c1b361ecb1d93083|WMA_eae5e295a3c0a773|WMA_dbd981b6f46abf12|204490|169108,0.99968719;0.99942881;0.99438286;0.97385538;0.90861273,0.75000000,0.69302219,3,2.00000000,0.97519339,0.15656999,0.60000000,1.00000000,0
formal_train,15607407,MMR,5,0.60000000,WMA_c1b361ecb1d93083|204490|WMA_dbd981b6f46abf12|169108|WMA_eae5e295a3c0a773,0.99968719;0.99942881;0.99438286;0.97385538;0.90861273,0.75000000,0.69302219,3,2.00000000,0.97519339,0.15656999,0.60000000,1.00000000,0
formal_train,15607407,D3_TFIDF,5,,4281|WMA_c1b361ecb1d93083|WMA_eae5e295a3c0a773|WMA_dbd981b6f46abf12|204490,0.99968719;0.99942881;0.99438286;0.97385538;0.88980335,0.75000000,0.69302219,3,2.00000000,0.97143152,0.17916515,0.56666667,0.66666667,1
formal_train,15810776,B0,5,,WMA_3b3dafcd542772b9|142243|82554|101651|161406,0.99976259;0.98996782;0.98264897;0.97728568;0.96899945,1.00000000,0.64893158,4,2.00000000,0.98373290,0.18058974,0.32500000,1.00000000,0
formal_train,15810776,MMR,5,0.60000000,WMA_3b3dafcd542772b9|101651|82554|71344|129056,0.99976259;0.98264897;0.97728568;0.91471779;0.90714103,1.00000000,0.55414321,4,1.60000000,0.95631121,0.08110792,0.17500000,0.42857143,2
formal_train,15810776,D3_TFIDF,5,,WMA_3b3dafcd542772b9|142243|82554|101651|161406,0.99976259;0.98996782;0.98264897;0.97728568;0.96899945,1.00000000,0.64893158,4,2.00000000,0.98373290,0.18058974,0.32500000,1.00000000,0
formal_train,16426935,B0,5,,WMA_5ebdf55915de7e03|WMA_2709289b9f69749a|WMA_08f93e69ba81f662|WMA_28f03f5402a0cd3a|WMA_4228757cfaa211b2,0.99973434;0.99926502;0.99872017;0.99854678;0.98415369,1.00000000,0.65082052,1,0.80000000,0.99608400,0.25801004,0.10000000,1.00000000,0
formal_train,16426935,MMR,5,0.60000000,WMA_5ebdf55915de7e03|88823|WMA_4228757cfaa211b2|107591|WMA_08f93e69ba81f662,0.99973434;0.99872017;0.98415369;0.97872514;0.95975697,1.00000000,0.70391809,1,0.80000000,0.98421806,0.08475480,0.10000000,0.42857143,2
formal_train,16426935,D3_TFIDF,5,,WMA_5ebdf55915de7e03|WMA_ffe597b84d7ab1fc|WMA_2709289b9f69749a|WMA_08f93e69ba81f662|WMA_28f03f5402a0cd3a,0.99973434;0.99926502;0.99872017;0.99854678;0.00463350,1.00000000,0.46927873,1,0.40000000,0.80017996,0.24803173,0.00000000,0.66666667,1
formal_train,16508025,B0,5,,WMA_9ef6914cecae81c3|225897|48143|130532|211500,0.99892348;0.93990815;0.89881295;0.87738174;0.87542391,1.00000000,0.64893158,3,2.00000000,0.91809005,0.07751538,0.86666667,1.00000000,0
formal_train,16508025,MMR,5,0.60000000,WMA_9ef6914cecae81c3|225897|211500|130532|48143,0.99892348;0.93990815;0.89881295;0.87738174;0.87542391,1.00000000,0.64893158,3,2.00000000,0.91809005,0.07751538,0.86666667,1.00000000,0
formal_train,16508025,D3_TFIDF,5,,WMA_04010439f4fb5eb9|WMA_9ef6914cecae81c3|225897|48143|130532,0.99892348;0.93990815;0.89881295;0.87738174;0.68790781,1.00000000,0.64893158,3,2.00000000,0.88058683,0.11894330,0.80000000,0.66666667,1
formal_train,16733255,B0,5,,WMA_d6a8d34a6eb9c930|WMA_4117091d3d46a387|WMA_c2fe2dbd1354bb50|WMA_358f3e81c7e3d090|159681,0.99955148;0.99617344;0.98182857;0.95679891;0.94168085,1.00000000,0.64893158,4,2.00000000,0.97520665,0.20483894,0.80000000,1.00000000,0
formal_train,16733255,MMR,5,0.60000000,WMA_d6a8d34a6eb9c930|WMA_358f3e81c7e3d090|136761|22783|159681,0.99955148;0.95679891;0.94168085;0.88469833;0.85516816,1.00000000,0.64893158,4,2.00000000,0.92757955,0.07629095,0.55000000,0.42857143,2
formal_train,16733255,D3_TFIDF,5,,WMA_4117091d3d46a387|WMA_d6a8d34a6eb9c930|22783|136761|WMA_c2fe2dbd1354bb50,0.99955148;0.99617344;0.98182857;0.88469833;0.85516816,1.00000000,0.64893158,4,2.00000000,0.94348400,0.16047788,0.55000000,0.42857143,2
formal_train,16772805,B0,5,,WMA_bda6fca24e3017cc|WMA_31054837064e515f|185577|208355|183430,0.99983788;0.99947828;0.99808770;0.99038702;0.98962337,1.00000000,0.64893158,4,2.00000000,0.99548285,0.11594246,0.77500000,1.00000000,0
formal_train,16772805,MMR,5,0.60000000,WMA_bda6fca24e3017cc|183430|208355|183802|188588,0.99983788;0.99038702;0.98962337;0.98208356;0.97881842,1.00000000,0.64893158,4,2.00000000,0.98815005,0.09775741,0.45833333,0.42857143,2
formal_train,16772805,D3_TFIDF,5,,WMA_bda6fca24e3017cc|WMA_31054837064e515f|183430|184555|188588,0.99983788;0.99947828;0.98962337;0.98962337;0.98208356,1.00000000,0.64893158,4,2.00000000,0.99212929,0.18907336,0.63333333,0.42857143,2
formal_train,16993877,B0,5,,WMA_ac55aac465b88c43|WMA_58ae63544ea57502|48267|WMA_5dc6c13dc365af56|WMA_4b2521cfb0e9ea95,0.99952233;0.99745911;0.98270077;0.97649562;0.96785074,1.00000000,0.64893158,3,2.00000000,0.98480572,0.16037359,0.63333333,1.00000000,0
formal_train,16993877,MMR,5,0.60000000,WMA_ac55aac465b88c43|86068|48267|WMA_5dc6c13dc365af56|WMA_58ae63544ea57502,0.99952233;0.99745911;0.98270077;0.97649562;0.96355736,1.00000000,0.51006913,3,1.60000000,0.98394704,0.10148919,0.36666667,0.66666667,1
formal_train,16993877,D3_TFIDF,5,,182024|WMA_ac55aac465b88c43|WMA_58ae63544ea57502|48267|WMA_5dc6c13dc365af56,0.99952233;0.99745911;0.98270077;0.97649562;0.06499841,1.00000000,0.64893158,3,2.00000000,0.80423525,0.12908590,0.68333333,0.66666667,1
formal_train,17110726,B0,5,,WMA_138a088389486b8e|WMA_8566dec872272b41|35605|139241|110052,0.99955219;0.99753892;0.95834398;0.95015526;0.78272086,1.00000000,0.74579122,4,2.00000000,0.93766224,0.27907608,0.46666667,1.00000000,0
formal_train,17110726,MMR,5,0.60000000,WMA_138a088389486b8e|139241|WMA_8566dec872272b41|35605|86740,0.99955219;0.99753892;0.95834398;0.95015526;0.58658963,1.00000000,0.74579122,4,2.00000000,0.89843600,0.19574443,0.42500000,0.66666667,1
formal_train,17110726,D3_TFIDF,5,,WMA_138a088389486b8e|WMA_8566dec872272b41|35605|139241|WMA_d7572d4245356e6f,0.99955219;0.99753892;0.95834398;0.95015526;0.00007334,1.00000000,0.64793962,4,1.60000000,0.78113274,0.25292361,0.25000000,0.66666667,1
formal_train,17235959,B0,5,,WMA_684882494877d17c|WMA_60be758a766a1d4e|WMA_9c603cd2bf962db5|223527|203129,0.99987376;0.99963880;0.99899310;0.78424615;0.55629492,1.00000000,0.64893158,1,2.00000000,0.86780934,0.21451458,1.00000000,1.00000000,0
formal_train,17235959,MMR,5,0.60000000,WMA_684882494877d17c|WMA_9c603cd2bf962db5|223527|WMA_60be758a766a1d4e|203129,0.99987376;0.99963880;0.99899310;0.78424615;0.55629492,1.00000000,0.64893158,1,2.00000000,0.86780934,0.21451458,1.00000000,1.00000000,0
formal_train,17235959,D3_TFIDF,5,,WMA_60be758a766a1d4e|WMA_684882494877d17c|WMA_9c603cd2bf962db5|203129|223527,0.99987376;0.99963880;0.99899310;0.78424615;0.55629492,1.00000000,0.64893158,1,2.00000000,0.86780934,0.21451458,1.00000000,1.00000000,0
formal_train,193728,B0,5,,WMA_5f45a919bb3f2132|WMA_0a1d3a1595786a5c|162438|110531|201657,0.98873341;0.97933495;0.97286272;0.97056454;0.95951492,1.00000000,0.45374257,3,1.20000000,0.97420211,0.13963222,0.16666667,1.00000000,0
formal_train,193728,MMR,5,0.60000000,WMA_5f45a919bb3f2132|201657|110531|162438|WMA_0a1d3a1595786a5c,0.98873341;0.97933495;0.97286272;0.97056454;0.95951492,1.00000000,0.41528077,3,1.20000000,0.97420211,0.13963222,0.16666667,1.00000000,0
formal_train,193728,D3_TFIDF,5,,110531|WMA_5f45a919bb3f2132|WMA_0a1d3a1595786a5c|162438|201657,0.98873341;0.97933495;0.97286272;0.97056454;0.95951492,1.00000000,0.46900009,3,1.20000000,0.97420211,0.13963222,0.16666667,1.00000000,0
formal_train,1955867,B0,5,,WMA_16e1b0b9bb1eba37|WMA_a355ef0440f52de9|WMA_a5496997c68ad64c|219783|WMA_792a71bf4ee5926d,0.99922609;0.99848628;0.99816567;0.99816400;0.99790728,0.75000000,0.64893158,3,2.00000000,0.99838986,0.03836666,0.31666667,1.00000000,0
formal_train,1955867,MMR,5,0.60000000,WMA_16e1b0b9bb1eba37|219783|WMA_e1692594d6e4b7a0|168498|WMA_a5496997c68ad64c,0.99922609;0.99816567;0.99816400;0.99646074;0.99399549,0.75000000,0.64893158,3,2.00000000,0.99720240,0.03045202,0.41666667,0.42857143,2
formal_train,1955867,D3_TFIDF,5,,WMA_16e1b0b9bb1eba37|WMA_792a71bf4ee5926d|WMA_a355ef0440f52de9|WMA_a5496997c68ad64c|219783,0.99922609;0.99848628;0.99816567;0.99816400;0.99790728,0.75000000,0.64893158,3,2.00000000,0.99838986,0.03836666,0.31666667,1.00000000,0
formal_train,19664007,B0,5,,WMA_d2f9d2d4b4c06dc1|WMA_c58f317431eb29d1|10511|WMA_53883dc0bac17151|108880,0.99863881;0.99853981;0.99760360;0.99711239;0.99696618,0.80000000,0.64893158,4,2.00000000,0.99777216,0.18704259,0.90000000,1.00000000,0
formal_train,19664007,MMR,5,0.60000000,WMA_d2f9d2d4b4c06dc1|10511|108880|115408|112047,0.99863881;0.99760360;0.99696618;0.99677569;0.99673444,0.80000000,0.64893158,4,2.00000000,0.99734374,0.05248078,0.55000000,0.42857143,2
formal_train,19664007,D3_TFIDF,5,,WMA_c58f317431eb29d1|WMA_d2f9d2d4b4c06dc1|112047|10511|WMA_53883dc0bac17151,0.99863881;0.99853981;0.99760360;0.99711239;0.99673444,0.80000000,0.64893158,4,2.00000000,0.99772581,0.19040971,0.65000000,0.66666667,1
formal_train,19958724,B0,5,,12221|209145|88507|196466|108494,0.96908385;0.94383442;0.94383442;0.94376343;0.93990606,0.66666667,0.64893158,2,2.00000000,0.94808444,0.36539653,1.00000000,1.00000000,0
formal_train,19958724,MMR,5,0.60000000,12221|209145|199754|196466|27402,0.96908385;0.94383442;0.94376343;0.92762506;0.89244336,0.66666667,0.64893158,2,2.00000000,0.93535002,0.11718231,1.00000000,0.42857143,2
formal_train,19958724,D3_TFIDF,5,,12221|108494|27402|209145|88507,0.96908385;0.94383442;0.94383442;0.93990606;0.89244336,0.66666667,0.64893158,2,2.00000000,0.93782042,0.34764672,1.00000000,0.66666667,1
formal_train,20001297,B0,5,,77880|197790|62992|205080|159080,0.98389280;0.93463343;0.93065792;0.91277784;0.84257764,1.00000000,0.74579122,2,2.00000000,0.92090793,0.17038809,0.80000000,1.00000000,0
formal_train,20001297,MMR,5,0.60000000,77880|197790|159080|205080|62992,0.98389280;0.93463343;0.93065792;0.91277784;0.84257764,1.00000000,0.74579122,2,2.00000000,0.92090793,0.17038809,0.80000000,1.00000000,0
formal_train,20001297,D3_TFIDF,5,,197790|77880|62992|205080|159080,0.98389280;0.93463343;0.93065792;0.91277784;0.84257764,1.00000000,0.74579122,2,2.00000000,0.92090793,0.17038809,0.80000000,1.00000000,0
formal_train,203656,B0,5,,WMA_b00ae4b55c2b019b|WMA_7e1da06784f404cd|WMA_5a7a35f96415bbb7|WMA_8b73562a8aaf518b|86397,0.99967754;0.99943537;0.99850309;0.99606651;0.99394280,0.80000000,0.64893158,4,2.00000000,0.99752506,0.28550783,0.63333333,1.00000000,0
formal_train,203656,MMR,5,0.60000000,WMA_b00ae4b55c2b019b|128683|28953|WMA_8b73562a8aaf518b|WMA_7e1da06784f404cd,0.99967754;0.99943537;0.99606651;0.99323070;0.85197514,0.80000000,0.64893158,4,2.00000000,0.96807705,0.15052206,0.63333333,0.42857143,2
formal_train,203656,D3_TFIDF,5,,WMA_b00ae4b55c2b019b|WMA_7e1da06784f404cd|WMA_5a7a35f96415bbb7|WMA_8b73562a8aaf518b|86397,0.99967754;0.99943537;0.99850309;0.99606651;0.99394280,0.80000000,0.64893158,4,2.00000000,0.99752506,0.28550783,0.63333333,1.00000000,0
formal_train,206618,B0,5,,39925|151721|121561|121734|158022,0.98620272;0.97352684;0.89716017;0.77848661;0.77718335,0.66666667,0.69302219,2,2.00000000,0.88251194,0.16444748,0.80000000,1.00000000,0
formal_train,206618,MMR,5,0.60000000,39925|151721|121561|121734|152577,0.98620272;0.97352684;0.89716017;0.77848661;0.76363891,0.66666667,0.69302219,2,2.00000000,0.87980305,0.15967877,0.80000000,0.66666667,1
formal_train,206618,D3_TFIDF,5,,39925|151721|121561|121734|158022,0.98620272;0.97352684;0.89716017;0.77848661;0.77718335,0.66666667,0.69302219,2,2.00000000,0.88251194,0.16444748,0.80000000,1.00000000,0
formal_train,20894883,B0,5,,WMA_281966367ea2fecc|WMA_975fd4c13353f346|WMA_055205ea6363be43|WMA_1eb0c23ed7120514|WMA_8f1d19bc081e5d3f,0.99957544;0.99936074;0.99914849;0.99911290;0.99911124,1.00000000,0.64893158,3,2.00000000,0.99926176,0.22860274,1.00000000,1.00000000,0
formal_train,20894883,MMR,5,0.60000000,WMA_281966367ea2fecc|WMA_1c1ebefcf1dff8a2|150967|135807|184819,0.99957544;0.99786335;0.99673331;0.98197168;0.92762381,1.00000000,0.64893158,3,2.00000000,0.98075352,0.02639690,0.73333333,0.11111111,4
formal_train,20894883,D3_TFIDF,5,,WMA_975fd4c13353f346|WMA_055205ea6363be43|WMA_281966367ea2fecc|WMA_8f1d19bc081e5d3f|150967,0.99957544;0.99936074;0.99914849;0.99911124;0.98197168,1.00000000,0.64893158,3,2.00000000,0.99583352,0.15854917,1.00000000,0.66666667,1
formal_train,210254,B0,5,,134469|53618|170841|326|138023,0.95801002;0.94429618;0.94293267;0.92376232;0.88776702,0.66666667,0.81046163,2,2.00000000,0.93135364,0.20547512,0.70000000,1.00000000,0
formal_train,210254,MMR,5,0.60000000,134469|53618|170841|146448|326,0.95801002;0.94429618;0.94293267;0.92376232;0.82332295,0.66666667,0.69207884,2,1.60000000,0.91846483,0.16249784,0.40000000,0.66666667,1
formal_train,210254,D3_TFIDF,5,,326|134469|53618|170841|138023,0.95801002;0.94429618;0.94293267;0.92376232;0.88776702,0.66666667,0.81046163,2,2.00000000,0.93135364,0.20547512,0.70000000,1.00000000,0
formal_train,210513,B0,5,,8076|202227|42024|99848|12748,0.99929535;0.99915421;0.99908757;0.99843055;0.99745864,1.00000000,0.64893158,2,2.00000000,0.99868526,0.19946936,0.70000000,1.00000000,0
formal_train,210513,MMR,5,0.60000000,8076|202227|12748|118266|42024,0.99929535;0.99915421;0.99908757;0.99745864;0.99006361,1.00000000,0.64893158,2,2.00000000,0.99701188,0.12957163,0.70000000,0.66666667,1
formal_train,210513,D3_TFIDF,5,,8076|202227|WMA_7bbf85d8531ad545|40281|61513,0.99929535;0.99915421;0.99306124;0.98553616;0.97236562,1.00000000,0.45374257,2,1.20000000,0.98988252,0.19565923,0.20000000,0.25000000,3
formal_train,22448006,B0,5,,113298|82608|194239|WMA_3d7ee204bc7f1efc|106238,0.99885654;0.99832827;0.98459148;0.98331070;0.98013169,0.75000000,0.64893158,3,2.00000000,0.98904374,0.18069585,0.68333333,1.00000000,0
formal_train,22448006,MMR,5,0.60000000,113298|82608|194239|111889|WMA_3d7ee204bc7f1efc,0.99885654;0.99832827;0.98459148;0.98331070;0.96715409,0.75000000,0.64893158,3,2.00000000,0.98644822,0.11393745,0.68333333,0.66666667,1
formal_train,22448006,D3_TFIDF,5,,113298|82608|194239|WMA_3d7ee204bc7f1efc|106238,0.99885654;0.99832827;0.98459148;0.98331070;0.98013169,0.75000000,0.64893158,3,2.00000000,0.98904374,0.18069585,0.68333333,1.00000000,0
formal_train,23278297,B0,5,,168797|167068|170414|167066|WMA_ae984aa3afcc6b69,0.97447622;0.97198063;0.95895594;0.88514036;0.84290397,1.00000000,0.64893158,2,2.00000000,0.92669142,0.17977571,0.50000000,1.00000000,0
formal_train,23278297,MMR,5,0.60000000,168797|170414|167066|170413|WMA_ae984aa3afcc6b69,0.97447622;0.95895594;0.88514036;0.84290397;0.81158620,1.00000000,0.64893158,2,2.00000000,0.89461254,0.11229038,0.40000000,0.66666667,1
formal_train,23278297,D3_TFIDF,5,,WMA_ae984aa3afcc6b69|168797|167068|170414|167066,0.97447622;0.97198063;0.95895594;0.88514036;0.84290397,1.00000000,0.64893158,2,2.00000000,0.92669142,0.17977571,0.50000000,1.00000000,0
formal_train,232924,B0,5,,WMA_f48dfd85e9cf554a|23729|WMA_1f2385d4bd8b3717|WMA_17573986c8c4e3bd|WMA_a9804be93c01e251,0.99927849;0.99438369;0.99206865;0.98782116;0.98024899,0.75000000,0.64893158,3,2.00000000,0.99076020,0.17012311,0.36666667,1.00000000,0
formal_train,232924,MMR,5,0.60000000,WMA_f48dfd85e9cf554a|WMA_17573986c8c4e3bd|23729|WMA_d076683383426471|WMA_a9804be93c01e251,0.99927849;0.99438369;0.98782116;0.98024899;0.95331472,0.75000000,0.55414321,3,1.60000000,0.98300941,0.08516727,0.20000000,0.66666667,1
formal_train,232924,D3_TFIDF,5,,WMA_f48dfd85e9cf554a|23729|WMA_1f2385d4bd8b3717|WMA_17573986c8c4e3bd|WMA_a9804be93c01e251,0.99927849;0.99438369;0.99206865;0.98782116;0.98024899,0.75000000,0.64893158,3,2.00000000,0.99076020,0.17012311,0.36666667,1.00000000,0
formal_train,2380293,B0,5,,36|WMA_921a8ee04d7023af|6173|148222|1002,0.99933368;0.99706703;0.99528128;0.97767568;0.97114938,1.00000000,0.83041990,2,1.60000000,0.98810141,0.16046276,0.45000000,1.00000000,0
formal_train,2380293,MMR,5,0.60000000,36|148222|6173|WMA_921a8ee04d7023af|1001,0.99933368;0.99706703;0.99528128;0.97767568;0.96268177,1.00000000,0.83041990,2,1.60000000,0.98640789,0.16473699,0.45000000,0.66666667,1
formal_train,2380293,D3_TFIDF,5,,36|WMA_921a8ee04d7023af|6173|148222|1002,0.99933368;0.99706703;0.99528128;0.97767568;0.97114938,1.00000000,0.83041990,2,1.60000000,0.98810141,0.16046276,0.45000000,1.00000000,0
formal_train,24304804,B0,5,,WMA_305a95b699b3d4ba|WMA_e2094dd8635191d5|133775|225426|33487,0.99992979;0.99683881;0.96664834;0.87700719;0.87455481,1.00000000,0.74579122,3,2.00000000,0.94299579,0.18000961,0.86666667,1.00000000,0
formal_train,24304804,MMR,5,0.60000000,WMA_305a95b699b3d4ba|133775|WMA_e2094dd8635191d5|33487|9507,0.99992979;0.99683881;0.96664834;0.87455481;0.81338155,1.00000000,0.74579122,3,2.00000000,0.93027066,0.12842090,0.86666667,0.66666667,1
formal_train,24304804,D3_TFIDF,5,,WMA_305a95b699b3d4ba|WMA_e2094dd8635191d5|133775|225426|33487,0.99992979;0.99683881;0.96664834;0.87700719;0.87455481,1.00000000,0.74579122,3,2.00000000,0.94299579,0.18000961,0.86666667,1.00000000,0
formal_train,253487,B0,5,,WMA_9470f14427dd4ed4|5786|50309|WMA_9050c8ea009c3ce9|WMA_8fc14e9d1aec5842,0.99802387;0.99792105;0.99717987;0.99693298;0.99631929,1.00000000,0.64893158,4,2.00000000,0.99727541,0.13810279,0.50000000,1.00000000,0
formal_train,253487,MMR,5,0.60000000,WMA_9470f14427dd4ed4|5786|119968|WMA_4df437361e819073|WMA_8fc14e9d1aec5842,0.99802387;0.99792105;0.99631929;0.98917997;0.98815900,1.00000000,0.64893158,4,2.00000000,0.99392064,0.04132006,0.55000000,0.42857143,2
formal_train,253487,D3_TFIDF,5,,WMA_6422bc1416d155f7|WMA_f39e2fb990c9aa88|WMA_9470f14427dd4ed4|5786|50309,0.99802387;0.99792105;0.99717987;0.93618834;0.52893627,1.00000000,0.64893158,4,2.00000000,0.89164988,0.12411086,0.45000000,0.42857143,2
formal_train,269131,B0,5,,WMA_f39e2fb990c9aa88|22179|110479|111961|87019,0.94131851;0.83194327;0.79880780;0.48514387;0.40399066,1.00000000,0.81046163,3,2.00000000,0.69224082,0.12847491,0.60000000,1.00000000,0
formal_train,269131,MMR,5,0.60000000,WMA_f39e2fb990c9aa88|22179|110479|111961|84427,0.94131851;0.83194327;0.79880780;0.48514387;0.39908281,1.00000000,0.81046163,3,2.00000000,0.69125925,0.09673611,0.73333333,0.66666667,1
formal_train,269131,D3_TFIDF,5,,22179|WMA_f39e2fb990c9aa88|110479|87019|84427,0.94131851;0.83194327;0.79880780;0.40399066;0.39908281,1.00000000,0.81046163,3,2.00000000,0.67502861,0.12085857,0.60000000,0.66666667,1
formal_train,272862,B0,5,,132807|104780|90186|127794|WMA_e517a7afc0ff2de6,0.99931729;0.99659449;0.99645704;0.99645621;0.99618536,0.75000000,0.64893158,3,2.00000000,0.99700208,0.21891813,0.80000000,1.00000000,0
formal_train,272862,MMR,5,0.60000000,132807|90186|127794|7386|163745,0.99931729;0.99645704;0.99645621;0.99421161;0.96687061,0.75000000,0.64893158,3,2.00000000,0.99066255,0.13735981,0.73333333,0.42857143,2
formal_train,272862,D3_TFIDF,5,,132807|7386|79530|104780|90186,0.99931729;0.99659449;0.99645704;0.99421161;0.93211311,0.75000000,0.64893158,3,2.00000000,0.98373871,0.16989611,0.73333333,0.42857143,2
formal_train,2785875,B0,5,,198943|198942|WMA_ce0ba8f7e343ae66|204513|10843,0.99629080;0.99469274;0.98233438;0.95269680;0.94791639,1.00000000,0.64893158,4,2.00000000,0.97478622,0.22618506,0.49166667,1.00000000,0
formal_train,2785875,MMR,5,0.60000000,198943|198942|204513|201458|WMA_ce0ba8f7e343ae66,0.99629080;0.99469274;0.98233438;0.95269680;0.90459538,1.00000000,0.64893158,4,2.00000000,0.96612202,0.12848948,0.45833333,0.66666667,1
formal_train,2785875,D3_TFIDF,5,,198943|201458|198942|WMA_ce0ba8f7e343ae66|204513,0.99629080;0.99469274;0.98233438;0.95269680;0.90459538,1.00000000,0.64893158,4,2.00000000,0.96612202,0.12848948,0.45833333,0.66666667,1
formal_train,28341242,B0,5,,WMA_447055758943526e|WMA_eecf8bcc1d2738a0|198061|150496|149097,0.99949563;0.99815983;0.99214447;0.97520238;0.93049645,1.00000000,0.74579122,4,2.00000000,0.97909975,0.19202832,0.50833333,1.00000000,0
formal_train,28341242,MMR,5,0.60000000,WMA_447055758943526e|198061|149097|WMA_eecf8bcc1d2738a0|150496,0.99949563;0.99815983;0.99214447;0.97520238;0.93049645,1.00000000,0.74579122,4,2.00000000,0.97909975,0.19202832,0.50833333,1.00000000,0
formal_train,28341242,D3_TFIDF,5,,WMA_447055758943526e|WMA_eecf8bcc1d2738a0|198061|150496|149097,0.99949563;0.99815983;0.99214447;0.97520238;0.93049645,1.00000000,0.74579122,4,2.00000000,0.97909975,0.19202832,0.50833333,1.00000000,0
formal_train,286250,B0,5,,212584|184726|192081|113389|183444,0.99788409;0.99759007;0.99600059;0.99483716;0.99455160,0.60000000,0.64893158,3,2.00000000,0.99617270,0.27098635,0.86666667,1.00000000,0
formal_train,286250,MMR,5,0.60000000,212584|113389|72196|19861|183444,0.99788409;0.99483716;0.99455160;0.97862738;0.94012231,0.60000000,0.64893158,3,2.00000000,0.98120451,0.21195063,0.86666667,0.42857143,2
formal_train,286250,D3_TFIDF,5,,212584|184726|192081|113389|183444,0.99788409;0.99759007;0.99600059;0.99483716;0.99455160,0.60000000,0.64893158,3,2.00000000,0.99617270,0.27098635,0.86666667,1.00000000,0
formal_train,30392291,B0,5,,213603|11093|217808|187162|WMA_43e2c384d8e3391f,0.99763548;0.99756950;0.99750346;0.99662727;0.99653900,1.00000000,0.64893158,3,2.00000000,0.99717494,0.33671924,0.80000000,1.00000000,0
formal_train,30392291,MMR,5,0.60000000,213603|187173|WMA_43e2c384d8e3391f|140896|187162,0.99763548;0.99662727;0.99653900;0.99381423;0.97946733,1.00000000,0.64893158,3,2.00000000,0.99281666,0.11032696,0.73333333,0.42857143,2
formal_train,30392291,D3_TFIDF,5,,213603|WMA_43e2c384d8e3391f|11093|217808|187162,0.99763548;0.99756950;0.99750346;0.99662727;0.99653900,1.00000000,0.64893158,3,2.00000000,0.99717494,0.33671924,0.80000000,1.00000000,0
formal_train,30401122,B0,5,,68629|37112|5206|136863|43666,0.98481131;0.94093263;0.93609267;0.92543650;0.88085753,1.00000000,0.64893158,4,2.00000000,0.93362613,0.20646187,0.50833333,1.00000000,0
formal_train,30401122,MMR,5,0.60000000,68629|136863|19864|WMA_1720dfd42aff375a|43666,0.98481131;0.92543650;0.88085753;0.87900901;0.78413814,0.75000000,0.64893158,3,2.00000000,0.89085050,0.10542844,0.60000000,0.42857143,2
formal_train,30401122,D3_TFIDF,5,,5206|68629|37112|136863|19864,0.98481131;0.94093263;0.93609267;0.92543650;0.87900901,0.75000000,0.64893158,3,2.00000000,0.93325642,0.22055484,0.60000000,0.66666667,1
formal_train,30403445,B0,5,,WMA_c59ecaa901b35755|WMA_bfd0dc794947de12|80864|WMA_a495edc6554f9f71|47225,0.99522448;0.99342221;0.99335551;0.99283510;0.98971367,1.00000000,0.42883981,2,1.60000000,0.99291019,0.11101318,0.45000000,1.00000000,0
formal_train,30403445,MMR,5,0.60000000,WMA_c59ecaa901b35755|47225|80864|18795|WMA_a495edc6554f9f71,0.99522448;0.99335551;0.99283510;0.98971367;0.98540676,1.00000000,0.42883981,2,1.60000000,0.99130710,0.08016929,0.45000000,0.66666667,1
formal_train,30403445,D3_TFIDF,5,,WMA_c59ecaa901b35755|WMA_bfd0dc794947de12|80864|WMA_a495edc6554f9f71|47225,0.99522448;0.99342221;0.99335551;0.99283510;0.98971367,1.00000000,0.42883981,2,1.60000000,0.99291019,0.11101318,0.45000000,1.00000000,0
formal_train,30411895,B0,5,,114664|86262|44422|WMA_a8729f6e72f53889|WMA_64443684181a18b5,0.98893762;0.98255807;0.96956706;0.95244265;0.94072706,0.60000000,0.67302346,3,1.60000000,0.96684649,0.21210905,0.33333333,1.00000000,0
formal_train,30411895,MMR,5,0.60000000,114664|86262|WMA_a8729f6e72f53889|149873|WMA_64443684181a18b5,0.98893762;0.98255807;0.95244265;0.94072706;0.92863828,0.60000000,0.69207884,3,1.60000000,0.95866073,0.17357249,0.33333333,0.66666667,1
formal_train,30411895,D3_TFIDF,5,,114664|86262|44422|WMA_a8729f6e72f53889|WMA_64443684181a18b5,0.98893762;0.98255807;0.96956706;0.95244265;0.94072706,0.60000000,0.67302346,3,1.60000000,0.96684649,0.21210905,0.33333333,1.00000000,0
formal_train,30443310,B0,5,,203700|52320|90366|86443|37553,0.98247981;0.98247981;0.98247981;0.98057175;0.90516818,0.50000000,0.13120508,1,0.40000000,0.96663587,0.62713597,0.00000000,1.00000000,0
formal_train,30443310,MMR,5,0.60000000,203700|37553|176710|134404|177905,0.98247981;0.90516818;0.73037934;0.70747417;0.70635289,0.50000000,0.66083979,1,1.60000000,0.80637088,0.15015654,0.60000000,0.25000000,3
formal_train,30443310,D3_TFIDF,5,,203700|52320|90366|86443|37553,0.98247981;0.98247981;0.98247981;0.98057175;0.90516818,0.50000000,0.13120508,1,0.40000000,0.96663587,0.62713597,0.00000000,1.00000000,0
formal_train,30448397,B0,5,,WMA_49771d36fe56e7c8|WMA_b417f256c5add4cf|WMA_cdff98b2498a7c66|91447|WMA_ea37c0e3f471084b,0.99807894;0.99235851;0.97110242;0.96087229;0.95172471,0.66666667,0.69207884,2,1.60000000,0.97482737,0.21900455,0.45000000,1.00000000,0
formal_train,30448397,MMR,5,0.60000000,WMA_49771d36fe56e7c8|WMA_b417f256c5add4cf|91447|WMA_73969f7c594913c5|WMA_26dd21696e53832c,0.99807894;0.99235851;0.96087229;0.90370059;0.80218524,1.00000000,0.67302346,3,1.60000000,0.93143911,0.12315653,0.33333333,0.42857143,2
formal_train,30448397,D3_TFIDF,5,,WMA_49771d36fe56e7c8|WMA_b417f256c5add4cf|WMA_cdff98b2498a7c66|91447|WMA_ea37c0e3f471084b,0.99807894;0.99235851;0.97110242;0.96087229;0.95172471,0.66666667,0.69207884,2,1.60000000,0.97482737,0.21900455,0.45000000,1.00000000,0
formal_train,3047306,B0,5,,138004|WMA_c53fe69b09555907|12298|26814|16804,0.98120648;0.98036379;0.97664362;0.97664362;0.97503608,1.00000000,0.74579122,3,2.00000000,0.97797872,0.38264604,0.80000000,1.00000000,0
formal_train,3047306,MMR,5,0.60000000,138004|12298|WMA_c53fe69b09555907|173294|106064,0.98120648;0.98036379;0.97664362;0.96668422;0.59457070,1.00000000,0.74579122,3,2.00000000,0.89989376,0.22000269,0.63333333,0.42857143,2
formal_train,3047306,D3_TFIDF,5,,138004|WMA_c53fe69b09555907|12298|26814|16804,0.98120648;0.98036379;0.97664362;0.97664362;0.97503608,1.00000000,0.74579122,3,2.00000000,0.97797872,0.38264604,0.80000000,1.00000000,0
formal_train,30533520,B0,5,,19111|25285|8803|19112|127821,0.99773288;0.99152440;0.99119836;0.98285550;0.97017425,1.00000000,0.50126584,2,0.80000000,0.98669708,0.28676126,0.00000000,1.00000000,0
formal_train,30533520,MMR,5,0.60000000,19111|25285|8803|156829|154254,0.99773288;0.99152440;0.99119836;0.95933044;0.95239633,0.00000000,0.00000000,0,0.00000000,0.97843648,0.21890762,0.00000000,0.42857143,2
formal_train,30533520,D3_TFIDF,5,,19111|25285|8803|19112|127821,0.99773288;0.99152440;0.99119836;0.98285550;0.97017425,1.00000000,0.50126584,2,0.80000000,0.98669708,0.28676126,0.00000000,1.00000000,0
formal_train,30741471,B0,5,,166296|10619|179241|168326|144125,0.99590105;0.99550581;0.99520916;0.99460149;0.99459732,1.00000000,0.64893158,2,2.00000000,0.99516296,0.31461556,1.00000000,1.00000000,0
formal_train,30741471,MMR,5,0.60000000,166296|179215|WMA_cb376f13d81bd30f|168326|56769,0.99590105;0.99460149;0.99433291;0.96605432;0.95118541,1.00000000,0.64893158,2,2.00000000,0.98041503,0.11126863,0.50000000,0.25000000,3
formal_train,30741471,D3_TFIDF,5,,10619|166296|168326|179215|128984,0.99590105;0.99550581;0.99460149;0.99433291;0.99373853,1.00000000,0.64893158,2,2.00000000,0.99481596,0.22723470,0.80000000,0.42857143,2
formal_train,3155970,B0,5,,45813|155728|93177|WMA_6edb9b53954d31ae|52555,0.99919337;0.99803287;0.99504787;0.99397933;0.97622097,1.00000000,0.74579122,2,2.00000000,0.99249488,0.26437309,0.80000000,1.00000000,0
formal_train,3155970,MMR,5,0.60000000,45813|WMA_6edb9b53954d31ae|155728|34794|124724,0.99919337;0.99803287;0.99397933;0.95765370;0.88054758,1.00000000,0.74579122,2,2.00000000,0.96588137,0.16440887,0.50000000,0.42857143,2
formal_train,3155970,D3_TFIDF,5,,93177|124724|45813|155728|52555,0.99919337;0.99803287;0.99504787;0.97622097;0.95765370,1.00000000,0.74579122,2,2.00000000,0.98522975,0.31188386,0.60000000,0.66666667,1
formal_train,31631621,B0,5,,27073|86841|181112|204138|3568,0.81190348;0.72930020;0.69652480;0.69652480;0.69652480,0.33333333,0.74579122,1,2.00000000,0.72615561,0.61149977,1.00000000,1.00000000,0
formal_train,31631621,MMR,5,0.60000000,27073|86841|181112|204138|3568,0.81190348;0.72930020;0.69652480;0.69652480;0.69652480,0.33333333,0.74579122,1,2.00000000,0.72615561,0.61149977,1.00000000,1.00000000,0
formal_train,31631621,D3_TFIDF,5,,27073|86841|181112|204138|3568,0.81190348;0.72930020;0.69652480;0.69652480;0.69652480,0.33333333,0.74579122,1,2.00000000,0.72615561,0.61149977,1.00000000,1.00000000,0
formal_train,32510398,B0,5,,WMA_c275085c29063a22|WMA_8977810ed4b756e2|WMA_4fefbb191f3d3c46|20330|WMA_053cd58ecb19a1b8,0.99994385;0.99983585;0.99960071;0.99934024;0.99931312,0.50000000,0.51006913,1,1.60000000,0.99960675,0.15639242,0.60000000,1.00000000,0
formal_train,32510398,MMR,5,0.60000000,WMA_c275085c29063a22|170759|WMA_8977810ed4b756e2|WMA_4fefbb191f3d3c46|226181,0.99994385;0.99983585;0.99960071;0.99849772;0.99783856,0.50000000,0.53888569,1,1.60000000,0.99914334,0.09201747,0.60000000,0.42857143,2
formal_train,32510398,D3_TFIDF,5,,WMA_c275085c29063a22|WMA_8977810ed4b756e2|WMA_053cd58ecb19a1b8|WMA_4fefbb191f3d3c46|20330,0.99994385;0.99983585;0.99960071;0.99934024;0.99931312,0.50000000,0.51006913,1,1.60000000,0.99960675,0.15639242,0.60000000,1.00000000,0
formal_train,33157355,B0,5,,225446|WMA_f9a0a157101ad371|173478|WMA_db4d9dd8f760deea|63790,0.40844563;0.37378585;0.15775795;0.12956358;0.10191880,1.00000000,0.63092975,1,0.40000000,0.23429436,0.16541763,0.00000000,1.00000000,0
formal_train,33157355,MMR,5,0.60000000,225446|WMA_f9a0a157101ad371|173478|WMA_ef79c2d8c8d9bceb|40078,0.40844563;0.37378585;0.15775795;0.09907726;0.06001322,1.00000000,0.63092975,1,0.40000000,0.21981598,0.10112967,0.00000000,0.42857143,2
formal_train,33157355,D3_TFIDF,5,,225446|WMA_f9a0a157101ad371|173478|WMA_db4d9dd8f760deea|63790,0.40844563;0.37378585;0.15775795;0.12956358;0.10191880,1.00000000,0.63092975,1,0.40000000,0.23429436,0.16541763,0.00000000,1.00000000,0
formal_train,331914,B0,5,,114239|3165|45874|174218|212634,0.76173002;0.76161927;0.58485067;0.58362973;0.58362973,1.00000000,0.69302219,3,2.00000000,0.65509188,0.16326531,0.80000000,1.00000000,0
formal_train,331914,MMR,5,0.60000000,114239|3165|174218|WMA_8408994fcb0a6f2e|213989,0.76173002;0.76161927;0.58362973;0.56690615;0.56097227,1.00000000,0.69302219,3,2.00000000,0.64697149,0.07497392,0.66666667,0.42857143,2
formal_train,331914,D3_TFIDF,5,,45874|114239|3165|174218|212634,0.76173002;0.76161927;0.58485067;0.58362973;0.58362973,1.00000000,0.69302219,3,2.00000000,0.65509188,0.16326531,0.80000000,1.00000000,0
formal_train,34476742,B0,5,,WMA_b69ddd1c20284155|WMA_e94455457f8ad750|WMA_d6cd6261898f6cf9|WMA_00e3d4fdd87d75c2|137499,0.99934500;0.99914122;0.99841630;0.99559009;0.99417549,1.00000000,0.64893158,2,2.00000000,0.99733362,0.18336122,0.40000000,1.00000000,0
formal_train,34476742,MMR,5,0.60000000,WMA_b69ddd1c20284155|WMA_00e3d4fdd87d75c2|WMA_d6cd6261898f6cf9|106078|78089,0.99934500;0.99841630;0.99559009;0.99322188;0.99298579,1.00000000,0.64893158,2,2.00000000,0.99591181,0.09694033,0.50000000,0.42857143,2
formal_train,34476742,D3_TFIDF,5,,WMA_b69ddd1c20284155|WMA_e94455457f8ad750|WMA_d6cd6261898f6cf9|WMA_00e3d4fdd87d75c2|137499,0.99934500;0.99914122;0.99841630;0.99559009;0.99417549,1.00000000,0.64893158,2,2.00000000,0.99733362,0.18336122,0.40000000,1.00000000,0
formal_train,34900747,B0,5,,WMA_5cc023af02b79602|101092|WMA_dc231a431c70c584|WMA_85ff7415a4139648|WMA_414f044e8a859a69,0.99557906;0.98606038;0.97111118;0.94910020;0.89579409,1.00000000,0.23719771,1,0.40000000,0.95952898,0.17414063,0.00000000,1.00000000,0
formal_train,34900747,MMR,5,0.60000000,WMA_5cc023af02b79602|101092|WMA_85ff7415a4139648|WMA_dc231a431c70c584|21186,0.99557906;0.98606038;0.97111118;0.94910020;0.82925969,0.00000000,0.00000000,0,0.00000000,0.94622210,0.13524726,0.00000000,0.66666667,1
formal_train,34900747,D3_TFIDF,5,,113717|WMA_5cc023af02b79602|101092|WMA_dc231a431c70c584|WMA_85ff7415a4139648,0.99557906;0.98606038;0.97111118;0.94910020;0.72322780,0.00000000,0.00000000,0,0.00000000,0.92501572,0.15040509,0.00000000,0.66666667,1
formal_train,364963,B0,5,,WMA_3c2079863584e082|203852|90918|37908|29154,0.99105000;0.98426408;0.98365545;0.97370052;0.95606554,0.75000000,0.69302219,3,2.00000000,0.97774712,0.11966697,0.60000000,1.00000000,0
formal_train,364963,MMR,5,0.60000000,WMA_3c2079863584e082|203852|29154|58808|23817,0.99105000;0.98426408;0.95606554;0.94678199;0.91771477,0.75000000,0.69302219,3,2.00000000,0.95917528,0.09838100,0.56666667,0.42857143,2
formal_train,364963,D3_TFIDF,5,,WMA_3c2079863584e082|203852|90918|37908|29154,0.99105000;0.98426408;0.98365545;0.97370052;0.95606554,0.75000000,0.69302219,3,2.00000000,0.97774712,0.11966697,0.60000000,1.00000000,0
formal_train,36722969,B0,5,,169820|56828|146370|104173|225948,0.96796596;0.94892865;0.93720466;0.88073343;0.87884170,1.00000000,0.64893158,3,2.00000000,0.92273488,0.09840227,0.66666667,1.00000000,0
formal_train,36722969,MMR,5,0.60000000,169820|56828|146370|104173|225948,0.96796596;0.94892865;0.93720466;0.88073343;0.87884170,1.00000000,0.64893158,3,2.00000000,0.92273488,0.09840227,0.66666667,1.00000000,0
formal_train,36722969,D3_TFIDF,5,,169820|56828|146370|104173|225948,0.96796596;0.94892865;0.93720466;0.88073343;0.87884170,1.00000000,0.64893158,3,2.00000000,0.92273488,0.09840227,0.66666667,1.00000000,0
formal_train,36795049,B0,5,,WMA_02d341c09b8b1f91|WMA_9cd7d780b24dc7ca|WMA_1501c27c47e7b3a2|WMA_71c5a8d9c608d872|WMA_e92bc0a5464eb4db,0.99886060;0.97435296;0.94806647;0.79647285;0.67648685,1.00000000,0.74579122,4,2.00000000,0.87884794,0.19405598,0.36666667,1.00000000,0
formal_train,36795049,MMR,5,0.60000000,WMA_02d341c09b8b1f91|WMA_1501c27c47e7b3a2|WMA_9cd7d780b24dc7ca|WMA_71c5a8d9c608d872|WMA_e92bc0a5464eb4db,0.99886060;0.97435296;0.94806647;0.79647285;0.67648685,1.00000000,0.74579122,4,2.00000000,0.87884794,0.19405598,0.36666667,1.00000000,0
formal_train,36795049,D3_TFIDF,5,,WMA_02d341c09b8b1f91|WMA_9cd7d780b24dc7ca|WMA_1501c27c47e7b3a2|WMA_71c5a8d9c608d872|WMA_e92bc0a5464eb4db,0.99886060;0.97435296;0.94806647;0.79647285;0.67648685,1.00000000,0.74579122,4,2.00000000,0.87884794,0.19405598,0.36666667,1.00000000,0
formal_train,37391768,B0,5,,WMA_c3a6cb649aebb319|135972|59706|203943|203942,0.98560011;0.94395351;0.80214942;0.80132842;0.77713203,1.00000000,0.50874031,2,0.80000000,0.86203270,0.18224035,0.05000000,1.00000000,0
formal_train,37391768,MMR,5,0.60000000,WMA_c3a6cb649aebb319|135972|59706|203943|203942,0.98560011;0.94395351;0.80214942;0.80132842;0.77713203,1.00000000,0.50874031,2,0.80000000,0.86203270,0.18224035,0.05000000,1.00000000,0
formal_train,37391768,D3_TFIDF,5,,WMA_c3a6cb649aebb319|135972|59706|203943|203942,0.98560011;0.94395351;0.80214942;0.80132842;0.77713203,1.00000000,0.50874031,2,0.80000000,0.86203270,0.18224035,0.05000000,1.00000000,0
formal_train,384814,B0,5,,WMA_189742ec172d3cbf|29641|95798|83627|148707,0.99248016;0.99222821;0.99038446;0.98291290;0.96511370,0.60000000,0.60209416,3,1.60000000,0.98462389,0.22893436,0.21666667,1.00000000,0
formal_train,384814,MMR,5,0.60000000,WMA_189742ec172d3cbf|95798|64744|83627|148707,0.99248016;0.99038446;0.98291290;0.96511370;0.95295352,0.60000000,0.60209416,3,1.60000000,0.97676895,0.13949068,0.36666667,0.66666667,1
formal_train,384814,D3_TFIDF,5,,WMA_189742ec172d3cbf|29641|95798|148707|83627,0.99248016;0.99222821;0.99038446;0.98291290;0.96511370,0.60000000,0.59179359,3,1.60000000,0.98462389,0.22893436,0.21666667,1.00000000,0
formal_train,38625270,B0,5,,WMA_c41422a87e9075a6|WMA_962bc939f24f4def|WMA_d45e752fcd42d690|WMA_4358bba3f9c0f016|WMA_0f958009c0cf5e0c,0.99988878;0.99988389;0.99988258;0.99821186;0.99317086,0.33333333,0.47726565,1,1.20000000,0.99820759,0.27676853,0.30000000,1.00000000,0
formal_train,38625270,MMR,5,0.60000000,WMA_c41422a87e9075a6|WMA_0f958009c0cf5e0c|94194|WMA_d45e752fcd42d690|215645,0.99988878;0.99988258;0.99317086;0.89419311;0.88405138,1.00000000,0.74579122,3,2.00000000,0.95423734,0.10486337,0.30000000,0.42857143,2
formal_train,38625270,D3_TFIDF,5,,WMA_c41422a87e9075a6|161681|WMA_962bc939f24f4def|WMA_d45e752fcd42d690|WMA_4358bba3f9c0f016,0.99988878;0.99988389;0.99988258;0.99821186;0.89996219,0.33333333,0.36187920,1,0.80000000,0.97956586,0.24739137,0.10000000,0.66666667,1
formal_train,38916214,B0,5,,WMA_69cc1ded5df90bca|WMA_e9b2b559e308614b|WMA_91ab0b6779d21aee|WMA_1b990cf3c5b6473e|21946,0.99989533;0.99820065;0.99680871;0.99505979;0.98766321,1.00000000,0.44409733,2,1.20000000,0.99552554,0.18938618,0.20000000,1.00000000,0
formal_train,38916214,MMR,5,0.60000000,WMA_69cc1ded5df90bca|WMA_91ab0b6779d21aee|21946|WMA_e9b2b559e308614b|WMA_5a5348f28df45e3b,0.99989533;0.99820065;0.99680871;0.98766321;0.95949030,1.00000000,0.51006913,2,1.60000000,0.98841164,0.13561458,0.30000000,0.66666667,1
formal_train,38916214,D3_TFIDF,5,,WMA_69cc1ded5df90bca|WMA_e9b2b559e308614b|WMA_91ab0b6779d21aee|WMA_1b990cf3c5b6473e|21946,0.99989533;0.99820065;0.99680871;0.99505979;0.98766321,1.00000000,0.44409733,2,1.20000000,0.99552554,0.18938618,0.20000000,1.00000000,0
formal_train,39380185,B0,5,,WMA_137ee75cde9efe0d|26445|27147|104976|46208,0.98304212;0.97957760;0.92897415;0.81254303;0.73121452,0.50000000,0.64893158,1,2.00000000,0.88707029,0.14867252,1.00000000,1.00000000,0
formal_train,39380185,MMR,5,0.60000000,WMA_137ee75cde9efe0d|26445|27147|101985|46208,0.98304212;0.97957760;0.92897415;0.73121452;0.72608596,0.50000000,0.64893158,1,2.00000000,0.86977887,0.07538688,1.00000000,0.66666667,1
formal_train,39380185,D3_TFIDF,5,,104976|WMA_137ee75cde9efe0d|26445|27147|101985,0.98304212;0.97957760;0.92897415;0.81254303;0.72608596,0.50000000,0.64893158,1,2.00000000,0.88604457,0.09143531,1.00000000,0.66666667,1
formal_train,39641499,B0,5,,WMA_01c53b4bb86e952d|WMA_807c9463bd352987|192119|223792|207877,0.99060678;0.99057055;0.98471791;0.96822137;0.96073216,1.00000000,0.64893158,2,2.00000000,0.97896975,0.23453577,1.00000000,1.00000000,0
formal_train,39641499,MMR,5,0.60000000,WMA_01c53b4bb86e952d|188827|223792|186557|192119,0.99060678;0.98471791;0.96822137;0.95493585;0.89802188,1.00000000,0.64893158,2,2.00000000,0.95930076,0.09614274,1.00000000,0.42857143,2
formal_train,39641499,D3_TFIDF,5,,WMA_01c53b4bb86e952d|WMA_807c9463bd352987|192119|223792|188827,0.99060678;0.99057055;0.98471791;0.96822137;0.95493585,1.00000000,0.64893158,2,2.00000000,0.97781049,0.18356811,1.00000000,0.66666667,1
formal_train,39866846,B0,5,,111842|89559|143127|134526|118268,0.99618834;0.99543363;0.99331397;0.99239033;0.97178328,1.00000000,0.64893158,2,2.00000000,0.98982191,0.21395171,1.00000000,1.00000000,0
formal_train,39866846,MMR,5,0.60000000,111842|134526|89559|143127|36549,0.99618834;0.99543363;0.99331397;0.99239033;0.84481406,1.00000000,0.64893158,2,2.00000000,0.96442807,0.10878196,1.00000000,0.66666667,1
formal_train,39866846,D3_TFIDF,5,,29521|111842|89559|143127|134526,0.99618834;0.99543363;0.99331397;0.99239033;0.81277186,1.00000000,0.64893158,2,2.00000000,0.95801963,0.13735138,1.00000000,0.66666667,1
formal_train,40057319,B0,5,,WMA_eeea2e1508e7600b|WMA_e610754be30b2a08|165778|161279|29172,0.99230742;0.99146640;0.98959410;0.98806411;0.98669285,1.00000000,0.53888569,2,1.60000000,0.98962498,0.10445458,0.45000000,1.00000000,0
formal_train,40057319,MMR,5,0.60000000,WMA_eeea2e1508e7600b|165778|161279|WMA_e610754be30b2a08|29172,0.99230742;0.99146640;0.98959410;0.98806411;0.98669285,1.00000000,0.51006913,2,1.60000000,0.98962498,0.10445458,0.45000000,1.00000000,0
formal_train,40057319,D3_TFIDF,5,,WMA_eeea2e1508e7600b|WMA_e610754be30b2a08|165778|161279|29172,0.99230742;0.99146640;0.98959410;0.98806411;0.98669285,1.00000000,0.53888569,2,1.60000000,0.98962498,0.10445458,0.45000000,1.00000000,0
formal_train,40207434,B0,5,,WMA_6e3bca0dcb360c14|124355|WMA_70a345ecc07eb0a3|197203|WMA_a1e68de04512256e,0.99288106;0.94985527;0.91194189;0.89723694;0.84338158,1.00000000,0.64893158,4,2.00000000,0.91905935,0.18653572,0.75000000,1.00000000,0
formal_train,40207434,MMR,5,0.60000000,WMA_6e3bca0dcb360c14|124355|197203|58507|WMA_70a345ecc07eb0a3,0.99288106;0.94985527;0.91194189;0.89723694;0.83903182,1.00000000,0.64893158,4,2.00000000,0.91818939,0.13545192,0.75000000,0.66666667,1
formal_train,40207434,D3_TFIDF,5,,WMA_70a345ecc07eb0a3|WMA_6e3bca0dcb360c14|124355|19106|WMA_30b95bd020a653e5,0.99288106;0.94985527;0.91194189;0.77848434;0.75946516,1.00000000,0.64893158,4,2.00000000,0.87852554,0.13489690,0.85000000,0.42857143,2
formal_train,407461,B0,5,,198878|WMA_df5672969666dc61|WMA_35143a9c2a923bd2|WMA_3a5915172d7014be|139997,0.99967444;0.99887413;0.99864620;0.99795121;0.99005145,1.00000000,0.64893158,3,2.00000000,0.99703948,0.25816318,0.63333333,1.00000000,0
formal_train,407461,MMR,5,0.60000000,198878|WMA_3a5915172d7014be|15305|626|WMA_35143a9c2a923bd2,0.99967444;0.99864620;0.99795121;0.97843105;0.89409256,1.00000000,0.64893158,3,2.00000000,0.97375909,0.12229850,0.65000000,0.42857143,2
formal_train,407461,D3_TFIDF,5,,198878|WMA_ce2a18eab72a945a|WMA_df5672969666dc61|WMA_35143a9c2a923bd2|WMA_3a5915172d7014be,0.99967444;0.99887413;0.99864620;0.99795121;0.85001487,1.00000000,0.64893158,3,2.00000000,0.96903217,0.17513976,0.41666667,0.66666667,1
formal_train,408659,B0,5,,53572|121285|53571|108168|WMA_42a663ebdeed5de8,0.99953139;0.99945790;0.99933678;0.99933368;0.99880373,0.33333333,0.64893158,1,2.00000000,0.99929270,0.14194585,1.00000000,1.00000000,0
formal_train,408659,MMR,5,0.60000000,53572|108168|157235|17756|30074,0.99953139;0.99933368;0.99358702;0.99040306;0.95639300,0.66666667,0.64893158,2,2.00000000,0.98784963,0.04969502,0.80000000,0.25000000,3
formal_train,408659,D3_TFIDF,5,,53571|53572|121285|108168|WMA_42a663ebdeed5de8,0.99953139;0.99945790;0.99933678;0.99933368;0.99880373,0.33333333,0.64893158,1,2.00000000,0.99929270,0.14194585,1.00000000,1.00000000,0
formal_train,40960547,B0,5,,WMA_5fba7a5683cc0501|WMA_25f34a2a8eb82f7c|8704|WMA_f6d144c59be921e9|WMA_16baeec5d8022379,0.99173814;0.98700339;0.98551649;0.98162973;0.97615719,1.00000000,0.24738636,1,0.80000000,0.98440899,0.19275603,0.10000000,1.00000000,0
formal_train,40960547,MMR,5,0.60000000,WMA_5fba7a5683cc0501|9100|8704|88265|WMA_16baeec5d8022379,0.99173814;0.98551649;0.97615719;0.97248590;0.96930456,1.00000000,0.43830723,1,1.20000000,0.97904046,0.10661735,0.30000000,0.42857143,2
formal_train,40960547,D3_TFIDF,5,,WMA_5fba7a5683cc0501|WMA_25f34a2a8eb82f7c|8704|WMA_f6d144c59be921e9|WMA_16baeec5d8022379,0.99173814;0.98700339;0.98551649;0.98162973;0.97615719,1.00000000,0.24738636,1,0.80000000,0.98440899,0.19275603,0.10000000,1.00000000,0
formal_train,41894821,B0,5,,WMA_459dfdc3168a189c|WMA_e20230019b9ce347|WMA_11057fbb906b4904|WMA_17b522688244c9dd|WMA_ed3aa81edad618b5,0.99967086;0.99956363;0.99947327;0.99946731;0.99937004,1.00000000,0.74579122,3,2.00000000,0.99950902,0.22533476,0.63333333,1.00000000,0
formal_train,41894821,MMR,5,0.60000000,WMA_459dfdc3168a189c|WMA_ed3aa81edad618b5|WMA_11057fbb906b4904|WMA_e20230019b9ce347|WMA_7a047ec93f055ab4,0.99967086;0.99956363;0.99947327;0.99937004;0.99901724,1.00000000,0.74579122,3,2.00000000,0.99941901,0.22083191,0.63333333,0.66666667,1
formal_train,41894821,D3_TFIDF,5,,WMA_459dfdc3168a189c|WMA_11057fbb906b4904|WMA_17b522688244c9dd|WMA_8477315dc34353a7|WMA_e20230019b9ce347,0.99967086;0.99956363;0.99947327;0.99946731;0.99924326,1.00000000,0.74579122,3,2.00000000,0.99948367,0.31036267,0.68333333,0.66666667,1
formal_train,426293,B0,5,,196072|30974|192430|183212|13894,0.99308008;0.99157166;0.98896480;0.98806316;0.98624867,1.00000000,0.64893158,3,2.00000000,0.98958567,0.16858608,0.56666667,1.00000000,0
formal_train,426293,MMR,5,0.60000000,196072|28176|221258|183212|13894,0.99308008;0.98806316;0.98624867;0.98621595;0.95640367,1.00000000,0.64893158,3,2.00000000,0.98200231,0.08224273,0.55000000,0.42857143,2
formal_train,426293,D3_TFIDF,5,,196072|30974|192430|183212|13894,0.99308008;0.99157166;0.98896480;0.98806316;0.98624867,1.00000000,0.64893158,3,2.00000000,0.98958567,0.16858608,0.56666667,1.00000000,0
formal_train,431070,B0,5,,WMA_1e495848e2a0353a|WMA_8168cda72ba44cab|219896|143453|WMA_956070ee11bc17b0,0.99962962;0.99962354;0.99930024;0.99774629;0.99535322,1.00000000,0.69302219,4,2.00000000,0.99833058,0.18315984,0.48333333,1.00000000,0
formal_train,431070,MMR,5,0.60000000,WMA_1e495848e2a0353a|WMA_8168cda72ba44cab|WMA_956070ee11bc17b0|143453|135427,0.99962962;0.99962354;0.99774629;0.99535322;0.98858273,1.00000000,0.69302219,4,2.00000000,0.99618708,0.17659890,0.50833333,0.66666667,1
formal_train,431070,D3_TFIDF,5,,WMA_1e495848e2a0353a|WMA_956070ee11bc17b0|WMA_8168cda72ba44cab|219896|143453,0.99962962;0.99962354;0.99930024;0.99774629;0.99535322,1.00000000,0.69302219,4,2.00000000,0.99833058,0.18315984,0.48333333,1.00000000,0
formal_train,432808,B0,5,,WMA_365ad120f14bc9d3|WMA_418890bce55f9b7b|133657|21701|133659,0.99714738;0.98529398;0.92461574;0.88483000;0.76787001,1.00000000,0.81046163,4,2.00000000,0.91195142,0.13223299,0.66666667,1.00000000,0
formal_train,432808,MMR,5,0.60000000,WMA_365ad120f14bc9d3|133657|WMA_418890bce55f9b7b|21701|133659,0.99714738;0.98529398;0.92461574;0.88483000;0.76787001,1.00000000,0.81046163,4,2.00000000,0.91195142,0.13223299,0.66666667,1.00000000,0
formal_train,432808,D3_TFIDF,5,,WMA_365ad120f14bc9d3|WMA_cdcd5ebfc70e9704|WMA_540e8d0ac937f9c3|WMA_418890bce55f9b7b|133657,0.99714738;0.98529398;0.92461574;0.76563591;0.00298546,1.00000000,0.67302346,4,1.60000000,0.73513569,0.18756764,0.38333333,0.42857143,2
formal_train,433521,B0,5,,WMA_4386e3abfe52d36a|WMA_88025313525e34fb|WMA_e90155ed2e65b008|158019|94074,0.99979299;0.99974710;0.99938405;0.96193045;0.93201578,0.75000000,0.48835055,3,1.20000000,0.97857407,0.09697615,0.23333333,1.00000000,0
formal_train,433521,MMR,5,0.60000000,WMA_4386e3abfe52d36a|158019|94074|WMA_e90155ed2e65b008|27446,0.99979299;0.99938405;0.96193045;0.93201578;0.82030499,0.75000000,0.52146827,3,1.20000000,0.94268565,0.04996723,0.23333333,0.66666667,1
formal_train,433521,D3_TFIDF,5,,158019|WMA_4386e3abfe52d36a|WMA_88025313525e34fb|WMA_e90155ed2e65b008|94074,0.99979299;0.99974710;0.99938405;0.96193045;0.93201578,0.75000000,0.52146827,3,1.20000000,0.97857407,0.09697615,0.23333333,1.00000000,0
formal_train,44188719,B0,5,,WMA_59da4d06581ce953|WMA_f745c1509aaf41df|154485|17796|WMA_7d628b5485152d9f,0.99979192;0.99879032;0.99775201;0.99773681;0.99743611,0.75000000,0.81046163,3,2.00000000,0.99830143,0.23508955,0.51666667,1.00000000,0
formal_train,44188719,MMR,5,0.60000000,WMA_59da4d06581ce953|WMA_f745c1509aaf41df|17796|154485|WMA_930e3fa65eca7072,0.99979192;0.99879032;0.99775201;0.99773681;0.99379611,0.75000000,0.81046163,3,2.00000000,0.99757344,0.20177975,0.50000000,0.66666667,1
formal_train,44188719,D3_TFIDF,5,,WMA_59da4d06581ce953|WMA_f745c1509aaf41df|154485|17796|WMA_7d628b5485152d9f,0.99979192;0.99879032;0.99775201;0.99773681;0.99743611,0.75000000,0.81046163,3,2.00000000,0.99830143,0.23508955,0.51666667,1.00000000,0
formal_train,478086,B0,5,,WMA_807f38b6273fc9ba|WMA_8605fabfb5d1db82|19777|32465|65287,0.99995339;0.99954587;0.99911708;0.99911708;0.99911708,1.00000000,0.64893158,3,2.00000000,0.99937010,0.42252452,0.86666667,1.00000000,0
formal_train,478086,MMR,5,0.60000000,WMA_807f38b6273fc9ba|19777|120662|WMA_f8e011e4a8b80931|101526,0.99995339;0.99911708;0.99684948;0.99303848;0.99208331,1.00000000,0.64893158,3,2.00000000,0.99620835,0.26369867,0.68333333,0.25000000,3
formal_train,478086,D3_TFIDF,5,,WMA_f8e011e4a8b80931|WMA_807f38b6273fc9ba|WMA_8605fabfb5d1db82|19777|32465,0.99995339;0.99954587;0.99911708;0.99911708;0.99208331,1.00000000,0.64893158,3,2.00000000,0.99796335,0.34265017,0.86666667,0.66666667,1
formal_train,491820,B0,5,,WMA_b5b9d37bfd8ff7ac|WMA_d6f9b1f4892c08fb|WMA_b56a72144b66bd2d|WMA_195aa9034cbfbfd0|WMA_e855d85d5fc0ce29,0.99589241;0.99184823;0.99100238;0.98999035;0.98935574,0.66666667,0.64893158,2,2.00000000,0.99161782,0.14401903,0.40000000,1.00000000,0
formal_train,491820,MMR,5,0.60000000,WMA_b5b9d37bfd8ff7ac|WMA_e855d85d5fc0ce29|WMA_b56a72144b66bd2d|WMA_f994ac8e2ef30b58|114878,0.99589241;0.99100238;0.98935574;0.98854673;0.98166108,0.66666667,0.64893158,2,2.00000000,0.98929167,0.07616812,0.40000000,0.42857143,2
formal_train,491820,D3_TFIDF,5,,WMA_b5b9d37bfd8ff7ac|WMA_d6f9b1f4892c08fb|WMA_b56a72144b66bd2d|WMA_195aa9034cbfbfd0|WMA_e855d85d5fc0ce29,0.99589241;0.99184823;0.99100238;0.98999035;0.98935574,0.66666667,0.64893158,2,2.00000000,0.99161782,0.14401903,0.40000000,1.00000000,0
formal_train,49516885,B0,5,,64793|66345|57412|66343|66344,0.99457729;0.99457729;0.99322879;0.99291021;0.99291021,0.75000000,0.64893158,3,2.00000000,0.99364076,0.24264399,0.40000000,1.00000000,0
formal_train,49516885,MMR,5,0.60000000,64793|66343|135474|218345|57412,0.99457729;0.99322879;0.99291021;0.99143666;0.99007088,0.75000000,0.64893158,3,2.00000000,0.99244477,0.11258768,0.25000000,0.42857143,2
formal_train,49516885,D3_TFIDF,5,,57412|64793|66345|WMA_e82393352c611ffc|WMA_0a5584c5f2274d91,0.99457729;0.99457729;0.99322879;0.97499973;0.95891458,1.00000000,0.64893158,4,2.00000000,0.98325953,0.22757998,0.36666667,0.42857143,2
formal_train,49788365,B0,5,,57175|WMA_1720dfd42aff375a|60105|23467|55803,0.94797200;0.90085638;0.86969584;0.84102887;0.84102887,1.00000000,0.64893158,2,2.00000000,0.88011639,0.18294608,0.70000000,1.00000000,0
formal_train,49788365,MMR,5,0.60000000,57175|23467|WMA_1720dfd42aff375a|WMA_4bd7888aa1248cb2|61207,0.94797200;0.90085638;0.84102887;0.82981169;0.82426780,1.00000000,0.64893158,2,2.00000000,0.86878735,0.11510053,0.80000000,0.42857143,2
formal_train,49788365,D3_TFIDF,5,,57175|18569|WMA_1720dfd42aff375a|60105|23467,0.94797200;0.90085638;0.86969584;0.84102887;0.07627452,1.00000000,0.64893158,2,2.00000000,0.72716552,0.13006283,0.80000000,0.66666667,1
formal_train,50286180,B0,5,,WMA_c9946e98adb3d081|WMA_cfaad4ecdc2e02c2|128115|197985|41374,0.99952662;0.99429613;0.99000263;0.98829007;0.98061198,0.66666667,0.69302219,2,2.00000000,0.99054549,0.21817249,0.80000000,1.00000000,0
formal_train,50286180,MMR,5,0.60000000,WMA_c9946e98adb3d081|27183|128115|41374|WMA_cfaad4ecdc2e02c2,0.99952662;0.99429613;0.99000263;0.98061198;0.97035778,0.66666667,0.69302219,2,2.00000000,0.98695903,0.16017149,0.80000000,0.66666667,1
formal_train,50286180,D3_TFIDF,5,,WMA_c9946e98adb3d081|WMA_cfaad4ecdc2e02c2|128115|197985|41374,0.99952662;0.99429613;0.99000263;0.98829007;0.98061198,0.66666667,0.69302219,2,2.00000000,0.99054549,0.21817249,0.80000000,1.00000000,0
formal_train,50297528,B0,5,,WMA_aa5cf491b97ce4b3|94244|162633|104745|5146,0.99934226;0.97909957;0.97821200;0.97343916;0.90414572,1.00000000,0.74579122,4,2.00000000,0.96684774,0.10194843,0.46666667,1.00000000,0
formal_train,50297528,MMR,5,0.60000000,WMA_aa5cf491b97ce4b3|104745|94244|162633|5146,0.99934226;0.97909957;0.97821200;0.97343916;0.90414572,1.00000000,0.74579122,4,2.00000000,0.96684774,0.10194843,0.46666667,1.00000000,0
formal_train,50297528,D3_TFIDF,5,,WMA_aa5cf491b97ce4b3|94244|162633|104745|5146,0.99934226;0.97909957;0.97821200;0.97343916;0.90414572,1.00000000,0.74579122,4,2.00000000,0.96684774,0.10194843,0.46666667,1.00000000,0
formal_train,50431427,B0,5,,WMA_8561f4bffe76fe05|76629|154514|136801|61578,0.99948418;0.99807656;0.99790502;0.99752134;0.99712366,1.00000000,0.64893158,2,2.00000000,0.99802215,0.18757348,0.80000000,1.00000000,0
formal_train,50431427,MMR,5,0.60000000,WMA_8561f4bffe76fe05|21237|41492|61578|92665,0.99948418;0.99712366;0.99647045;0.99525511;0.91191274,1.00000000,0.56378846,2,1.60000000,0.98004923,0.05241767,0.45000000,0.25000000,3
formal_train,50431427,D3_TFIDF,5,,76629|WMA_8561f4bffe76fe05|41492|53118|21237,0.99948418;0.99807656;0.99647045;0.99647045;0.99525511,1.00000000,0.64893158,2,2.00000000,0.99715135,0.19563396,0.80000000,0.25000000,3
formal_train,52268856,B0,5,,WMA_5ffbe31c8acca42f|WMA_212ca045820a8688|WMA_946996cb6ec96670|691|WMA_83401aa8f05266d9,0.99927527;0.99835771;0.99634486;0.99608481;0.99571782,0.50000000,0.47036528,1,0.80000000,0.99715610,0.25928443,0.10000000,1.00000000,0
formal_train,52268856,MMR,5,0.60000000,WMA_5ffbe31c8acca42f|154487|WMA_8dd8d3585126c5e7|WMA_212ca045820a8688|WMA_83401aa8f05266d9,0.99927527;0.99835771;0.99571782;0.99525589;0.99183512,0.50000000,0.63994539,1,1.20000000,0.99608836,0.17395250,0.30000000,0.42857143,2
formal_train,52268856,D3_TFIDF,5,,WMA_5ffbe31c8acca42f|WMA_212ca045820a8688|WMA_946996cb6ec96670|691|WMA_83401aa8f05266d9,0.99927527;0.99835771;0.99634486;0.99608481;0.99571782,0.50000000,0.47036528,1,0.80000000,0.99715610,0.25928443,0.10000000,1.00000000,0
formal_train,568071,B0,5,,24234|WMA_b8e6b5dc5499a8dc|WMA_eb2250d316497e74|WMA_643899206812dfbd|WMA_fa401fef4f85a92c,0.99765366;0.99748045;0.98853403;0.98613054;0.98463690,0.75000000,0.64893158,3,2.00000000,0.99088712,0.18268592,0.61666667,1.00000000,0
formal_train,568071,MMR,5,0.60000000,24234|WMA_b8e6b5dc5499a8dc|WMA_eb2250d316497e74|WMA_643899206812dfbd|WMA_0265313d6f4ebba7,0.99765366;0.99748045;0.98853403;0.98613054;0.96969795,1.00000000,0.64893158,4,2.00000000,0.98789933,0.16450968,0.49166667,0.66666667,1
formal_train,568071,D3_TFIDF,5,,24234|WMA_eb2250d316497e74|WMA_643899206812dfbd|WMA_67f952adf07ec06e|WMA_b8e6b5dc5499a8dc,0.99765366;0.99748045;0.98853403;0.98613054;0.82435250,0.75000000,0.64893158,3,2.00000000,0.95883024,0.22643115,0.61666667,0.66666667,1
formal_train,60089214,B0,5,,WMA_a5bf10b5014aae85|WMA_8e6f8e9f5c473a70|WMA_763b13545515b8d6|123416|55173,0.99992251;0.97590315;0.94190377;0.93835282;0.84873205,1.00000000,0.76188708,4,1.60000000,0.94096286,0.14200494,0.18333333,1.00000000,0
formal_train,60089214,MMR,5,0.60000000,WMA_a5bf10b5014aae85|WMA_763b13545515b8d6|123416|55173|WMA_8e6f8e9f5c473a70,0.99992251;0.97590315;0.94190377;0.93835282;0.84873205,1.00000000,0.74090964,4,1.60000000,0.94096286,0.14200494,0.18333333,1.00000000,0
formal_train,60089214,D3_TFIDF,5,,WMA_763b13545515b8d6|WMA_a5bf10b5014aae85|WMA_8e6f8e9f5c473a70|123416|80629,0.99992251;0.97590315;0.94190377;0.93835282;0.84148884,1.00000000,0.76188708,4,1.60000000,0.93951422,0.18750491,0.37500000,0.66666667,1
formal_train,60233474,B0,5,,WMA_4e350181995e9309|138200|35138|49612|65677,0.99476033;0.99371922;0.98924762;0.98921788;0.98041248,0.75000000,0.64893158,3,2.00000000,0.98947151,0.13710635,0.80000000,1.00000000,0
formal_train,60233474,MMR,5,0.60000000,WMA_4e350181995e9309|35138|169875|65677|45705,0.99476033;0.98924762;0.98041248;0.97329289;0.97069550,1.00000000,0.64893158,4,2.00000000,0.98168176,0.08426343,0.71666667,0.42857143,2
formal_train,60233474,D3_TFIDF,5,,WMA_4e350181995e9309|49612|45705|90695|52481,0.99476033;0.98921788;0.97069550;0.93935055;0.91877490,0.75000000,0.64893158,3,2.00000000,0.96255983,0.14104060,0.73333333,0.25000000,3
formal_train,60495256,B0,5,,WMA_cd7c6d3571f832ef|61356|167754|73938|61977,0.97694200;0.93957752;0.93795907;0.93781292;0.84416980,1.00000000,0.74579122,3,2.00000000,0.92729226,0.18233610,0.46666667,1.00000000,0
formal_train,60495256,MMR,5,0.60000000,WMA_cd7c6d3571f832ef|61356|167754|44768|5807,0.97694200;0.93957752;0.93795907;0.83195114;0.73543233,1.00000000,0.74579122,3,2.00000000,0.88437241,0.06969628,0.48333333,0.42857143,2
formal_train,60495256,D3_TFIDF,5,,61356|WMA_cd7c6d3571f832ef|167754|73938|157576,0.97694200;0.93957752;0.93795907;0.93781292;0.00012181,1.00000000,0.74579122,3,2.00000000,0.75848267,0.12419035,0.48333333,0.66666667,1
formal_train,62576253,B0,5,,80929|80928|65932|144888|48446,0.94387096;0.93421596;0.91289884;0.90127492;0.86399931,1.00000000,0.81046163,4,2.00000000,0.91125200,0.29897298,0.42500000,1.00000000,0
formal_train,62576253,MMR,5,0.60000000,80929|80928|32904|65932|144888,0.94387096;0.93421596;0.91289884;0.90127492;0.85095656,1.00000000,0.67302346,4,1.60000000,0.90864345,0.17132593,0.19166667,0.66666667,1
formal_train,62576253,D3_TFIDF,5,,65932|80929|80928|144888|32904,0.94387096;0.93421596;0.91289884;0.90127492;0.85095656,1.00000000,0.70412495,4,1.60000000,0.90864345,0.17132593,0.19166667,0.66666667,1
formal_train,62701026,B0,5,,WMA_72cb79e0e4bd81bf|WMA_ccb84f9ac06e4ed9|WMA_c1763e37402367db|WMA_6f0f862e4e48d5d0|WMA_55ee9c21b80719c6,0.99992955;0.99966896;0.99949384;0.99948537;0.99946266,1.00000000,0.64893158,2,2.00000000,0.99960808,0.23253293,0.70000000,1.00000000,0
formal_train,62701026,MMR,5,0.60000000,WMA_72cb79e0e4bd81bf|226147|WMA_fba1671240df0268|226128|WMA_c1763e37402367db,0.99992955;0.99949384;0.99807149;0.99400181;0.99336970,1.00000000,0.64893158,2,2.00000000,0.99697328,0.09949762,0.70000000,0.25000000,3
formal_train,62701026,D3_TFIDF,5,,WMA_fba1671240df0268|WMA_72cb79e0e4bd81bf|WMA_6f0f862e4e48d5d0|WMA_55ee9c21b80719c6|44468,0.99992955;0.99948537;0.99946266;0.99922204;0.99807149,1.00000000,0.64893158,2,2.00000000,0.99923422,0.22713124,1.00000000,0.42857143,2
formal_train,62873033,B0,5,,WMA_0d109f45380b29ea|WMA_884c9bcc2ead7936|WMA_1656bdbf40a136b0|207755|144091,0.99992466;0.99986601;0.99976343;0.99395519;0.99153531,1.00000000,0.70412495,1,1.60000000,0.99700892,0.20267038,0.60000000,1.00000000,0
formal_train,62873033,MMR,5,0.60000000,WMA_0d109f45380b29ea|207755|13121|144091|WMA_afd8f5ee32156291,0.99992466;0.99395519;0.99153531;0.98240638;0.95386237,1.00000000,0.44830399,1,0.80000000,0.98433678,0.05450196,0.10000000,0.42857143,2
formal_train,62873033,D3_TFIDF,5,,WMA_884c9bcc2ead7936|WMA_0d109f45380b29ea|WMA_1656bdbf40a136b0|207755|144091,0.99992466;0.99986601;0.99976343;0.99395519;0.99153531,1.00000000,0.70412495,1,1.60000000,0.99700892,0.20267038,0.60000000,1.00000000,0
formal_train,62873853,B0,5,,WMA_8106af5b64194f66|WMA_070df3bfeb6f3ace|211536|22724|152013,0.99967217;0.99915123;0.99640357;0.99265528;0.99023378,1.00000000,0.64893158,2,2.00000000,0.99562321,0.11278037,0.70000000,1.00000000,0
formal_train,62873853,MMR,5,0.60000000,WMA_8106af5b64194f66|22724|152013|211536|4700,0.99967217;0.99640357;0.99265528;0.99023378;0.98926288,1.00000000,0.64893158,2,2.00000000,0.99364554,0.10651222,0.70000000,0.66666667,1
formal_train,62873853,D3_TFIDF,5,,WMA_8106af5b64194f66|WMA_070df3bfeb6f3ace|22724|152013|4700,0.99967217;0.99915123;0.99265528;0.99023378;0.98926288,1.00000000,0.64893158,2,2.00000000,0.99419507,0.16618935,0.70000000,0.66666667,1
formal_train,62875638,B0,5,,WMA_9fa8ec42f989e603|WMA_d0cb771007580b4b|WMA_51fbde00121010f8|WMA_0147a45d5cdbeda7|34914,0.99997604;0.99987268;0.99981326;0.99920720;0.98085058,1.00000000,0.64893158,5,2.00000000,0.99594395,0.21733152,0.44833333,1.00000000,0
formal_train,62875638,MMR,5,0.60000000,WMA_9fa8ec42f989e603|34914|13903|WMA_0147a45d5cdbeda7|WMA_51fbde00121010f8,0.99997604;0.99981326;0.99920720;0.98085058;0.96551204,1.00000000,0.64893158,5,2.00000000,0.98907182,0.14383585,0.46500000,0.66666667,1
formal_train,62875638,D3_TFIDF,5,,WMA_9fa8ec42f989e603|WMA_d0cb771007580b4b|WMA_51fbde00121010f8|WMA_0147a45d5cdbeda7|34914,0.99997604;0.99987268;0.99981326;0.99920720;0.98085058,1.00000000,0.64893158,5,2.00000000,0.99594395,0.21733152,0.44833333,1.00000000,0
formal_train,62917834,B0,5,,WMA_1241450c1628ea20|WMA_72029596e107c171|WMA_3babd2fdd29fdf7f|WMA_abe0178298517f01|139414,0.99991035;0.99916279;0.99772817;0.99761152;0.94227922,1.00000000,0.64893158,3,2.00000000,0.98733841,0.22853601,1.00000000,1.00000000,0
formal_train,62917834,MMR,5,0.60000000,WMA_1241450c1628ea20|139414|WMA_3babd2fdd29fdf7f|WMA_abe0178298517f01|97148,0.99991035;0.99772817;0.99761152;0.94227922;0.93108529,1.00000000,0.64893158,3,2.00000000,0.97372291,0.12719463,1.00000000,0.66666667,1
formal_train,62917834,D3_TFIDF,5,,50723|WMA_1241450c1628ea20|WMA_3babd2fdd29fdf7f|109172|108852,0.99991035;0.99772817;0.88700306;0.84059924;0.83882999,1.00000000,0.64893158,3,2.00000000,0.91281416,0.13388463,0.80000000,0.25000000,3
formal_train,63384483,B0,5,,79473|209233|50248|220809|114905,0.97774774;0.96798587;0.96793246;0.96689701;0.96591616,1.00000000,0.64893158,3,2.00000000,0.96929585,0.19021570,0.80000000,1.00000000,0
formal_train,63384483,MMR,5,0.60000000,79473|220809|104713|209233|50248,0.97774774;0.96798587;0.96793246;0.96689701;0.96263450,1.00000000,0.64893158,3,2.00000000,0.96863952,0.14700407,0.80000000,0.66666667,1
formal_train,63384483,D3_TFIDF,5,,79473|220809|104713|3046|209233,0.97774774;0.96798587;0.96689701;0.96263450;0.93540478,1.00000000,0.64893158,3,2.00000000,0.96213398,0.15767601,0.80000000,0.42857143,2
formal_train,63406322,B0,5,,WMA_1e478c7b8a17b28c|WMA_70a345ecc07eb0a3|153231|WMA_a1e68de04512256e|WMA_c6f678422a505104,0.99987578;0.99917716;0.99908054;0.99907756;0.99746847,0.80000000,0.64893158,4,2.00000000,0.99893590,0.27203825,0.77500000,1.00000000,0
formal_train,63406322,MMR,5,0.60000000,WMA_1e478c7b8a17b28c|124355|58507|WMA_b51b07031d9330d8|130596,0.99987578;0.99266511;0.99014413;0.97509390;0.97448492,1.00000000,0.64893158,5,2.00000000,0.98645277,0.09657097,0.77000000,0.11111111,4
formal_train,63406322,D3_TFIDF,5,,WMA_70a345ecc07eb0a3|WMA_1e478c7b8a17b28c|WMA_f5478b2bad6dc6ea|WMA_5f05aabd3be6dc86|153231,0.99987578;0.99917716;0.99908054;0.96391308;0.95942807,1.00000000,0.64893158,5,2.00000000,0.98429493,0.15528838,0.54833333,0.42857143,2
formal_train,63466079,B0,5,,WMA_ef92c3e41655e113|WMA_07192a52a488f3d8|WMA_5cb9e77af187415b|WMA_6a3c4ef198fda548|68807,0.99979275;0.99940133;0.99720436;0.98640150;0.96758974,1.00000000,0.64893158,3,2.00000000,0.99007794,0.18026561,0.68333333,1.00000000,0
formal_train,63466079,MMR,5,0.60000000,WMA_ef92c3e41655e113|68807|WMA_2948ddcd2f7ee682|WMA_5cb9e77af187415b|41114,0.99979275;0.99720436;0.96758974;0.95952159;0.93863064,0.66666667,0.64893158,2,2.00000000,0.97254782,0.06558560,1.00000000,0.42857143,2
formal_train,63466079,D3_TFIDF,5,,WMA_6a3c4ef198fda548|WMA_ef92c3e41655e113|WMA_07192a52a488f3d8|WMA_5cb9e77af187415b|WMA_2948ddcd2f7ee682,0.99979275;0.99940133;0.99720436;0.98640150;0.95952159,1.00000000,0.64893158,3,2.00000000,0.98846431,0.13562340,0.68333333,0.66666667,1
formal_train,63540771,B0,5,,WMA_c327092ee48d7aab|WMA_f6d83382c00c2779|WMA_c2db3f40157b0cf6|210144|WMA_0015922cfb0b0ad3,0.99734902;0.99683678;0.99583048;0.99105740;0.99091691,0.66666667,0.64893158,2,2.00000000,0.99439812,0.26745714,0.70000000,1.00000000,0
formal_train,63540771,MMR,5,0.60000000,WMA_c327092ee48d7aab|186562|WMA_f6d83382c00c2779|210144|WMA_c2db3f40157b0cf6,0.99734902;0.99683678;0.99583048;0.99105740;0.96251070,0.66666667,0.64893158,2,2.00000000,0.98871688,0.18105587,0.70000000,0.66666667,1
formal_train,63540771,D3_TFIDF,5,,WMA_c327092ee48d7aab|186563|WMA_c2db3f40157b0cf6|WMA_f6d83382c00c2779|WMA_0015922cfb0b0ad3,0.99734902;0.99683678;0.99583048;0.99091691;0.97043544,1.00000000,0.64893158,3,2.00000000,0.99027373,0.22139263,0.60000000,0.66666667,1
formal_train,63620102,B0,5,,WMA_0eccb2c2bde9e976|WMA_7b36b9aedf2a271b|WMA_ffebe5eb8bab3546|WMA_3087fb458ce7c68a|37185,0.99987590;0.99983132;0.99962497;0.99805909;0.99662685,1.00000000,0.64893158,3,2.00000000,0.99880363,0.21871189,0.86666667,1.00000000,0
formal_train,63620102,MMR,5,0.60000000,WMA_0eccb2c2bde9e976|WMA_ffebe5eb8bab3546|207646|37185|WMA_efb4d2f14d4a62bf,0.99987590;0.99962497;0.99662685;0.98984617;0.93705374,1.00000000,0.64893158,3,2.00000000,0.98460553,0.14436899,0.80000000,0.42857143,2
formal_train,63620102,D3_TFIDF,5,,WMA_0eccb2c2bde9e976|WMA_3087fb458ce7c68a|WMA_efb4d2f14d4a62bf|WMA_7b36b9aedf2a271b|WMA_ffebe5eb8bab3546,0.99987590;0.99983132;0.99962497;0.99805909;0.98984617,1.00000000,0.64893158,3,2.00000000,0.99744749,0.23937314,0.80000000,0.66666667,1
formal_train,63668975,B0,5,,WMA_9269470961140b27|WMA_449015463a7a07c9|WMA_77bb6afa387ae5a2|WMA_1024ad890a20fccf|WMA_764f326b7c18f957,0.99886465;0.99748480;0.99739897;0.99726522;0.98781502,1.00000000,0.81046163,2,2.00000000,0.99576573,0.24107474,0.70000000,1.00000000,0
formal_train,63668975,MMR,5,0.60000000,WMA_9269470961140b27|WMA_77bb6afa387ae5a2|WMA_1024ad890a20fccf|WMA_764f326b7c18f957|54011,0.99886465;0.99739897;0.99726522;0.98781502;0.77993649,1.00000000,0.81046163,2,2.00000000,0.95225607,0.19483615,0.70000000,0.66666667,1
formal_train,63668975,D3_TFIDF,5,,WMA_9269470961140b27|WMA_1024ad890a20fccf|WMA_764f326b7c18f957|54011|WMA_449015463a7a07c9,0.99886465;0.99748480;0.99726522;0.98781502;0.77993649,1.00000000,0.81046163,2,2.00000000,0.95227324,0.21386628,0.80000000,0.66666667,1
formal_train,63738454,B0,5,,WMA_15bcde4d9d424542|136517|145599|155939|158954,0.99563211;0.98629969;0.98629969;0.98629969;0.98629969,0.50000000,0.74579122,1,2.00000000,0.98816618,0.99274733,1.00000000,1.00000000,0
formal_train,63738454,MMR,5,0.60000000,WMA_15bcde4d9d424542|153099|69907|71397|136517,0.99563211;0.98629969;0.97251749;0.81045508;0.48761132,0.50000000,0.35079430,1,0.80000000,0.85050314,0.22955167,0.10000000,0.25000000,3
formal_train,63738454,D3_TFIDF,5,,WMA_15bcde4d9d424542|153099|71397|136517|145599,0.99563211;0.98629969;0.98629969;0.97251749;0.81045508,0.50000000,0.45973079,1,1.20000000,0.95024081,0.41751851,0.30000000,0.42857143,2
formal_train,63796965,B0,5,,WMA_427d139472c0a2bd|215056|WMA_881fdfad454104b3|131891|203479,0.99986088;0.99881208;0.99828041;0.99517256;0.99494654,1.00000000,0.64893158,3,2.00000000,0.99741449,0.22896589,1.00000000,1.00000000,0
formal_train,63796965,MMR,5,0.60000000,WMA_427d139472c0a2bd|WMA_554088b2def257ee|131891|215056|WMA_d5de5f816ac9de31,0.99986088;0.99881208;0.99517256;0.99470359;0.97683060,1.00000000,0.64893158,3,2.00000000,0.99307594,0.13271953,0.80000000,0.42857143,2
formal_train,63796965,D3_TFIDF,5,,215056|WMA_d5de5f816ac9de31|109485|WMA_427d139472c0a2bd|WMA_554088b2def257ee,0.99986088;0.99881208;0.99470359;0.97683060;0.92196113,1.00000000,0.64893158,3,2.00000000,0.97843366,0.13312165,0.80000000,0.25000000,3
formal_train,63887530,B0,5,,WMA_7539ef47772763b9|71644|WMA_bee925af0119a7c9|71662|136170,0.99884415;0.99262142;0.98929799;0.98353344;0.97440773,1.00000000,0.55414321,2,1.60000000,0.98774095,0.18055321,0.45000000,1.00000000,0
formal_train,63887530,MMR,5,0.60000000,WMA_7539ef47772763b9|71662|127079|136170|84328,0.99884415;0.98353344;0.97440773;0.96886551;0.96102571,1.00000000,0.51006913,2,1.60000000,0.97733531,0.11588022,0.45000000,0.42857143,2
formal_train,63887530,D3_TFIDF,5,,71644|WMA_7539ef47772763b9|41210|136170|WMA_bee925af0119a7c9,0.99884415;0.99262142;0.98929799;0.97440773;0.93070674,1.00000000,0.53888569,2,1.60000000,0.97717561,0.15740964,0.45000000,0.66666667,1
formal_train,63895803,B0,5,,WMA_2f84cd550800a89e|WMA_07588c27fced17ea|WMA_d835ac6d2b573410|16197|7037,0.99994636;0.99991846;0.99991441;0.99058211;0.98524958,1.00000000,0.64893158,4,2.00000000,0.99512218,0.18539883,0.64166667,1.00000000,0
formal_train,63895803,MMR,5,0.60000000,WMA_2f84cd550800a89e|7037|90073|91367|16197,0.99994636;0.99058211;0.98524958;0.97345042;0.97266138,1.00000000,0.53888569,4,1.60000000,0.98437797,0.12517290,0.34166667,0.42857143,2
formal_train,63895803,D3_TFIDF,5,,WMA_2f84cd550800a89e|81919|16197|7037|WMA_a07d360590fa4e7d,0.99994636;0.99058211;0.98524958;0.98352909;0.88270003,1.00000000,0.64893158,4,2.00000000,0.96840143,0.14539733,0.50833333,0.42857143,2
formal_train,64051485,B0,5,,WMA_4cd95ae1617564d0|WMA_5345be5ebe1f0491|51598|155499|153788,0.99959701;0.99888986;0.99573237;0.99439067;0.99379820,0.66666667,0.55850759,2,0.80000000,0.99648162,0.17996498,0.05000000,1.00000000,0
formal_train,64051485,MMR,5,0.60000000,WMA_4cd95ae1617564d0|120633|139286|155499|153788,0.99959701;0.99439067;0.99379820;0.99215043;0.99035525,0.66666667,0.55850759,2,0.80000000,0.99405831,0.08689542,0.05000000,0.42857143,2
formal_train,64051485,D3_TFIDF,5,,155499|120633|120635|WMA_716b8ce2da795b22|WMA_7f48fd7488b06e93,0.99439067;0.99035525;0.98867738;0.98667890;0.98092526,0.66666667,0.39038005,2,0.40000000,0.98820549,0.29542906,0.00000000,0.11111111,4
formal_train,64162670,B0,5,,WMA_82d5b47072f38b7c|61620|WMA_e43b0337b22d8152|102454|116718,0.99945265;0.99414814;0.99315542;0.99244338;0.99233127,0.50000000,0.30260241,1,0.40000000,0.99430617,0.22123832,0.00000000,1.00000000,0
formal_train,64162670,MMR,5,0.60000000,WMA_82d5b47072f38b7c|130371|121545|116718|102454,0.99945265;0.99244338;0.99233127;0.97830153;0.96294069,1.00000000,0.45390362,2,0.80000000,0.98509390,0.08150797,0.05000000,0.42857143,2
formal_train,64162670,D3_TFIDF,5,,WMA_82d5b47072f38b7c|116718|99965|61620|WMA_e43b0337b22d8152,0.99945265;0.99414814;0.99315542;0.99233127;0.97968882,0.50000000,0.30260241,1,0.40000000,0.99175526,0.25356746,0.00000000,0.66666667,1
formal_train,64346901,B0,5,,WMA_40c7ae1ba61bdaa0|WMA_f821f53c3d3dbbd1|WMA_05af82809c1b25c0|WMA_be9bd51a4adac0cd|WMA_dfb4f608407a548e,0.99985468;0.99872476;0.99858594;0.99368167;0.98664373,1.00000000,0.64893158,3,2.00000000,0.99549816,0.20659275,0.51666667,1.00000000,0
formal_train,64346901,MMR,5,0.60000000,WMA_40c7ae1ba61bdaa0|WMA_dfb4f608407a548e|WMA_be9bd51a4adac0cd|26201|WMA_0674fbc5c61d971d,0.99985468;0.99368167;0.98664373;0.98009437;0.94341981,1.00000000,0.64893158,3,2.00000000,0.98073885,0.10149414,0.43333333,0.42857143,2
formal_train,64346901,D3_TFIDF,5,,WMA_f821f53c3d3dbbd1|WMA_05af82809c1b25c0|WMA_40c7ae1ba61bdaa0|WMA_be9bd51a4adac0cd|WMA_dfb4f608407a548e,0.99985468;0.99872476;0.99858594;0.99368167;0.98664373,1.00000000,0.64893158,3,2.00000000,0.99549816,0.20659275,0.51666667,1.00000000,0
formal_train,64487599,B0,5,,WMA_06aa10745444a947|163313|61369|61361|78650,0.99986994;0.99475265;0.99059653;0.98974001;0.98775858,0.50000000,0.38356637,1,0.80000000,0.99254354,0.28547013,0.10000000,1.00000000,0
formal_train,64487599,MMR,5,0.60000000,WMA_06aa10745444a947|78650|61369|163313|61361,0.99986994;0.99475265;0.99059653;0.98974001;0.98775858,0.50000000,0.31564845,1,0.80000000,0.99254354,0.28547013,0.10000000,1.00000000,0
formal_train,64487599,D3_TFIDF,5,,163313|WMA_06aa10745444a947|61369|61361|78650,0.99986994;0.99475265;0.99059653;0.98974001;0.98775858,0.50000000,0.50874031,1,0.80000000,0.99254354,0.28547013,0.10000000,1.00000000,0
formal_train,64528472,B0,5,,WMA_b69598d8cb1ba33b|WMA_9bd6f451e2bcd31d|WMA_7656454800b436a6|WMA_38917db47c6ef006|86845,0.99114347;0.95199472;0.14935586;0.10930789;0.07708019,1.00000000,0.63092975,1,0.40000000,0.45577642,0.22703708,0.00000000,1.00000000,0
formal_train,64528472,MMR,5,0.60000000,WMA_b69598d8cb1ba33b|WMA_9bd6f451e2bcd31d|86845|133827|WMA_7656454800b436a6,0.99114347;0.95199472;0.14935586;0.07708019;0.00298144,1.00000000,0.63092975,1,0.40000000,0.43451113,0.13447930,0.00000000,0.66666667,1
formal_train,64528472,D3_TFIDF,5,,WMA_b69598d8cb1ba33b|WMA_68cd406b34dbefc9|WMA_9bd6f451e2bcd31d|WMA_7656454800b436a6|WMA_38917db47c6ef006,0.99114347;0.95199472;0.14935586;0.10930789;0.01341893,1.00000000,0.50000000,1,0.40000000,0.44304417,0.26875137,0.00000000,0.66666667,1
formal_train,64566657,B0,5,,WMA_bc5df13e93f062bc|161073|WMA_bbc03d2748bd9f9f|WMA_2d8ee7cf7ed58ac7|91228,0.99991024;0.97475410;0.93726522;0.92049772;0.74776536,1.00000000,0.36187920,2,0.80000000,0.91603853,0.07044634,0.05000000,1.00000000,0
formal_train,64566657,MMR,5,0.60000000,WMA_bc5df13e93f062bc|161073|WMA_bbc03d2748bd9f9f|WMA_2d8ee7cf7ed58ac7|91228,0.99991024;0.97475410;0.93726522;0.92049772;0.74776536,1.00000000,0.36187920,2,0.80000000,0.91603853,0.07044634,0.05000000,1.00000000,0
formal_train,64566657,D3_TFIDF,5,,WMA_2d8ee7cf7ed58ac7|WMA_bc5df13e93f062bc|161073|WMA_bbc03d2748bd9f9f|91228,0.99991024;0.97475410;0.93726522;0.92049772;0.74776536,1.00000000,0.41253178,2,0.80000000,0.91603853,0.07044634,0.05000000,1.00000000,0
formal_train,64570190,B0,5,,WMA_0d2497e6e90d0fd6|WMA_3e64b333d3c56a48|WMA_f6f39091ac1773f1|WMA_f569a10cea5b5f12|WMA_9508023d4a98363b,0.99964261;0.99916053;0.99367368;0.98896104;0.98418576,1.00000000,0.67138607,1,0.80000000,0.99312472,0.24143509,0.10000000,1.00000000,0
formal_train,64570190,MMR,5,0.60000000,WMA_0d2497e6e90d0fd6|151846|WMA_9508023d4a98363b|110225|116146,0.99964261;0.98418576;0.98143679;0.94858968;0.89411438,1.00000000,0.46927873,1,0.40000000,0.96159384,0.07092045,0.00000000,0.25000000,3
formal_train,64570190,D3_TFIDF,5,,WMA_f6f39091ac1773f1|WMA_0d2497e6e90d0fd6|WMA_3e64b333d3c56a48|151846|151845,0.99964261;0.99916053;0.99367368;0.98143679;0.97930831,1.00000000,0.29608191,1,0.40000000,0.99064438,0.21293280,0.00000000,0.42857143,2
formal_train,64611373,B0,5,,WMA_7b4102439c930a8a|WMA_7877778bc9e2ee2e|WMA_575ce5bf6db74ad1|78642|74332,0.99970895;0.99870908;0.99700242;0.97898132;0.97883564,1.00000000,0.64893158,2,2.00000000,0.99064748,0.24711830,1.00000000,1.00000000,0
formal_train,64611373,MMR,5,0.60000000,WMA_7b4102439c930a8a|18606|16441|WMA_575ce5bf6db74ad1|113,0.99970895;0.99700242;0.97870684;0.91140926;0.84043765,1.00000000,0.64893158,2,2.00000000,0.94545302,0.06959697,0.80000000,0.25000000,3
formal_train,64611373,D3_TFIDF,5,,WMA_7877778bc9e2ee2e|113|WMA_7b4102439c930a8a|WMA_575ce5bf6db74ad1|78642,0.99970895;0.99870908;0.99700242;0.97898132;0.84043765,1.00000000,0.64893158,2,2.00000000,0.96296788,0.17236818,0.80000000,0.66666667,1
formal_train,64754531,B0,5,,38623|129025|89240|34297|4608,0.96806240;0.85156918;0.81760854;0.77641672;0.75979513,1.00000000,0.74579122,2,2.00000000,0.83469039,0.16019184,0.70000000,1.00000000,0
formal_train,64754531,MMR,5,0.60000000,38623|34297|129025|89240|4608,0.96806240;0.85156918;0.81760854;0.77641672;0.75979513,1.00000000,0.74579122,2,2.00000000,0.83469039,0.16019184,0.70000000,1.00000000,0
formal_train,64754531,D3_TFIDF,5,,38623|89240|34297|4608|160050,0.96806240;0.81760854;0.77641672;0.75979513;0.74882281,1.00000000,0.74579122,2,2.00000000,0.81414112,0.15885544,0.80000000,0.66666667,1
formal_train,64802654,B0,5,,52628|161534|60158|53590|99220,0.99188870;0.99024934;0.98510736;0.98257405;0.98257405,1.00000000,0.81046163,2,2.00000000,0.98647870,0.70925741,0.70000000,1.00000000,0
formal_train,64802654,MMR,5,0.60000000,52628|153520|53590|161534|60158,0.99188870;0.99024934;0.98510736;0.98257405;0.94421023,1.00000000,0.81046163,2,2.00000000,0.97880594,0.55284884,0.70000000,0.66666667,1
formal_train,64802654,D3_TFIDF,5,,52628|161534|60158|53590|99220,0.99188870;0.99024934;0.98510736;0.98257405;0.98257405,1.00000000,0.81046163,2,2.00000000,0.98647870,0.70925741,0.70000000,1.00000000,0
formal_train,64843649,B0,5,,107191|114971|213838|37289|166615,0.98492068;0.98148030;0.96706969;0.96706969;0.96620888,1.00000000,0.64893158,3,2.00000000,0.97334985,0.34233598,0.73333333,1.00000000,0
formal_train,64843649,MMR,5,0.60000000,107191|213838|144273|114971|WMA_fa60413421e6438f,0.98492068;0.98148030;0.96706969;0.92903304;0.85851663,1.00000000,0.64893158,3,2.00000000,0.94420407,0.15454705,0.60000000,0.42857143,2
formal_train,64843649,D3_TFIDF,5,,114971|107191|213838|37289|166615,0.98492068;0.98148030;0.96706969;0.96706969;0.96620888,1.00000000,0.64893158,3,2.00000000,0.97334985,0.34233598,0.73333333,1.00000000,0
formal_train,64846553,B0,5,,WMA_a53df8c71d763a63|WMA_5bb3ed39320df705|61099|92856|132155,0.99988568;0.99958521;0.99948323;0.99948323;0.99897659,1.00000000,0.64893158,2,2.00000000,0.99948279,0.23325500,0.60000000,1.00000000,0
formal_train,64846553,MMR,5,0.60000000,WMA_a53df8c71d763a63|61099|102971|132155|WMA_5bb3ed39320df705,0.99988568;0.99958521;0.99948323;0.99897659;0.99703562,1.00000000,0.64893158,2,2.00000000,0.99899327,0.15709249,0.40000000,0.66666667,1
formal_train,64846553,D3_TFIDF,5,,WMA_82a47962b06a3255|102971|WMA_ffc73f30ceea8671|WMA_a53df8c71d763a63|WMA_5bb3ed39320df705,0.99988568;0.99958521;0.99703562;0.92161793;0.91257644,1.00000000,0.64893158,2,2.00000000,0.96614017,0.21258359,0.50000000,0.25000000,3
formal_train,64853677,B0,5,,161663|35844|7357|152380|152385,0.99539435;0.99376619;0.99215406;0.99186713;0.99186713,1.00000000,0.64893158,2,2.00000000,0.99300977,0.21381854,0.80000000,1.00000000,0
formal_train,64853677,MMR,5,0.60000000,161663|152380|193963|7357|85599,0.99539435;0.99215406;0.99186713;0.99008816;0.97518152,1.00000000,0.64893158,2,2.00000000,0.98893704,0.06562655,0.60000000,0.42857143,2
formal_train,64853677,D3_TFIDF,5,,161663|35844|152380|152385|193963,0.99539435;0.99376619;0.99186713;0.99186713;0.99008816,1.00000000,0.64893158,2,2.00000000,0.99259659,0.18573792,0.60000000,0.66666667,1
formal_train,64853754,B0,5,,WMA_4d4f9b33a3e26273|70142|WMA_76c0a91c0a2baa09|WMA_8410825fa46cb4ef|160421,0.99986696;0.99849641;0.99830198;0.99693942;0.99614042,0.66666667,0.51006913,2,1.60000000,0.99794904,0.25274507,0.45000000,1.00000000,0
formal_train,64853754,MMR,5,0.60000000,WMA_4d4f9b33a3e26273|70144|160421|104363|WMA_afbb8e7c8d29e3f4,0.99986696;0.99614042;0.99501956;0.99355090;0.98320436,0.66666667,0.64893158,2,2.00000000,0.99355644,0.10983748,0.40000000,0.25000000,3
formal_train,64853754,D3_TFIDF,5,,104363|WMA_4d4f9b33a3e26273|70142|WMA_76c0a91c0a2baa09|WMA_8410825fa46cb4ef,0.99986696;0.99849641;0.99830198;0.99693942;0.99501956,0.66666667,0.53888569,2,1.60000000,0.99772487,0.26527206,0.40000000,0.66666667,1
formal_train,64889167,B0,5,,WMA_e50191d3761c82fe|WMA_a71fa84a743f2ec1|WMA_ca4b47676023e3af|WMA_074f59f22fbca965|48830,0.99985421;0.99610776;0.99607205;0.99097413;0.98738039,1.00000000,0.64893158,3,2.00000000,0.99407771,0.24720081,0.46666667,1.00000000,0
formal_train,64889167,MMR,5,0.60000000,WMA_e50191d3761c82fe|123384|47158|WMA_074f59f22fbca965|48830,0.99985421;0.99097413;0.98738039;0.98068213;0.97338796,0.66666667,0.64893158,2,2.00000000,0.98645576,0.14680598,0.50000000,0.42857143,2
formal_train,64889167,D3_TFIDF,5,,WMA_a71fa84a743f2ec1|WMA_e50191d3761c82fe|47158|WMA_bd1245f7ab036cbc|WMA_ca4b47676023e3af,0.99985421;0.99610776;0.99607205;0.97338796;0.90531343,1.00000000,0.64893158,3,2.00000000,0.97414708,0.24359855,0.65000000,0.42857143,2
formal_train,64968016,B0,5,,WMA_f173e7a4269f0867|WMA_d5c27f58f1492408|WMA_329d3e8a8fc81a00|WMA_8b88f2c96a64e47e|WMA_cc6ec0cfa78e0016,0.99863416;0.99695075;0.99451572;0.99417311;0.99326831,1.00000000,0.64893158,1,2.00000000,0.99550841,0.37800855,1.00000000,1.00000000,0
formal_train,64968016,MMR,5,0.60000000,WMA_f173e7a4269f0867|WMA_d5c27f58f1492408|WMA_329d3e8a8fc81a00|137601|WMA_4a6f839b32275e0d,0.99863416;0.99695075;0.99451572;0.98946476;0.97854096,1.00000000,0.64893158,1,2.00000000,0.99162127,0.16285869,1.00000000,0.42857143,2
formal_train,64968016,D3_TFIDF,5,,WMA_f173e7a4269f0867|WMA_8b88f2c96a64e47e|WMA_d5c27f58f1492408|WMA_329d3e8a8fc81a00|WMA_cc6ec0cfa78e0016,0.99863416;0.99695075;0.99451572;0.99417311;0.99326831,1.00000000,0.64893158,1,2.00000000,0.99550841,0.37800855,1.00000000,1.00000000,0
formal_train,65064386,B0,5,,WMA_d2d23ed39c40c327|WMA_90f14dba8a4e7eec|39799|132660|74861,0.99957746;0.99744910;0.99557507;0.99477577;0.99125212,1.00000000,0.64893158,3,2.00000000,0.99572591,0.17123636,1.00000000,1.00000000,0
formal_train,65064386,MMR,5,0.60000000,WMA_d2d23ed39c40c327|74861|20544|132660|WMA_90f14dba8a4e7eec,0.99957746;0.99744910;0.99477577;0.99125212;0.97503895,1.00000000,0.64893158,3,2.00000000,0.99161868,0.12484302,1.00000000,0.66666667,1
formal_train,65064386,D3_TFIDF,5,,39799|WMA_d2d23ed39c40c327|WMA_90f14dba8a4e7eec|63490|132660,0.99957746;0.99744910;0.99557507;0.99477577;0.00030370,1.00000000,0.55414321,3,1.60000000,0.79753622,0.12423252,0.60000000,0.66666667,1
formal_train,65080497,B0,5,,WMA_bd90fb0f93a495ee|WMA_8ce897f2829b2f9b|WMA_ad038e19130681d7|WMA_5cbaefcd91b821f4|WMA_324d5201fadd3ee4,0.99974459;0.99892443;0.99836594;0.99418241;0.99250561,1.00000000,0.41528077,2,1.20000000,0.99674460,0.20795529,0.20000000,1.00000000,0
formal_train,65080497,MMR,5,0.60000000,WMA_bd90fb0f93a495ee|WMA_5cbaefcd91b821f4|188951|157990|WMA_8ce897f2829b2f9b,0.99974459;0.99892443;0.99418241;0.99134165;0.97596812,0.50000000,0.33013765,1,0.80000000,0.99203224,0.13105645,0.10000000,0.42857143,2
formal_train,65080497,D3_TFIDF,5,,WMA_bd90fb0f93a495ee|157990|188951|225281|WMA_8ce897f2829b2f9b,0.99974459;0.99892443;0.99134165;0.97596812;0.96949589,1.00000000,0.42492601,2,1.20000000,0.98709494,0.13533798,0.10000000,0.25000000,3
formal_train,65194464,B0,5,,WMA_71b5caf2dd7fef3d|WMA_f00cac3aa5953cf0|WMA_f9d33ea14080b915|195705|37049,0.99822897;0.99598581;0.99576640;0.97615242;0.93761992,1.00000000,0.61058587,3,1.20000000,0.98075070,0.27864245,0.15000000,1.00000000,0
formal_train,65194464,MMR,5,0.60000000,WMA_71b5caf2dd7fef3d|37049|WMA_f00cac3aa5953cf0|195705|WMA_a2ac0ca91361e7f3,0.99822897;0.99598581;0.97615242;0.93761992;0.87620777,1.00000000,0.64482449,3,1.20000000,0.95683898,0.21216632,0.15000000,0.66666667,1
formal_train,65194464,D3_TFIDF,5,,37049|WMA_71b5caf2dd7fef3d|WMA_f00cac3aa5953cf0|WMA_f9d33ea14080b915|195705,0.99822897;0.99598581;0.99576640;0.97615242;0.93761992,1.00000000,0.64482449,3,1.20000000,0.98075070,0.27864245,0.15000000,1.00000000,0
formal_train,65233649,B0,5,,WMA_cff020d064d84499|WMA_098d6241570fb935|WMA_c76c085d84563b56|WMA_39b813b271ccccc7|WMA_9a0c1c4362fbb1a8,0.99968147;0.99839848;0.99801147;0.99772125;0.98922473,1.00000000,0.74579122,2,2.00000000,0.99660748,0.23573418,0.80000000,1.00000000,0
formal_train,65233649,MMR,5,0.60000000,WMA_cff020d064d84499|WMA_c76c085d84563b56|41374|16686|WMA_39b813b271ccccc7,0.99968147;0.99801147;0.99772125;0.98560405;0.98496705,1.00000000,0.61931987,2,1.60000000,0.99319706,0.12594778,0.30000000,0.42857143,2
formal_train,65233649,D3_TFIDF,5,,WMA_098d6241570fb935|WMA_c76c085d84563b56|16686|WMA_cff020d064d84499|WMA_9a0c1c4362fbb1a8,0.99968147;0.99839848;0.99801147;0.98922473;0.98496705,1.00000000,0.74579122,2,2.00000000,0.99405664,0.18567272,0.50000000,0.66666667,1
formal_train,65258215,B0,5,,55910|30014|13984|180005|50690,0.99437946;0.98551154;0.97712702;0.96701396;0.93688965,1.00000000,0.53888569,2,1.60000000,0.97218432,0.22502548,0.45000000,1.00000000,0
formal_train,65258215,MMR,5,0.60000000,55910|12931|13984|180005|30014,0.99437946;0.98551154;0.97712702;0.96701396;0.92090869,1.00000000,0.53888569,2,1.60000000,0.96898813,0.13490370,0.40000000,0.66666667,1
formal_train,65258215,D3_TFIDF,5,,55910|30014|13984|180005|50690,0.99437946;0.98551154;0.97712702;0.96701396;0.93688965,1.00000000,0.53888569,2,1.60000000,0.97218432,0.22502548,0.45000000,1.00000000,0
formal_train,65422513,B0,5,,WMA_0b7090fb2f98a3a8|WMA_86cab1e64c4d258d|WMA_c76b5daaab20880f|191585|143248,0.99769801;0.99713624;0.98542112;0.97971994;0.95372063,1.00000000,0.64893158,3,2.00000000,0.98273919,0.16462995,0.86666667,1.00000000,0
formal_train,65422513,MMR,5,0.60000000,WMA_0b7090fb2f98a3a8|136176|95720|WMA_06d650c0e6fdbee7|WMA_86cab1e64c4d258d,0.99769801;0.99713624;0.95144016;0.94851255;0.94730753,1.00000000,0.64893158,3,2.00000000,0.96841890,0.09809603,0.80000000,0.25000000,3
formal_train,65422513,D3_TFIDF,5,,WMA_0b7090fb2f98a3a8|WMA_c76b5daaab20880f|191585|WMA_86cab1e64c4d258d|143248,0.99769801;0.99713624;0.98542112;0.97971994;0.95372063,1.00000000,0.64893158,3,2.00000000,0.98273919,0.16462995,0.86666667,1.00000000,0
formal_train,65470051,B0,5,,WMA_7cdfd70be4444c65|WMA_c46ed584726734b2|WMA_7222ef79a856824c|WMA_08aaebc30ef29220|WMA_6a8611de3d57de71,0.99958748;0.99957031;0.99933261;0.99716151;0.99637586,0.66666667,0.64893158,2,2.00000000,0.99840555,0.15085674,0.70000000,1.00000000,0
formal_train,65470051,MMR,5,0.60000000,WMA_7cdfd70be4444c65|WMA_c46ed584726734b2|WMA_6a8611de3d57de71|WMA_08aaebc30ef29220|WMA_08ce0c406b55e99d,0.99958748;0.99957031;0.99716151;0.99637586;0.99322391,1.00000000,0.64893158,3,2.00000000,0.99718381,0.11466234,0.61666667,0.66666667,1
formal_train,65470051,D3_TFIDF,5,,WMA_7cdfd70be4444c65|WMA_c46ed584726734b2|WMA_ecaf3cf8132831f5|WMA_08aaebc30ef29220|WMA_cd8b47e921fa66ce,0.99958748;0.99957031;0.99716151;0.99379951;0.99105364,0.66666667,0.64893158,2,2.00000000,0.99623449,0.19887983,0.70000000,0.42857143,2
formal_train,65477578,B0,5,,WMA_14ca4c830dd643d5|169820|225948|56828|32359,0.99945265;0.99159700;0.98602909;0.97621387;0.97202229,0.66666667,0.74579122,2,2.00000000,0.98506298,0.11194817,0.80000000,1.00000000,0
formal_train,65477578,MMR,5,0.60000000,WMA_14ca4c830dd643d5|169820|104173|56828|32359,0.99945265;0.99159700;0.97621387;0.97202229;0.93723863,0.66666667,0.74579122,2,2.00000000,0.97530489,0.07927113,0.80000000,0.66666667,1
formal_train,65477578,D3_TFIDF,5,,WMA_14ca4c830dd643d5|169820|56828|104173|225948,0.99945265;0.99159700;0.98602909;0.97621387;0.93723863,0.66666667,0.74579122,2,2.00000000,0.97810625,0.10010287,0.80000000,0.66666667,1
formal_train,65595704,B0,5,,WMA_2ee50f322925397b|202208|198675|198682|WMA_f3318159c4830de9,0.99979156;0.95874870;0.95613790;0.92983770;0.92602301,0.66666667,0.88545988,2,1.20000000,0.95410777,0.20609991,0.20000000,1.00000000,0
formal_train,65595704,MMR,5,0.60000000,WMA_2ee50f322925397b|202208|198682|198675|WMA_f3318159c4830de9,0.99979156;0.95874870;0.95613790;0.92983770;0.92602301,0.66666667,0.85292787,2,1.20000000,0.95410777,0.20609991,0.20000000,1.00000000,0
formal_train,65595704,D3_TFIDF,5,,WMA_2ee50f322925397b|134147|202208|198675|198682,0.99979156;0.95874870;0.95613790;0.92983770;0.35330892,0.66666667,0.67138607,2,0.80000000,0.83956496,0.15508094,0.05000000,0.66666667,1
formal_train,65684910,B0,5,,WMA_f81a509f737aec9a|WMA_21597041a5577617|WMA_bf8d1b53b2b33ef9|WMA_80229993d5b6f476|71771,0.99994063;0.99974686;0.99944872;0.99907351;0.99608010,0.75000000,0.64893158,3,2.00000000,0.99885796,0.32045623,0.86666667,1.00000000,0
formal_train,65684910,MMR,5,0.60000000,WMA_f81a509f737aec9a|71771|210041|26778|156468,0.99994063;0.99608010;0.88075709;0.87802887;0.73772103,1.00000000,0.64893158,4,2.00000000,0.89850554,0.07098026,0.44166667,0.25000000,3
formal_train,65684910,D3_TFIDF,5,,WMA_80229993d5b6f476|71771|WMA_f81a509f737aec9a|WMA_21597041a5577617|WMA_bf8d1b53b2b33ef9,0.99994063;0.99974686;0.99944872;0.99907351;0.99608010,0.75000000,0.64893158,3,2.00000000,0.99885796,0.32045623,0.86666667,1.00000000,0
formal_train,65783369,B0,5,,WMA_a8dd5a2099ded336|WMA_b1071fc6f203bbac|181191|200210|70090,0.99920696;0.99810189;0.95266104;0.91666812;0.91465145,1.00000000,0.63685473,4,1.60000000,0.95625789,0.11365470,0.29166667,1.00000000,0
formal_train,65783369,MMR,5,0.60000000,WMA_a8dd5a2099ded336|181191|70090|200210|89122,0.99920696;0.95266104;0.91666812;0.91465145;0.81089264,1.00000000,0.63685473,4,1.60000000,0.91881604,0.05241853,0.29166667,0.66666667,1
formal_train,65783369,D3_TFIDF,5,,200210|WMA_a8dd5a2099ded336|WMA_b1071fc6f203bbac|181191|89122,0.99920696;0.99810189;0.95266104;0.91666812;0.81089264,0.50000000,0.49284852,2,1.60000000,0.93550613,0.12480442,0.45000000,0.66666667,1
formal_train,65791832,B0,5,,WMA_f05a193fc3f7c90c|WMA_9616b5cf06189e4a|45034|142743|84664,0.99973601;0.99797493;0.99776566;0.99453628;0.98843390,1.00000000,0.64893158,3,2.00000000,0.99568936,0.22994966,0.53333333,1.00000000,0
formal_train,65791832,MMR,5,0.60000000,WMA_f05a193fc3f7c90c|60784|113353|84664|123408,0.99973601;0.98843390;0.98543578;0.96917778;0.95448059,1.00000000,0.64893158,3,2.00000000,0.97945281,0.11490099,0.33333333,0.25000000,3
formal_train,65791832,D3_TFIDF,5,,WMA_9616b5cf06189e4a|WMA_f05a193fc3f7c90c|45034|60784|113353,0.99973601;0.99797493;0.99776566;0.98543578;0.96917778,1.00000000,0.64893158,3,2.00000000,0.99001803,0.16926806,0.31666667,0.42857143,2
formal_train,65914693,B0,5,,WMA_0c6d809d01cc8112|WMA_e38d1bbc2298735f|WMA_ff8c6fbbb6b030f0|12633|WMA_e899766c647ddbd9,0.99986744;0.99897635;0.97900224;0.94647449;0.93891567,1.00000000,0.74579122,3,2.00000000,0.97264724,0.16857079,0.56666667,1.00000000,0
formal_train,65914693,MMR,5,0.60000000,WMA_0c6d809d01cc8112|12633|WMA_ff8c6fbbb6b030f0|WMA_e899766c647ddbd9|WMA_e38d1bbc2298735f,0.99986744;0.99897635;0.97900224;0.94647449;0.93891567,1.00000000,0.74579122,3,2.00000000,0.97264724,0.16857079,0.56666667,1.00000000,0
formal_train,65914693,D3_TFIDF,5,,WMA_0c6d809d01cc8112|12633|WMA_e38d1bbc2298735f|130677|WMA_ff8c6fbbb6b030f0,0.99986744;0.99897635;0.97900224;0.94647449;0.74038613,1.00000000,0.74579122,3,2.00000000,0.93294133,0.13075049,0.41666667,0.66666667,1
formal_train,66063534,B0,5,,WMA_b0246c8fdbfdc7a4|WMA_1175824845c9724c|139965|8745|31663,0.99867815;0.99630272;0.99166179;0.98958850;0.97986197,0.66666667,0.64893158,2,2.00000000,0.99121863,0.16048201,0.80000000,1.00000000,0
formal_train,66063534,MMR,5,0.60000000,WMA_b0246c8fdbfdc7a4|31663|18287|WMA_afe8e75bc6a03014|8745,0.99867815;0.98958850;0.97986197;0.97667867;0.97582096,1.00000000,0.64893158,3,2.00000000,0.98412565,0.15759115,0.68333333,0.42857143,2
formal_train,66063534,D3_TFIDF,5,,8745|18287|WMA_b0246c8fdbfdc7a4|WMA_1175824845c9724c|139965,0.99867815;0.99630272;0.99166179;0.98958850;0.97582096,1.00000000,0.64893158,3,2.00000000,0.99041042,0.18896548,0.86666667,0.66666667,1
formal_train,66141575,B0,5,,WMA_9e1c371c2545b3b6|WMA_003d9f1a9302353c|174466|WMA_70eb0a817e1e405a|3609,0.99971849;0.81994140;0.79707760;0.59594738;0.26200724,0.33333333,0.86879492,1,1.60000000,0.69493842,0.18730169,0.60000000,1.00000000,0
formal_train,66141575,MMR,5,0.60000000,WMA_9e1c371c2545b3b6|174466|WMA_70eb0a817e1e405a|3609|WMA_003d9f1a9302353c,0.99971849;0.81994140;0.79707760;0.59594738;0.26200724,0.33333333,0.85393165,1,1.60000000,0.69493842,0.18730169,0.60000000,1.00000000,0
formal_train,66141575,D3_TFIDF,5,,WMA_003d9f1a9302353c|WMA_9e1c371c2545b3b6|174466|WMA_70eb0a817e1e405a|3609,0.99971849;0.81994140;0.79707760;0.59594738;0.26200724,0.33333333,0.86879492,1,1.60000000,0.69493842,0.18730169,0.60000000,1.00000000,0
formal_train,66141599,B0,5,,WMA_0f49f9ca498d4b4c|WMA_585354f3977339d2|WMA_e853d79431db5586|WMA_d9d4f9e5596f36ba|22601,0.99995291;0.99945050;0.99093467;0.98756486;0.98240894,0.50000000,1.00000000,1,1.20000000,0.99206238,0.23410344,0.30000000,1.00000000,0
formal_train,66141599,MMR,5,0.60000000,WMA_0f49f9ca498d4b4c|22601|WMA_585354f3977339d2|42475|WMA_6486946b2b76cacb,0.99995291;0.99945050;0.98240894;0.89124078;0.75456774,0.50000000,0.70391809,1,0.80000000,0.92552418,0.07140469,0.10000000,0.42857143,2
formal_train,66141599,D3_TFIDF,5,,WMA_0f49f9ca498d4b4c|WMA_585354f3977339d2|WMA_e853d79431db5586|WMA_d9d4f9e5596f36ba|22601,0.99995291;0.99945050;0.99093467;0.98756486;0.98240894,0.50000000,1.00000000,1,1.20000000,0.99206238,0.23410344,0.30000000,1.00000000,0
formal_train,66153565,B0,5,,76683|24070|158769|42|223573,0.94288772;0.93970937;0.92414641;0.89899772;0.88721961,1.00000000,0.69302219,2,2.00000000,0.91859217,0.23460211,0.80000000,1.00000000,0
formal_train,66153565,MMR,5,0.60000000,76683|24070|42|42869|223573,0.94288772;0.93970937;0.89899772;0.88721961;0.88504112,1.00000000,0.69302219,2,2.00000000,0.91077111,0.16160385,0.80000000,0.66666667,1
formal_train,66153565,D3_TFIDF,5,,76683|158769|42|223573|42869,0.94288772;0.92414641;0.89899772;0.88721961;0.88504112,1.00000000,0.69302219,2,2.00000000,0.90765852,0.24872533,0.80000000,0.66666667,1
formal_train,66181215,B0,5,,WMA_360e21b3daa7bd19|WMA_b8529f6b5012720d|WMA_9e9d267aee5e80a8|WMA_478833cc2da9677a|WMA_24943ac8a6c71ae7,0.99895585;0.99749160;0.99627846;0.99516845;0.99448955,1.00000000,0.69302219,2,2.00000000,0.99647678,0.22806868,0.80000000,1.00000000,0
formal_train,66181215,MMR,5,0.60000000,WMA_360e21b3daa7bd19|WMA_7e1d66e248912d67|57900|WMA_478833cc2da9677a|WMA_9e9d267aee5e80a8,0.99895585;0.99627846;0.99516845;0.99342924;0.95547748,1.00000000,0.57549942,2,1.60000000,0.98786190,0.10050461,0.45000000,0.42857143,2
formal_train,66181215,D3_TFIDF,5,,WMA_7e1d66e248912d67|82782|47989|WMA_360e21b3daa7bd19|WMA_b8529f6b5012720d,0.99895585;0.99749160;0.99342924;0.92481208;0.85455376,1.00000000,0.42720219,2,1.20000000,0.95384851,0.09514236,0.30000000,0.25000000,3
formal_train,66185213,B0,5,,WMA_db0e1ec03dcafb30|WMA_7d4db252e15890ad|198879|114905|139998,0.99987102;0.99861550;0.99234205;0.98190111;0.98092204,1.00000000,0.64893158,1,2.00000000,0.99073035,0.16053073,1.00000000,1.00000000,0
formal_train,66185213,MMR,5,0.60000000,WMA_db0e1ec03dcafb30|WMA_35143a9c2a923bd2|198879|139998|86848,0.99987102;0.99234205;0.98092204;0.97355193;0.96975338,1.00000000,0.64893158,1,2.00000000,0.98328809,0.07833859,1.00000000,0.42857143,2
formal_train,66185213,D3_TFIDF,5,,WMA_db0e1ec03dcafb30|WMA_7d4db252e15890ad|198879|114905|209233,0.99987102;0.99861550;0.99234205;0.98190111;0.95096707,1.00000000,0.64893158,1,2.00000000,0.98473935,0.23563650,1.00000000,0.66666667,1
formal_train,66221925,B0,5,,WMA_14cd947f19edd201|118235|47395|WMA_0e64689fbc56b9ce|121572,0.99713933;0.99628913;0.99494934;0.99208575;0.98734635,1.00000000,0.74579122,2,2.00000000,0.99356198,0.19470959,1.00000000,1.00000000,0
formal_train,66221925,MMR,5,0.60000000,WMA_14cd947f19edd201|121572|118235|219275|47395,0.99713933;0.99628913;0.99494934;0.98734635;0.98051023,1.00000000,0.74579122,2,2.00000000,0.99124688,0.14941071,1.00000000,0.66666667,1
formal_train,66221925,D3_TFIDF,5,,WMA_14cd947f19edd201|121572|40771|WMA_c2a0fe8ccccbe274|118235,0.99713933;0.99628913;0.98734635;0.97991073;0.81975061,1.00000000,0.74579122,2,2.00000000,0.95608723,0.19341371,1.00000000,0.42857143,2
formal_train,66225766,B0,5,,WMA_86457a8f62f5ddb6|122207|80920|122208|110153,0.99846470;0.99644202;0.99523228;0.99454236;0.99364775,1.00000000,0.69302219,2,2.00000000,0.99566582,0.30031102,0.70000000,1.00000000,0
formal_train,66225766,MMR,5,0.60000000,WMA_86457a8f62f5ddb6|48005|10458|122208|176259,0.99846470;0.99454236;0.98535603;0.98409861;0.95602405,1.00000000,0.69302219,2,2.00000000,0.98369715,0.19712583,0.80000000,0.25000000,3
formal_train,66225766,D3_TFIDF,5,,WMA_86457a8f62f5ddb6|122207|80920|122208|110153,0.99846470;0.99644202;0.99523228;0.99454236;0.99364775,1.00000000,0.69302219,2,2.00000000,0.99566582,0.30031102,0.70000000,1.00000000,0
formal_train,66343197,B0,5,,WMA_05380da7f6bda880|WMA_bd4dce4f642fa2f9|141196|WMA_9ac75939ff10e2ca|WMA_bde2260253e5ca72,0.99970943;0.99883503;0.96417713;0.93349916;0.79057807,1.00000000,0.34620964,1,0.80000000,0.93735976,0.11576065,0.10000000,1.00000000,0
formal_train,66343197,MMR,5,0.60000000,WMA_05380da7f6bda880|141196|WMA_9ac75939ff10e2ca|WMA_bd4dce4f642fa2f9|WMA_bde2260253e5ca72,0.99970943;0.99883503;0.96417713;0.93349916;0.79057807,1.00000000,0.39732201,1,0.80000000,0.93735976,0.11576065,0.10000000,1.00000000,0
formal_train,66343197,D3_TFIDF,5,,WMA_05380da7f6bda880|WMA_bd4dce4f642fa2f9|141196|WMA_9ac75939ff10e2ca|WMA_bde2260253e5ca72,0.99970943;0.99883503;0.96417713;0.93349916;0.79057807,1.00000000,0.34620964,1,0.80000000,0.93735976,0.11576065,0.10000000,1.00000000,0
formal_train,66352260,B0,5,,WMA_b7a126d088295fb6|WMA_edf89774da216b08|WMA_d248472225ce2781|197430|43919,0.99983501;0.99939895;0.99718684;0.98691130;0.98670852,0.50000000,0.83187246,1,1.20000000,0.99400812,0.27707232,0.30000000,1.00000000,0
formal_train,66352260,MMR,5,0.60000000,WMA_b7a126d088295fb6|197430|53224|WMA_8e2677650b509c7a|43919,0.99983501;0.98691130;0.98670852;0.96291232;0.91130728,1.00000000,0.58557007,2,0.80000000,0.96953489,0.13772882,0.00000000,0.42857143,2
formal_train,66352260,D3_TFIDF,5,,WMA_b7a126d088295fb6|WMA_edf89774da216b08|WMA_d248472225ce2781|197430|43919,0.99983501;0.99939895;0.99718684;0.98691130;0.98670852,0.50000000,0.83187246,1,1.20000000,0.99400812,0.27707232,0.30000000,1.00000000,0
formal_train,66353189,B0,5,,WMA_ec249512b99fa3bd|WMA_77bd155b1069297d|WMA_d14d04e5465a4dd6|WMA_b759bd523e0d5cb5|WMA_7a472e566bff6828,0.99910212;0.99784267;0.99763107;0.99732435;0.99681658,0.66666667,0.24952584,2,0.80000000,0.99774336,0.27979495,0.05000000,1.00000000,0
formal_train,66353189,MMR,5,0.60000000,WMA_ec249512b99fa3bd|88177|WMA_d14d04e5465a4dd6|WMA_0a30727c73c0caeb|WMA_b759bd523e0d5cb5,0.99910212;0.99763107;0.99732435;0.99228799;0.98079967,0.33333333,0.23922526,1,0.80000000,0.99342904,0.16887869,0.10000000,0.42857143,2
formal_train,66353189,D3_TFIDF,5,,WMA_ec249512b99fa3bd|WMA_77bd155b1069297d|WMA_d14d04e5465a4dd6|WMA_b759bd523e0d5cb5|WMA_7a472e566bff6828,0.99910212;0.99784267;0.99763107;0.99732435;0.99681658,0.66666667,0.24952584,2,0.80000000,0.99774336,0.27979495,0.05000000,1.00000000,0
formal_train,66359249,B0,5,,WMA_59ebcf8d4afe1c57|WMA_e8124774ee5d00e7|41116|9971|110488,0.99937743;0.99663806;0.96047622;0.83664000;0.78168565,1.00000000,0.69302219,4,2.00000000,0.91496347,0.16523303,0.27500000,1.00000000,0
formal_train,66359249,MMR,5,0.60000000,WMA_59ebcf8d4afe1c57|41116|WMA_e8124774ee5d00e7|9971|110488,0.99937743;0.99663806;0.96047622;0.83664000;0.78168565,1.00000000,0.69302219,4,2.00000000,0.91496347,0.16523303,0.27500000,1.00000000,0
formal_train,66359249,D3_TFIDF,5,,WMA_59ebcf8d4afe1c57|WMA_e8124774ee5d00e7|9971|41116|110488,0.99937743;0.99663806;0.96047622;0.83664000;0.78168565,1.00000000,0.69302219,4,2.00000000,0.91496347,0.16523303,0.27500000,1.00000000,0
formal_train,66360812,B0,5,,WMA_fcbd57fbd805e3a9|204804|WMA_ab181086f17987c0|198390|202448,0.99940550;0.99340630;0.99124122;0.98914903;0.98891360,1.00000000,0.18154179,1,0.40000000,0.99242313,0.21317170,0.00000000,1.00000000,0
formal_train,66360812,MMR,5,0.60000000,WMA_fcbd57fbd805e3a9|204804|22779|139128|198390,0.99940550;0.99340630;0.98914903;0.98503637;0.97692573,1.00000000,0.20210735,1,0.40000000,0.98878459,0.13802945,0.00000000,0.42857143,2
formal_train,66360812,D3_TFIDF,5,,WMA_fcbd57fbd805e3a9|100655|9231|125583|208686,0.99940550;0.98645914;0.97857189;0.97465885;0.80043983,0.00000000,0.00000000,0,0.00000000,0.94790704,0.22413580,0.00000000,0.11111111,4
formal_train,66367391,B0,5,,WMA_bc261e61e2915514|WMA_e62cb96f1eda4e30|WMA_c9cad7b1d084420d|47347|82240,0.99969482;0.99674028;0.99465394;0.98146009;0.95501357,1.00000000,0.69302219,2,2.00000000,0.98551254,0.19426671,0.80000000,1.00000000,0
formal_train,66367391,MMR,5,0.60000000,WMA_bc261e61e2915514|47347|156335|WMA_c9cad7b1d084420d|WMA_e62cb96f1eda4e30,0.99969482;0.99674028;0.99465394;0.98146009;0.89704108,1.00000000,0.69302219,2,2.00000000,0.97391804,0.14386224,0.60000000,0.66666667,1
formal_train,66367391,D3_TFIDF,5,,WMA_bc261e61e2915514|WMA_e62cb96f1eda4e30|WMA_c9cad7b1d084420d|47347|82240,0.99969482;0.99674028;0.99465394;0.98146009;0.95501357,1.00000000,0.69302219,2,2.00000000,0.98551254,0.19426671,0.80000000,1.00000000,0
formal_train,66367723,B0,5,,WMA_c745ba5a46b4e9c2|WMA_038e0c39bc250c23|WMA_55c397c0d198a26f|199952|109547,0.99982673;0.99970454;0.99901462;0.96057230;0.94235408,0.75000000,0.77514825,3,1.60000000,0.98029445,0.22988600,0.36666667,1.00000000,0
formal_train,66367723,MMR,5,0.60000000,WMA_c745ba5a46b4e9c2|137257|WMA_038e0c39bc250c23|199952|99053,0.99982673;0.99970454;0.96057230;0.93695807;0.82592452,0.75000000,0.58422739,3,1.20000000,0.94459723,0.13278300,0.15000000,0.42857143,2
formal_train,66367723,D3_TFIDF,5,,WMA_c745ba5a46b4e9c2|199952|WMA_038e0c39bc250c23|WMA_55c397c0d198a26f|109547,0.99982673;0.99970454;0.99901462;0.96057230;0.94235408,0.75000000,0.77514825,3,1.60000000,0.98029445,0.22988600,0.36666667,1.00000000,0
formal_train,66371538,B0,5,,WMA_75cd1dec9369bec6|WMA_aec2ae21d8afe944|WMA_f69e352d0f4f0f85|WMA_351d4b6904336782|WMA_5d36741d3e9afeb9,0.99969435;0.99732322;0.99273694;0.98886114;0.98582524,0.66666667,0.64893158,2,2.00000000,0.99288818,0.21740602,0.70000000,1.00000000,0
formal_train,66371538,MMR,5,0.60000000,WMA_75cd1dec9369bec6|WMA_aec2ae21d8afe944|WMA_1f30a1bc62aa0ff0|142691|WMA_5d36741d3e9afeb9,0.99969435;0.99732322;0.98582524;0.97371024;0.96815598,0.66666667,0.55414321,2,1.60000000,0.98494180,0.14144014,0.40000000,0.42857143,2
formal_train,66371538,D3_TFIDF,5,,WMA_75cd1dec9369bec6|WMA_1f30a1bc62aa0ff0|WMA_b77396a2323db0bf|WMA_aec2ae21d8afe944|WMA_f69e352d0f4f0f85,0.99969435;0.99732322;0.99273694;0.97371024;0.96117914,0.66666667,0.64893158,2,2.00000000,0.98492877,0.20713761,0.70000000,0.42857143,2
formal_train,66371885,B0,5,,WMA_304ebd8a4333408d|WMA_2a7db116011a655b|72918|WMA_016abb08eb50c7ce|164691,0.99987829;0.99911338;0.97023332;0.96687382;0.95190614,1.00000000,0.70412495,2,1.60000000,0.97760099,0.17030600,0.45000000,1.00000000,0
formal_train,66371885,MMR,5,0.60000000,WMA_304ebd8a4333408d|72918|WMA_016abb08eb50c7ce|164691|64548,0.99987829;0.97023332;0.96687382;0.95190614;0.86594844,1.00000000,0.58574216,2,1.20000000,0.95096800,0.10568839,0.20000000,0.66666667,1
formal_train,66371885,D3_TFIDF,5,,WMA_304ebd8a4333408d|64548|WMA_2a7db116011a655b|72918|WMA_016abb08eb50c7ce,0.99987829;0.99911338;0.97023332;0.96687382;0.86594844,1.00000000,0.63703397,2,1.60000000,0.96040945,0.14006627,0.45000000,0.66666667,1
formal_train,66392556,B0,5,,176263|176545|52522|143827|169549,0.98295850;0.98121727;0.94343108;0.91973561;0.80132866,1.00000000,0.64893158,4,2.00000000,0.92573422,0.20410581,0.63333333,1.00000000,0
formal_train,66392556,MMR,5,0.60000000,176263|176545|52522|143827|71763,0.98295850;0.98121727;0.94343108;0.91973561;0.79739338,1.00000000,0.64893158,4,2.00000000,0.92494717,0.18776015,0.55833333,0.66666667,1
formal_train,66392556,D3_TFIDF,5,,176263|176545|52522|143827|WMA_0f4ce5b78ac49254,0.98295850;0.98121727;0.94343108;0.91973561;0.60191846,1.00000000,0.64893158,4,2.00000000,0.88585218,0.19945706,0.59166667,0.66666667,1
formal_train,728585,B0,5,,WMA_35e1bdcaf24cd0df|WMA_3fa352174be12d9a|WMA_4e74284a2157fe3f|131222|WMA_77f48c0854cf7527,0.99527019;0.99194241;0.98872560;0.98816991;0.98495668,0.75000000,0.81046163,3,2.00000000,0.98981296,0.29063267,0.55000000,1.00000000,0
formal_train,728585,MMR,5,0.60000000,WMA_35e1bdcaf24cd0df|WMA_3fa352174be12d9a|WMA_f214b3960729bf2e|WMA_77f48c0854cf7527|131222,0.99527019;0.99194241;0.98816991;0.98495668;0.98377281,0.75000000,0.81046163,3,2.00000000,0.98882240,0.27443946,0.55000000,0.66666667,1
formal_train,728585,D3_TFIDF,5,,WMA_4e74284a2157fe3f|WMA_35e1bdcaf24cd0df|WMA_3fa352174be12d9a|WMA_f214b3960729bf2e|WMA_afd8b419f7fb9ac2,0.99527019;0.99194241;0.98872560;0.98377281;0.05667406,0.75000000,0.70412495,3,1.60000000,0.80327701,0.20436118,0.31666667,0.42857143,2
formal_train,8174063,B0,5,,WMA_9780c71894513e10|69446|173574|113853|135056,0.99503303;0.98083603;0.97762954;0.96649230;0.93007410,0.66666667,0.81046163,2,2.00000000,0.97001300,0.32051947,1.00000000,1.00000000,0
formal_train,8174063,MMR,5,0.60000000,WMA_9780c71894513e10|173574|25333|69446|28202,0.99503303;0.98083603;0.97762954;0.91411018;0.88457811,0.66666667,0.67302346,2,1.60000000,0.95043738,0.13460626,0.60000000,0.42857143,2
formal_train,8174063,D3_TFIDF,5,,WMA_9780c71894513e10|173574|69446|113853|135056,0.99503303;0.98083603;0.97762954;0.96649230;0.93007410,0.66666667,0.81046163,2,2.00000000,0.97001300,0.32051947,1.00000000,1.00000000,0
formal_train,858813,B0,5,,WMA_b5da7d5617966b61|51344|43171|1606|WMA_53a4e264ca61666c,0.99472296;0.95705914;0.93722618;0.93494356;0.92559785,1.00000000,0.53888569,5,1.60000000,0.94990994,0.12346777,0.34833333,1.00000000,0
formal_train,858813,MMR,5,0.60000000,WMA_b5da7d5617966b61|51344|1606|28051|43171,0.99472296;0.95705914;0.93722618;0.93494356;0.90738928,0.80000000,0.56378846,4,1.60000000,0.94626822,0.09915110,0.30833333,0.66666667,1
formal_train,858813,D3_TFIDF,5,,51344|WMA_b5da7d5617966b61|44006|WMA_53a4e264ca61666c|28051,0.99472296;0.95705914;0.92559785;0.90961218;0.90738928,0.80000000,0.64893158,4,2.00000000,0.93887628,0.14175651,0.65000000,0.42857143,2
formal_train,9012075,B0,5,,WMA_873fcc84e7ded6f5|83481|WMA_dd85b06051df5375|110824|WMA_467e4273f5c471e6,0.99180663;0.99113452;0.98172975;0.98029548;0.97871017,1.00000000,0.33405144,2,1.20000000,0.98473531,0.12485060,0.20000000,1.00000000,0
formal_train,9012075,MMR,5,0.60000000,WMA_873fcc84e7ded6f5|83481|WMA_dd85b06051df5375|110824|WMA_467e4273f5c471e6,0.99180663;0.99113452;0.98172975;0.98029548;0.97871017,1.00000000,0.33405144,2,1.20000000,0.98473531,0.12485060,0.20000000,1.00000000,0
formal_train,9012075,D3_TFIDF,5,,WMA_08823edbfc537020|WMA_873fcc84e7ded6f5|83481|WMA_dd85b06051df5375|WMA_467e4273f5c471e6,0.99180663;0.99113452;0.98172975;0.97871017;0.81773025,1.00000000,0.51006913,2,1.60000000,0.95222226,0.12441304,0.45000000,0.66666667,1
formal_train,9018799,B0,5,,202914|WMA_b20bed27c6bebe19|WMA_7c22c80bc153e26b|WMA_06f7cf7a6d4e24a6|WMA_7efd9fcfe2963718,0.98246425;0.95912206;0.94470584;0.84227562;0.77927184,0.75000000,0.69302219,3,2.00000000,0.90156792,0.18228470,0.86666667,1.00000000,0
formal_train,9018799,MMR,5,0.60000000,202914|WMA_7c22c80bc153e26b|WMA_b20bed27c6bebe19|WMA_06f7cf7a6d4e24a6|WMA_7efd9fcfe2963718,0.98246425;0.95912206;0.94470584;0.84227562;0.77927184,0.75000000,0.69302219,3,2.00000000,0.90156792,0.18228470,0.86666667,1.00000000,0
formal_train,9018799,D3_TFIDF,5,,202914|WMA_b20bed27c6bebe19|WMA_7c22c80bc153e26b|WMA_06f7cf7a6d4e24a6|WMA_7efd9fcfe2963718,0.98246425;0.95912206;0.94470584;0.84227562;0.77927184,0.75000000,0.69302219,3,2.00000000,0.90156792,0.18228470,0.86666667,1.00000000,0
formal_train,9074131,B0,5,,WMA_f730db350e20d492|WMA_57cb53de62c06c6d|WMA_17c80ef0986c139f|WMA_bdcef16a9c2604b9|WMA_6bfc44b7d14588f1,0.99953127;0.99750322;0.99621117;0.99267429;0.98253548,0.33333333,0.74579122,1,2.00000000,0.99369109,0.21833891,1.00000000,1.00000000,0
formal_train,9074131,MMR,5,0.60000000,WMA_f730db350e20d492|WMA_6bfc44b7d14588f1|WMA_bdcef16a9c2604b9|99619|WMA_57cb53de62c06c6d,0.99953127;0.99750322;0.99267429;0.98253548;0.94939584,0.66666667,0.74579122,2,2.00000000,0.98432802,0.18249744,0.80000000,0.66666667,1
formal_train,9074131,D3_TFIDF,5,,WMA_bdcef16a9c2604b9|WMA_f730db350e20d492|WMA_57cb53de62c06c6d|WMA_17c80ef0986c139f|99619,0.99953127;0.99750322;0.99621117;0.99267429;0.94939584,0.66666667,0.74579122,2,2.00000000,0.98706316,0.21975379,0.80000000,0.66666667,1
formal_train,9078260,B0,5,,WMA_bfed7692a80a6b39|223199|WMA_525b1fb451acbd34|WMA_482fae1b6fdfd161|WMA_5da30e7e49c853c0,0.99453729;0.80548358;0.79979575;0.70737094;0.62345123,1.00000000,0.74579122,3,2.00000000,0.78612776,0.19999928,0.68333333,1.00000000,0
formal_train,9078260,MMR,5,0.60000000,WMA_bfed7692a80a6b39|WMA_482fae1b6fdfd161|223199|WMA_525b1fb451acbd34|WMA_0f7a51cd4b0d82cb,0.99453729;0.80548358;0.79979575;0.70737094;0.61884189,0.66666667,0.74579122,2,2.00000000,0.78520589,0.20935661,0.80000000,0.66666667,1
formal_train,9078260,D3_TFIDF,5,,WMA_bfed7692a80a6b39|223199|WMA_525b1fb451acbd34|WMA_482fae1b6fdfd161|WMA_5da30e7e49c853c0,0.99453729;0.80548358;0.79979575;0.70737094;0.62345123,1.00000000,0.74579122,3,2.00000000,0.78612776,0.19999928,0.68333333,1.00000000,0
formal_train,9081932,B0,5,,WMA_96896e12a2dddfb1|WMA_efd7f8ba96cb1ae1|60135|55423|105572,0.98862886;0.98237592;0.98051399;0.97919899;0.97337657,1.00000000,0.64893158,2,2.00000000,0.98081887,0.12615902,0.80000000,1.00000000,0
formal_train,9081932,MMR,5,0.60000000,WMA_96896e12a2dddfb1|60135|55423|WMA_efd7f8ba96cb1ae1|92603,0.98862886;0.98237592;0.98051399;0.97919899;0.93862122,1.00000000,0.64893158,2,2.00000000,0.97386780,0.08781932,0.80000000,0.66666667,1
formal_train,9081932,D3_TFIDF,5,,WMA_efd7f8ba96cb1ae1|60135|WMA_96896e12a2dddfb1|105572|167918,0.98862886;0.98237592;0.98051399;0.97337657;0.87771952,1.00000000,0.64893158,2,2.00000000,0.96052297,0.10201699,0.80000000,0.66666667,1
formal_train,9241903,B0,5,,WMA_9658dcb3bb3a76d4|WMA_6081be254110656d|WMA_0b8c3979bcbd46a0|WMA_8631b6265f908aef|WMA_2d1ec5b099d43455,0.99956971;0.99950588;0.99948311;0.99831176;0.99814939,1.00000000,0.45379693,1,1.20000000,0.99900397,0.23082049,0.30000000,1.00000000,0
formal_train,9241903,MMR,5,0.60000000,WMA_9658dcb3bb3a76d4|WMA_2d1ec5b099d43455|WMA_e8c03fd75bbca1a9|WMA_d63f78b64b3e17ad|WMA_c4852f7d4db9d234,0.99956971;0.99814939;0.99720746;0.99654239;0.98142183,1.00000000,0.54472496,1,1.60000000,0.99457816,0.11377607,0.60000000,0.25000000,3
formal_train,9241903,D3_TFIDF,5,,WMA_9658dcb3bb3a76d4|WMA_6081be254110656d|WMA_0b8c3979bcbd46a0|WMA_8631b6265f908aef|WMA_2d1ec5b099d43455,0.99956971;0.99950588;0.99948311;0.99831176;0.99814939,1.00000000,0.45379693,1,1.20000000,0.99900397,0.23082049,0.30000000,1.00000000,0
formal_train,9263065,B0,5,,116392|13624|133119|WMA_d269769e60e6b202|104770,0.98413926;0.98032916;0.97838783;0.97384882;0.97294331,0.50000000,0.56668678,1,1.20000000,0.97792968,0.25347291,0.30000000,1.00000000,0
formal_train,9263065,MMR,5,0.60000000,116392|WMA_d269769e60e6b202|WMA_ad4e2a4fd2dead9d|127847|104770,0.98413926;0.97384882;0.97294331;0.96055198;0.92688525,0.50000000,0.58574216,1,1.20000000,0.96367372,0.17502241,0.30000000,0.42857143,2
formal_train,9263065,D3_TFIDF,5,,116392|13624|133119|WMA_d269769e60e6b202|104770,0.98413926;0.98032916;0.97838783;0.97384882;0.97294331,0.50000000,0.56668678,1,1.20000000,0.97792968,0.25347291,0.30000000,1.00000000,0
formal_train,9323456,B0,5,,WMA_f8bc8196d9286080|WMA_b3c285c889008bfc|4695|101983|91424,0.99591208;0.99155360;0.99075061;0.99004316;0.98994023,0.75000000,0.64893158,3,2.00000000,0.99163994,0.34077662,0.86666667,1.00000000,0
formal_train,9323456,MMR,5,0.60000000,WMA_f8bc8196d9286080|4695|WMA_b3c285c889008bfc|28018|139716,0.99591208;0.99155360;0.99075061;0.97832370;0.95982265,0.75000000,0.64893158,3,2.00000000,0.98327253,0.11246061,0.65000000,0.42857143,2
formal_train,9323456,D3_TFIDF,5,,WMA_f8bc8196d9286080|WMA_b3c285c889008bfc|32209|28018|4695,0.99591208;0.99155360;0.99075061;0.98411059;0.97832370,0.75000000,0.64893158,3,2.00000000,0.98813012,0.14397161,0.65000000,0.42857143,2
formal_train,9409882,B0,5,,WMA_ab85afe529c59a03|WMA_f7d906f614751262|WMA_8964b4a17201d77d|WMA_f1d443d8e5a4ea78|WMA_3f1972788e78d358,0.99940157;0.99926311;0.99863666;0.99637848;0.98907846,0.60000000,0.64893158,3,2.00000000,0.99655166,0.18078420,0.80000000,1.00000000,0
formal_train,9409882,MMR,5,0.60000000,WMA_ab85afe529c59a03|WMA_f1d443d8e5a4ea78|WMA_3f1972788e78d358|WMA_f7d906f614751262|WMA_5f33991498202c28,0.99940157;0.99926311;0.99637848;0.98907846;0.97049630,0.80000000,0.64893158,4,2.00000000,0.99092358,0.13611380,0.72500000,0.66666667,1
formal_train,9409882,D3_TFIDF,5,,WMA_ab85afe529c59a03|WMA_4c938276e15f4a4c|WMA_f7d906f614751262|WMA_8964b4a17201d77d|WMA_f1d443d8e5a4ea78,0.99940157;0.99926311;0.99863666;0.99637848;0.24837667,0.60000000,0.64893158,3,2.00000000,0.84841130,0.15890595,0.80000000,0.66666667,1
formal_train,9625939,B0,5,,WMA_5dea220ecf478bd2|WMA_ccc125e21a8de020|WMA_8ac6b2b2257e4f00|WMA_c5c2292f6badedcd|WMA_61b51cf5cea8cec3,0.98104459;0.82180226;0.70408505;0.67140019;0.56643736,1.00000000,0.36005461,1,0.80000000,0.74895389,0.21144923,0.10000000,1.00000000,0
formal_train,9625939,MMR,5,0.60000000,WMA_5dea220ecf478bd2|WMA_ccc125e21a8de020|WMA_8ac6b2b2257e4f00|WMA_c5c2292f6badedcd|WMA_61b51cf5cea8cec3,0.98104459;0.82180226;0.70408505;0.67140019;0.56643736,1.00000000,0.36005461,1,0.80000000,0.74895389,0.21144923,0.10000000,1.00000000,0
formal_train,9625939,D3_TFIDF,5,,WMA_ccc125e21a8de020|WMA_5dea220ecf478bd2|WMA_8ac6b2b2257e4f00|WMA_c5c2292f6badedcd|WMA_7141235dd1ed0dfe,0.98104459;0.82180226;0.70408505;0.67140019;0.52798140,1.00000000,0.48522856,1,0.80000000,0.74126270,0.23027350,0.10000000,0.66666667,1
formal_train,9733644,B0,5,,WMA_e5bb09c996d9d99f|WMA_8c06ad10dc26bfa8|189917|WMA_8ef419f86c2f09c3|WMA_56a385d9b20c7fd5,0.99989331;0.99941242;0.99606222;0.99051052;0.98759216,1.00000000,0.55414321,2,1.60000000,0.99469413,0.14576037,0.25000000,1.00000000,0
formal_train,9733644,MMR,5,0.60000000,WMA_e5bb09c996d9d99f|189917|WMA_8ef419f86c2f09c3|WMA_56a385d9b20c7fd5|WMA_b35a2b9476bac3b5,0.99989331;0.99606222;0.99051052;0.98759216;0.98489559,1.00000000,0.53888569,2,1.60000000,0.99179076,0.10144878,0.30000000,0.66666667,1
formal_train,9733644,D3_TFIDF,5,,WMA_976d187b8ee4cd71|WMA_e5bb09c996d9d99f|WMA_8c06ad10dc26bfa8|189917|WMA_8ef419f86c2f09c3,0.99989331;0.99941242;0.99606222;0.99051052;0.89904505,1.00000000,0.56378846,2,1.60000000,0.97698470,0.10580307,0.25000000,0.66666667,1
formal_train,9751564,B0,5,,WMA_ee60622c720ca864|WMA_a07588d637a7cc5b|WMA_e5eee5ede0217e53|WMA_c2d5ddaed85821e2|WMA_771ceb47ff5c8160,0.99833798;0.99696153;0.99673778;0.99582160;0.99562764,0.33333333,0.64893158,1,2.00000000,0.99669731,0.17392191,1.00000000,1.00000000,0
formal_train,9751564,MMR,5,0.60000000,WMA_ee60622c720ca864|WMA_c2d5ddaed85821e2|WMA_771ceb47ff5c8160|WMA_b4895685e4908988|WMA_05dd6e8ff894fea2,0.99833798;0.99582160;0.99562764;0.98897457;0.98529214,0.33333333,0.64893158,1,2.00000000,0.99281079,0.08737771,1.00000000,0.42857143,2
formal_train,9751564,D3_TFIDF,5,,WMA_8fc14e9d1aec5842|WMA_ee60622c720ca864|WMA_a07588d637a7cc5b|WMA_e5eee5ede0217e53|WMA_c2d5ddaed85821e2,0.99833798;0.99696153;0.99673778;0.99582160;0.97540516,0.33333333,0.64893158,1,2.00000000,0.99265281,0.10993257,1.00000000,0.66666667,1
formal_train,984610,B0,5,,WMA_52eba7983367cea5|WMA_5fc8a500feb162e1|WMA_20d74b8b41bd832d|WMA_e50b03513e5d2796|WMA_1929b2eb0c4241e8,0.98937523;0.97855407;0.94183689;0.93115795;0.89588505,1.00000000,0.74579122,4,2.00000000,0.94736184,0.15621243,0.57500000,1.00000000,0
formal_train,984610,MMR,5,0.60000000,WMA_52eba7983367cea5|WMA_20d74b8b41bd832d|WMA_e50b03513e5d2796|WMA_5fc8a500feb162e1|WMA_1929b2eb0c4241e8,0.98937523;0.97855407;0.94183689;0.93115795;0.89588505,1.00000000,0.74579122,4,2.00000000,0.94736184,0.15621243,0.57500000,1.00000000,0
formal_train,984610,D3_TFIDF,5,,WMA_5fc8a500feb162e1|WMA_20d74b8b41bd832d|WMA_52eba7983367cea5|WMA_e50b03513e5d2796|WMA_1929b2eb0c4241e8,0.98937523;0.97855407;0.94183689;0.93115795;0.89588505,1.00000000,0.74579122,4,2.00000000,0.94736184,0.15621243,0.57500000,1.00000000,0
formal_train,9884187,B0,5,,WMA_2bc06526213ec99e|WMA_1843b1d1d30d2f38|WMA_39be433a8e078158|WMA_4a5410712025c1a8|WMA_14de2aee2cdf4cd9,0.98711747;0.98662657;0.98594493;0.97631425;0.94582021,1.00000000,0.64893158,4,2.00000000,0.97636468,0.17431386,0.55833333,1.00000000,0
formal_train,9884187,MMR,5,0.60000000,WMA_2bc06526213ec99e|WMA_14de2aee2cdf4cd9|WMA_1843b1d1d30d2f38|WMA_39be433a8e078158|WMA_6b3ed944ea41b4f2,0.98711747;0.98662657;0.98594493;0.94582021;0.94075614,1.00000000,0.64893158,4,2.00000000,0.96925306,0.11052284,0.58333333,0.66666667,1
formal_train,9884187,D3_TFIDF,5,,WMA_2bc06526213ec99e|WMA_1843b1d1d30d2f38|WMA_afd8b419f7fb9ac2|WMA_39be433a8e078158|WMA_4a5410712025c1a8,0.98711747;0.98662657;0.98594493;0.97631425;0.77338988,1.00000000,0.64893158,4,2.00000000,0.94187862,0.17755780,0.46666667,0.66666667,1
internal_blind,10005755,B0,5,,WMA_3b69284a0d35f5ed|210934|213638|212520|213392,0.99971515;0.99503517;0.98681414;0.97066981;0.96632528,1.00000000,0.00000000,4,0.00000000,0.98371191,0.15145237,0.33333333,1.00000000,0
internal_blind,10005755,MMR,5,0.60000000,WMA_3b69284a0d35f5ed|210934|212520|61646|WMA_809484cfaa77edd2,0.99971515;0.99503517;0.97066981;0.96484381;0.94868088,1.00000000,0.14606835,4,0.20000000,0.97578896,0.11604401,0.26666667,0.42857143,2
internal_blind,10005755,D3_TFIDF,5,,WMA_809484cfaa77edd2|210934|61646|WMA_3b69284a0d35f5ed|212520,0.99971515;0.99503517;0.97066981;0.96484381;0.94868088,1.00000000,0.16958010,4,0.20000000,0.97578896,0.11604401,0.26666667,0.42857143,2
internal_blind,10014854,B0,5,,WMA_0a75eb62bce750cf|WMA_1ea2d1cae8129b73|WMA_1931da2035f76c53|WMA_f1ec4dc9373eb0dd|WMA_ba27c7a8e9ce1962,0.99960858;0.99879944;0.99674737;0.99627703;0.99321002,0.50000000,0.64893158,4,2.00000000,0.99692849,0.19642668,0.55000000,1.00000000,0
internal_blind,10014854,MMR,5,0.60000000,WMA_0a75eb62bce750cf|WMA_f1ec4dc9373eb0dd|WMA_45499a574cdbd29d|WMA_1931da2035f76c53|WMA_ba27c7a8e9ce1962,0.99960858;0.99674737;0.99627703;0.99321002;0.99295157,0.50000000,0.64893158,4,2.00000000,0.99575891,0.16693544,0.58333333,0.66666667,1
internal_blind,10014854,D3_TFIDF,5,,WMA_1ea2d1cae8129b73|WMA_cbfd1734ff0230dd|WMA_8411ed07f7b20d3e|WMA_7704f4349cb8b39c|WMA_0873c135aa829888,0.99879944;0.98831195;0.98328388;0.97473586;0.97064024,1.00000000,0.64893158,5,2.00000000,0.98315427,0.16421025,0.43166667,0.11111111,4
internal_blind,10064225,B0,5,,WMA_dc1ff18e412db798|102064|107786|159732|213718,0.98340130;0.98184437;0.97469795;0.91395777;0.88208276,1.00000000,0.64893158,5,1.00000000,0.94719683,0.25427653,0.58833333,1.00000000,0
internal_blind,10064225,MMR,5,0.60000000,WMA_dc1ff18e412db798|WMA_3876a000fa6319e0|102064|159732|107786,0.98340130;0.98184437;0.97469795;0.91395777;0.86828083,1.00000000,0.51006913,5,0.80000000,0.94443644,0.15318675,0.37166667,0.66666667,1
internal_blind,10064225,D3_TFIDF,5,,WMA_dc1ff18e412db798|WMA_3876a000fa6319e0|213718|102064|107786,0.98340130;0.98184437;0.97469795;0.88208276;0.86828083,1.00000000,0.51006913,5,0.80000000,0.93806144,0.18893831,0.36500000,0.66666667,1
internal_blind,10077055,B0,5,,WMA_1e307e513b836257|WMA_19f5b40547c00de1|138669|WMA_722b7da99894ead2|120935,0.99714190;0.98577350;0.79777938;0.55363852;0.36399961,1.00000000,0.50686972,4,1.20000000,0.73966658,0.22938314,0.30833333,1.00000000,0
internal_blind,10077055,MMR,5,0.60000000,WMA_1e307e513b836257|WMA_19f5b40547c00de1|138669|120935|67106,0.99714190;0.98577350;0.79777938;0.36399961;0.27044705,1.00000000,0.39227252,4,1.00000000,0.68302829,0.14535571,0.25000000,0.66666667,1
internal_blind,10077055,D3_TFIDF,5,,WMA_19f5b40547c00de1|WMA_1e307e513b836257|138669|WMA_722b7da99894ead2|67106,0.99714190;0.98577350;0.79777938;0.55363852;0.27044705,1.00000000,0.55597201,4,1.20000000,0.72095607,0.21568266,0.30833333,0.66666667,1
internal_blind,10079168,B0,5,,WMA_acb5a5737b3e3438|WMA_f42ae848b06809e1|WMA_5401b0fc560e208f|WMA_6f819180b290b837|WMA_bba1120f98eb716f,0.99769944;0.99142039;0.99084175;0.97024494;0.95229256,1.00000000,0.54174607,4,1.40000000,0.98049982,0.27445441,0.61666667,1.00000000,0
internal_blind,10079168,MMR,5,0.60000000,WMA_acb5a5737b3e3438|WMA_f42ae848b06809e1|WMA_071481816b8afe24|WMA_6f819180b290b837|219917,0.99769944;0.99142039;0.97024494;0.93645978;0.87164384,1.00000000,0.67532324,4,1.80000000,0.95349368,0.13487002,0.59166667,0.42857143,2
internal_blind,10079168,D3_TFIDF,5,,WMA_acb5a5737b3e3438|WMA_dae352033bb5eed1|WMA_5401b0fc560e208f|WMA_bba1120f98eb716f|WMA_6f819180b290b837,0.99769944;0.99084175;0.97024494;0.95229256;0.92514431,1.00000000,0.48556086,4,1.20000000,0.96724460,0.26634427,0.46666667,0.66666667,1
internal_blind,10769147,B0,5,,110580|WMA_1c18af2849a5f55e|2002|122226|133645,0.96036482;0.93012589;0.90233463;0.84579378;0.83777344,1.00000000,0.81046163,4,1.00000000,0.89527851,0.20627315,0.52500000,1.00000000,0
internal_blind,10769147,MMR,5,0.60000000,110580|WMA_1c18af2849a5f55e|2002|122226|32070,0.96036482;0.93012589;0.90233463;0.84579378;0.71473873,1.00000000,0.70412495,4,0.80000000,0.87067157,0.13079372,0.55000000,0.66666667,1
internal_blind,10769147,D3_TFIDF,5,,110580|WMA_1c18af2849a5f55e|2002|32070|122226,0.96036482;0.93012589;0.90233463;0.84579378;0.71473873,1.00000000,0.69207884,4,0.80000000,0.87067157,0.13079372,0.55000000,0.66666667,1
internal_blind,10896965,B0,5,,WMA_0397c6a2b434a3af|WMA_830e3ef7d089b694|WMA_6dd2113f2cb94ed6|WMA_4a07c9c10b393716|WMA_9c86024280df66c8,0.99625933;0.90955627;0.79516321;0.51697665;0.45803475,1.00000000,0.51289853,5,1.40000000,0.73519804,0.20158763,0.32500000,1.00000000,0
internal_blind,10896965,MMR,5,0.60000000,WMA_0397c6a2b434a3af|WMA_830e3ef7d089b694|WMA_6dd2113f2cb94ed6|WMA_9c86024280df66c8|WMA_4a07c9c10b393716,0.99625933;0.90955627;0.79516321;0.51697665;0.45803475,1.00000000,0.50355217,5,1.40000000,0.73519804,0.20158763,0.32500000,1.00000000,0
internal_blind,10896965,D3_TFIDF,5,,WMA_0397c6a2b434a3af|WMA_830e3ef7d089b694|WMA_6dd2113f2cb94ed6|WMA_34610584bf6c5f91|WMA_3a33c459471860db,0.99625933;0.90955627;0.79516321;0.42476940;0.37967652,1.00000000,0.50355217,5,1.40000000,0.70108495,0.23635417,0.40166667,0.42857143,2
internal_blind,11127542,B0,5,,WMA_f3c9268802005dd5|105240|81149|2566|81923,0.98795831;0.89451081;0.88195717;0.78300279;0.36964375,1.00000000,1.00000000,2,0.20000000,0.78341457,0.16443443,0.00000000,1.00000000,0
internal_blind,11127542,MMR,5,0.60000000,WMA_f3c9268802005dd5|81149|105240|2566|81923,0.98795831;0.89451081;0.88195717;0.78300279;0.36964375,1.00000000,1.00000000,2,0.20000000,0.78341457,0.16443443,0.00000000,1.00000000,0
internal_blind,11127542,D3_TFIDF,5,,WMA_85a570d20c929efc|WMA_f3c9268802005dd5|105240|81149|2566,0.98795831;0.89451081;0.88195717;0.78300279;0.00022030,1.00000000,0.63092975,4,0.20000000,0.70952988,0.16290174,0.03333333,0.66666667,1
internal_blind,12377112,B0,5,,WMA_de605ab6398c8b09|15557|WMA_d5187b11ee97d17f|48834|WMA_ef8bf9f9c995e8e4,0.99305987;0.93022490;0.92051589;0.84360564;0.67059457,1.00000000,1.00000000,4,0.40000000,0.87160017,0.12929294,0.25000000,1.00000000,0
internal_blind,12377112,MMR,5,0.60000000,WMA_de605ab6398c8b09|15557|48834|WMA_d5187b11ee97d17f|165494,0.99305987;0.93022490;0.92051589;0.84360564;0.65349746,1.00000000,1.00000000,5,0.40000000,0.86818075,0.09523452,0.19000000,0.66666667,1
internal_blind,12377112,D3_TFIDF,5,,WMA_de605ab6398c8b09|WMA_d5187b11ee97d17f|WMA_ef8bf9f9c995e8e4|WMA_57334582f0c417d5|15557,0.99305987;0.93022490;0.92051589;0.67059457;0.47902045,1.00000000,1.00000000,4,0.40000000,0.79868314,0.13964399,0.18333333,0.66666667,1
internal_blind,12598613,B0,5,,WMA_3a59f3bfbe9b354c|164170|WMA_105d9d65ec7f858b|WMA_415c6b7ef718beb2|16909,0.99205095;0.97158098;0.97111905;0.96259463;0.89784116,1.00000000,0.64893158,4,1.00000000,0.95903735,0.12321427,0.31666667,1.00000000,0
internal_blind,12598613,MMR,5,0.60000000,WMA_3a59f3bfbe9b354c|WMA_105d9d65ec7f858b|164170|16909|WMA_415c6b7ef718beb2,0.99205095;0.97158098;0.97111905;0.96259463;0.89784116,1.00000000,0.64893158,4,1.00000000,0.95903735,0.12321427,0.31666667,1.00000000,0
internal_blind,12598613,D3_TFIDF,5,,WMA_17228f33b63ce621|WMA_3a59f3bfbe9b354c|164170|WMA_3294770320f64f7a|WMA_105d9d65ec7f858b,0.99205095;0.97158098;0.97111905;0.84116197;0.32472396,1.00000000,0.42883981,4,0.80000000,0.82012738,0.12843950,0.26666667,0.42857143,2
internal_blind,12679196,B0,5,,WMA_b2f7735c2c709cfa|WMA_6da84f63f7dcf816|91469|113079|99087,0.98497009;0.96528095;0.49329686;0.49298435;0.49298435,1.00000000,0.81046163,3,1.00000000,0.68590332,0.26915381,0.65000000,1.00000000,0
internal_blind,12679196,MMR,5,0.60000000,WMA_b2f7735c2c709cfa|WMA_6da84f63f7dcf816|113079|59766|156920,0.98497009;0.96528095;0.49298435;0.46778917;0.45838585,1.00000000,0.81046163,4,1.00000000,0.67388209,0.12965928,0.65000000,0.42857143,2
internal_blind,12679196,D3_TFIDF,5,,WMA_6da84f63f7dcf816|WMA_b2f7735c2c709cfa|59766|156920|91469,0.98497009;0.96528095;0.49329686;0.46778917;0.45838585,1.00000000,0.81046163,4,1.00000000,0.67394459,0.14512802,0.57500000,0.42857143,2
internal_blind,12762122,B0,5,,WMA_74779432670a3e3d|WMA_a4b29c268a9e5be9|9669|84835|WMA_01c2acba1804b07f,0.99582386;0.97878677;0.73345381;0.70666414;0.58895904,1.00000000,0.45717449,4,1.20000000,0.80073752,0.20732109,0.30000000,1.00000000,0
internal_blind,12762122,MMR,5,0.60000000,WMA_74779432670a3e3d|9669|WMA_01c2acba1804b07f|WMA_a4b29c268a9e5be9|84835,0.99582386;0.97878677;0.73345381;0.70666414;0.58895904,1.00000000,0.42404962,4,1.20000000,0.80073752,0.20732109,0.30000000,1.00000000,0
internal_blind,12762122,D3_TFIDF,5,,WMA_01c2acba1804b07f|WMA_74779432670a3e3d|WMA_a4b29c268a9e5be9|9669|84835,0.99582386;0.97878677;0.73345381;0.70666414;0.58895904,1.00000000,0.38571874,4,1.20000000,0.80073752,0.20732109,0.30000000,1.00000000,0
internal_blind,12778360,B0,5,,WMA_1c2802c95851077d|WMA_5ebdf55915de7e03|WMA_f4e5d312bf9896ea|WMA_4b83d804a9651c05|WMA_59c23ae5e9417133,0.99968803;0.99813324;0.99584156;0.99354148;0.99127966,1.00000000,0.78770206,5,0.60000000,0.99569679,0.22833337,0.29333333,1.00000000,0
internal_blind,12778360,MMR,5,0.60000000,WMA_1c2802c95851077d|WMA_59c23ae5e9417133|WMA_f4e5d312bf9896ea|WMA_d2774b8a04eff9f8|WMA_339d5d9e39cc4f35,0.99968803;0.99584156;0.99127966;0.98687696;0.94241303,1.00000000,0.63668244,4,0.40000000,0.98321985,0.09548927,0.15000000,0.42857143,2
internal_blind,12778360,D3_TFIDF,5,,WMA_5ebdf55915de7e03|WMA_1c2802c95851077d|WMA_360754d46ad48d65|WMA_f4e5d312bf9896ea|WMA_4b83d804a9651c05,0.99968803;0.99813324;0.99584156;0.99354148;0.90370286,1.00000000,0.63668244,5,0.40000000,0.97818143,0.20253200,0.33833333,0.66666667,1
internal_blind,13024238,B0,5,,WMA_f89ee37ebfde7110|WMA_94d9282c47d65888|WMA_a5bec06139f19160|222083|209438,0.99918073;0.98213899;0.98183882;0.97982967;0.97740036,0.75000000,0.51190399,3,1.20000000,0.98407772,0.18894123,0.80000000,1.00000000,0
internal_blind,13024238,MMR,5,0.60000000,WMA_f89ee37ebfde7110|WMA_94d9282c47d65888|222083|209438|222760,0.99918073;0.98213899;0.97982967;0.97740036;0.95446754,0.75000000,0.59194163,3,1.40000000,0.97860346,0.16914135,0.66666667,0.66666667,1
internal_blind,13024238,D3_TFIDF,5,,WMA_94d9282c47d65888|WMA_f89ee37ebfde7110|209438|191314|222760,0.99918073;0.98213899;0.97740036;0.96035844;0.95446754,0.75000000,0.60468762,3,1.60000000,0.97470921,0.17521179,0.73333333,0.42857143,2
internal_blind,13238395,B0,5,,173125|199183|173890|200664|198777,0.99613971;0.99613971;0.99339914;0.99187320;0.99129093,1.00000000,0.44845774,3,1.60000000,0.99376854,0.19575223,0.80000000,1.00000000,0
internal_blind,13238395,MMR,5,0.60000000,173125|200664|198777|173122|173890,0.99613971;0.99339914;0.99187320;0.99129093;0.98869520,1.00000000,0.48062566,3,1.60000000,0.99227964,0.12801535,0.86666667,0.66666667,1
internal_blind,13238395,D3_TFIDF,5,,173125|173890|199183|198777|WMA_63f5a26c2e49e1ed,0.99613971;0.99613971;0.99339914;0.99129093;0.99017370,1.00000000,0.46948980,3,1.60000000,0.99342864,0.23001035,0.66666667,0.66666667,1
internal_blind,13254018,B0,5,,WMA_7830b0f177e35756|WMA_2ac4971ef8cb811b|WMA_2bd4c06aea9c0d0b|WMA_3c22a0a9b6df99aa|WMA_c123b4f2aabb0003,0.99623460;0.99583566;0.99312359;0.99162817;0.99128318,1.00000000,0.55700201,5,1.60000000,0.99362104,0.23326215,0.68000000,1.00000000,0
internal_blind,13254018,MMR,5,0.60000000,WMA_7830b0f177e35756|WMA_3c22a0a9b6df99aa|WMA_2ac4971ef8cb811b|WMA_8c58f32698a6d08c|WMA_6e2a1e71631dcbc1,0.99623460;0.99583566;0.99162817;0.98609471;0.93253982,1.00000000,0.59830252,5,1.60000000,0.98046659,0.13271363,0.65000000,0.42857143,2
internal_blind,13254018,D3_TFIDF,5,,WMA_7830b0f177e35756|WMA_c123b4f2aabb0003|WMA_2ac4971ef8cb811b|WMA_2bd4c06aea9c0d0b|WMA_3c22a0a9b6df99aa,0.99623460;0.99583566;0.99312359;0.99162817;0.99128318,1.00000000,0.59088706,5,1.60000000,0.99362104,0.23326215,0.68000000,1.00000000,0
internal_blind,13601265,B0,5,,WMA_5cc1ae05a5f5f4f9|198295|WMA_6374c54882fa97a1|WMA_24e19c58673f0674|WMA_7c7df4ca88ea183a,0.99834299;0.98623657;0.98382342;0.98194110;0.97552311,1.00000000,0.64893158,3,2.00000000,0.98517344,0.16008342,0.80000000,1.00000000,0
internal_blind,13601265,MMR,5,0.60000000,WMA_5cc1ae05a5f5f4f9|25006|198295|WMA_24e19c58673f0674|WMA_7c7df4ca88ea183a,0.99834299;0.98623657;0.98194110;0.97552311;0.97072709,1.00000000,0.64893158,4,2.00000000,0.98255417,0.12318910,0.72500000,0.66666667,1
internal_blind,13601265,D3_TFIDF,5,,WMA_24e19c58673f0674|WMA_5cc1ae05a5f5f4f9|198295|58370|WMA_60541fbd5ad2f001,0.99834299;0.98623657;0.98194110;0.96168059;0.94744116,1.00000000,0.59216950,3,1.80000000,0.97512848,0.16323248,0.80000000,0.42857143,2
internal_blind,13611032,B0,5,,WMA_e8a7e6fc4e16f02c|WMA_e05f4abd2cd40b38|WMA_5ce5b2f6ef3f5505|WMA_1dce5fb9ec36ad4a|WMA_923003a1a14cb1d9,0.99983180;0.99853301;0.99676824;0.99456501;0.97895038,1.00000000,0.51369699,3,1.60000000,0.99372969,0.13942795,0.80000000,1.00000000,0
internal_blind,13611032,MMR,5,0.60000000,WMA_e8a7e6fc4e16f02c|WMA_51a8d0818ccb57e6|WMA_e05f4abd2cd40b38|WMA_5ce5b2f6ef3f5505|WMA_923003a1a14cb1d9,0.99983180;0.99853301;0.99676824;0.97895038;0.97111559,1.00000000,0.51369699,3,1.60000000,0.98903980,0.07972361,0.80000000,0.66666667,1
internal_blind,13611032,D3_TFIDF,5,,WMA_1dce5fb9ec36ad4a|WMA_e8a7e6fc4e16f02c|WMA_e05f4abd2cd40b38|WMA_5ce5b2f6ef3f5505|WMA_923003a1a14cb1d9,0.99983180;0.99853301;0.99676824;0.99456501;0.97895038,1.00000000,0.57614776,3,1.60000000,0.99372969,0.13942795,0.80000000,1.00000000,0
internal_blind,13700756,B0,5,,WMA_cf3b7b7f14bc84e6|WMA_0092292f24f3cf98|WMA_2d1ede93efc198ac|WMA_03b9ca5bb6f4c52d|WMA_f2eda77c346e5721,0.99886823;0.99716777;0.99527943;0.41603589;0.36154771,1.00000000,0.70430943,4,1.20000000,0.75377980,0.40166217,0.90000000,1.00000000,0
internal_blind,13700756,MMR,5,0.60000000,WMA_cf3b7b7f14bc84e6|WMA_03b9ca5bb6f4c52d|WMA_0092292f24f3cf98|WMA_2d1ede93efc198ac|WMA_46bc5de66601e1db,0.99886823;0.99716777;0.99527943;0.41603589;0.33601177,1.00000000,0.63812225,3,1.20000000,0.74867262,0.33061121,0.86666667,0.66666667,1
internal_blind,13700756,D3_TFIDF,5,,WMA_46bc5de66601e1db|WMA_cf3b7b7f14bc84e6|WMA_0092292f24f3cf98|WMA_2d1ede93efc198ac|WMA_03b9ca5bb6f4c52d,0.99886823;0.99716777;0.99527943;0.41603589;0.33601177,1.00000000,0.51613810,3,1.20000000,0.74867262,0.33061121,0.86666667,0.66666667,1
internal_blind,13713005,B0,5,,WMA_31aac7b9211e5bee|WMA_85de9cdebccf0289|WMA_146f719c80158253|148641|WMA_b3c9e9717bf4e66b,0.99905628;0.98681968;0.79045713;0.50668806;0.46764550,0.50000000,0.63092975,4,0.20000000,0.75013333,0.15812451,0.20833333,1.00000000,0
internal_blind,13713005,MMR,5,0.60000000,WMA_31aac7b9211e5bee|WMA_85de9cdebccf0289|WMA_146f719c80158253|148641|WMA_b3c9e9717bf4e66b,0.99905628;0.98681968;0.79045713;0.50668806;0.46764550,0.50000000,0.63092975,4,0.20000000,0.75013333,0.15812451,0.20833333,1.00000000,0
internal_blind,13713005,D3_TFIDF,5,,WMA_85de9cdebccf0289|148641|WMA_31aac7b9211e5bee|WMA_146f719c80158253|WMA_b3c9e9717bf4e66b,0.99905628;0.98681968;0.79045713;0.50668806;0.46764550,0.50000000,1.00000000,4,0.20000000,0.75013333,0.15812451,0.20833333,1.00000000,0
internal_blind,13734219,B0,5,,WMA_ae1f77f93363a41d|224639|WMA_257bcd5ae9dc2086|WMA_c2cc4e776a8a4050|217454,0.99992800;0.98344594;0.98338819;0.76265234;0.64881408,1.00000000,0.84721961,4,2.00000000,0.87564571,0.21975104,0.85000000,1.00000000,0
internal_blind,13734219,MMR,5,0.60000000,WMA_ae1f77f93363a41d|224639|WMA_c2cc4e776a8a4050|66556|WMA_257bcd5ae9dc2086,0.99992800;0.98344594;0.98338819;0.76265234;0.63267457,1.00000000,0.72346764,4,1.60000000,0.87241781,0.17784540,0.74166667,0.66666667,1
internal_blind,13734219,D3_TFIDF,5,,224639|WMA_ae1f77f93363a41d|217454|66556|195108,0.99992800;0.98344594;0.64881408;0.63267457;0.58206922,1.00000000,0.61230813,4,1.20000000,0.76938636,0.16726571,0.77500000,0.42857143,2
internal_blind,13798706,B0,5,,WMA_2074d3294f9d1b52|WMA_9d898be5b4185faf|WMA_15c56f16ad9b658d|WMA_287bd79750e140b7|WMA_f3f69bb1f355c12b,0.99070460;0.95685327;0.94306368;0.93815553;0.93045241,1.00000000,0.42883981,4,0.80000000,0.95184590,0.12152536,0.52500000,1.00000000,0
internal_blind,13798706,MMR,5,0.60000000,WMA_2074d3294f9d1b52|WMA_9d898be5b4185faf|WMA_f3f69bb1f355c12b|WMA_287bd79750e140b7|WMA_15c56f16ad9b658d,0.99070460;0.95685327;0.94306368;0.93815553;0.93045241,1.00000000,0.42883981,4,0.80000000,0.95184590,0.12152536,0.52500000,1.00000000,0
internal_blind,13798706,D3_TFIDF,5,,WMA_9d898be5b4185faf|WMA_2074d3294f9d1b52|WMA_1b4badf37f147e40|WMA_15c56f16ad9b658d|WMA_fa7feb3b64704f32,0.99070460;0.95685327;0.94306368;0.86442775;0.53468388,1.00000000,0.51006913,4,0.80000000,0.85794663,0.17427712,0.52500000,0.42857143,2
internal_blind,14537820,B0,5,,WMA_abbe71ddab2597e1|WMA_39c385772376bb36|WMA_163892cff245c275|218660|WMA_156f3264a0e44cc7,0.99817240;0.98400187;0.94816881;0.92439753;0.84823805,1.00000000,0.58422739,4,0.60000000,0.94059573,0.14248663,0.25833333,1.00000000,0
internal_blind,14537820,MMR,5,0.60000000,WMA_abbe71ddab2597e1|WMA_39c385772376bb36|218660|WMA_163892cff245c275|WMA_156f3264a0e44cc7,0.99817240;0.98400187;0.94816881;0.92439753;0.84823805,1.00000000,0.58422739,4,0.60000000,0.94059573,0.14248663,0.25833333,1.00000000,0
internal_blind,14537820,D3_TFIDF,5,,WMA_abbe71ddab2597e1|WMA_39c385772376bb36|218660|WMA_156f3264a0e44cc7|WMA_163892cff245c275,0.99817240;0.98400187;0.94816881;0.92439753;0.84823805,1.00000000,0.57096621,4,0.60000000,0.94059573,0.14248663,0.25833333,1.00000000,0
internal_blind,14790638,B0,5,,WMA_c1af2fb7aaf06bc6|WMA_0a836fed7c02e672|225457|191943|34032,0.99984944;0.99984813;0.99863666;0.99789619;0.99724895,1.00000000,0.25584687,5,0.80000000,0.99869587,0.20837381,0.57166667,1.00000000,0
internal_blind,14790638,MMR,5,0.60000000,WMA_c1af2fb7aaf06bc6|153555|43487|13272|34032,0.99984944;0.99724895;0.99687886;0.99113888;0.98437089,1.00000000,0.22879029,5,0.80000000,0.99389740,0.10128237,0.60500000,0.25000000,3
internal_blind,14790638,D3_TFIDF,5,,191943|WMA_c1af2fb7aaf06bc6|WMA_0a836fed7c02e672|225457|153555,0.99984944;0.99984813;0.99863666;0.99789619;0.99687886,1.00000000,0.44825865,5,0.80000000,0.99862186,0.20648774,0.67333333,0.66666667,1
internal_blind,14804005,B0,5,,WMA_6996df9e576ac8ba|WMA_3a43bd5cae0c7a42|WMA_7ce05c8c0cfff40e|211537|WMA_8895e40b4465cd2b,0.99861228;0.92016512;0.90621817;0.84736305;0.78849727,1.00000000,0.64850051,3,1.20000000,0.89217118,0.25509558,0.53333333,1.00000000,0
internal_blind,14804005,MMR,5,0.60000000,WMA_6996df9e576ac8ba|WMA_7ce05c8c0cfff40e|211537|WMA_8895e40b4465cd2b|WMA_3a43bd5cae0c7a42,0.99861228;0.92016512;0.90621817;0.84736305;0.78849727,1.00000000,0.57819339,3,1.20000000,0.89217118,0.25509558,0.53333333,1.00000000,0
internal_blind,14804005,D3_TFIDF,5,,211537|WMA_6996df9e576ac8ba|WMA_3a43bd5cae0c7a42|WMA_7ce05c8c0cfff40e|WMA_8895e40b4465cd2b,0.99861228;0.92016512;0.90621817;0.84736305;0.78849727,1.00000000,0.54280690,3,1.20000000,0.89217118,0.25509558,0.53333333,1.00000000,0
internal_blind,15011457,B0,5,,WMA_a204d4f5bbc554fb|156718|192892|25992|78021,0.98772484;0.90333039;0.86034077;0.78734636;0.76203597,1.00000000,0.78770206,5,0.60000000,0.86015567,0.15590462,0.52000000,1.00000000,0
internal_blind,15011457,MMR,5,0.60000000,WMA_a204d4f5bbc554fb|156718|192892|144236|25992,0.98772484;0.90333039;0.86034077;0.78734636;0.75297093,1.00000000,0.63668244,5,0.40000000,0.85834266,0.09995784,0.49000000,0.66666667,1
internal_blind,15011457,D3_TFIDF,5,,156718|WMA_a204d4f5bbc554fb|192892|25992|144236,0.98772484;0.90333039;0.86034077;0.78734636;0.75297093,1.00000000,0.63668244,5,0.40000000,0.85834266,0.09995784,0.49000000,0.66666667,1
internal_blind,15012187,B0,5,,24826|134367|149812|105231|120479,0.96285641;0.94446981;0.94319379;0.88867718;0.83072734,0.50000000,0.64893158,4,2.00000000,0.91398491,0.20225855,0.77500000,1.00000000,0
internal_blind,15012187,MMR,5,0.60000000,24826|134367|149812|120479|105231,0.96285641;0.94446981;0.94319379;0.88867718;0.83072734,0.50000000,0.64893158,4,2.00000000,0.91398491,0.20225855,0.77500000,1.00000000,0
internal_blind,15012187,D3_TFIDF,5,,24826|21418|69972|99118|134367,0.96285641;0.94446981;0.64458960;0.64458960;0.64458960,0.50000000,0.41980045,4,1.40000000,0.76821901,0.34261871,0.72500000,0.25000000,3
internal_blind,15016956,B0,5,,WMA_384d444f54251f72|WMA_f9bbbf941e47ef1f|WMA_eb9b5c4e29543a7c|152507|160856,0.99981099;0.99903929;0.99695981;0.99464780;0.99440312,1.00000000,1.00000000,4,0.60000000,0.99697220,0.22477471,0.46666667,1.00000000,0
internal_blind,15016956,MMR,5,0.60000000,WMA_384d444f54251f72|160856|152507|23252|191897,0.99981099;0.99464780;0.99440312;0.99155605;0.98581195,1.00000000,0.46927873,3,0.20000000,0.99324598,0.12365600,0.73333333,0.42857143,2
internal_blind,15016956,D3_TFIDF,5,,WMA_384d444f54251f72|23252|60981|WMA_f9bbbf941e47ef1f|WMA_eb9b5c4e29543a7c,0.99981099;0.99903929;0.99695981;0.99155605;0.98431975,1.00000000,0.85292787,4,0.60000000,0.99433718,0.23186297,0.46666667,0.42857143,2
internal_blind,15018642,B0,5,,WMA_8e7baac488214b9d|77740|135878|77742|77752,0.98261672;0.98256034;0.96303922;0.94947177;0.93767160,0.66666667,0.71124199,4,1.00000000,0.96307193,0.16654858,0.49166667,1.00000000,0
internal_blind,15018642,MMR,5,0.60000000,WMA_8e7baac488214b9d|77752|77743|77740|135878,0.98261672;0.98256034;0.96303922;0.93767160;0.93763471,0.66666667,0.64939002,4,0.80000000,0.96070452,0.12642780,0.44166667,0.66666667,1
internal_blind,15018642,D3_TFIDF,5,,WMA_8e7baac488214b9d|77740|135878|77742|77743,0.98261672;0.98256034;0.96303922;0.94947177;0.93763471,0.66666667,0.64939002,4,0.80000000,0.96306455,0.15321730,0.46666667,0.66666667,1
internal_blind,15021331,B0,5,,WMA_693176bd380c132f|WMA_30575e1f4a4a1d1c|124274|107881|219363,0.99974495;0.99565578;0.99473697;0.99130827;0.98852181,1.00000000,0.64893158,5,2.00000000,0.99399356,0.19539109,0.54500000,1.00000000,0
internal_blind,15021331,MMR,5,0.60000000,WMA_693176bd380c132f|69886|219363|210362|165317,0.99974495;0.98852181;0.98401481;0.96033686;0.95166898,1.00000000,0.64893158,5,2.00000000,0.97685748,0.10578766,0.49166667,0.25000000,3
internal_blind,15021331,D3_TFIDF,5,,WMA_693176bd380c132f|210362|78851|WMA_30575e1f4a4a1d1c|165317,0.99974495;0.99565578;0.96033686;0.95166898;0.82444721,1.00000000,0.64893158,4,2.00000000,0.94637076,0.13262782,0.53333333,0.25000000,3
internal_blind,15043720,B0,5,,WMA_4cda73bb5fbc971e|WMA_7548f5025dba6944|WMA_3d9df67032b373eb|36082|149408,0.99996245;0.99994671;0.99908197;0.99827588;0.99787450,1.00000000,0.75369761,4,0.60000000,0.99902830,0.26009767,0.32500000,1.00000000,0
internal_blind,15043720,MMR,5,0.60000000,WMA_4cda73bb5fbc971e|149408|133542|80631|99669,0.99996245;0.99787450;0.99122393;0.99081683;0.98487353,1.00000000,0.39038005,4,0.20000000,0.99295025,0.10010858,0.40833333,0.25000000,3
internal_blind,15043720,D3_TFIDF,5,,WMA_4cda73bb5fbc971e|149408|133542|WMA_7548f5025dba6944|36082,0.99996245;0.99994671;0.99827588;0.99787450;0.98487353,1.00000000,0.54139967,4,0.40000000,0.99618661,0.18725592,0.42500000,0.66666667,1
internal_blind,15059988,B0,5,,WMA_6a0e804350ffc4d1|WMA_86f5397cdfc921cf|WMA_ac4c713695a2ef89|WMA_d515203a1da1a4f3|WMA_21519053b8db6055,0.99994135;0.99872500;0.99357361;0.99030578;0.93156731,0.00000000,0.64893158,0,1.00000000,0.98282261,0.32266582,0.00000000,1.00000000,0
internal_blind,15059988,MMR,5,0.60000000,WMA_6a0e804350ffc4d1|WMA_ac4c713695a2ef89|115280|WMA_86f5397cdfc921cf|WMA_d515203a1da1a4f3,0.99994135;0.99872500;0.99357361;0.99030578;0.90269798,0.00000000,0.53888569,1,0.80000000,0.97704874,0.29281468,0.00000000,0.66666667,1
internal_blind,15059988,D3_TFIDF,5,,74015|WMA_6a0e804350ffc4d1|WMA_86f5397cdfc921cf|WMA_ac4c713695a2ef89|WMA_d515203a1da1a4f3,0.99994135;0.99872500;0.99357361;0.99030578;0.49764639,0.00000000,0.64893158,2,1.00000000,0.89603842,0.22639345,0.00000000,0.66666667,1
internal_blind,15210186,B0,5,,WMA_cfc61c2c5961400d|163957|129976|WMA_02945f3f693099fe|94253,0.99947554;0.97697949;0.97525162;0.97259402;0.96791238,1.00000000,0.35583990,5,0.40000000,0.97844261,0.19084680,0.32833333,1.00000000,0
internal_blind,15210186,MMR,5,0.60000000,WMA_cfc61c2c5961400d|163464|129976|11321|94253,0.99947554;0.97525162;0.96791238;0.95464587;0.91925257,1.00000000,0.00000000,5,0.00000000,0.96330760,0.11322931,0.35000000,0.42857143,2
internal_blind,15210186,D3_TFIDF,5,,94253|WMA_cfc61c2c5961400d|163957|129976|WMA_02945f3f693099fe,0.99947554;0.97697949;0.97525162;0.97259402;0.96791238,1.00000000,0.31963120,5,0.40000000,0.97844261,0.19084680,0.32833333,1.00000000,0
internal_blind,15479743,B0,5,,25666|176315|175521|201744|41360,0.99232095;0.98526812;0.98045325;0.98045325;0.97638106,1.00000000,0.64893158,3,1.00000000,0.98297533,0.21515576,0.60000000,1.00000000,0
internal_blind,15479743,MMR,5,0.60000000,25666|176315|175521|41360|71719,0.99232095;0.98526812;0.98045325;0.97638106;0.94233924,1.00000000,0.64893158,3,1.00000000,0.97535253,0.12914103,0.60000000,0.66666667,1
internal_blind,15479743,D3_TFIDF,5,,176315|25666|175521|201744|WMA_ff1a24fcf6641e7d,0.99232095;0.98526812;0.98045325;0.98045325;0.97233981,1.00000000,0.64893158,3,1.00000000,0.98216708,0.28289766,0.66666667,0.66666667,1
internal_blind,15622392,B0,5,,WMA_fba8db4af32b4f3d|WMA_3875f549e49643cf|5952|5953|138519,0.98371524;0.94925165;0.92690212;0.92690212;0.92334390,1.00000000,0.57614776,5,1.60000000,0.94202300,0.21489053,0.52333333,1.00000000,0
internal_blind,15622392,MMR,5,0.60000000,WMA_fba8db4af32b4f3d|5952|125092|138519|WMA_3875f549e49643cf,0.98371524;0.94925165;0.92690212;0.92334390;0.92119360,1.00000000,0.61003282,5,1.60000000,0.94088130,0.12094058,0.45500000,0.66666667,1
internal_blind,15622392,D3_TFIDF,5,,5952|WMA_fba8db4af32b4f3d|WMA_3875f549e49643cf|138519|WMA_44c9f9af3714eac6,0.98371524;0.94925165;0.92690212;0.92334390;0.90678853,1.00000000,0.59088706,5,1.60000000,0.93800029,0.19495370,0.51333333,0.66666667,1
internal_blind,15672740,B0,5,,WMA_067b8b81b148c8a8|WMA_eba143c507994229|WMA_cc0453de0ce5ee11|178984|105347,0.99353749;0.97226262;0.96880555;0.94308817;0.94279766,1.00000000,0.33484598,3,1.00000000,0.96409830,0.26656254,0.63333333,1.00000000,0
internal_blind,15672740,MMR,5,0.60000000,WMA_067b8b81b148c8a8|178982|178984|WMA_cc0453de0ce5ee11|105347,0.99353749;0.96880555;0.94308817;0.94279766;0.92882514,1.00000000,0.33484598,3,1.00000000,0.95541080,0.21942866,0.65000000,0.66666667,1
internal_blind,15672740,D3_TFIDF,5,,WMA_067b8b81b148c8a8|178986|WMA_1e531734154893f3|17167|WMA_eba143c507994229,0.99353749;0.97226262;0.91403693;0.75271779;0.57650006,1.00000000,0.57597166,3,1.40000000,0.84181098,0.22132111,0.86666667,0.25000000,3
internal_blind,15848048,B0,5,,WMA_a1a4a5b2ac74b244|WMA_372c8b5d3e6a12e6|200273|205158|167436,0.99645162;0.99633288;0.93896413;0.93896413;0.93569577,1.00000000,0.51006913,4,1.60000000,0.96128170,0.18539961,0.60833333,1.00000000,0
internal_blind,15848048,MMR,5,0.60000000,WMA_a1a4a5b2ac74b244|200273|167436|WMA_372c8b5d3e6a12e6|173312,0.99645162;0.99633288;0.93896413;0.93569577;0.91633958,1.00000000,0.55414321,4,1.60000000,0.95675679,0.10991551,0.48333333,0.66666667,1
internal_blind,15848048,D3_TFIDF,5,,200273|WMA_a1a4a5b2ac74b244|WMA_372c8b5d3e6a12e6|205158|167436,0.99645162;0.99633288;0.93896413;0.93896413;0.93569577,1.00000000,0.53888569,4,1.60000000,0.96128170,0.18539961,0.60833333,1.00000000,0
internal_blind,15909614,B0,5,,24745|WMA_b819ba173798dbd0|106062|WMA_5ae4b2254e8306f6|70,0.81986749;0.45916191;0.37368441;0.15174837;0.13979040,1.00000000,0.65092093,5,0.40000000,0.38885052,0.12249899,0.30666667,1.00000000,0
internal_blind,15909614,MMR,5,0.60000000,24745|WMA_b819ba173798dbd0|106062|WMA_5ae4b2254e8306f6|70,0.81986749;0.45916191;0.37368441;0.15174837;0.13979040,1.00000000,0.65092093,5,0.40000000,0.38885052,0.12249899,0.30666667,1.00000000,0
internal_blind,15909614,D3_TFIDF,5,,24745|106062|70|WMA_2530aa4d9aa23e8c|WMA_b819ba173798dbd0,0.81986749;0.45916191;0.37368441;0.13979040;0.05683913,1.00000000,0.23719771,5,0.20000000,0.36986867,0.14378947,0.31166667,0.66666667,1
internal_blind,15923455,B0,5,,113155|159015|25616|111890|134247,0.96409720;0.90041393;0.88824558;0.88148630;0.87138289,1.00000000,0.40734721,5,1.40000000,0.90112518,0.14095764,0.42000000,1.00000000,0
internal_blind,15923455,MMR,5,0.60000000,113155|159015|25616|111890|134247,0.96409720;0.90041393;0.88824558;0.88148630;0.87138289,1.00000000,0.40734721,5,1.40000000,0.90112518,0.14095764,0.42000000,1.00000000,0
internal_blind,15923455,D3_TFIDF,5,,159015|113155|25616|51429|111890,0.96409720;0.90041393;0.88824558;0.88148630;0.55201763,1.00000000,0.48923663,5,1.40000000,0.83725213,0.12608443,0.35000000,0.66666667,1
internal_blind,16081476,B0,5,,WMA_c35f65eeb5c2e0fc|WMA_7c7b14644b4a1b66|78314|141458|11479,0.99885631;0.99292350;0.93352574;0.84369600;0.72953981,1.00000000,0.44409733,4,1.20000000,0.89970827,0.19540076,0.77500000,1.00000000,0
internal_blind,16081476,MMR,5,0.60000000,WMA_c35f65eeb5c2e0fc|78314|WMA_7c7b14644b4a1b66|11479|173306,0.99885631;0.99292350;0.93352574;0.72953981;0.72622907,1.00000000,0.51006913,4,1.60000000,0.87621489,0.11244340,0.65000000,0.66666667,1
internal_blind,16081476,D3_TFIDF,5,,WMA_c35f65eeb5c2e0fc|78314|11479|141458|WMA_7c7b14644b4a1b66,0.99885631;0.99292350;0.93352574;0.84369600;0.72953981,1.00000000,0.41528077,4,1.20000000,0.89970827,0.19540076,0.77500000,1.00000000,0
internal_blind,16392883,B0,5,,WMA_8b7fae5e27eafb5c|WMA_b22475a4040f4ea1|WMA_abcd895dfbf3ada6|WMA_81aaa6aa92fe5b10|WMA_b5be9c31ae46f95f,0.99877793;0.99843186;0.99633491;0.98670489;0.98664224,1.00000000,0.48062123,5,1.20000000,0.99337837,0.22295550,0.11666667,1.00000000,0
internal_blind,16392883,MMR,5,0.60000000,WMA_8b7fae5e27eafb5c|WMA_abcd895dfbf3ada6|WMA_b5be9c31ae46f95f|140292|64863,0.99877793;0.99633491;0.98664224;0.94930321;0.94509315,1.00000000,0.61734287,5,1.40000000,0.97523029,0.18091097,0.23666667,0.42857143,2
internal_blind,16392883,D3_TFIDF,5,,140292|WMA_8b7fae5e27eafb5c|WMA_b22475a4040f4ea1|WMA_abcd895dfbf3ada6|WMA_81aaa6aa92fe5b10,0.99877793;0.99843186;0.99633491;0.98670489;0.94509315,0.66666667,0.70719210,4,1.40000000,0.98506855,0.19971525,0.15000000,0.66666667,1
internal_blind,16396580,B0,5,,WMA_9748ac3651953e73|114081|208574|199604|105641,0.99861467;0.79576248;0.72619170;0.69368833;0.68612415,1.00000000,0.44409733,4,1.20000000,0.78007627,0.15738269,0.12500000,1.00000000,0
internal_blind,16396580,MMR,5,0.60000000,WMA_9748ac3651953e73|114081|208574|132329|105641,0.99861467;0.79576248;0.72619170;0.68612415;0.62638366,1.00000000,0.53888569,4,1.60000000,0.76661533,0.05155854,0.31666667,0.66666667,1
internal_blind,16396580,D3_TFIDF,5,,WMA_9748ac3651953e73|114081|208574|199604|63339,0.99861467;0.79576248;0.72619170;0.69368833;0.67406422,1.00000000,0.44409733,4,1.20000000,0.77766428,0.15664724,0.12500000,0.66666667,1
internal_blind,16399346,B0,5,,6417|27170|42126|226113|132546,0.88274133;0.80463684;0.80463684;0.78197467;0.76009005,1.00000000,0.52877587,4,1.60000000,0.80681595,0.16490178,0.53333333,1.00000000,0
internal_blind,16399346,MMR,5,0.60000000,6417|27170|226113|132546|63996,0.88274133;0.80463684;0.78197467;0.76009005;0.61937809,1.00000000,0.60909401,4,1.80000000,0.76976420,0.10908973,0.55833333,0.66666667,1
internal_blind,16399346,D3_TFIDF,5,,6417|27170|42126|226113|132546,0.88274133;0.80463684;0.80463684;0.78197467;0.76009005,1.00000000,0.52877587,4,1.60000000,0.80681595,0.16490178,0.53333333,1.00000000,0
internal_blind,16643738,B0,5,,149068|149700|47764|52491|20494,0.99717891;0.99662739;0.99335164;0.99242604;0.97720933,1.00000000,0.08514312,5,0.20000000,0.99135866,0.28272916,0.42333333,1.00000000,0
internal_blind,16643738,MMR,5,0.60000000,149068|20494|133350|80001|WMA_a573d6affd55c322,0.99717891;0.97720933;0.95498681;0.94548577;0.93939346,1.00000000,0.42883981,5,0.80000000,0.96285086,0.05465370,0.38333333,0.25000000,3
internal_blind,16643738,D3_TFIDF,5,,149068|47764|52491|79998|20494,0.99717891;0.99335164;0.99242604;0.97720933;0.90675873,1.00000000,0.17993148,5,0.40000000,0.97338493,0.18146586,0.42000000,0.66666667,1
internal_blind,16894703,B0,5,,WMA_00ab8fff7154cbc0|WMA_7e2132dbde25d914|87523|WMA_9304e10d936865df|146784,0.97635967;0.96273983;0.96191049;0.95490789;0.94568348,0.80000000,0.38342689,4,0.80000000,0.96032027,0.21622905,0.90000000,1.00000000,0
internal_blind,16894703,MMR,5,0.60000000,WMA_00ab8fff7154cbc0|143875|WMA_9304e10d936865df|146784|218179,0.97635967;0.95490789;0.94568348;0.94164389;0.89705604,1.00000000,0.21787420,5,0.40000000,0.94313020,0.11959771,0.49666667,0.42857143,2
internal_blind,16894703,D3_TFIDF,5,,WMA_7e2132dbde25d914|143875|218179|WMA_00ab8fff7154cbc0|87523,0.97635967;0.96273983;0.96191049;0.94164389;0.89705604,1.00000000,0.27678706,5,0.60000000,0.94794198,0.15541453,0.52833333,0.42857143,2
internal_blind,17200437,B0,5,,146472|7024|134282|WMA_3ef07b3a0d57f6fe|WMA_ef567b174d2775a5,0.75130135;0.75130135;0.74762720;0.67735296;0.62181818,1.00000000,0.67767436,4,2.00000000,0.70988021,0.17952249,0.65000000,1.00000000,0
internal_blind,17200437,MMR,5,0.60000000,146472|134282|WMA_3ef07b3a0d57f6fe|27139|122271,0.75130135;0.74762720;0.67735296;0.59293061;0.56062740,1.00000000,0.67767436,4,2.00000000,0.66596791,0.06002653,0.57500000,0.42857143,2
internal_blind,17200437,D3_TFIDF,5,,WMA_3ef07b3a0d57f6fe|146472|7024|134282|27139,0.75130135;0.75130135;0.74762720;0.67735296;0.59293061,1.00000000,0.67767436,4,2.00000000,0.70410269,0.14406032,0.65000000,0.66666667,1
internal_blind,17924076,B0,5,,WMA_a7e35bb3fe8ecfc2|106861|159280|155692|72222,0.99877912;0.99668819;0.99533832;0.99491274;0.99491274,1.00000000,0.64893158,5,1.00000000,0.99612622,0.25341022,0.82500000,1.00000000,0
internal_blind,17924076,MMR,5,0.60000000,WMA_a7e35bb3fe8ecfc2|155692|WMA_cf9435a7de5fc22a|WMA_7b69ff8979d29f32|98860,0.99877912;0.99491274;0.99278599;0.99201959;0.99190289,1.00000000,0.53888569,5,0.80000000,0.99408007,0.15986070,0.82500000,0.25000000,3
internal_blind,17924076,D3_TFIDF,5,,WMA_a7e35bb3fe8ecfc2|79953|145016|159280|142330,0.99877912;0.99533832;0.98860735;0.98261964;0.89060450,1.00000000,0.64893158,5,1.00000000,0.97118979,0.20576700,0.68500000,0.25000000,3
internal_blind,17982082,B0,5,,WMA_d55621e17d7bd3ee|WMA_747fbb83be331ba0|38926|WMA_034104e943010e43|42842,0.99862778;0.99707353;0.98973292;0.98773605;0.98521084,1.00000000,0.64893158,4,2.00000000,0.99167622,0.12418847,0.48333333,1.00000000,0
internal_blind,17982082,MMR,5,0.60000000,WMA_d55621e17d7bd3ee|139351|105510|38926|60316,0.99862778;0.98973292;0.98423058;0.97514898;0.97258729,1.00000000,0.64893158,4,2.00000000,0.98406551,0.08311769,0.45833333,0.25000000,3
internal_blind,17982082,D3_TFIDF,5,,WMA_034104e943010e43|WMA_d55621e17d7bd3ee|42842|139351|139350,0.99862778;0.98773605;0.98521084;0.98423058;0.98415148,1.00000000,0.64893158,4,2.00000000,0.98799134,0.31613612,0.60833333,0.42857143,2
internal_blind,18227955,B0,5,,33948|73671|105440|106021|106031,0.99785739;0.99615920;0.99588335;0.99588335;0.99421906,1.00000000,0.52444758,3,1.80000000,0.99600047,0.20858703,0.56666667,1.00000000,0
internal_blind,18227955,MMR,5,0.60000000,33948|106031|105440|161114|161116,0.99785739;0.99588335;0.99421906;0.99030709;0.98405451,1.00000000,0.45845639,4,1.60000000,0.99246428,0.06878241,0.49166667,0.42857143,2
internal_blind,18227955,D3_TFIDF,5,,33948|138639|73671|105440|106021,0.99785739;0.99615920;0.99588335;0.99588335;0.81875241,1.00000000,0.42777224,3,1.60000000,0.96090714,0.20718884,0.63333333,0.66666667,1
internal_blind,18396309,B0,5,,WMA_16c2430f7fe94e2a|WMA_39f8f7831c86e3d6|WMA_126c06183b843049|WMA_b149a8c69aa87f6d|41144,0.99773562;0.99746346;0.99509096;0.99272317;0.98911792,1.00000000,0.54695142,4,1.60000000,0.99442623,0.23547688,0.90000000,1.00000000,0
internal_blind,18396309,MMR,5,0.60000000,WMA_16c2430f7fe94e2a|107776|138035|121833|WMA_b149a8c69aa87f6d,0.99773562;0.99272317;0.98088968;0.97995424;0.97947961,1.00000000,0.71044421,4,2.00000000,0.98615646,0.11593250,0.61666667,0.25000000,3
internal_blind,18396309,D3_TFIDF,5,,WMA_16c2430f7fe94e2a|107776|WMA_b149a8c69aa87f6d|WMA_39f8f7831c86e3d6|WMA_126c06183b843049,0.99773562;0.99746346;0.99509096;0.99272317;0.97995424,1.00000000,0.64126193,4,1.80000000,0.99259349,0.22789378,0.85000000,0.66666667,1
internal_blind,20001443,B0,5,,WMA_fcbef1e128e554cd|WMA_359cae846e0fbf8e|28647|157407|WMA_8e3b92750fae711a,0.98495215;0.92762536;0.91032809;0.90245956;0.78812331,0.50000000,0.46888466,4,0.80000000,0.90269769,0.14920054,0.08333333,1.00000000,0
internal_blind,20001443,MMR,5,0.60000000,WMA_fcbef1e128e554cd|157407|28647|WMA_359cae846e0fbf8e|134448,0.98495215;0.92762536;0.91032809;0.90245956;0.78340805,0.50000000,0.24030992,4,0.40000000,0.90175464,0.10427110,0.20833333,0.66666667,1
internal_blind,20001443,D3_TFIDF,5,,WMA_fcbef1e128e554cd|WMA_359cae846e0fbf8e|28647|157407|WMA_8e3b92750fae711a,0.98495215;0.92762536;0.91032809;0.90245956;0.78812331,0.50000000,0.46888466,4,0.80000000,0.90269769,0.14920054,0.08333333,1.00000000,0
internal_blind,20003167,B0,5,,26898|37642|WMA_55bd71ea5d4d7256|69473|140301,0.95828772;0.95259267;0.93834978;0.93773973;0.93116939,1.00000000,0.29776747,3,0.80000000,0.94362786,0.24511584,0.66666667,1.00000000,0
internal_blind,20003167,MMR,5,0.60000000,26898|37642|13251|WMA_55bd71ea5d4d7256|93491,0.95828772;0.95259267;0.93834978;0.90521938;0.89462852,1.00000000,0.39146987,4,0.80000000,0.92981561,0.10353580,0.59166667,0.42857143,2
internal_blind,20003167,D3_TFIDF,5,,26898|93491|37642|WMA_55bd71ea5d4d7256|69473,0.95828772;0.95259267;0.93834978;0.93773973;0.90521938,1.00000000,0.20134751,3,0.60000000,0.93843786,0.20108224,0.66666667,0.66666667,1
internal_blind,20031010,B0,5,,WMA_16baeec5d8022379|25716|110418|WMA_7121366b9310d1cd|WMA_57583d96dd77b66d,0.98977894;0.98610651;0.98508286;0.98355442;0.97169250,1.00000000,0.53627940,4,1.40000000,0.98324305,0.08730310,0.45000000,1.00000000,0
internal_blind,20031010,MMR,5,0.60000000,WMA_16baeec5d8022379|110418|WMA_7121366b9310d1cd|WMA_f980b3c5d7387478|WMA_57583d96dd77b66d,0.98977894;0.98508286;0.98355442;0.97169250;0.96263129,1.00000000,0.51710745,4,1.20000000,0.97854800,0.07137162,0.45000000,0.66666667,1
internal_blind,20031010,D3_TFIDF,5,,WMA_16baeec5d8022379|110418|WMA_f980b3c5d7387478|WMA_44bb615d8a79ee72|127053,0.98977894;0.98508286;0.96263129;0.90989447;0.81705451,1.00000000,0.37245725,4,0.80000000,0.93288841,0.08527632,0.30000000,0.25000000,3
internal_blind,20033697,B0,5,,WMA_0adfa7579a80bc9b|WMA_295165aad049b6d7|140450|40693|88491,0.99962962;0.99398512;0.98834538;0.98298979;0.98244643,1.00000000,0.64893158,4,2.00000000,0.98947927,0.23193071,0.73333333,1.00000000,0
internal_blind,20033697,MMR,5,0.60000000,WMA_0adfa7579a80bc9b|140453|74957|88491|62639,0.99962962;0.98244643;0.97065663;0.95457625;0.94521159,1.00000000,0.64893158,4,2.00000000,0.97050411,0.08848112,0.73333333,0.25000000,3
internal_blind,20033697,D3_TFIDF,5,,74957|40693|216957|143589|WMA_0adfa7579a80bc9b,0.99962962;0.98298979;0.97843963;0.97065663;0.94319189,1.00000000,0.64893158,5,2.00000000,0.97498151,0.12083818,0.57166667,0.25000000,3
internal_blind,20049075,B0,5,,WMA_8320250619d3ddf2|168784|14148|125980|9672,0.99823451;0.97396934;0.95751107;0.92642868;0.83678991,1.00000000,1.00000000,4,0.60000000,0.93858670,0.12355186,0.48333333,1.00000000,0
internal_blind,20049075,MMR,5,0.60000000,WMA_8320250619d3ddf2|168784|14148|125980|9672,0.99823451;0.97396934;0.95751107;0.92642868;0.83678991,1.00000000,1.00000000,4,0.60000000,0.93858670,0.12355186,0.48333333,1.00000000,0
internal_blind,20049075,D3_TFIDF,5,,168784|WMA_8320250619d3ddf2|9672|WMA_bcae0179ed29cc86|14148,0.99823451;0.97396934;0.95751107;0.83678991;0.77655649,1.00000000,0.94690243,4,0.60000000,0.90861226,0.12106953,0.56666667,0.66666667,1
internal_blind,20087983,B0,5,,51081|147104|WMA_e2925bd0347175c4|147106|WMA_b790147bdc83e4f3,0.91784334;0.81412655;0.61267078;0.49385610;0.47369629,1.00000000,0.77514825,5,0.80000000,0.66243861,0.14409591,0.45500000,1.00000000,0
internal_blind,20087983,MMR,5,0.60000000,51081|147104|WMA_e2925bd0347175c4|WMA_b790147bdc83e4f3|147106,0.91784334;0.81412655;0.61267078;0.49385610;0.47369629,1.00000000,0.76188708,5,0.80000000,0.66243861,0.14409591,0.45500000,1.00000000,0
internal_blind,20087983,D3_TFIDF,5,,WMA_e2925bd0347175c4|147104|51081|147106|WMA_b790147bdc83e4f3,0.91784334;0.81412655;0.61267078;0.49385610;0.47369629,1.00000000,0.77514825,5,0.80000000,0.66243861,0.14409591,0.45500000,1.00000000,0
internal_blind,20093909,B0,5,,24830|134451|45940|129623|34434,0.96654117;0.96008652;0.93914735;0.92577159;0.92542374,1.00000000,0.79564194,4,1.40000000,0.94339408,0.22616906,0.75000000,1.00000000,0
internal_blind,20093909,MMR,5,0.60000000,24830|45940|34434|114007|134451,0.96654117;0.96008652;0.93914735;0.92542374;0.88527888,1.00000000,0.73310156,4,1.40000000,0.93529553,0.18675011,0.67500000,0.66666667,1
internal_blind,20093909,D3_TFIDF,5,,24830|45940|64257|129623|34434,0.96654117;0.93914735;0.92577159;0.92542374;0.70377767,1.00000000,0.56991934,4,1.00000000,0.89213231,0.20272189,0.42500000,0.66666667,1
internal_blind,20134016,B0,5,,86523|213036|139901|25522|135992,0.94992036;0.88331020;0.62174517;0.53264707;0.49809533,1.00000000,0.64893158,4,1.00000000,0.69714363,0.17274769,0.45000000,1.00000000,0
internal_blind,20134016,MMR,5,0.60000000,86523|213036|139901|135992|94768,0.94992036;0.88331020;0.62174517;0.49809533;0.44228244,1.00000000,0.64893158,4,1.00000000,0.67907070,0.11350133,0.42500000,0.66666667,1
internal_blind,20134016,D3_TFIDF,5,,86523|213036|25522|135992|94768,0.94992036;0.88331020;0.53264707;0.49809533;0.44228244,1.00000000,0.64893158,4,1.00000000,0.66125108,0.11873226,0.45000000,0.66666667,1
internal_blind,20260954,B0,5,,WMA_12d9c6064aa91af8|WMA_7ca4dfa579a6fad0|WMA_835c7689031e5693|197159|173733,0.99359107;0.99330223;0.99075562;0.99045300;0.98635614,1.00000000,0.64893158,5,2.00000000,0.99089161,0.15877080,0.50000000,1.00000000,0
internal_blind,20260954,MMR,5,0.60000000,WMA_12d9c6064aa91af8|WMA_835c7689031e5693|173467|WMA_7d0d047d72c585ff|WMA_7ca4dfa579a6fad0,0.99359107;0.99330223;0.99075562;0.98597682;0.98487121,1.00000000,0.64893158,5,2.00000000,0.98969939,0.08364045,0.65000000,0.42857143,2
internal_blind,20260954,D3_TFIDF,5,,WMA_12d9c6064aa91af8|173180|WMA_7ca4dfa579a6fad0|WMA_835c7689031e5693|197159,0.99359107;0.99330223;0.99075562;0.99045300;0.98370510,1.00000000,0.64893158,5,2.00000000,0.99036140,0.12330382,0.67333333,0.66666667,1
internal_blind,20415278,B0,5,,219886|8494|13569|3772|223334,0.97688407;0.97335577;0.97207940;0.96601146;0.96552873,1.00000000,0.45973079,5,0.60000000,0.97077188,0.10255646,0.44333333,1.00000000,0
internal_blind,20415278,MMR,5,0.60000000,219886|13569|3772|8494|223334,0.97688407;0.97335577;0.97207940;0.96601146;0.96552873,1.00000000,0.47726565,5,0.60000000,0.97077188,0.10255646,0.44333333,1.00000000,0
internal_blind,20415278,D3_TFIDF,5,,219886|1315|154848|8494|13569,0.97688407;0.97335577;0.97207940;0.94137788;0.68650234,1.00000000,0.41253178,5,0.40000000,0.91003989,0.10863704,0.38500000,0.42857143,2
internal_blind,23550391,B0,5,,WMA_05cf4cef8bca3e0f|WMA_f2843a0b5e93424c|WMA_29b38048ca94a347|127694|95037,0.99972576;0.99916184;0.99841285;0.99690241;0.99599046,1.00000000,0.69041669,5,1.00000000,0.99803866,0.23060829,0.56000000,1.00000000,0
internal_blind,23550391,MMR,5,0.60000000,WMA_05cf4cef8bca3e0f|127694|WMA_f2843a0b5e93424c|WMA_29b38048ca94a347|95037,0.99972576;0.99916184;0.99841285;0.99690241;0.99599046,1.00000000,0.65981359,5,1.00000000,0.99803866,0.23060829,0.56000000,1.00000000,0
internal_blind,23550391,D3_TFIDF,5,,WMA_f2843a0b5e93424c|WMA_05cf4cef8bca3e0f|127694|82534|164493,0.99972576;0.99916184;0.99690241;0.99499917;0.99493152,1.00000000,0.56701841,5,1.00000000,0.99714414,0.29164282,0.43666667,0.42857143,2
internal_blind,23875649,B0,5,,WMA_dd8b6135f55df089|9986|174672|180507|50172,0.93454099;0.92273378;0.78040838;0.75368506;0.73450929,1.00000000,0.64893158,5,1.00000000,0.82517550,0.11014416,0.36666667,1.00000000,0
internal_blind,23875649,MMR,5,0.60000000,WMA_dd8b6135f55df089|9986|174672|180507|WMA_5a315720d9fdfd2c,0.93454099;0.92273378;0.78040838;0.75368506;0.70060968,0.80000000,0.64893158,4,1.00000000,0.81839558,0.09042797,0.45833333,0.66666667,1
internal_blind,23875649,D3_TFIDF,5,,WMA_dd8b6135f55df089|50172|180352|WMA_05f72eac0362b502|174672,0.93454099;0.78040838;0.73450929;0.65564847;0.56185734,0.80000000,0.55414321,4,0.80000000,0.73339289,0.05498155,0.18333333,0.42857143,2
internal_blind,24098670,B0,5,,WMA_26ab0a557cc9c63f|WMA_02561a028b4f9f36|109951|36206|WMA_c42a2560e4aab32b,0.99990308;0.99957091;0.99930525;0.99924374;0.99734664,1.00000000,0.52411315,5,1.60000000,0.99907392,0.21997585,0.76000000,1.00000000,0
internal_blind,24098670,MMR,5,0.60000000,WMA_26ab0a557cc9c63f|36206|147882|WMA_02561a028b4f9f36|156404,0.99990308;0.99957091;0.99924374;0.99395728;0.98213929,1.00000000,0.45474051,5,1.40000000,0.99496286,0.11032690,0.60000000,0.42857143,2
internal_blind,24098670,D3_TFIDF,5,,WMA_26ab0a557cc9c63f|WMA_3e4b4e6764406e9b|WMA_3b03bde9451777fc|WMA_02561a028b4f9f36|36206,0.99990308;0.99957091;0.99924374;0.99374783;0.96375066,1.00000000,0.26473744,5,1.00000000,0.99124324,0.25458686,0.37500000,0.42857143,2
internal_blind,25334585,B0,5,,WMA_76b53d3e4424d995|112397|WMA_0a4eeb458f266acf|WMA_b1bf44048d49b9a4|WMA_77412925e80590b4,0.99777275;0.92726761;0.16880605;0.09541140;0.05173707,1.00000000,0.00000000,5,0.00000000,0.44819898,0.17725170,0.43833333,1.00000000,0
internal_blind,25334585,MMR,5,0.60000000,WMA_76b53d3e4424d995|112397|WMA_0a4eeb458f266acf|WMA_5cc09a820e676d23|81005,0.99777275;0.92726761;0.16880605;0.03601726;0.01736992,1.00000000,0.00000000,5,0.00000000,0.42944672,0.07755092,0.15000000,0.42857143,2
internal_blind,25334585,D3_TFIDF,5,,WMA_76b53d3e4424d995|WMA_77412925e80590b4|112397|WMA_0a4eeb458f266acf|WMA_9ef2661a43eae796,0.99777275;0.92726761;0.16880605;0.05173707;0.03829559,1.00000000,0.00000000,5,0.00000000,0.43677581,0.12669064,0.41833333,0.66666667,1
internal_blind,26130982,B0,5,,WMA_965d909a9c6bf8ff|200727|WMA_d9e6f68945ace843|101452|201537,0.99984181;0.98387712;0.97270805;0.96884602;0.96245748,0.66666667,0.35547589,4,1.40000000,0.97754610,0.20000083,0.80000000,1.00000000,0
internal_blind,26130982,MMR,5,0.60000000,WMA_965d909a9c6bf8ff|200727|205073|188390|201537,0.99984181;0.98387712;0.96245748;0.96101820;0.95094013,0.66666667,0.42883981,4,1.60000000,0.97162695,0.13433286,0.75000000,0.42857143,2
internal_blind,26130982,D3_TFIDF,5,,200727|WMA_965d909a9c6bf8ff|WMA_d9e6f68945ace843|101452|201537,0.99984181;0.98387712;0.97270805;0.96884602;0.96245748,0.66666667,0.43670521,4,1.40000000,0.97754610,0.20000083,0.80000000,1.00000000,0
internal_blind,26149351,B0,5,,WMA_0b720897500be365|WMA_1a462b9cda1d788c|WMA_ea2034a3a94ea91f|WMA_710782cf6675c30c|WMA_7564b87d54af08ab,0.99914551;0.99865401;0.99855083;0.98874706;0.98446298,1.00000000,0.64893158,5,2.00000000,0.99391208,0.23785234,0.53333333,1.00000000,0
internal_blind,26149351,MMR,5,0.60000000,WMA_0b720897500be365|WMA_710782cf6675c30c|44436|WMA_1a462b9cda1d788c|WMA_7564b87d54af08ab,0.99914551;0.99865401;0.98874706;0.98446298;0.97899848,1.00000000,0.64893158,4,2.00000000,0.99000161,0.16623808,0.49166667,0.66666667,1
internal_blind,26149351,D3_TFIDF,5,,WMA_ea2034a3a94ea91f|WMA_0b720897500be365|WMA_1a462b9cda1d788c|WMA_7564b87d54af08ab|44436,0.99914551;0.99865401;0.99855083;0.98446298;0.97899848,1.00000000,0.64893158,5,2.00000000,0.99196236,0.24427565,0.42166667,0.66666667,1
internal_blind,26864391,B0,5,,WMA_2709289b9f69749a|WMA_28f03f5402a0cd3a|WMA_08f93e69ba81f662|WMA_c268f9415557b224|WMA_28716dc32aaa930a,0.99986327;0.99980551;0.99964809;0.99947423;0.99942601,1.00000000,0.34262841,2,0.60000000,0.99964342,0.31816880,0.00000000,1.00000000,0
internal_blind,26864391,MMR,5,0.60000000,WMA_2709289b9f69749a|89754|WMA_360754d46ad48d65|WMA_eed313e303264b12|WMA_28716dc32aaa930a,0.99986327;0.99942601;0.99738103;0.99498534;0.99311769,1.00000000,0.26144016,3,0.40000000,0.99695467,0.19812061,0.06666667,0.25000000,3
internal_blind,26864391,D3_TFIDF,5,,WMA_eed313e303264b12|WMA_2709289b9f69749a|WMA_28f03f5402a0cd3a|WMA_08f93e69ba81f662|WMA_c268f9415557b224,0.99986327;0.99980551;0.99964809;0.99947423;0.99311769,1.00000000,0.19186552,3,0.40000000,0.99838176,0.27638407,0.06666667,0.66666667,1
internal_blind,27724050,B0,5,,WMA_f7a593b4b802fc8a|179378|11233|178112|224380,0.99697280;0.81388503;0.75135803;0.72435486;0.66440791,1.00000000,0.56378846,4,1.60000000,0.79019573,0.16466160,0.20833333,1.00000000,0
internal_blind,27724050,MMR,5,0.60000000,WMA_f7a593b4b802fc8a|179378|178112|224380|216349,0.99697280;0.81388503;0.72435486;0.66440791;0.54016805,1.00000000,0.55414321,4,1.60000000,0.74795773,0.09994157,0.30000000,0.66666667,1
internal_blind,27724050,D3_TFIDF,5,,WMA_f7a593b4b802fc8a|178112|179378|11233|WMA_1451486313ef0a0c,0.99697280;0.81388503;0.75135803;0.72435486;0.54380220,1.00000000,0.64893158,5,2.00000000,0.76607459,0.20371272,0.39333333,0.66666667,1
internal_blind,28207163,B0,5,,83864|27395|17450|20482|24830,0.93117011;0.92849153;0.91732091;0.88297147;0.83403325,1.00000000,0.00000000,4,0.00000000,0.89879745,0.22693627,0.40000000,1.00000000,0
internal_blind,28207163,MMR,5,0.60000000,83864|27395|20482|114007|18258,0.93117011;0.92849153;0.88297147;0.83096868;0.82844788,1.00000000,0.00000000,4,0.00000000,0.88040993,0.07759558,0.25833333,0.42857143,2
internal_blind,28207163,D3_TFIDF,5,,114007|83864|18258|27395|17450,0.93117011;0.92849153;0.91732091;0.83096868;0.82844788,1.00000000,0.00000000,4,0.00000000,0.88727982,0.18965024,0.35000000,0.42857143,2
internal_blind,28916348,B0,5,,202015|211034|211031|199259|WMA_2643164b10a1fb11,0.94917184;0.92407757;0.90212357;0.66268975;0.58192360,1.00000000,0.00000000,3,0.00000000,0.80399727,0.27670001,0.46666667,1.00000000,0
internal_blind,28916348,MMR,5,0.60000000,202015|211034|199259|WMA_2643164b10a1fb11|211031,0.94917184;0.92407757;0.90212357;0.66268975;0.58192360,1.00000000,0.00000000,3,0.00000000,0.80399727,0.27670001,0.46666667,1.00000000,0
internal_blind,28916348,D3_TFIDF,5,,WMA_2643164b10a1fb11|202015|211031|211034|199259,0.94917184;0.92407757;0.90212357;0.66268975;0.58192360,1.00000000,0.00000000,3,0.00000000,0.80399727,0.27670001,0.46666667,1.00000000,0
internal_blind,290634,B0,5,,WMA_d45cfb4424b2cbda|142739|193139|11227|173154,0.88513178;0.86816555;0.19370630;0.08540960;0.00337327,1.00000000,0.27541155,3,0.20000000,0.40715730,0.07994245,0.13333333,1.00000000,0
internal_blind,290634,MMR,5,0.60000000,WMA_d45cfb4424b2cbda|142739|193139|11227|WMA_fa5a060e02fe9276,0.88513178;0.86816555;0.19370630;0.08540960;0.00159142,1.00000000,0.27541155,4,0.20000000,0.40680093,0.08141827,0.10000000,0.66666667,1
internal_blind,290634,D3_TFIDF,5,,123949|WMA_d45cfb4424b2cbda|142739|193139|173154,0.88513178;0.86816555;0.19370630;0.00337327;0.00027176,1.00000000,0.17376534,4,0.20000000,0.39012973,0.09001970,0.12500000,0.66666667,1
internal_blind,30003738,B0,5,,57447|WMA_05aac8d02ef80df9|122754|WMA_193c4096ee7c001a|149467,0.91673416;0.84403950;0.82467604;0.81103432;0.80603403,1.00000000,0.64893158,4,1.00000000,0.84050361,0.43829130,0.63333333,1.00000000,0
internal_blind,30003738,MMR,5,0.60000000,57447|WMA_41829fbf396cff83|122754|99026|149467,0.91673416;0.82467604;0.80603403;0.80200207;0.74818146,1.00000000,0.64893158,4,1.00000000,0.81952555,0.16275080,0.55833333,0.42857143,2
internal_blind,30003738,D3_TFIDF,5,,45471|122754|WMA_193c4096ee7c001a|57447|WMA_05aac8d02ef80df9,0.91673416;0.84403950;0.82467604;0.81103432;0.79906124,1.00000000,0.64893158,4,1.00000000,0.83910905,0.29050417,0.74166667,0.66666667,1
internal_blind,30004965,B0,5,,WMA_d0d9f032dd201687|22227|WMA_36e5b2f82666785e|117826|66583,0.99568331;0.99380207;0.98553073;0.98547703;0.98252350,1.00000000,0.38864015,4,0.60000000,0.98860333,0.19153575,0.25833333,1.00000000,0
internal_blind,30004965,MMR,5,0.60000000,WMA_d0d9f032dd201687|197954|WMA_36e5b2f82666785e|66584|117826,0.99568331;0.98553073;0.98547703;0.96438205;0.96233726,1.00000000,0.26144016,5,0.40000000,0.97868208,0.08041078,0.40666667,0.42857143,2
internal_blind,30004965,D3_TFIDF,5,,WMA_769a308b184a5bed|WMA_d0d9f032dd201687|117826|66583|22227,0.99568331;0.99380207;0.98547703;0.98252350;0.80399078,1.00000000,0.47463543,3,0.80000000,0.95229534,0.17674268,0.28333333,0.66666667,1
internal_blind,30011830,B0,5,,45626|WMA_f1528c22baf84eee|180352|98843|59416,0.92171514;0.86622602;0.85586149;0.82746446;0.82640797,1.00000000,0.48580326,4,1.00000000,0.85953501,0.11890994,0.21666667,1.00000000,0
internal_blind,30011830,MMR,5,0.60000000,45626|WMA_f1528c22baf84eee|180352|98843|59416,0.92171514;0.86622602;0.85586149;0.82746446;0.82640797,1.00000000,0.48580326,4,1.00000000,0.85953501,0.11890994,0.21666667,1.00000000,0
internal_blind,30011830,D3_TFIDF,5,,45626|WMA_f1528c22baf84eee|180352|98843|170547,0.92171514;0.86622602;0.85586149;0.82746446;0.79274690,1.00000000,0.48580326,4,1.00000000,0.85280280,0.20111985,0.21666667,0.66666667,1
internal_blind,30034038,B0,5,,WMA_542f0fe15d576316|WMA_e5acd71712f05db7|WMA_a61e62a7b2ce00e1|153091|WMA_28e6f70faef58963,0.99373984;0.90297246;0.81824607;0.78667516;0.76901710,1.00000000,0.52296192,3,1.00000000,0.85413013,0.10680775,0.60000000,1.00000000,0
internal_blind,30034038,MMR,5,0.60000000,WMA_542f0fe15d576316|WMA_e5acd71712f05db7|153091|WMA_a61e62a7b2ce00e1|WMA_28e6f70faef58963,0.99373984;0.90297246;0.81824607;0.78667516;0.76901710,1.00000000,0.49837042,3,1.00000000,0.85413013,0.10680775,0.60000000,1.00000000,0
internal_blind,30034038,D3_TFIDF,5,,WMA_e5acd71712f05db7|WMA_542f0fe15d576316|153091|WMA_a61e62a7b2ce00e1|WMA_28e6f70faef58963,0.99373984;0.90297246;0.81824607;0.78667516;0.76901710,1.00000000,0.56383162,3,1.00000000,0.85413013,0.10680775,0.60000000,1.00000000,0
internal_blind,3007149,B0,5,,WMA_065f17f1762d74d8|WMA_1eda1d3d13d892a0|91411|39189|99026,0.99495089;0.99475867;0.98825026;0.98749548;0.98701131,0.75000000,0.41966501,4,0.40000000,0.99049332,0.20571591,0.34166667,1.00000000,0
internal_blind,3007149,MMR,5,0.60000000,WMA_065f17f1762d74d8|39189|WMA_1eda1d3d13d892a0|91411|20907,0.99495089;0.99475867;0.98825026;0.98749548;0.79534674,0.75000000,0.41966501,4,0.40000000,0.95216041,0.11993783,0.26666667,0.66666667,1
internal_blind,3007149,D3_TFIDF,5,,WMA_1eda1d3d13d892a0|WMA_065f17f1762d74d8|91411|39189|WMA_6d422c1a9982276c,0.99495089;0.99475867;0.98825026;0.98749548;0.96849018,1.00000000,0.19092087,5,0.20000000,0.98678910,0.19079281,0.27666667,0.66666667,1
internal_blind,300736,B0,5,,WMA_2c6c4e4efa375a45|WMA_2c4cfafdc3a40243|WMA_3c5cc48ebc4994dd|WMA_4b1d7df3df266f29|136581,0.99899143;0.99198979;0.99109215;0.98713523;0.97996831,0.75000000,0.47686931,4,1.20000000,0.98983538,0.20244001,0.17500000,1.00000000,0
internal_blind,300736,MMR,5,0.60000000,WMA_2c6c4e4efa375a45|WMA_2c4cfafdc3a40243|136581|WMA_5fdde21976a0efdd|WMA_3c5cc48ebc4994dd,0.99899143;0.99198979;0.99109215;0.97996831;0.96828115,1.00000000,0.50586127,5,1.20000000,0.98606457,0.16669282,0.34500000,0.66666667,1
internal_blind,300736,D3_TFIDF,5,,107477|WMA_2c6c4e4efa375a45|WMA_2c4cfafdc3a40243|WMA_3c5cc48ebc4994dd|WMA_4b1d7df3df266f29,0.99899143;0.99198979;0.99109215;0.98713523;0.78026384,0.75000000,0.37774515,4,1.00000000,0.94989449,0.13755262,0.17500000,0.66666667,1
internal_blind,30290451,B0,5,,WMA_be5b6acdef934e38|13829|15923|129272|139611,0.91093189;0.32090494;0.03425817;0.03363877;0.02243885,0.66666667,0.96746798,4,0.60000000,0.26443452,0.12843619,0.38333333,1.00000000,0
internal_blind,30290451,MMR,5,0.60000000,WMA_be5b6acdef934e38|13829|15923|139611|157613,0.91093189;0.32090494;0.03425817;0.02243885;0.00873025,0.66666667,0.76536064,4,0.40000000,0.25945282,0.04979802,0.21666667,0.66666667,1
internal_blind,30290451,D3_TFIDF,5,,196032|WMA_be5b6acdef934e38|13829|15923|129272,0.91093189;0.32090494;0.03425817;0.03363877;0.01393290,0.66666667,0.71226307,4,0.60000000,0.26273333,0.13097568,0.38333333,0.66666667,1
internal_blind,30399433,B0,5,,WMA_3562aa4cdf9f3429|104357|222426|128039|WMA_0468944ab468c13c,0.98999459;0.98426777;0.93588829;0.93233824;0.93067813,1.00000000,0.33484598,5,1.00000000,0.95463340,0.18040895,0.58000000,1.00000000,0
internal_blind,30399433,MMR,5,0.60000000,WMA_3562aa4cdf9f3429|104357|179819|128039|WMA_0468944ab468c13c,0.98999459;0.98426777;0.93233824;0.93067813;0.90346545,1.00000000,0.44841241,5,1.20000000,0.94814883,0.12909274,0.59000000,0.66666667,1
internal_blind,30399433,D3_TFIDF,5,,104357|WMA_3562aa4cdf9f3429|WMA_d1b75bf22566871e|155165|222426,0.98999459;0.98426777;0.93588829;0.90180278;0.82098043,1.00000000,0.33484598,5,1.00000000,0.92658677,0.13447574,0.47833333,0.42857143,2
internal_blind,30420073,B0,5,,WMA_5bb6edee4333e4d3|WMA_951fdc5b84944fe2|39390|9661|WMA_95b8f847d2d16cae,0.99995136;0.99938059;0.99643493;0.99456930;0.99179828,1.00000000,0.67767436,5,2.00000000,0.99642689,0.15123012,0.60833333,1.00000000,0
internal_blind,30420073,MMR,5,0.60000000,WMA_5bb6edee4333e4d3|39390|9661|WMA_95b8f847d2d16cae|64170,0.99995136;0.99643493;0.99456930;0.99179828;0.98908687,1.00000000,0.58876004,5,1.60000000,0.99436815,0.09051199,0.58666667,0.66666667,1
internal_blind,30420073,D3_TFIDF,5,,WMA_5bb6edee4333e4d3|WMA_951fdc5b84944fe2|39390|WMA_55bc0ac7b1328c05|102452,0.99995136;0.99938059;0.99643493;0.98907137;0.98435277,1.00000000,0.51941137,5,1.40000000,0.99383820,0.17978757,0.51000000,0.42857143,2
internal_blind,30450214,B0,5,,WMA_5ca170b08cfdf116|WMA_97fa5903c7e1e66c|167896|WMA_dd8cb966c452cefa|WMA_cd8846be6ddc9b4e,0.99987113;0.99863356;0.97850764;0.97592098;0.96937871,1.00000000,0.53991173,4,1.60000000,0.98446240,0.19376372,0.65000000,1.00000000,0
internal_blind,30450214,MMR,5,0.60000000,WMA_5ca170b08cfdf116|167896|WMA_97fa5903c7e1e66c|WMA_dd8cb966c452cefa|156415,0.99987113;0.99863356;0.97850764;0.97592098;0.90485144,1.00000000,0.49880121,5,1.40000000,0.97155695,0.16545573,0.48166667,0.66666667,1
internal_blind,30450214,D3_TFIDF,5,,WMA_cd8846be6ddc9b4e|WMA_5ca170b08cfdf116|WMA_97fa5903c7e1e66c|WMA_dd8cb966c452cefa|WMA_7f64722eeb07cf8e,0.99987113;0.99863356;0.97592098;0.96937871;0.96090043,1.00000000,0.56094380,4,1.60000000,0.98094096,0.25620578,0.52500000,0.66666667,1
internal_blind,30560202,B0,5,,WMA_bd8d1ee1d48fd708|191908|26550|12845|169129,0.99326879;0.98707414;0.98130924;0.96776807;0.96570355,1.00000000,0.75852884,5,1.20000000,0.97902476,0.16760665,0.73000000,1.00000000,0
internal_blind,30560202,MMR,5,0.60000000,WMA_bd8d1ee1d48fd708|169129|191908|26550|12845,0.99326879;0.98707414;0.98130924;0.96776807;0.96570355,1.00000000,0.68724643,5,1.20000000,0.97902476,0.16760665,0.73000000,1.00000000,0
internal_blind,30560202,D3_TFIDF,5,,WMA_bd8d1ee1d48fd708|191908|26550|169129|53199,0.99326879;0.98707414;0.98130924;0.96570355;0.87972718,1.00000000,0.75852884,5,1.20000000,0.96141658,0.18595004,0.73000000,0.66666667,1
internal_blind,30595742,B0,5,,WMA_09d041e3a460d02b|37543|51686|WMA_7aeeea764f8bcd3a|90612,0.99238104;0.98278046;0.92350972;0.88646024;0.80989552,1.00000000,0.38739492,4,0.80000000,0.91900539,0.10577839,0.37500000,1.00000000,0
internal_blind,30595742,MMR,5,0.60000000,WMA_09d041e3a460d02b|37543|51686|90612|10482,0.99238104;0.98278046;0.92350972;0.80989552;0.72365373,1.00000000,0.18081873,4,0.40000000,0.88644409,0.05644502,0.33333333,0.66666667,1
internal_blind,30595742,D3_TFIDF,5,,67957|WMA_09d041e3a460d02b|37543|51686|90612,0.99238104;0.98278046;0.92350972;0.80989552;0.59363556,1.00000000,0.14880124,4,0.40000000,0.86044046,0.09207464,0.40833333,0.66666667,1
internal_blind,30652049,B0,5,,WMA_73f9d5610af993cb|WMA_2afb80360f0ff8b7|132514|WMA_6dbeeea61c7d0a69|WMA_e4baba983eea1f7e,0.99126983;0.91398805;0.89288974;0.52861071;0.38767070,1.00000000,0.30657360,4,0.20000000,0.74288580,0.20534353,0.02500000,1.00000000,0
internal_blind,30652049,MMR,5,0.60000000,WMA_73f9d5610af993cb|132514|WMA_2afb80360f0ff8b7|WMA_6dbeeea61c7d0a69|119160,0.99126983;0.91398805;0.89288974;0.52861071;0.34711760,1.00000000,0.38685281,4,0.20000000,0.73477519,0.13761794,0.07500000,0.66666667,1
internal_blind,30652049,D3_TFIDF,5,,WMA_73f9d5610af993cb|WMA_2afb80360f0ff8b7|132514|WMA_6dbeeea61c7d0a69|WMA_e4baba983eea1f7e,0.99126983;0.91398805;0.89288974;0.52861071;0.38767070,1.00000000,0.30657360,4,0.20000000,0.74288580,0.20534353,0.02500000,1.00000000,0
internal_blind,30718273,B0,5,,WMA_b703e7b298d4f77c|WMA_4aa6cea05f69ca9a|WMA_09965ca12e613ed2|48801|WMA_680330d218733e10,0.93807596;0.93580258;0.91882271;0.57067496;0.53727245,0.66666667,0.47036528,3,0.40000000,0.78012973,0.13658521,0.50000000,1.00000000,0
internal_blind,30718273,MMR,5,0.60000000,WMA_b703e7b298d4f77c|WMA_09965ca12e613ed2|WMA_4aa6cea05f69ca9a|35800|48801,0.93807596;0.93580258;0.91882271;0.57067496;0.50539154,0.66666667,0.33916021,3,0.20000000,0.77375355,0.11102642,0.50000000,0.66666667,1
internal_blind,30718273,D3_TFIDF,5,,WMA_b703e7b298d4f77c|WMA_4aa6cea05f69ca9a|WMA_09965ca12e613ed2|48801|WMA_680330d218733e10,0.93807596;0.93580258;0.91882271;0.57067496;0.53727245,0.66666667,0.47036528,3,0.40000000,0.78012973,0.13658521,0.50000000,1.00000000,0
internal_blind,30783696,B0,5,,WMA_dfe6e7294d5abe8c|WMA_1fa73a109a4d2c0c|51672|41931|78839,0.99996090;0.99870086;0.99576676;0.99144965;0.98994118,0.50000000,0.38779095,4,1.40000000,0.99516387,0.17010738,0.65000000,1.00000000,0
internal_blind,30783696,MMR,5,0.60000000,WMA_dfe6e7294d5abe8c|151664|41931|51672|161516,0.99996090;0.99576676;0.99144965;0.98830986;0.96982580,1.00000000,0.50628153,4,1.60000000,0.98906260,0.11953859,0.77500000,0.42857143,2
internal_blind,30783696,D3_TFIDF,5,,WMA_1fa73a109a4d2c0c|WMA_dfe6e7294d5abe8c|51672|78839|151664,0.99996090;0.99870086;0.99576676;0.98994118;0.98830986,1.00000000,0.38779095,5,1.40000000,0.99453591,0.17229789,0.57666667,0.66666667,1
internal_blind,31004642,B0,5,,WMA_bb2b2e3bd2689dd2|128200|52|31097|115258,0.99764866;0.99277699;0.98827386;0.98646891;0.97651243,1.00000000,0.62070291,5,0.80000000,0.98833617,0.15344544,0.40000000,1.00000000,0
internal_blind,31004642,MMR,5,0.60000000,WMA_bb2b2e3bd2689dd2|31097|128200|115258|52,0.99764866;0.99277699;0.98827386;0.98646891;0.97651243,1.00000000,0.63129706,5,0.80000000,0.98833617,0.15344544,0.40000000,1.00000000,0
internal_blind,31004642,D3_TFIDF,5,,WMA_bb2b2e3bd2689dd2|128200|52|31097|115258,0.99764866;0.99277699;0.98827386;0.98646891;0.97651243,1.00000000,0.62070291,5,0.80000000,0.98833617,0.15344544,0.40000000,1.00000000,0
internal_blind,31582728,B0,5,,166526|155593|161341|8272|14471,0.39180151;0.32055923;0.25765872;0.22756875;0.22705808,1.00000000,0.55314647,1,0.40000000,0.28492926,0.20340373,0.10000000,1.00000000,0
internal_blind,31582728,MMR,5,0.60000000,166526|155593|161341|14471|8272,0.39180151;0.32055923;0.25765872;0.22756875;0.22705808,1.00000000,0.55314647,1,0.40000000,0.28492926,0.20340373,0.10000000,1.00000000,0
internal_blind,31582728,D3_TFIDF,5,,166526|155593|161341|8272|14471,0.39180151;0.32055923;0.25765872;0.22756875;0.22705808,1.00000000,0.55314647,1,0.40000000,0.28492926,0.20340373,0.10000000,1.00000000,0
internal_blind,31612771,B0,5,,WMA_7b86e0d40e0e12aa|WMA_584ae0d5559d497d|WMA_9694d540c7016aaf|WMA_503bf7fa726adc11|30087,0.99990094;0.99906367;0.99869663;0.99865639;0.99856478,1.00000000,0.46948980,3,1.60000000,0.99897648,0.27541539,0.43333333,1.00000000,0
internal_blind,31612771,MMR,5,0.60000000,WMA_7b86e0d40e0e12aa|WMA_a80a609d1fb91782|17955|48937|WMA_503bf7fa726adc11,0.99990094;0.99865639;0.99251318;0.98413533;0.98327935,1.00000000,0.27730544,5,1.00000000,0.99169704,0.11427833,0.30666667,0.25000000,3
internal_blind,31612771,D3_TFIDF,5,,WMA_503bf7fa726adc11|WMA_9694d540c7016aaf|30087|WMA_47f395d0903c85ea|WMA_7b86e0d40e0e12aa,0.99990094;0.99869663;0.99865639;0.99856478;0.97963494,1.00000000,0.54695142,4,1.60000000,0.99509073,0.25756221,0.47500000,0.66666667,1
internal_blind,31662958,B0,5,,WMA_afa2ace471f7163a|WMA_e747290e05dd7b0f|WMA_8f45de37f4bb022b|121531|WMA_8e4536a026d2f6ef,0.97480237;0.96319503;0.94567561;0.93345261;0.89244831,1.00000000,0.57556765,5,1.80000000,0.94191478,0.18717194,0.47500000,1.00000000,0
internal_blind,31662958,MMR,5,0.60000000,WMA_afa2ace471f7163a|WMA_e747290e05dd7b0f|121531|WMA_8f45de37f4bb022b|172621,0.97480237;0.96319503;0.94567561;0.93345261;0.86909288,1.00000000,0.58573933,5,1.80000000,0.93724370,0.08053860,0.39333333,0.66666667,1
internal_blind,31662958,D3_TFIDF,5,,WMA_afa2ace471f7163a|WMA_e747290e05dd7b0f|172621|WMA_8f45de37f4bb022b|169986,0.97480237;0.96319503;0.94567561;0.86909288;0.85596436,1.00000000,0.58573933,5,1.80000000,0.92174605,0.15053534,0.41000000,0.42857143,2
internal_blind,31966374,B0,5,,WMA_6723cd2decc8bb50|WMA_8e12e0254fee6f6e|WMA_55c2297105c607ab|WMA_074a16ac276adc1b|WMA_7ad99b11f31e0159,0.95405209;0.95227063;0.90403306;0.88764179;0.78042245,1.00000000,0.50058878,5,0.80000000,0.89568400,0.09989911,0.29000000,1.00000000,0
internal_blind,31966374,MMR,5,0.60000000,WMA_6723cd2decc8bb50|WMA_8e12e0254fee6f6e|WMA_55c2297105c607ab|WMA_074a16ac276adc1b|WMA_7ad99b11f31e0159,0.95405209;0.95227063;0.90403306;0.88764179;0.78042245,1.00000000,0.50058878,5,0.80000000,0.89568400,0.09989911,0.29000000,1.00000000,0
internal_blind,31966374,D3_TFIDF,5,,WMA_55c2297105c607ab|WMA_6723cd2decc8bb50|WMA_074a16ac276adc1b|WMA_7ad99b11f31e0159|70911,0.95405209;0.90403306;0.88764179;0.78042245;0.77361917,1.00000000,0.64238326,5,0.80000000,0.85995371,0.12815037,0.25666667,0.66666667,1
internal_blind,32080415,B0,5,,WMA_a9a0b4d374e10909|WMA_672cfa8c1a213782|WMA_0c77497d3959a879|WMA_b4d86bf7fa1dbb9e|WMA_4b2f0b2472c32876,0.99936348;0.99613249;0.99600488;0.99158317;0.99017513,1.00000000,0.56378846,4,0.80000000,0.99465183,0.32249171,0.55833333,1.00000000,0
internal_blind,32080415,MMR,5,0.60000000,WMA_a9a0b4d374e10909|WMA_4b2f0b2472c32876|66224|WMA_0c77497d3959a879|148910,0.99936348;0.99600488;0.99017513;0.95041448;0.82663113,1.00000000,0.31488013,4,0.40000000,0.95251782,0.10302558,0.63333333,0.42857143,2
internal_blind,32080415,D3_TFIDF,5,,WMA_672cfa8c1a213782|WMA_0c77497d3959a879|66224|WMA_dd9d35114b964f16|WMA_82c6ec8bc7f09882,0.99613249;0.99600488;0.95041448;0.93597585;0.93531942,1.00000000,0.53888569,3,0.80000000,0.96276942,0.19243692,0.36666667,0.25000000,3
internal_blind,32256902,B0,5,,WMA_00f3bfcf78e8b0fb|WMA_16b490e2f7bd8897|WMA_f3861d851dad2ebd|WMA_e3a25b7556d92e51|209178,0.99500763;0.39634204;0.30641040;0.11852409;0.09709125,1.00000000,0.70445566,3,1.60000000,0.38267508,0.18247262,0.65000000,1.00000000,0
internal_blind,32256902,MMR,5,0.60000000,WMA_00f3bfcf78e8b0fb|WMA_16b490e2f7bd8897|WMA_f3861d851dad2ebd|209178|101794,0.99500763;0.39634204;0.30641040;0.09709125;0.06174091,1.00000000,0.61535114,3,1.40000000,0.37131845,0.18111562,0.63333333,0.66666667,1
internal_blind,32256902,D3_TFIDF,5,,WMA_00f3bfcf78e8b0fb|WMA_16b490e2f7bd8897|209178|WMA_3a793af51597f3dc|WMA_5ecce60c039be4cb,0.99500763;0.39634204;0.09709125;0.03252746;0.02375804,1.00000000,0.51190399,4,1.20000000,0.30894529,0.10424957,0.45833333,0.42857143,2
internal_blind,323025,B0,5,,WMA_3c5cc2b71cc6943a|76617|WMA_e88b7bee08816b45|WMA_1ea01c029eaaa3b0|WMA_8343f1130aa9c832,0.99832135;0.99226272;0.98484194;0.97205782;0.96031040,1.00000000,0.54429189,5,1.00000000,0.98155885,0.13481807,0.30666667,1.00000000,0
internal_blind,323025,MMR,5,0.60000000,WMA_3c5cc2b71cc6943a|WMA_e88b7bee08816b45|76617|WMA_1ea01c029eaaa3b0|WMA_291e22525536cccd,0.99832135;0.99226272;0.98484194;0.97205782;0.89888734,1.00000000,0.64342943,5,1.20000000,0.96927423,0.11602169,0.57166667,0.66666667,1
internal_blind,323025,D3_TFIDF,5,,WMA_291e22525536cccd|WMA_e88b7bee08816b45|WMA_1ea01c029eaaa3b0|WMA_8343f1130aa9c832|WMA_d0acc22d7fbe02a5,0.98484194;0.97205782;0.96031040;0.89888734;0.40931791,1.00000000,0.57761256,5,1.00000000,0.84508308,0.12708725,0.37166667,0.42857143,2
internal_blind,323411,B0,5,,WMA_7f12472d66423378|59650|84848|32213|32214,0.99990749;0.99983227;0.99974948;0.99961084;0.99953973,1.00000000,0.64893158,5,1.00000000,0.99972796,0.20705916,0.51000000,1.00000000,0
internal_blind,323411,MMR,5,0.60000000,WMA_7f12472d66423378|32213|84848|WMA_ab819b0742519f03|142185,0.99990749;0.99974948;0.99961084;0.99903882;0.99157190,1.00000000,0.64893158,5,1.00000000,0.99797571,0.10851226,0.43500000,0.42857143,2
internal_blind,323411,D3_TFIDF,5,,32214|84848|WMA_fe4e73f23cb9fe3c|WMA_475560b0075a8bb8|WMA_ab819b0742519f03,0.99974948;0.99953973;0.99873763;0.99792933;0.99157190,1.00000000,0.64893158,3,1.00000000,0.99750562,0.11342481,0.61666667,0.25000000,3
internal_blind,32579555,B0,5,,WMA_d6d25559e6df1959|114028|12376|219041|154423,0.99974221;0.99093103;0.99093103;0.99093103;0.98783487,1.00000000,0.40734721,4,1.40000000,0.99207404,0.31905696,0.75000000,1.00000000,0
internal_blind,32579555,MMR,5,0.60000000,WMA_d6d25559e6df1959|114028|154423|52655|163596,0.99974221;0.99093103;0.98783487;0.97468150;0.97367132,1.00000000,0.25784680,4,1.00000000,0.98537219,0.06977281,0.45000000,0.42857143,2
internal_blind,32579555,D3_TFIDF,5,,WMA_5b19f83aa1b876ef|WMA_d6d25559e6df1959|13145|52655|WMA_2847aba510f9341f,0.99974221;0.98284608;0.97367132;0.97263497;0.77704132,1.00000000,0.40891850,4,1.20000000,0.94118718,0.17197500,0.35833333,0.11111111,4
internal_blind,338292,B0,5,,WMA_155156b33b98d874|WMA_6a668beaa657325e|WMA_7d0b161f7b0507a4|189040|36899,0.99952006;0.99212402;0.98938960;0.98452157;0.98025262,0.33333333,0.55314647,2,0.40000000,0.98916157,0.16303654,0.45000000,1.00000000,0
internal_blind,338292,MMR,5,0.60000000,WMA_155156b33b98d874|WMA_a282089fe96783d7|36899|WMA_7d0b161f7b0507a4|189040,0.99952006;0.98938960;0.98452157;0.98025262;0.95168173,0.33333333,0.33916021,2,0.20000000,0.98107312,0.06617168,0.45000000,0.66666667,1
internal_blind,338292,D3_TFIDF,5,,212674|WMA_155156b33b98d874|189040|36901|36903,0.99952006;0.98452157;0.94000220;0.93422186;0.90932477,0.66666667,0.55314647,3,0.40000000,0.95351809,0.09214630,0.16666667,0.25000000,3
internal_blind,34354068,B0,5,,31066|8213|187026|177475|152133,0.98301017;0.97918826;0.97212052;0.93591607;0.92722458,1.00000000,0.64893158,4,1.00000000,0.95949192,0.14914860,0.68333333,1.00000000,0
internal_blind,34354068,MMR,5,0.60000000,31066|8213|152133|187026|177475,0.98301017;0.97918826;0.97212052;0.93591607;0.92722458,1.00000000,0.64893158,4,1.00000000,0.95949192,0.14914860,0.68333333,1.00000000,0
internal_blind,34354068,D3_TFIDF,5,,31066|187026|102640|44059|151792,0.98301017;0.97212052;0.85699725;0.85471594;0.82196766,1.00000000,0.64893158,5,1.00000000,0.89776231,0.17971203,0.63166667,0.25000000,3
internal_blind,34675524,B0,5,,31506|214099|116360|163893|131149,0.98819155;0.98621273;0.98615801;0.98314387;0.98131770,1.00000000,0.64893158,5,2.00000000,0.98500477,0.18221929,0.82500000,1.00000000,0
internal_blind,34675524,MMR,5,0.60000000,31506|116360|163893|131149|117099,0.98819155;0.98615801;0.98314387;0.98131770;0.97175175,1.00000000,0.59216950,5,1.80000000,0.98211257,0.13634579,0.67666667,0.66666667,1
internal_blind,34675524,D3_TFIDF,5,,31506|49589|117099|214099|116360,0.98819155;0.98621273;0.98615801;0.97175175;0.91270077,1.00000000,0.43670521,5,1.40000000,0.96900296,0.14240173,0.67666667,0.42857143,2
internal_blind,347212,B0,5,,WMA_7a783903a8b2005a|7242|13601|78924|216968,0.96012419;0.92431605;0.90499210;0.86903608;0.65377450,0.66666667,0.64893158,2,1.00000000,0.86244859,0.15420182,1.00000000,1.00000000,0
internal_blind,347212,MMR,5,0.60000000,WMA_7a783903a8b2005a|13601|7242|78924|216968,0.96012419;0.92431605;0.90499210;0.86903608;0.65377450,0.66666667,0.64893158,2,1.00000000,0.86244859,0.15420182,1.00000000,1.00000000,0
internal_blind,347212,D3_TFIDF,5,,177472|WMA_7a783903a8b2005a|7242|13601|78924,0.96012419;0.92431605;0.90499210;0.86903608;0.22318622,1.00000000,0.64893158,3,1.00000000,0.77633093,0.11757549,0.86666667,0.66666667,1
internal_blind,35080099,B0,5,,WMA_fa7f0ba3e1aa7166|112484|12931|WMA_7e37f1a6b919d4ca|WMA_a79535e293a20495,0.99144322;0.99120694;0.97417986;0.96647829;0.96549273,1.00000000,0.26406812,4,0.20000000,0.97776021,0.11801341,0.32500000,1.00000000,0
internal_blind,35080099,MMR,5,0.60000000,WMA_fa7f0ba3e1aa7166|112484|WMA_7e37f1a6b919d4ca|215305|WMA_c361539cc4c7fdcf,0.99144322;0.99120694;0.96647829;0.95640606;0.88498771,1.00000000,0.30657360,3,0.20000000,0.95810444,0.07497732,0.61666667,0.42857143,2
internal_blind,35080099,D3_TFIDF,5,,112484|WMA_fa7f0ba3e1aa7166|12931|WMA_7e37f1a6b919d4ca|WMA_a79535e293a20495,0.99144322;0.99120694;0.97417986;0.96647829;0.96549273,1.00000000,0.26406812,4,0.20000000,0.97776021,0.11801341,0.32500000,1.00000000,0
internal_blind,35724747,B0,5,,12917|131942|175010|168944|59538,0.96037394;0.94671500;0.94234151;0.87822586;0.85369390,0.50000000,0.22843130,2,0.40000000,0.91627004,0.17196631,0.80000000,1.00000000,0
internal_blind,35724747,MMR,5,0.60000000,12917|175010|168944|131942|59538,0.96037394;0.94671500;0.94234151;0.87822586;0.85369390,0.50000000,0.28824820,2,0.40000000,0.91627004,0.17196631,0.80000000,1.00000000,0
internal_blind,35724747,D3_TFIDF,5,,131942|12917|57307|175010|3646,0.96037394;0.94671500;0.94234151;0.80432349;0.78756225,0.50000000,0.27290377,2,0.60000000,0.88826324,0.14118063,0.45000000,0.42857143,2
internal_blind,36631063,B0,5,,WMA_3ecc847675c0f825|174995|180401|177994|138149,0.99820638;0.96083647;0.93809777;0.93301207;0.75648338,0.75000000,1.00000000,4,0.20000000,0.91732721,0.11490926,0.73333333,1.00000000,0
internal_blind,36631063,MMR,5,0.60000000,WMA_3ecc847675c0f825|180401|177994|174995|138149,0.99820638;0.96083647;0.93809777;0.93301207;0.75648338,0.75000000,1.00000000,4,0.20000000,0.91732721,0.11490926,0.73333333,1.00000000,0
internal_blind,36631063,D3_TFIDF,5,,WMA_3ecc847675c0f825|174995|180401|177994|138149,0.99820638;0.96083647;0.93809777;0.93301207;0.75648338,0.75000000,1.00000000,4,0.20000000,0.91732721,0.11490926,0.73333333,1.00000000,0
internal_blind,36839832,B0,5,,107342|WMA_3ee114c47fdba7eb|29522|212620|94959,0.99140280;0.97676986;0.94218677;0.94106221;0.92992747,1.00000000,0.00000000,5,0.00000000,0.95626982,0.18093851,0.22833333,1.00000000,0
internal_blind,36839832,MMR,5,0.60000000,107342|94959|29522|212620|WMA_3ee114c47fdba7eb,0.99140280;0.97676986;0.94218677;0.94106221;0.92992747,1.00000000,0.00000000,5,0.00000000,0.95626982,0.18093851,0.22833333,1.00000000,0
internal_blind,36839832,D3_TFIDF,5,,29522|107342|WMA_3ee114c47fdba7eb|94959|WMA_ca5a0740f23ce464,0.99140280;0.97676986;0.94218677;0.92992747;0.85823965,0.50000000,0.23719771,4,0.40000000,0.93970531,0.17284931,0.34166667,0.66666667,1
internal_blind,36872321,B0,5,,WMA_78fa65573dce654f|WMA_64e2d7922387d85a|WMA_b6723d629740b627|WMA_a1ab0853fd704be3|WMA_9fcf33698224342b,0.99987435;0.99685574;0.99581462;0.99343830;0.98418897,1.00000000,0.49060740,5,1.00000000,0.99403440,0.24475849,0.59666667,1.00000000,0
internal_blind,36872321,MMR,5,0.60000000,WMA_78fa65573dce654f|11233|149102|WMA_a1ab0853fd704be3|WMA_19b5fcc688c7376c,0.99987435;0.99343830;0.97130764;0.96026367;0.95927650,1.00000000,0.29776747,5,0.80000000,0.97683209,0.06895023,0.33166667,0.25000000,3
internal_blind,36872321,D3_TFIDF,5,,WMA_64e2d7922387d85a|WMA_78fa65573dce654f|WMA_9fcf33698224342b|149102|158191,0.99987435;0.99685574;0.98418897;0.96026367;0.96026367,1.00000000,0.65981359,4,1.00000000,0.98028928,0.21726674,0.40000000,0.42857143,2
internal_blind,36906875,B0,5,,WMA_a93ca5bf5c5fe54c|WMA_637f933d0c50e86b|116106|154395|9188,0.99443901;0.96990091;0.95177698;0.91276997;0.87674487,1.00000000,0.45058950,4,1.00000000,0.94112635,0.13837166,0.58333333,1.00000000,0
internal_blind,36906875,MMR,5,0.60000000,WMA_a93ca5bf5c5fe54c|154395|116106|WMA_637f933d0c50e86b|25208,0.99443901;0.96990091;0.95177698;0.91276997;0.79534358,1.00000000,0.45058950,5,1.00000000,0.92484609,0.11265411,0.53666667,0.66666667,1
internal_blind,36906875,D3_TFIDF,5,,116106|WMA_637f933d0c50e86b|9188|7527|WMA_a93ca5bf5c5fe54c,0.99443901;0.96990091;0.95177698;0.87674487;0.82961386,1.00000000,0.45058950,4,1.00000000,0.92449512,0.20037783,0.41666667,0.66666667,1
internal_blind,37082101,B0,5,,WMA_15aa36b8c6979c94|160093|104963|WMA_73b8ab9b063a8be0|118972,0.99989748;0.93929678;0.78998166;0.78007841;0.73475474,1.00000000,0.75623355,5,1.20000000,0.84880182,0.19869535,0.65166667,1.00000000,0
internal_blind,37082101,MMR,5,0.60000000,WMA_15aa36b8c6979c94|160093|118972|114942|218765,0.99989748;0.93929678;0.73475474;0.71568239;0.68727797,1.00000000,0.75623355,5,1.20000000,0.81538187,0.09412932,0.61666667,0.42857143,2
internal_blind,37082101,D3_TFIDF,5,,160093|WMA_73b8ab9b063a8be0|WMA_15aa36b8c6979c94|18109|104963,0.99989748;0.93929678;0.78998166;0.78007841;0.62492949,1.00000000,0.60341152,5,1.20000000,0.82683676,0.14920001,0.65166667,0.66666667,1
internal_blind,377989,B0,5,,WMA_511252efdffb1c05|WMA_f35b397b48ea9d39|WMA_457762454186f514|WMA_4bfefc45c1e656e8|WMA_30a6beb0fe5ba9df,0.99975783;0.99946171;0.99939966;0.99888092;0.99835593,1.00000000,0.47569345,5,1.40000000,0.99917121,0.15639108,0.62000000,1.00000000,0
internal_blind,377989,MMR,5,0.60000000,WMA_511252efdffb1c05|WMA_e7bfde4744840cab|WMA_457762454186f514|WMA_98672fb085430e5a|WMA_30a6beb0fe5ba9df,0.99975783;0.99939966;0.99835593;0.99732912;0.92733067,1.00000000,0.44631073,5,1.40000000,0.98443464,0.05323252,0.48000000,0.42857143,2
internal_blind,377989,D3_TFIDF,5,,WMA_4bfefc45c1e656e8|WMA_f35b397b48ea9d39|WMA_457762454186f514|WMA_511252efdffb1c05|117244,0.99975783;0.99946171;0.99939966;0.99888092;0.69596660,1.00000000,0.39215785,4,1.40000000,0.93869334,0.12975222,0.55000000,0.66666667,1
internal_blind,38562560,B0,5,,WMA_ca27c1ceeb402735|5514|71226|WMA_eca224a07cb252c6|WMA_e852a9ff1f163998,0.57830244;0.49165443;0.49165443;0.39733019;0.23960634,1.00000000,0.47495017,5,1.00000000,0.43970957,0.12848070,0.29166667,1.00000000,0
internal_blind,38562560,MMR,5,0.60000000,WMA_ca27c1ceeb402735|5514|WMA_eca224a07cb252c6|WMA_e852a9ff1f163998|71226,0.57830244;0.49165443;0.49165443;0.39733019;0.23960634,1.00000000,0.49572181,5,1.00000000,0.43970957,0.12848070,0.29166667,1.00000000,0
internal_blind,38562560,D3_TFIDF,5,,WMA_2dee49f4e3e92584|WMA_ca27c1ceeb402735|WMA_eca224a07cb252c6|5514|71226,0.57830244;0.49165443;0.49165443;0.39733019;0.23565874,1.00000000,0.55786867,5,1.00000000,0.43892004,0.19119317,0.32500000,0.66666667,1
internal_blind,38738007,B0,5,,WMA_4211a2c9b0a10bcc|WMA_cafba3c93191fa73|WMA_f50464dd51b4f2f5|WMA_d6e779f7367717c8|WMA_3292ac76641e670e,0.99994385;0.99680388;0.98516834;0.87989837;0.79323167,1.00000000,0.54532917,4,0.60000000,0.93100922,0.26774378,0.15000000,1.00000000,0
internal_blind,38738007,MMR,5,0.60000000,WMA_4211a2c9b0a10bcc|WMA_cafba3c93191fa73|WMA_f50464dd51b4f2f5|WMA_d6e779f7367717c8|WMA_3292ac76641e670e,0.99994385;0.99680388;0.98516834;0.87989837;0.79323167,1.00000000,0.54532917,4,0.60000000,0.93100922,0.26774378,0.15000000,1.00000000,0
internal_blind,38738007,D3_TFIDF,5,,WMA_d6e779f7367717c8|WMA_4211a2c9b0a10bcc|WMA_f50464dd51b4f2f5|WMA_cafba3c93191fa73|WMA_3292ac76641e670e,0.99994385;0.99680388;0.98516834;0.87989837;0.79323167,1.00000000,0.36250337,4,0.60000000,0.93100922,0.26774378,0.15000000,1.00000000,0
internal_blind,39602185,B0,5,,WMA_fd90be09826495df|WMA_3eb53f34125fe9fa|WMA_755c2f07b6360782|204602|142954,0.99580485;0.96293586;0.94229013;0.93909323;0.90036547,1.00000000,0.47141445,4,1.00000000,0.94809791,0.18734769,0.20833333,1.00000000,0
internal_blind,39602185,MMR,5,0.60000000,WMA_fd90be09826495df|204602|142954|10531|119116,0.99580485;0.93909323;0.90036547;0.88339353;0.87593091,1.00000000,0.40956248,4,0.80000000,0.91891760,0.10483504,0.05833333,0.42857143,2
internal_blind,39602185,D3_TFIDF,5,,WMA_3eb53f34125fe9fa|WMA_fd90be09826495df|10531|119116|WMA_755c2f07b6360782,0.99580485;0.96293586;0.94229013;0.88339353;0.87593091,1.00000000,0.40255572,3,0.80000000,0.93207105,0.18580846,0.08333333,0.42857143,2
internal_blind,39648040,B0,5,,WMA_82bbff6a70215fcb|WMA_d9050de5401ba119|WMA_b5437dfc99b976c7|63736|132922,0.99987721;0.99983323;0.99818701;0.99618214;0.99580622,1.00000000,0.64893158,5,1.00000000,0.99797716,0.17469182,0.62333333,1.00000000,0
internal_blind,39648040,MMR,5,0.60000000,WMA_82bbff6a70215fcb|62490|WMA_b5437dfc99b976c7|WMA_0d024c92e7c314e4|63736,0.99987721;0.99818701;0.99618214;0.99393588;0.98726869,1.00000000,0.64893158,5,1.00000000,0.99509019,0.12393657,0.64666667,0.42857143,2
internal_blind,39648040,D3_TFIDF,5,,63736|WMA_82bbff6a70215fcb|132922|WMA_0391e062e71e08e0|WMA_0d024c92e7c314e4,0.99987721;0.99618214;0.99580622;0.99300498;0.98726869,1.00000000,0.64893158,5,1.00000000,0.99442785,0.18740440,0.64666667,0.42857143,2
internal_blind,396791,B0,5,,WMA_d1b961120e9c3fbd|WMA_ea09dbb552f34829|WMA_e20bf1e17c84e59a|WMA_80a3412a3cff1eea|WMA_a1c7b37b7ed62a5d,0.94937134;0.93131047;0.89141876;0.86079895;0.72565705,1.00000000,0.65082052,5,0.40000000,0.87171131,0.16964955,0.73000000,1.00000000,0
internal_blind,396791,MMR,5,0.60000000,WMA_d1b961120e9c3fbd|WMA_ea09dbb552f34829|WMA_e20bf1e17c84e59a|WMA_a1c7b37b7ed62a5d|WMA_80a3412a3cff1eea,0.94937134;0.93131047;0.89141876;0.86079895;0.72565705,1.00000000,0.67138607,5,0.40000000,0.87171131,0.16964955,0.73000000,1.00000000,0
internal_blind,396791,D3_TFIDF,5,,WMA_ea09dbb552f34829|WMA_d1b961120e9c3fbd|WMA_a1c7b37b7ed62a5d|WMA_e20bf1e17c84e59a|46730,0.94937134;0.93131047;0.89141876;0.72565705;0.64132684,1.00000000,0.53072127,5,0.40000000,0.82781689,0.13055803,0.51000000,0.66666667,1
internal_blind,40000020,B0,5,,162918|200819|192641|186075|221018,0.96799940;0.93484986;0.84100235;0.79952389;0.78701919,1.00000000,0.55414321,3,0.80000000,0.86607894,0.21576802,0.23333333,1.00000000,0
internal_blind,40000020,MMR,5,0.60000000,162918|200819|209410|186075|221018,0.96799940;0.93484986;0.79952389;0.78701919;0.73234308,1.00000000,0.55414321,4,0.80000000,0.84434708,0.12451350,0.06666667,0.66666667,1
internal_blind,40000020,D3_TFIDF,5,,162918|200819|192641|186075|221018,0.96799940;0.93484986;0.84100235;0.79952389;0.78701919,1.00000000,0.55414321,3,0.80000000,0.86607894,0.21576802,0.23333333,1.00000000,0
internal_blind,40000198,B0,5,,WMA_91fcacbdf95ba1b7|42758|41020|101974|49805,0.97235584;0.95865828;0.83006430;0.82430851;0.74173439,1.00000000,0.00000000,2,0.00000000,0.86542426,0.18137938,0.40000000,1.00000000,0
internal_blind,40000198,MMR,5,0.60000000,WMA_91fcacbdf95ba1b7|42758|49805|101974|WMA_cdcd5ebfc70e9704,0.97235584;0.95865828;0.82430851;0.74173439;0.71133363,1.00000000,0.13120508,3,0.20000000,0.84167813,0.15830022,0.56666667,0.66666667,1
internal_blind,40000198,D3_TFIDF,5,,WMA_cdcd5ebfc70e9704|101974|WMA_91fcacbdf95ba1b7|42758|41020,0.97235584;0.95865828;0.83006430;0.82430851;0.71133363,1.00000000,0.33916021,3,0.20000000,0.85934411,0.19453716,0.33333333,0.66666667,1
internal_blind,40157762,B0,5,,WMA_af3c5f7529fb4758|32663|107764|43131|31169,0.99814665;0.99597389;0.99550998;0.99549884;0.99455112,1.00000000,0.68940281,5,0.80000000,0.99593610,0.23116382,0.52000000,1.00000000,0
internal_blind,40157762,MMR,5,0.60000000,WMA_af3c5f7529fb4758|122380|222377|31169|50955,0.99814665;0.99455112;0.99089897;0.98899823;0.97609419,1.00000000,0.60849180,5,0.60000000,0.98973783,0.10445248,0.25833333,0.25000000,3
internal_blind,40157762,D3_TFIDF,5,,5511|32663|WMA_13a964f39169ab51|142808|50955,0.99597389;0.99342442;0.99137551;0.99089897;0.98478091,1.00000000,0.26605181,4,0.40000000,0.99129074,0.21508747,0.25000000,0.11111111,4
internal_blind,40254517,B0,5,,173641|202185|WMA_dfe37a1666c335f9|204638|95455,0.95673245;0.95038819;0.83736014;0.83291465;0.82410133,1.00000000,0.50438563,3,1.60000000,0.88029935,0.14876379,0.63333333,1.00000000,0
internal_blind,40254517,MMR,5,0.60000000,173641|WMA_dfe37a1666c335f9|202185|204638|95455,0.95673245;0.95038819;0.83736014;0.83291465;0.82410133,1.00000000,0.50438563,3,1.60000000,0.88029935,0.14876379,0.63333333,1.00000000,0
internal_blind,40254517,D3_TFIDF,5,,173641|95455|202185|56318|WMA_dfe37a1666c335f9,0.95673245;0.95038819;0.83736014;0.82410133;0.65500903,1.00000000,0.54178476,3,1.60000000,0.84471823,0.17808906,0.65000000,0.66666667,1
internal_blind,40415480,B0,5,,WMA_5b0da53519cd45e0|WMA_3bd9c64b8c9d4ebd|WMA_f9f1cc85bf6aa3e4|WMA_9658eac83e2d801c|WMA_5a5348f28df45e3b,0.99388075;0.99147862;0.96832877;0.93365884;0.68005645,1.00000000,0.64893158,4,1.00000000,0.91348069,0.18901220,0.10833333,1.00000000,0
internal_blind,40415480,MMR,5,0.60000000,WMA_5b0da53519cd45e0|WMA_f9f1cc85bf6aa3e4|WMA_3bd9c64b8c9d4ebd|WMA_9658eac83e2d801c|WMA_5a5348f28df45e3b,0.99388075;0.99147862;0.96832877;0.93365884;0.68005645,1.00000000,0.64893158,4,1.00000000,0.91348069,0.18901220,0.10833333,1.00000000,0
internal_blind,40415480,D3_TFIDF,5,,WMA_3bd9c64b8c9d4ebd|WMA_5b0da53519cd45e0|WMA_f9f1cc85bf6aa3e4|WMA_9658eac83e2d801c|WMA_bd31fb7aa884af1e,0.99388075;0.99147862;0.96832877;0.93365884;0.39241394,0.50000000,0.64893158,3,1.00000000,0.85595219,0.18246684,0.13333333,0.66666667,1
internal_blind,40529545,B0,5,,WMA_d44d123d16fdfcd7|WMA_1555b6a7f6c5a8b5|WMA_6a3cb2a1a18d7f6d|WMA_248643e52be100e8|WMA_3cf59c776ac32dfd,0.99898142;0.99890482;0.99889094;0.99861217;0.99797958,1.00000000,0.64893158,4,2.00000000,0.99867378,0.21915502,0.71666667,1.00000000,0
internal_blind,40529545,MMR,5,0.60000000,WMA_d44d123d16fdfcd7|WMA_488045b15416eaf9|WMA_c6f13a74d8c33c06|15577|204147,0.99898142;0.99624687;0.99468732;0.96814775;0.96756160,1.00000000,0.43670521,4,1.40000000,0.98512499,0.09966851,0.25000000,0.11111111,4
internal_blind,40529545,D3_TFIDF,5,,WMA_d44d123d16fdfcd7|WMA_488045b15416eaf9|WMA_1555b6a7f6c5a8b5|WMA_6a3cb2a1a18d7f6d|WMA_248643e52be100e8,0.99898142;0.99890482;0.99889094;0.99861217;0.96814775,1.00000000,0.51006913,5,1.60000000,0.99270742,0.16405765,0.40000000,0.66666667,1
internal_blind,40630460,B0,5,,92364|215056|WMA_636da7e251afcbb1|WMA_881fdfad454104b3|WMA_22f50a95ec8badca,0.99933606;0.99750513;0.99698871;0.99624133;0.99591172,1.00000000,0.59216950,4,1.80000000,0.99719659,0.23576330,0.61666667,1.00000000,0
internal_blind,40630460,MMR,5,0.60000000,92364|WMA_22f50a95ec8badca|82772|11193|WMA_78baf9bdee74c01c,0.99933606;0.99591172;0.98060936;0.98009664;0.97864163,1.00000000,0.49316437,4,1.60000000,0.98691908,0.09136322,0.51666667,0.25000000,3
internal_blind,40630460,D3_TFIDF,5,,92364|215056|WMA_881fdfad454104b3|WMA_427d139472c0a2bd|203479,0.99933606;0.99750513;0.99624133;0.99486572;0.99461621,1.00000000,0.64893158,4,2.00000000,0.99651289,0.27491518,0.90000000,0.42857143,2
internal_blind,40725223,B0,5,,WMA_af598f9e2ad823dc|7869|132253|33098|51279,0.99981111;0.99826556;0.99416792;0.99230039;0.98782688,1.00000000,0.41097124,5,1.40000000,0.99447438,0.09049534,0.53000000,1.00000000,0
internal_blind,40725223,MMR,5,0.60000000,WMA_af598f9e2ad823dc|7869|103668|51279|WMA_0a7227f3556ef8f8,0.99981111;0.99826556;0.98782688;0.98447120;0.98161626,1.00000000,0.50063408,5,1.60000000,0.99039820,0.07055267,0.44333333,0.42857143,2
internal_blind,40725223,D3_TFIDF,5,,WMA_af598f9e2ad823dc|103668|7869|132253|33098,0.99981111;0.99826556;0.99416792;0.99230039;0.98447120,1.00000000,0.44688178,5,1.40000000,0.99380324,0.11502692,0.47333333,0.66666667,1
internal_blind,41715954,B0,5,,WMA_b712da6a89f41e26|195680|195679|20564|104519,0.99985278;0.99551141;0.98749059;0.98714751;0.95435297,1.00000000,0.00000000,3,0.00000000,0.98487105,0.19962835,0.20000000,1.00000000,0
internal_blind,41715954,MMR,5,0.60000000,WMA_b712da6a89f41e26|195680|20564|195679|104519,0.99985278;0.99551141;0.98749059;0.98714751;0.95435297,1.00000000,0.00000000,3,0.00000000,0.98487105,0.19962835,0.20000000,1.00000000,0
internal_blind,41715954,D3_TFIDF,5,,WMA_b712da6a89f41e26|195680|195679|20564|104519,0.99985278;0.99551141;0.98749059;0.98714751;0.95435297,1.00000000,0.00000000,3,0.00000000,0.98487105,0.19962835,0.20000000,1.00000000,0
internal_blind,4246364,B0,5,,80790|WMA_a289618ab42d5b25|WMA_b5be9c31ae46f95f|WMA_81aaa6aa92fe5b10|WMA_e1a3c19c61831050,0.99803156;0.99451751;0.97431266;0.97192860;0.92962182,1.00000000,0.53888569,5,0.80000000,0.97368243,0.23655189,0.45000000,1.00000000,0
internal_blind,4246364,MMR,5,0.60000000,80790|WMA_a289618ab42d5b25|WMA_81aaa6aa92fe5b10|WMA_e1a3c19c61831050|WMA_b5be9c31ae46f95f,0.99803156;0.99451751;0.97431266;0.97192860;0.92962182,1.00000000,0.56378846,5,0.80000000,0.97368243,0.23655189,0.45000000,1.00000000,0
internal_blind,4246364,D3_TFIDF,5,,80790|WMA_2870ee370ff120b8|WMA_e1a3c19c61831050|WMA_a289618ab42d5b25|WMA_b5be9c31ae46f95f,0.99803156;0.99451751;0.97431266;0.92962182;0.63339263,1.00000000,0.56378846,5,0.80000000,0.90597523,0.14967472,0.40333333,0.66666667,1
internal_blind,440296,B0,5,,104193|104196|137434|102348|73463,0.99396956;0.98291308;0.97717243;0.95696282;0.94139016,0.50000000,0.49352328,5,0.40000000,0.97048161,0.22797831,0.69333333,1.00000000,0
internal_blind,440296,MMR,5,0.60000000,104193|137613|137434|146781|71287,0.99396956;0.97717243;0.93804646;0.92389542;0.91163725,0.50000000,0.41966501,5,0.40000000,0.94894422,0.09265295,0.42833333,0.25000000,3
internal_blind,440296,D3_TFIDF,5,,104196|102348|71287|137613|68803,0.98291308;0.95696282;0.93804646;0.91163725;0.78962988,0.50000000,0.57096621,3,0.60000000,0.91583790,0.13374940,0.63333333,0.25000000,3
internal_blind,44332376,B0,5,,WMA_1b0f4449179b1825|WMA_67b92b3f0fb0eec0|208719|WMA_cea01ebac9f1aae3|WMA_ec851adc4924c9b0,0.99960071;0.99001920;0.97545332;0.97054684;0.96282464,1.00000000,0.58620214,4,1.60000000,0.97968894,0.19628692,0.55000000,1.00000000,0
internal_blind,44332376,MMR,5,0.60000000,WMA_1b0f4449179b1825|WMA_67b92b3f0fb0eec0|WMA_ec851adc4924c9b0|202990|33459,0.99960071;0.99001920;0.96282464;0.96185869;0.94381076,1.00000000,0.47726565,4,1.20000000,0.97162280,0.07939673,0.51666667,0.42857143,2
internal_blind,44332376,D3_TFIDF,5,,WMA_1b0f4449179b1825|208719|WMA_becd2bedfa77e9bf|204523|202990,0.99960071;0.97545332;0.95623618;0.94439632;0.94381076,1.00000000,0.53900313,4,1.20000000,0.96389946,0.14986248,0.57500000,0.25000000,3
internal_blind,453557,B0,5,,WMA_a0b7a3d08d674104|WMA_0ccbed6f265ff3bd|1946|95204|89332,0.99815160;0.98488361;0.98249340;0.98016721;0.97951186,1.00000000,0.71810704,5,1.40000000,0.98504153,0.14183779,0.55333333,1.00000000,0
internal_blind,453557,MMR,5,0.60000000,WMA_a0b7a3d08d674104|89332|WMA_0ccbed6f265ff3bd|95204|13491,0.99815160;0.98488361;0.98016721;0.97951186;0.95829183,1.00000000,0.61553003,5,1.00000000,0.98020122,0.05960708,0.39666667,0.66666667,1
internal_blind,453557,D3_TFIDF,5,,WMA_0ccbed6f265ff3bd|WMA_a0b7a3d08d674104|13491|108023|1946,0.99815160;0.98488361;0.98249340;0.95829183;0.74445790,1.00000000,0.46264690,5,1.00000000,0.93365567,0.05454163,0.40000000,0.42857143,2
internal_blind,47192421,B0,5,,WMA_10b69f385890272f|168797|WMA_c519c94b5bc18029|85950|182859,0.99808621;0.94961852;0.53726161;0.44910020;0.36305627,0.50000000,0.47547089,4,0.60000000,0.65942456,0.11599588,0.19166667,1.00000000,0
internal_blind,47192421,MMR,5,0.60000000,WMA_10b69f385890272f|168797|85950|WMA_c519c94b5bc18029|182859,0.99808621;0.94961852;0.53726161;0.44910020;0.36305627,0.50000000,0.48507870,4,0.60000000,0.65942456,0.11599588,0.19166667,1.00000000,0
internal_blind,47192421,D3_TFIDF,5,,89563|WMA_10b69f385890272f|168797|182859|WMA_c519c94b5bc18029,0.99808621;0.94961852;0.53726161;0.36305627;0.13129044,0.50000000,0.26232907,4,0.40000000,0.59586261,0.08180358,0.21666667,0.66666667,1
internal_blind,50000199,B0,5,,225500|25812|9479|52089|17520,0.98607868;0.98607868;0.98206103;0.98163497;0.98139209,1.00000000,0.48849448,5,1.40000000,0.98344909,0.17090730,0.65166667,1.00000000,0
internal_blind,50000199,MMR,5,0.60000000,225500|9479|17520|52089|23143,0.98607868;0.98206103;0.98163497;0.98139209;0.96771777,1.00000000,0.53899261,5,1.40000000,0.97977691,0.11669488,0.65166667,0.66666667,1
internal_blind,50000199,D3_TFIDF,5,,225500|52089|17520|25812|9479,0.98607868;0.98607868;0.98206103;0.98163497;0.98139209,1.00000000,0.48849448,5,1.40000000,0.98344909,0.17090730,0.65166667,1.00000000,0
internal_blind,50113950,B0,5,,WMA_c9332a9fbf59fa6f|28728|83645|842|186713,0.99994648;0.99975032;0.99933201;0.99897659;0.99817657,1.00000000,0.64893158,4,1.00000000,0.99923639,0.27756557,0.53333333,1.00000000,0
internal_blind,50113950,MMR,5,0.60000000,WMA_c9332a9fbf59fa6f|47464|27277|83645|WMA_603184a329e29295,0.99994648;0.99933201;0.99672759;0.99223328;0.96377933,0.50000000,0.64893158,2,1.00000000,0.99040374,0.25750195,0.40000000,0.25000000,3
internal_blind,50113950,D3_TFIDF,5,,WMA_c9332a9fbf59fa6f|83645|27277|88750|213770,0.99994648;0.99933201;0.99672759;0.99669480;0.99305189,1.00000000,0.64893158,3,1.00000000,0.99715055,0.30766832,0.56666667,0.25000000,3
internal_blind,50132428,B0,5,,186744|WMA_c1b0790318541717|211713|169898|128962,0.47159037;0.36028913;0.32044879;0.30266055;0.23268652,0.50000000,0.43292618,3,0.40000000,0.33753507,0.15782937,0.25000000,1.00000000,0
internal_blind,50132428,MMR,5,0.60000000,186744|WMA_c1b0790318541717|169898|211713|128962,0.47159037;0.36028913;0.32044879;0.30266055;0.23268652,0.50000000,0.45390362,3,0.40000000,0.33753507,0.15782937,0.25000000,1.00000000,0
internal_blind,50132428,D3_TFIDF,5,,114420|WMA_c1b0790318541717|186744|169898|128962,0.47159037;0.36028913;0.30266055;0.23268652;0.07687053,0.50000000,0.28162497,3,0.40000000,0.28881942,0.20677915,0.35000000,0.66666667,1
internal_blind,5028561,B0,5,,WMA_92d129c3503628fd|WMA_c5f876f1c545b8e6|153979|WMA_4d53e7cc4647fcbe|219847,0.99842513;0.99661851;0.99129218;0.98983812;0.98818821,1.00000000,0.79270642,3,1.00000000,0.99287243,0.21892608,0.46666667,1.00000000,0
internal_blind,5028561,MMR,5,0.60000000,WMA_92d129c3503628fd|153978|WMA_4d53e7cc4647fcbe|219847|153979,0.99842513;0.99129218;0.98983812;0.98818821;0.98708135,1.00000000,0.82619428,3,1.00000000,0.99096500,0.12881746,0.63333333,0.66666667,1
internal_blind,5028561,D3_TFIDF,5,,WMA_92d129c3503628fd|WMA_c5f876f1c545b8e6|153979|WMA_4d53e7cc4647fcbe|219847,0.99842513;0.99661851;0.99129218;0.98983812;0.98818821,1.00000000,0.79270642,3,1.00000000,0.99287243,0.21892608,0.46666667,1.00000000,0
internal_blind,50297263,B0,5,,98604|40057|26865|37543|30574,0.78139597;0.76358104;0.75782979;0.69703442;0.66872513,1.00000000,0.00000000,4,0.00000000,0.73371327,0.23261388,0.59166667,1.00000000,0
internal_blind,50297263,MMR,5,0.60000000,98604|40057|26865|37543|30574,0.78139597;0.76358104;0.75782979;0.69703442;0.66872513,1.00000000,0.00000000,4,0.00000000,0.73371327,0.23261388,0.59166667,1.00000000,0
internal_blind,50297263,D3_TFIDF,5,,67957|26865|40057|37543|98604,0.78139597;0.76358104;0.75782979;0.69703442;0.31612867,1.00000000,0.00000000,4,0.00000000,0.66319398,0.23576771,0.59166667,0.66666667,1
internal_blind,545087,B0,5,,204152|WMA_b5daee9293deeaa8|203185|136719|197723,0.99947625;0.99898869;0.99890363;0.99851090;0.99801922,0.80000000,0.00000000,4,0.00000000,0.99877974,0.16266072,0.77500000,1.00000000,0
internal_blind,545087,MMR,5,0.60000000,204152|201083|173126|197213|197564,0.99947625;0.99797243;0.99793327;0.99787462;0.99476898,0.60000000,0.29608191,3,0.20000000,0.99760511,0.09231449,0.73333333,0.11111111,4
internal_blind,545087,D3_TFIDF,5,,203185|201083|204152|WMA_b5daee9293deeaa8|200864,0.99947625;0.99898869;0.99890363;0.99797243;0.99773681,0.60000000,0.29608191,3,0.20000000,0.99861556,0.15080266,0.65000000,0.42857143,2
internal_blind,556615,B0,5,,WMA_217c44428541c284|WMA_7a6100f3ecaaff9f|WMA_ae7b8dfb9afd877e|197443|197447,0.99415898;0.98887247;0.98858684;0.97940880;0.97940880,0.66666667,0.60980601,3,1.40000000,0.98608718,0.25604563,0.66666667,1.00000000,0
internal_blind,556615,MMR,5,0.60000000,WMA_217c44428541c284|197443|WMA_8cb17f7c4646e995|WMA_ae7b8dfb9afd877e|WMA_bd574bd65fcbe86c,0.99415898;0.98858684;0.97940880;0.97611290;0.90036482,1.00000000,0.56015438,4,1.20000000,0.96772647,0.09708760,0.55000000,0.42857143,2
internal_blind,556615,D3_TFIDF,5,,WMA_217c44428541c284|WMA_ae7b8dfb9afd877e|WMA_0fc5536b23a15a3d|WMA_bd574bd65fcbe86c|WMA_7a6100f3ecaaff9f,0.99415898;0.98887247;0.98858684;0.92971897;0.90036482,1.00000000,0.32575090,4,0.80000000,0.96034042,0.29946502,0.59166667,0.42857143,2
internal_blind,60118759,B0,5,,140758|111062|WMA_ad329bf9219566af|68979|149478,0.96938312;0.96923399;0.96510935;0.92765093;0.90840971,1.00000000,0.14500344,4,0.40000000,0.94795742,0.19533494,0.57500000,1.00000000,0
internal_blind,60118759,MMR,5,0.60000000,140758|WMA_ad329bf9219566af|68979|181909|WMA_07c6b260d166e922,0.96938312;0.96510935;0.92765093;0.90311939;0.90227824,1.00000000,0.23368738,4,0.60000000,0.93350821,0.13127261,0.48333333,0.42857143,2
internal_blind,60118759,D3_TFIDF,5,,140758|68979|111062|WMA_ad329bf9219566af|149478,0.96938312;0.96923399;0.96510935;0.92765093;0.90840971,1.00000000,0.18052193,4,0.40000000,0.94795742,0.19533494,0.57500000,1.00000000,0
internal_blind,60339193,B0,5,,WMA_733079d17b1d3c4a|199392|173628|173630|199061,0.99828351;0.98640311;0.97958392;0.95058453;0.93859750,1.00000000,0.57556765,5,1.80000000,0.97069051,0.18785579,0.51666667,1.00000000,0
internal_blind,60339193,MMR,5,0.60000000,WMA_733079d17b1d3c4a|199061|173630|199392|173628,0.99828351;0.98640311;0.97958392;0.95058453;0.93859750,1.00000000,0.59216950,5,1.80000000,0.97069051,0.18785579,0.51666667,1.00000000,0
internal_blind,60339193,D3_TFIDF,5,,173629|WMA_733079d17b1d3c4a|199392|173628|173630,0.99828351;0.98640311;0.97958392;0.95058453;0.86469030,1.00000000,0.58573933,5,1.80000000,0.95590907,0.25663770,0.51666667,0.66666667,1
internal_blind,60465514,B0,5,,98442|WMA_9f690b068b2bed0b|226089|33775|64574,0.95608485;0.92900270;0.85806429;0.80822408;0.79942155,0.66666667,0.30167950,4,0.60000000,0.87015949,0.13807712,0.41666667,1.00000000,0
internal_blind,60465514,MMR,5,0.60000000,98442|WMA_9f690b068b2bed0b|226089|33775|64574,0.95608485;0.92900270;0.85806429;0.80822408;0.79942155,0.66666667,0.30167950,4,0.60000000,0.87015949,0.13807712,0.41666667,1.00000000,0
internal_blind,60465514,D3_TFIDF,5,,98442|WMA_9f690b068b2bed0b|33775|166218|161550,0.95608485;0.92900270;0.80822408;0.78008878;0.69456220,0.33333333,0.22173699,3,0.40000000,0.83359252,0.17900109,0.46666667,0.42857143,2
internal_blind,60792543,B0,5,,160649|80170|39660|152632|40060,0.93160498;0.87394196;0.86667842;0.78400171;0.73219395,1.00000000,0.39146987,4,0.80000000,0.83768420,0.21142827,0.31666667,1.00000000,0
internal_blind,60792543,MMR,5,0.60000000,160649|39660|152632|80170|29364,0.93160498;0.87394196;0.86667842;0.78400171;0.68106335,1.00000000,0.39146987,4,0.80000000,0.82745808,0.15888710,0.31666667,0.66666667,1
internal_blind,60792543,D3_TFIDF,5,,111961|160649|80170|39660|152632,0.93160498;0.87394196;0.86667842;0.78400171;0.00007080,1.00000000,0.45058950,4,1.00000000,0.69125957,0.13533142,0.29166667,0.66666667,1
internal_blind,61034794,B0,5,,60446|14427|85677|42035|19532,0.99478948;0.97798902;0.94613296;0.94008112;0.93886292,1.00000000,0.64893158,4,1.00000000,0.95957110,0.11442387,0.56666667,1.00000000,0
internal_blind,61034794,MMR,5,0.60000000,60446|85677|42035|19532|148649,0.99478948;0.94613296;0.94008112;0.93886292;0.91739833,1.00000000,0.64893158,4,1.00000000,0.94745296,0.06521333,0.53333333,0.66666667,1
internal_blind,61034794,D3_TFIDF,5,,60446|100577|14427|42035|19532,0.99478948;0.97798902;0.94008112;0.93886292;0.92632872,1.00000000,0.64893158,4,1.00000000,0.95561025,0.14840790,0.68333333,0.66666667,1
internal_blind,61507527,B0,5,,31142|116345|70926|80892|125085,0.95026135;0.92889261;0.92375296;0.90695059;0.90342283,1.00000000,0.69207884,4,0.80000000,0.92265607,0.13867639,0.55833333,1.00000000,0
internal_blind,61507527,MMR,5,0.60000000,31142|116345|80892|70926|53088,0.95026135;0.92889261;0.92375296;0.90695059;0.68971056,1.00000000,0.67302346,4,0.80000000,0.87991362,0.07645723,0.37500000,0.66666667,1
internal_blind,61507527,D3_TFIDF,5,,31142|70926|80892|80965|82717,0.95026135;0.92375296;0.90695059;0.89841664;0.89088768,1.00000000,0.67302346,4,0.80000000,0.91405385,0.17721465,0.40833333,0.42857143,2
internal_blind,61853541,B0,5,,132694|40990|40988|40989|4123,0.99031442;0.98201603;0.97966355;0.96936339;0.95098603,0.75000000,0.51586938,4,1.20000000,0.97446868,0.31482919,0.70000000,1.00000000,0
internal_blind,61853541,MMR,5,0.60000000,132694|40990|4123|218344|105771,0.99031442;0.98201603;0.95098603;0.92399973;0.73532474,1.00000000,0.65446329,5,1.40000000,0.91652819,0.07008177,0.43166667,0.42857143,2
internal_blind,61853541,D3_TFIDF,5,,132694|40990|40988|40989|4123,0.99031442;0.98201603;0.97966355;0.96936339;0.95098603,0.75000000,0.51586938,4,1.20000000,0.97446868,0.31482919,0.70000000,1.00000000,0
internal_blind,62278199,B0,5,,145305|212464|76141|25509|WMA_6665a9066796f717,0.95390528;0.93392283;0.92373747;0.89543271;0.83297110,1.00000000,0.63092975,4,0.20000000,0.90799388,0.24718394,0.43333333,1.00000000,0
internal_blind,62278199,MMR,5,0.60000000,145305|212464|25509|WMA_eba57e4b2dbc43dc|76141,0.95390528;0.93392283;0.92373747;0.89543271;0.80146921,1.00000000,0.63092975,4,0.20000000,0.90169350,0.20155222,0.33333333,0.66666667,1
internal_blind,62278199,D3_TFIDF,5,,145305|212464|76141|WMA_eba57e4b2dbc43dc|25509,0.95390528;0.93392283;0.92373747;0.89543271;0.80146921,1.00000000,0.63092975,4,0.20000000,0.90169350,0.20155222,0.33333333,0.66666667,1
internal_blind,62404035,B0,5,,WMA_d9d1651d1644e10c|79393|116360|142467|143099,0.99958724;0.97134578;0.97030288;0.96854490;0.96283960,1.00000000,0.31526222,5,1.00000000,0.97452408,0.12796012,0.72000000,1.00000000,0
internal_blind,62404035,MMR,5,0.60000000,WMA_d9d1651d1644e10c|214099|143099|116360|95814,0.99958724;0.97030288;0.96283960;0.94749081;0.94679183,1.00000000,0.36490785,5,1.20000000,0.96540247,0.10085083,0.79000000,0.42857143,2
internal_blind,62404035,D3_TFIDF,5,,116360|WMA_d9d1651d1644e10c|143099|90975|WMA_02144819b34640d7,0.99958724;0.97030288;0.96283960;0.77914953;0.74800670,1.00000000,0.47226542,5,1.00000000,0.89197719,0.16383989,0.63000000,0.42857143,2
internal_blind,63097756,B0,5,,WMA_bb3d45afe155d316|59421|37978|117078|3852,0.99965870;0.99872500;0.99842656;0.99774903;0.99194455,1.00000000,0.41528077,5,0.60000000,0.99730077,0.14410862,0.30000000,1.00000000,0
internal_blind,63097756,MMR,5,0.60000000,WMA_bb3d45afe155d316|117078|151226|3852|102940,0.99965870;0.99774903;0.99194455;0.97479773;0.94601697,1.00000000,0.51006913,5,0.80000000,0.98203340,0.05536185,0.22833333,0.42857143,2
internal_blind,63097756,D3_TFIDF,5,,WMA_e0d29afe40eb1f56|33996|59421|37978|117078,0.99872500;0.99842656;0.99774903;0.99030650;0.97383040,1.00000000,0.45374257,5,0.60000000,0.99180750,0.17500731,0.40666667,0.42857143,2
internal_blind,63604594,B0,5,,WMA_85e8eefdc957edce|WMA_8a389ce2862d52a4|WMA_80bdcdfe19ebc4ea|WMA_34374bc1aa0dbe1b|2677,0.99991429;0.99987555;0.99966586;0.99193394;0.96242565,1.00000000,0.00000000,4,0.00000000,0.99076306,0.27305719,0.38333333,1.00000000,0
internal_blind,63604594,MMR,5,0.60000000,WMA_85e8eefdc957edce|WMA_f910eae7236855d1|WMA_34374bc1aa0dbe1b|4133|2677,0.99991429;0.99193394;0.96242565;0.95808923;0.93242973,1.00000000,0.00000000,5,0.00000000,0.96895857,0.12817102,0.19500000,0.42857143,2
internal_blind,63604594,D3_TFIDF,5,,WMA_85e8eefdc957edce|WMA_8a389ce2862d52a4|WMA_80bdcdfe19ebc4ea|WMA_34374bc1aa0dbe1b|2677,0.99991429;0.99987555;0.99966586;0.99193394;0.96242565,1.00000000,0.00000000,4,0.00000000,0.99076306,0.27305719,0.38333333,1.00000000,0
internal_blind,63710943,B0,5,,WMA_a3ab4031b24e738c|39669|117307|161722|23995,0.99476212;0.98939776;0.98551589;0.98551589;0.98511064,0.66666667,0.74579122,3,2.00000000,0.98806046,0.24460932,0.56666667,1.00000000,0
internal_blind,63710943,MMR,5,0.60000000,WMA_a3ab4031b24e738c|117307|23995|39669|WMA_6230c7353b0716b0,0.99476212;0.98939776;0.98551589;0.98511064;0.84933430,0.66666667,0.74579122,3,2.00000000,0.96082414,0.22726237,0.65000000,0.66666667,1
internal_blind,63710943,D3_TFIDF,5,,WMA_a3ab4031b24e738c|39669|117307|161722|23995,0.99476212;0.98939776;0.98551589;0.98551589;0.98511064,0.66666667,0.74579122,3,2.00000000,0.98806046,0.24460932,0.56666667,1.00000000,0
internal_blind,63732760,B0,5,,WMA_0c8b69d0a4f6d5ae|WMA_3535e0057422ab72|155923|39669|WMA_a4d65611e894a8a2,0.99837649;0.99827242;0.99396098;0.99340087;0.99173915,0.50000000,0.78449330,3,1.80000000,0.99514998,0.28022146,0.86666667,1.00000000,0
internal_blind,63732760,MMR,5,0.60000000,WMA_0c8b69d0a4f6d5ae|104401|129665|WMA_f8ae09a7c737b908|39669,0.99837649;0.99340087;0.98954695;0.97970212;0.97732455,0.75000000,0.54738937,4,1.20000000,0.98767020,0.03749396,0.55000000,0.25000000,3
internal_blind,63732760,D3_TFIDF,5,,WMA_3535e0057422ab72|WMA_0c8b69d0a4f6d5ae|WMA_f8ae09a7c737b908|104401|138971,0.99837649;0.99827242;0.98954695;0.97970212;0.97970212,0.75000000,0.38382188,4,1.00000000,0.98912002,0.14490373,0.50000000,0.25000000,3
internal_blind,63755291,B0,5,,WMA_1cb2ec5b8c759cbf|WMA_41b2d741608d05fb|WMA_9e177c9a2d0030be|62487|WMA_b20315d3dc547c1e,0.99973911;0.99926227;0.99852127;0.99488705;0.98909724,0.50000000,0.75620144,3,1.60000000,0.99630139,0.29039758,0.86666667,1.00000000,0
internal_blind,63755291,MMR,5,0.60000000,WMA_1cb2ec5b8c759cbf|WMA_9e177c9a2d0030be|26445|62487|11448,0.99973911;0.99852127;0.99488705;0.98250049;0.92363882,0.75000000,0.71562922,4,1.40000000,0.97985735,0.14401060,0.55000000,0.42857143,2
internal_blind,63755291,D3_TFIDF,5,,WMA_1cb2ec5b8c759cbf|26445|11448|WMA_b20315d3dc547c1e|WMA_41b2d741608d05fb,0.99973911;0.99926227;0.98909724;0.98250049;0.92363882,0.75000000,0.68002937,4,1.40000000,0.97884759,0.21212242,0.58333333,0.42857143,2
internal_blind,63912882,B0,5,,WMA_956a38f0c35ffce5|WMA_e832df039f35eb75|WMA_137aa146ed38468c|WMA_1555b6a7f6c5a8b5|WMA_2d4418fabb337a18,0.99759775;0.99392903;0.99061161;0.98308200;0.95145118,1.00000000,0.39038005,5,0.20000000,0.98333431,0.20002511,0.65000000,1.00000000,0
internal_blind,63912882,MMR,5,0.60000000,WMA_956a38f0c35ffce5|WMA_e832df039f35eb75|WMA_2d4418fabb337a18|6006|WMA_62537faad6f45462,0.99759775;0.99392903;0.95145118;0.91460192;0.90440083,1.00000000,0.54139967,5,0.40000000,0.95239614,0.10293023,0.52000000,0.42857143,2
internal_blind,63912882,D3_TFIDF,5,,WMA_956a38f0c35ffce5|WMA_1555b6a7f6c5a8b5|WMA_62537faad6f45462|WMA_e832df039f35eb75|WMA_137aa146ed38468c,0.99759775;0.99392903;0.99061161;0.98308200;0.91460192,1.00000000,0.58557007,4,0.40000000,0.97596446,0.21727170,0.80000000,0.66666667,1
internal_blind,63933216,B0,5,,WMA_25b68ce974b26a36|WMA_752c6e36cae47563|WMA_035fd645eef99cc1|WMA_c3d2afd0b708b0c4|207657,0.99966550;0.99911231;0.99842536;0.99832815;0.99772829,0.75000000,0.51369699,4,1.60000000,0.99865192,0.21576296,0.55000000,1.00000000,0
internal_blind,63933216,MMR,5,0.60000000,WMA_25b68ce974b26a36|WMA_c3d2afd0b708b0c4|156522|123103|123102,0.99966550;0.99832815;0.99730170;0.99697989;0.98718494,1.00000000,0.57915677,5,1.80000000,0.99589204,0.10023950,0.41666667,0.25000000,3
internal_blind,63933216,D3_TFIDF,5,,WMA_25b68ce974b26a36|WMA_752c6e36cae47563|WMA_035fd645eef99cc1|WMA_c3d2afd0b708b0c4|207657,0.99966550;0.99911231;0.99842536;0.99832815;0.99772829,0.75000000,0.51369699,4,1.60000000,0.99865192,0.21576296,0.55000000,1.00000000,0
internal_blind,63936419,B0,5,,69478|WMA_8291b1123e109e9e|146419|120111|139982,0.99879718;0.99855596;0.99571073;0.99239278;0.99239278,0.66666667,1.00000000,3,2.00000000,0.99556988,0.24790776,0.86666667,1.00000000,0
internal_blind,63936419,MMR,5,0.60000000,69478|120111|113264|146419|WMA_8291b1123e109e9e,0.99879718;0.99855596;0.99571073;0.99239278;0.98236656,0.66666667,0.83041990,3,1.60000000,0.99356464,0.15483456,0.73333333,0.66666667,1
internal_blind,63936419,D3_TFIDF,5,,WMA_8291b1123e109e9e|120111|139982|113264|78279,0.99855596;0.99239278;0.99239278;0.98236656;0.98236656,0.66666667,0.72272657,3,1.20000000,0.98961493,0.23886867,0.80000000,0.42857143,2
internal_blind,63981792,B0,5,,WMA_66c0d9299d2a3233|WMA_70e794091a8e4446|WMA_67e1841d21dda6c2|19790|183055,0.99925023;0.99677128;0.98885709;0.97525024;0.94701761,0.75000000,0.56015438,4,1.20000000,0.98142929,0.18956295,0.38333333,1.00000000,0
internal_blind,63981792,MMR,5,0.60000000,WMA_66c0d9299d2a3233|183055|19790|WMA_67e1841d21dda6c2|WMA_b9b305e5299d18e6,0.99925023;0.98885709;0.97525024;0.94701761;0.94570166,0.75000000,0.49520881,4,1.20000000,0.97121537,0.17602053,0.43333333,0.66666667,1
internal_blind,63981792,D3_TFIDF,5,,WMA_70e794091a8e4446|WMA_66c0d9299d2a3233|19790|183055|WMA_67e1841d21dda6c2,0.99925023;0.99677128;0.98885709;0.97525024;0.94701761,0.75000000,0.65835897,4,1.20000000,0.98142929,0.18956295,0.38333333,1.00000000,0
internal_blind,64037699,B0,5,,153238|8598|108785|128952|139170,0.98613006;0.98196638;0.97166419;0.97017717;0.97002250,1.00000000,0.81046163,5,2.00000000,0.97599206,0.26904016,0.88000000,1.00000000,0
internal_blind,64037699,MMR,5,0.60000000,153238|96825|81060|139170|108785,0.98613006;0.97166419;0.97002250;0.96742177;0.93976772,1.00000000,0.81046163,5,2.00000000,0.96700125,0.16624124,0.79000000,0.42857143,2
internal_blind,64037699,D3_TFIDF,5,,128952|81060|153238|8598|108785,0.98613006;0.98196638;0.97166419;0.97017717;0.96742177,1.00000000,0.81046163,5,2.00000000,0.97547191,0.28632244,0.88000000,0.66666667,1
internal_blind,64469867,B0,5,,WMA_4c845fbb814d20b3|WMA_341a81856487f5f0|82014|WMA_a51c3fa02de5e458|54872,0.99968433;0.99935848;0.99805140;0.99775189;0.99751520,1.00000000,0.81158192,5,1.80000000,0.99847226,0.21889520,0.78500000,1.00000000,0
internal_blind,64469867,MMR,5,0.60000000,WMA_4c845fbb814d20b3|3981|149410|54872|109081,0.99968433;0.99751520;0.99710971;0.97959948;0.96617728,1.00000000,0.60100851,5,1.40000000,0.98801720,0.07905028,0.66166667,0.25000000,3
internal_blind,64469867,D3_TFIDF,5,,109081|WMA_4c845fbb814d20b3|WMA_341a81856487f5f0|WMA_a51c3fa02de5e458|82014,0.99968433;0.99935848;0.99805140;0.99775189;0.96617728,1.00000000,0.62809713,5,1.60000000,0.99220468,0.17719427,0.78500000,0.66666667,1
internal_blind,64488182,B0,5,,WMA_a65e60d44957b45f|WMA_5567af4086515156|WMA_633a71dba9629284|WMA_188c6bd9f8f9ac71|28316,0.99628913;0.99180204;0.98155630;0.46180519;0.24790595,1.00000000,0.64793962,5,0.80000000,0.73587172,0.16388757,0.42500000,1.00000000,0
internal_blind,64488182,MMR,5,0.60000000,WMA_a65e60d44957b45f|WMA_5567af4086515156|WMA_633a71dba9629284|WMA_188c6bd9f8f9ac71|28316,0.99628913;0.99180204;0.98155630;0.46180519;0.24790595,1.00000000,0.64793962,5,0.80000000,0.73587172,0.16388757,0.42500000,1.00000000,0
internal_blind,64488182,D3_TFIDF,5,,WMA_5567af4086515156|WMA_a65e60d44957b45f|WMA_633a71dba9629284|28316|WMA_188c6bd9f8f9ac71,0.99628913;0.99180204;0.98155630;0.46180519;0.24790595,1.00000000,0.63685473,5,0.80000000,0.73587172,0.16388757,0.42500000,1.00000000,0
internal_blind,64532914,B0,5,,WMA_e605a81334711cc2|WMA_311fbc1de4cf8388|WMA_255ce47db6652d51|WMA_e7d7ebb9a3a1ef68|92425,0.99957818;0.99955779;0.99910814;0.99769920;0.99050879,1.00000000,0.64893158,5,1.00000000,0.99729042,0.25685926,0.63000000,1.00000000,0
internal_blind,64532914,MMR,5,0.60000000,WMA_e605a81334711cc2|20366|92425|63660|WMA_e7d7ebb9a3a1ef68,0.99957818;0.99769920;0.99050879;0.98705250;0.97454154,1.00000000,0.51006913,5,0.80000000,0.98987604,0.15967713,0.66000000,0.42857143,2
internal_blind,64532914,D3_TFIDF,5,,WMA_e7d7ebb9a3a1ef68|92425|WMA_e605a81334711cc2|WMA_311fbc1de4cf8388|WMA_255ce47db6652d51,0.99957818;0.99955779;0.99910814;0.99769920;0.99050879,1.00000000,0.64893158,5,1.00000000,0.99729042,0.25685926,0.63000000,1.00000000,0
internal_blind,64861934,B0,5,,WMA_83d7818375be01f3|94334|100332|100336|138713,0.99922943;0.99902225;0.99886382;0.99847263;0.99839646,0.75000000,0.63397740,3,1.20000000,0.99879692,0.21257044,0.60000000,1.00000000,0
internal_blind,64861934,MMR,5,0.60000000,WMA_83d7818375be01f3|100330|100334|150208|100338,0.99922943;0.99791366;0.99789619;0.99717122;0.97596151,0.75000000,0.63397740,3,1.20000000,0.99363440,0.14977878,0.73333333,0.11111111,4
internal_blind,64861934,D3_TFIDF,5,,WMA_83d7818375be01f3|100336|138713|150208|100338,0.99922943;0.99847263;0.99839646;0.99791366;0.99789619,0.75000000,0.63397740,3,1.20000000,0.99838167,0.17708386,0.73333333,0.42857143,2
internal_blind,64977734,B0,5,,WMA_33dce503097b9c19|WMA_6cb709e85b5032be|WMA_e1fc81d78f6605a5|WMA_fe1af2faae6b3dcd|WMA_ad39ce415714bdb4,0.99958783;0.99947435;0.99912900;0.99864894;0.99636322,0.50000000,0.64893158,3,1.00000000,0.99864067,0.21728919,0.50000000,1.00000000,0
internal_blind,64977734,MMR,5,0.60000000,WMA_33dce503097b9c19|WMA_c1d2ecf721e4a40f|WMA_79f7af7fc2d29086|WMA_b2c9c7c19735af3f|WMA_fe1af2faae6b3dcd,0.99958783;0.99864894;0.99336255;0.99297309;0.98976678,1.00000000,0.64893158,4,1.00000000,0.99486784,0.11981065,0.67500000,0.25000000,3
internal_blind,64977734,D3_TFIDF,5,,WMA_33dce503097b9c19|WMA_e1fc81d78f6605a5|WMA_fe1af2faae6b3dcd|WMA_6cb709e85b5032be|WMA_ad39ce415714bdb4,0.99958783;0.99947435;0.99912900;0.99864894;0.99636322,0.50000000,0.64893158,3,1.00000000,0.99864067,0.21728919,0.50000000,1.00000000,0
internal_blind,65211981,B0,5,,WMA_1d1b134ec8b4bf35|WMA_a02d693a3dfa6e5c|55017|2922|107777,0.99984992;0.99348962;0.97581589;0.97410947;0.97009945,1.00000000,0.42362596,4,0.80000000,0.98267287,0.19837281,0.70000000,1.00000000,0
internal_blind,65211981,MMR,5,0.60000000,WMA_1d1b134ec8b4bf35|114612|107777|2922|WMA_a02d693a3dfa6e5c,0.99984992;0.99348962;0.97410947;0.97009945;0.95770049,1.00000000,0.66257465,4,1.20000000,0.97904979,0.16947674,0.70000000,0.66666667,1
internal_blind,65211981,D3_TFIDF,5,,WMA_a02d693a3dfa6e5c|WMA_1d1b134ec8b4bf35|55017|2922|107777,0.99984992;0.99348962;0.97581589;0.97410947;0.97009945,1.00000000,0.42362596,4,0.80000000,0.98267287,0.19837281,0.70000000,1.00000000,0
internal_blind,65251670,B0,5,,WMA_9533857193c11757|WMA_80643cd7d8dc045c|WMA_adcc62c14190dafe|139138|104942,0.99946362;0.99303234;0.98821580;0.96548623;0.82679164,1.00000000,0.59442154,4,1.40000000,0.95459793,0.20538593,0.59166667,1.00000000,0
internal_blind,65251670,MMR,5,0.60000000,WMA_9533857193c11757|139138|104942|147593|WMA_adcc62c14190dafe,0.99946362;0.98821580;0.96548623;0.82679164;0.80856854,1.00000000,0.61396352,4,1.40000000,0.91770517,0.12862876,0.67500000,0.66666667,1
internal_blind,65251670,D3_TFIDF,5,,WMA_9533857193c11757|WMA_80643cd7d8dc045c|139138|104942|147593,0.99946362;0.99303234;0.96548623;0.82679164;0.80856854,1.00000000,0.46763680,4,1.00000000,0.91866847,0.13243010,0.55000000,0.66666667,1
internal_blind,65614103,B0,5,,WMA_4d11469da228b471|51052|96908|144674|156381,0.98489201;0.97388703;0.97116482;0.96215701;0.92384726,1.00000000,0.42492601,5,0.60000000,0.96318963,0.18385013,0.57333333,1.00000000,0
internal_blind,65614103,MMR,5,0.60000000,WMA_4d11469da228b471|156381|96908|144674|51052,0.98489201;0.97388703;0.97116482;0.96215701;0.92384726,1.00000000,0.42492601,5,0.60000000,0.96318963,0.18385013,0.57333333,1.00000000,0
internal_blind,65614103,D3_TFIDF,5,,WMA_4d11469da228b471|154448|51052|96908|144674,0.98489201;0.97388703;0.97116482;0.96215701;0.61685139,1.00000000,0.53888569,5,0.80000000,0.90179045,0.18122654,0.57500000,0.66666667,1
internal_blind,65675525,B0,5,,WMA_a0a6e8c4e80b5758|WMA_003d9f1a9302353c|174466|41814|55863,0.99983752;0.99946147;0.99787807;0.99612051;0.99574417,1.00000000,0.42155313,4,0.60000000,0.99780835,0.20595031,0.53333333,1.00000000,0
internal_blind,65675525,MMR,5,0.60000000,WMA_a0a6e8c4e80b5758|174466|55863|41814|168692,0.99983752;0.99787807;0.99612051;0.99574417;0.99477875,1.00000000,0.28324007,4,0.40000000,0.99687181,0.16889467,0.55000000,0.66666667,1
internal_blind,65675525,D3_TFIDF,5,,WMA_a0a6e8c4e80b5758|55863|WMA_003d9f1a9302353c|174466|41814,0.99983752;0.99946147;0.99787807;0.99612051;0.99574417,1.00000000,0.36402932,4,0.60000000,0.99780835,0.20595031,0.53333333,1.00000000,0
internal_blind,65678731,B0,5,,WMA_409963cbb36428ad|WMA_b3431d34edb99a1f|WMA_533625f83ca8f226|160185|WMA_b2baceb01d06faf2,0.99969161;0.99936754;0.99901891;0.99888271;0.99865460,1.00000000,0.55635661,4,1.80000000,0.99912307,0.15173856,0.67500000,1.00000000,0
internal_blind,65678731,MMR,5,0.60000000,WMA_409963cbb36428ad|128776|WMA_3bb7790cf91d7581|WMA_b3431d34edb99a1f|WMA_5689099db5b53489,0.99969161;0.99936754;0.99849761;0.99496883;0.99290025,1.00000000,0.52897725,4,1.60000000,0.99708517,0.07948885,0.71666667,0.25000000,3
internal_blind,65678731,D3_TFIDF,5,,WMA_b75166bb19beafeb|160185|WMA_6d0f0d70b148878b|WMA_3bb7790cf91d7581|WMA_5689099db5b53489,0.99888271;0.99618310;0.99496883;0.99290025;0.98681730,1.00000000,0.44544165,4,1.60000000,0.99395044,0.12710781,0.70000000,0.11111111,4
internal_blind,65725105,B0,5,,WMA_481130acd7c99046|130755|134199|176937|15340,0.99954993;0.99000180;0.98268038;0.96161896;0.95537966,0.80000000,0.67767436,4,2.00000000,0.97784615,0.20458412,0.65000000,1.00000000,0
internal_blind,65725105,MMR,5,0.60000000,WMA_481130acd7c99046|130755|134199|176937|WMA_5e66e95282fbad24,0.99954993;0.99000180;0.98268038;0.96161896;0.93544996,0.80000000,0.67767436,4,2.00000000,0.97386020,0.13506101,0.55000000,0.66666667,1
internal_blind,65725105,D3_TFIDF,5,,176937|157917|WMA_481130acd7c99046|130755|134199,0.99954993;0.99000180;0.98268038;0.96161896;0.95064288,1.00000000,0.67767436,5,2.00000000,0.97689879,0.20048218,0.58500000,0.66666667,1
internal_blind,65749102,B0,5,,WMA_585e6eafb7866f36|WMA_26774e7dfc121975|WMA_8cdd08f425ab5779|30747|WMA_ee429ec97d1bc52e,0.99851543;0.99224538;0.66961831;0.48053834;0.40614226,0.50000000,0.53900313,2,0.60000000,0.70941194,0.17778656,0.00000000,1.00000000,0
internal_blind,65749102,MMR,5,0.60000000,WMA_585e6eafb7866f36|WMA_26774e7dfc121975|WMA_8cdd08f425ab5779|30747|WMA_0b67343dd25cac71,0.99851543;0.99224538;0.66961831;0.48053834;0.39985114,0.00000000,0.63685473,2,0.80000000,0.70815372,0.14248801,0.00000000,0.66666667,1
internal_blind,65749102,D3_TFIDF,5,,WMA_0b67343dd25cac71|WMA_585e6eafb7866f36|WMA_26774e7dfc121975|WMA_8cdd08f425ab5779|30747,0.99851543;0.99224538;0.66961831;0.48053834;0.39985114,0.00000000,0.64793962,2,0.80000000,0.70815372,0.14248801,0.00000000,0.66666667,1
internal_blind,65787406,B0,5,,WMA_5724dd8053dd2660|WMA_69cd07eda5b55e16|WMA_27d26610e6261adc|WMA_8770ac41c4775bd6|WMA_4eca7449776d22a0,0.99972755;0.99331421;0.86248744;0.74156797;0.44208688,1.00000000,1.00000000,4,0.40000000,0.80783681,0.33075055,0.55000000,1.00000000,0
internal_blind,65787406,MMR,5,0.60000000,WMA_5724dd8053dd2660|WMA_69cd07eda5b55e16|WMA_27d26610e6261adc|WMA_8770ac41c4775bd6|WMA_74d9859b3335f6d6,0.99972755;0.99331421;0.86248744;0.74156797;0.35794026,1.00000000,1.00000000,4,0.40000000,0.79100748,0.24796641,0.55833333,0.66666667,1
internal_blind,65787406,D3_TFIDF,5,,WMA_69cd07eda5b55e16|WMA_5724dd8053dd2660|WMA_27d26610e6261adc|WMA_8770ac41c4775bd6|WMA_74d9859b3335f6d6,0.99972755;0.99331421;0.86248744;0.74156797;0.35794026,1.00000000,1.00000000,4,0.40000000,0.79100748,0.24796641,0.55833333,0.66666667,1
internal_blind,65847364,B0,5,,WMA_45d3b717e1665dd9|130954|23778|45940|129623,0.99840373;0.99285346;0.96840459;0.95316851;0.94553971,1.00000000,0.34369669,4,0.60000000,0.97167400,0.18625610,0.54166667,1.00000000,0
internal_blind,65847364,MMR,5,0.60000000,WMA_45d3b717e1665dd9|130954|1401|129623|23778,0.99840373;0.99285346;0.96840459;0.94553971;0.94439673,1.00000000,0.33405144,4,0.60000000,0.96991965,0.15215478,0.45833333,0.66666667,1
internal_blind,65847364,D3_TFIDF,5,,45940|WMA_45d3b717e1665dd9|130954|23778|129623,0.99840373;0.99285346;0.96840459;0.95316851;0.94553971,1.00000000,0.42492601,4,0.60000000,0.97167400,0.18625610,0.54166667,1.00000000,0
internal_blind,66045730,B0,5,,WMA_cddf174d120f4d10|WMA_6b16e8a6fd3cf104|WMA_3ca9b321360bffdb|WMA_886540718960cac9|138877,0.99966466;0.99957198;0.99937999;0.99903846;0.99824941,1.00000000,0.47815086,4,1.20000000,0.99918090,0.24583520,0.56666667,1.00000000,0
internal_blind,66045730,MMR,5,0.60000000,WMA_cddf174d120f4d10|WMA_6b16e8a6fd3cf104|138877|164136|WMA_23cab2d303052711,0.99966466;0.99957198;0.99824941;0.99281788;0.98924702,1.00000000,0.47815086,4,1.20000000,0.99591019,0.06709181,0.50833333,0.42857143,2
internal_blind,66045730,D3_TFIDF,5,,WMA_cddf174d120f4d10|WMA_9c5e3bcb993788d6|164136|WMA_886540718960cac9|WMA_69e8327835da5d78,0.99966466;0.99903846;0.99780291;0.99758255;0.98924702,1.00000000,0.33484598,4,1.00000000,0.99666712,0.15883338,0.40000000,0.25000000,3
internal_blind,66103927,B0,5,,WMA_5b4597b98368d8f1|WMA_5da221bfcc1815d2|WMA_6e6c976a57257bf1|WMA_1cc9b5eef47c167e|WMA_0e49deba3e4b842b,0.99997747;0.99653083;0.97972929;0.97191328;0.09473506,1.00000000,0.55850759,3,0.40000000,0.80857719,0.34217403,0.10000000,1.00000000,0
internal_blind,66103927,MMR,5,0.60000000,WMA_5b4597b98368d8f1|WMA_5da221bfcc1815d2|WMA_6e6c976a57257bf1|WMA_1cc9b5eef47c167e|21739,0.99997747;0.99653083;0.97972929;0.97191328;0.00033838,1.00000000,0.55850759,3,0.40000000,0.78969785,0.22102730,0.00000000,0.66666667,1
internal_blind,66103927,D3_TFIDF,5,,WMA_5b4597b98368d8f1|WMA_5da221bfcc1815d2|WMA_6e6c976a57257bf1|WMA_1cc9b5eef47c167e|WMA_0e49deba3e4b842b,0.99997747;0.99653083;0.97972929;0.97191328;0.09473506,1.00000000,0.55850759,3,0.40000000,0.80857719,0.34217403,0.10000000,1.00000000,0
internal_blind,66170905,B0,5,,WMA_0cee87c68bf717df|124578|143011|106818|2044,0.99399972;0.98029011;0.98029011;0.97359836;0.93060815,1.00000000,0.30500969,4,1.00000000,0.97175729,0.18362586,0.77500000,1.00000000,0
internal_blind,66170905,MMR,5,0.60000000,WMA_0cee87c68bf717df|124578|125719|2044|106818,0.99399972;0.98029011;0.97359836;0.93060815;0.92719072,1.00000000,0.40845684,4,1.20000000,0.96113741,0.09330975,0.77500000,0.66666667,1
internal_blind,66170905,D3_TFIDF,5,,WMA_0cee87c68bf717df|106818|182206|124578|143011,0.99399972;0.98029011;0.98029011;0.97359836;0.67592204,0.66666667,0.25328612,3,0.80000000,0.92082007,0.15892087,0.65000000,0.66666667,1
internal_blind,66188667,B0,5,,WMA_628f495fc739c464|WMA_6b69742ef4ba89a1|28131|78106|113287,0.99969876;0.99800009;0.99416912;0.99346340;0.99218577,1.00000000,0.64893158,5,1.00000000,0.99550343,0.22625094,0.75000000,1.00000000,0
internal_blind,66188667,MMR,5,0.60000000,WMA_628f495fc739c464|34455|78106|15181|28131,0.99969876;0.99416912;0.99346340;0.98989010;0.92922610,1.00000000,0.64893158,6,1.00000000,0.98128949,0.07353294,0.75500000,0.42857143,2
internal_blind,66188667,D3_TFIDF,5,,78106|15181|179056|WMA_628f495fc739c464|WMA_6b69742ef4ba89a1,0.99969876;0.99800009;0.99346340;0.92922610;0.92922610,1.00000000,0.64893158,6,1.00000000,0.96992289,0.15650727,0.68500000,0.42857143,2
internal_blind,66247727,B0,5,,WMA_8803916f4f76cf50|WMA_82a562e37edfe799|WMA_8e0bd6d9b990bdea|141251|155772,0.99783736;0.99660528;0.99656075;0.95253640;0.95253640,1.00000000,0.34222207,4,0.40000000,0.97921524,0.22599522,0.50000000,1.00000000,0
internal_blind,66247727,MMR,5,0.60000000,WMA_8803916f4f76cf50|141251|12502|WMA_82a562e37edfe799|219432,0.99783736;0.99660528;0.95253640;0.91118628;0.87794942,1.00000000,0.28162497,4,0.40000000,0.94722295,0.05983649,0.43333333,0.42857143,2
internal_blind,66247727,D3_TFIDF,5,,WMA_8e0bd6d9b990bdea|WMA_8803916f4f76cf50|141251|155772|12502,0.99783736;0.99656075;0.95253640;0.95253640;0.91118628,1.00000000,0.41966501,4,0.40000000,0.96213144,0.15330110,0.46666667,0.66666667,1
internal_blind,66259661,B0,5,,WMA_713fd5bd6ca875ff|181676|183008|181664|181742,0.99838746;0.99249530;0.99086952;0.98913467;0.98133641,1.00000000,0.69302219,4,1.00000000,0.99044467,0.18971866,0.40833333,1.00000000,0
internal_blind,66259661,MMR,5,0.60000000,WMA_713fd5bd6ca875ff|141874|183008|181664|181686,0.99838746;0.99086952;0.98913467;0.98082858;0.97808355,1.00000000,0.69302219,4,1.00000000,0.98746076,0.17247695,0.45833333,0.42857143,2
internal_blind,66259661,D3_TFIDF,5,,WMA_713fd5bd6ca875ff|181742|181676|183008|181664,0.99838746;0.99249530;0.99086952;0.98913467;0.98133641,1.00000000,0.69302219,4,1.00000000,0.99044467,0.18971866,0.40833333,1.00000000,0
internal_blind,66263215,B0,5,,WMA_9e3a7fe9c9286f0d|WMA_a3a7b0f503b3efc8|59434|WMA_c779e59a28d4f614|WMA_818c5d13dfbe99b7,0.99985468;0.99977678;0.99729222;0.99591738;0.99383694,1.00000000,0.29878962,5,0.60000000,0.99733560,0.24878160,0.78000000,1.00000000,0
internal_blind,66263215,MMR,5,0.60000000,WMA_9e3a7fe9c9286f0d|59434|145757|WMA_818c5d13dfbe99b7|WMA_a3a7b0f503b3efc8,0.99985468;0.99977678;0.99729222;0.99383694;0.99251419,1.00000000,0.20099726,5,0.40000000,0.99665496,0.14413565,0.58000000,0.66666667,1
internal_blind,66263215,D3_TFIDF,5,,WMA_9e3a7fe9c9286f0d|WMA_818c5d13dfbe99b7|WMA_a3a7b0f503b3efc8|59434|WMA_c779e59a28d4f614,0.99985468;0.99977678;0.99729222;0.99591738;0.99383694,1.00000000,0.27346251,5,0.60000000,0.99733560,0.24878160,0.78000000,1.00000000,0
internal_blind,66289847,B0,5,,WMA_eece546a877c5d18|WMA_0ee5f4fff208ce4a|WMA_1fd8c031d79a9e85|WMA_a56dbf172e8338e2|WMA_5e0cf615b1b60bfe,0.99983120;0.99965501;0.99965370;0.99940562;0.99649364,1.00000000,0.64893158,4,2.00000000,0.99900783,0.27982764,0.60833333,1.00000000,0
internal_blind,66289847,MMR,5,0.60000000,WMA_eece546a877c5d18|WMA_d4c38c3c0d4c175c|WMA_1fd8c031d79a9e85|WMA_a043e7e570e7ec20|WMA_aa9253e1010c6bb2,0.99983120;0.99965370;0.98741639;0.97728658;0.96809453,1.00000000,0.64893158,4,2.00000000,0.98645648,0.23318300,0.45833333,0.25000000,3
internal_blind,66289847,D3_TFIDF,5,,WMA_eece546a877c5d18|WMA_eda39fbf23161055|WMA_0d59033e1cd5f4d3|WMA_0ee5f4fff208ce4a|WMA_1fd8c031d79a9e85,0.99983120;0.99965501;0.99965370;0.91533065;0.90784925,1.00000000,0.55635661,4,1.80000000,0.96446396,0.34206384,0.48333333,0.42857143,2
internal_blind,66299022,B0,5,,WMA_6123daa34777ff35|WMA_6f8537f9bf590e46|78017|180809|WMA_34453b1feca1b260,0.99965918;0.96588778;0.89805359;0.87962085;0.84551567,1.00000000,0.64893158,5,1.00000000,0.91774741,0.15913599,0.50666667,1.00000000,0
internal_blind,66299022,MMR,5,0.60000000,WMA_6123daa34777ff35|WMA_6f8537f9bf590e46|180809|78017|180804,0.99965918;0.96588778;0.89805359;0.87962085;0.77710509,1.00000000,0.64893158,5,1.00000000,0.90406530,0.11866116,0.44000000,0.66666667,1
internal_blind,66299022,D3_TFIDF,5,,WMA_6123daa34777ff35|WMA_34453b1feca1b260|78017|53366|WMA_6f8537f9bf590e46,0.99965918;0.96588778;0.89805359;0.84551567;0.81542546,1.00000000,0.64893158,5,1.00000000,0.90490834,0.16227852,0.63000000,0.66666667,1
internal_blind,66312923,B0,5,,WMA_d88a2b34a85b0310|WMA_cf2bed6d311f5092|3051|29131|19561,0.99982834;0.99824762;0.99545455;0.99484766;0.98777312,1.00000000,0.64893158,3,2.00000000,0.99523026,0.15076493,0.60000000,1.00000000,0
internal_blind,66312923,MMR,5,0.60000000,WMA_d88a2b34a85b0310|3051|29131|WMA_f01a87bc5d74c9cd|14338,0.99982834;0.99545455;0.99484766;0.96256274;0.96177065,1.00000000,0.64893158,5,2.00000000,0.98289279,0.08576245,0.42833333,0.42857143,2
internal_blind,66312923,D3_TFIDF,5,,WMA_cf2bed6d311f5092|WMA_d88a2b34a85b0310|29131|204108|3050,0.99982834;0.99824762;0.99484766;0.97923481;0.97292387,1.00000000,0.64893158,3,2.00000000,0.98901646,0.15601618,0.55000000,0.42857143,2
internal_blind,66341907,B0,5,,WMA_c797f4d9ab5b0923|WMA_b60eb6c17cc2bc88|173048|158991|112123,0.99988854;0.99912804;0.93747038;0.89648777;0.74975961,1.00000000,0.74579122,4,1.00000000,0.91654687,0.16019980,0.55000000,1.00000000,0
internal_blind,66341907,MMR,5,0.60000000,WMA_c797f4d9ab5b0923|WMA_b60eb6c17cc2bc88|173048|112123|158991,0.99988854;0.99912804;0.93747038;0.89648777;0.74975961,1.00000000,0.74579122,4,1.00000000,0.91654687,0.16019980,0.55000000,1.00000000,0
internal_blind,66341907,D3_TFIDF,5,,WMA_c797f4d9ab5b0923|173048|158991|112123|WMA_b60eb6c17cc2bc88,0.99988854;0.99912804;0.93747038;0.89648777;0.74975961,1.00000000,0.74579122,4,1.00000000,0.91654687,0.16019980,0.55000000,1.00000000,0
internal_blind,66344705,B0,5,,WMA_526b89721f1dfd86|WMA_caf813e99ab952cb|WMA_d2e34f3c991e6e52|73159|WMA_51f83dcfef96608b,0.99967110;0.99806947;0.99628675;0.91220957;0.83756024,1.00000000,0.47815086,4,1.20000000,0.94875942,0.19608985,0.77500000,1.00000000,0
internal_blind,66344705,MMR,5,0.60000000,WMA_526b89721f1dfd86|73159|110768|WMA_51f83dcfef96608b|WMA_d2e34f3c991e6e52,0.99967110;0.99628675;0.91220957;0.83756024;0.82318377,1.00000000,0.33484598,4,1.00000000,0.91378229,0.10059109,0.77500000,0.66666667,1
internal_blind,66344705,D3_TFIDF,5,,WMA_d2e34f3c991e6e52|WMA_526b89721f1dfd86|WMA_caf813e99ab952cb|110768|WMA_f5f18731002e2934,0.99967110;0.99806947;0.99628675;0.82318377;0.79968244,1.00000000,0.44841241,5,1.20000000,0.92337871,0.24308487,0.81000000,0.42857143,2
internal_blind,66349812,B0,5,,WMA_45d19dda17e208a0|WMA_702ceb3700f76be3|91593|172853|83102,0.99832326;0.96359998;0.79838133;0.72471750;0.51558697,0.66666667,0.26920586,4,0.60000000,0.80012181,0.17371440,0.17500000,1.00000000,0
internal_blind,66349812,MMR,5,0.60000000,WMA_45d19dda17e208a0|91593|172853|WMA_702ceb3700f76be3|9776,0.99832326;0.96359998;0.79838133;0.72471750;0.41727746,0.66666667,0.18829485,4,0.40000000,0.78045990,0.13162168,0.20000000,0.66666667,1
internal_blind,66349812,D3_TFIDF,5,,WMA_45d19dda17e208a0|WMA_702ceb3700f76be3|91593|172853|83102,0.99832326;0.96359998;0.79838133;0.72471750;0.51558697,0.66666667,0.26920586,4,0.60000000,0.80012181,0.17371440,0.17500000,1.00000000,0
internal_blind,66356128,B0,5,,95610|164411|WMA_d76bbf96c9f88f61|WMA_1e89ec8814c067e0|143285,0.91055995;0.81466681;0.72383571;0.69997931;0.56995678,1.00000000,0.34883216,5,0.60000000,0.74379971,0.22948548,0.48166667,1.00000000,0
internal_blind,66356128,MMR,5,0.60000000,95610|WMA_1e89ec8814c067e0|164411|WMA_d76bbf96c9f88f61|160658,0.91055995;0.81466681;0.72383571;0.69997931;0.54700089,1.00000000,0.22311933,5,0.40000000,0.73920853,0.15755215,0.42000000,0.66666667,1
internal_blind,66356128,D3_TFIDF,5,,164411|95610|37653|48602|WMA_d76bbf96c9f88f61,0.91055995;0.81466681;0.72383571;0.42660981;0.42497841,1.00000000,0.00000000,5,0.00000000,0.66013014,0.15936312,0.27166667,0.42857143,2
internal_blind,66359830,B0,5,,WMA_b8e7d30842676a26|WMA_12b251e7e7fbc03b|WMA_1e1fad8dcb7c0665|128378|WMA_7be2fff112a9cf06,0.99993420;0.99937773;0.98807597;0.98508155;0.97474015,0.50000000,0.48299269,4,1.60000000,0.98944192,0.20135667,0.55000000,1.00000000,0
internal_blind,66359830,MMR,5,0.60000000,WMA_b8e7d30842676a26|128378|WMA_7be2fff112a9cf06|83758|WMA_12b251e7e7fbc03b,0.99993420;0.99937773;0.98508155;0.97474015;0.87878019,0.50000000,0.52897725,4,1.60000000,0.96758276,0.12784413,0.49166667,0.66666667,1
internal_blind,66359830,D3_TFIDF,5,,WMA_2541fb2828c8c6ff|WMA_b8e7d30842676a26|WMA_1e1fad8dcb7c0665|128378|83758,0.99993420;0.98807597;0.98508155;0.87878019;0.76974785,1.00000000,0.51880557,4,1.60000000,0.92432395,0.13190012,0.50833333,0.42857143,2
internal_blind,66374618,B0,5,,94643|169915|94642|166090|41059,0.99606198;0.99522555;0.99402052;0.99280059;0.99037677,0.50000000,0.64893158,2,1.00000000,0.99369708,0.34932348,0.70000000,1.00000000,0
internal_blind,66374618,MMR,5,0.60000000,94643|169915|WMA_24b8ad1980ba7f36|78698|64576,0.99606198;0.99522555;0.98974216;0.97635084;0.97486794,1.00000000,0.64893158,5,1.00000000,0.98644969,0.08702172,0.46166667,0.25000000,3
internal_blind,66374618,D3_TFIDF,5,,WMA_9a398bb71a517591|94643|169915|94642|166090,0.99606198;0.99522555;0.99402052;0.99280059;0.98840374,0.50000000,0.64893158,2,1.00000000,0.99330248,0.34983503,0.70000000,0.66666667,1
internal_blind,66376989,B0,5,,WMA_e027ebf854e214a6|133345|133346|155264|WMA_ce7e61cf8ad0d65a,0.99950457;0.99222541;0.99220079;0.99094713;0.98933184,1.00000000,0.58090786,5,1.40000000,0.99284195,0.34423764,0.54500000,1.00000000,0
internal_blind,66376989,MMR,5,0.60000000,WMA_e027ebf854e214a6|149181|155264|110459|WMA_2cc41038b5a997c4,0.99950457;0.99094713;0.98428380;0.98175895;0.97126716,1.00000000,0.79645406,6,1.80000000,0.98555232,0.20564960,0.37166667,0.25000000,3
internal_blind,66376989,D3_TFIDF,5,,WMA_e027ebf854e214a6|155264|WMA_ce7e61cf8ad0d65a|149181|110459,0.99950457;0.99094713;0.98933184;0.98428380;0.98175895,1.00000000,0.76987037,6,1.80000000,0.98916526,0.23548153,0.40166667,0.42857143,2
internal_blind,66379798,B0,5,,WMA_4132940c900ac61e|WMA_a8eb2bdab172e1f1|77431|134562|45778,0.99964154;0.99922180;0.99327761;0.98797113;0.98370081,1.00000000,0.55841891,5,1.60000000,0.99276258,0.16212771,0.66000000,1.00000000,0
internal_blind,66379798,MMR,5,0.60000000,WMA_4132940c900ac61e|WMA_a8eb2bdab172e1f1|77431|45778|45394,0.99964154;0.99922180;0.99327761;0.98370081;0.98096198,0.66666667,0.55841891,4,1.60000000,0.99136075,0.17113725,0.60000000,0.66666667,1
internal_blind,66379798,D3_TFIDF,5,,45394|45778|WMA_015877156bf27e31|WMA_4132940c900ac61e|WMA_a8eb2bdab172e1f1,0.99964154;0.99922180;0.98370081;0.98096198;0.92852759,1.00000000,0.61723032,5,1.60000000,0.97841074,0.16376787,0.43166667,0.42857143,2
internal_blind,66383478,B0,5,,WMA_9d0d5e2274232b3d|WMA_89b8473a7bcee144|57376|581|WMA_d56195045f7b5dda,0.99386841;0.98332942;0.97276580;0.96295244;0.95781225,0.00000000,0.49284852,3,0.80000000,0.97414566,0.24483539,0.66666667,1.00000000,0
internal_blind,66383478,MMR,5,0.60000000,WMA_9d0d5e2274232b3d|53468|57376|581|96022,0.99386841;0.97276580;0.96295244;0.94816303;0.89554513,1.00000000,0.39499692,4,0.60000000,0.95465896,0.09065937,0.38333333,0.42857143,2
internal_blind,66383478,D3_TFIDF,5,,WMA_9d0d5e2274232b3d|67476|WMA_89b8473a7bcee144|581|WMA_d56195045f7b5dda,0.99386841;0.98332942;0.96295244;0.95781225;0.95123637,0.00000000,0.33325944,3,0.60000000,0.96983978,0.24157089,0.80000000,0.66666667,1
internal_blind,66395957,B0,5,,71644|WMA_1d0cd17251b0bd3e|116166|145470|85283,0.99719054;0.99717426;0.99420702;0.99374628;0.98893028,1.00000000,0.65507582,5,1.60000000,0.99424968,0.24033092,0.49666667,1.00000000,0
internal_blind,66395957,MMR,5,0.60000000,71644|151649|WMA_1d0cd17251b0bd3e|145470|116166,0.99719054;0.99717426;0.99420702;0.99374628;0.98170781,1.00000000,0.65507582,5,1.60000000,0.99280518,0.17020342,0.43000000,0.66666667,1
internal_blind,66395957,D3_TFIDF,5,,71644|116166|WMA_1d0cd17251b0bd3e|125937|WMA_64f8798a9504ad5d,0.99719054;0.99717426;0.99420702;0.77052027;0.50980198,1.00000000,0.62532609,5,1.60000000,0.85377882,0.18607967,0.49000000,0.42857143,2
internal_blind,735026,B0,5,,WMA_7e2769156b835f28|19842|148334|168269|WMA_ef14f8a4fa43cbbd,0.75973475;0.48564211;0.43559009;0.32536870;0.18243758,1.00000000,0.42660088,4,0.80000000,0.43775465,0.16320493,0.25833333,1.00000000,0
internal_blind,735026,MMR,5,0.60000000,WMA_7e2769156b835f28|148334|19842|168269|WMA_ef14f8a4fa43cbbd,0.75973475;0.48564211;0.43559009;0.32536870;0.18243758,1.00000000,0.40659193,4,0.80000000,0.43775465,0.16320493,0.25833333,1.00000000,0
internal_blind,735026,D3_TFIDF,5,,168269|WMA_7e2769156b835f28|19842|148334|110630,0.75973475;0.48564211;0.43559009;0.32536870;0.07336549,1.00000000,0.23195061,4,0.60000000,0.41594023,0.14945737,0.25833333,0.66666667,1
internal_blind,7980119,B0,5,,WMA_b4d0cdd0da1bdbc5|WMA_06229075f836927d|WMA_776dfb8f6086e642|WMA_cd645ee32f7e29a8|WMA_7d394ae405d69bd2,0.99993575;0.99993205;0.99991679;0.99866736;0.99722940,1.00000000,0.64893158,4,1.00000000,0.99913627,0.20023452,0.10833333,1.00000000,0
internal_blind,7980119,MMR,5,0.60000000,WMA_b4d0cdd0da1bdbc5|WMA_8e3b1b7bdbecfe2a|WMA_06229075f836927d|WMA_cd645ee32f7e29a8|24666,0.99993575;0.99993205;0.99866736;0.99405718;0.98029053,1.00000000,0.64893158,4,1.00000000,0.99457657,0.11003869,0.18333333,0.42857143,2
internal_blind,7980119,D3_TFIDF,5,,49489|WMA_b4d0cdd0da1bdbc5|WMA_06229075f836927d|WMA_776dfb8f6086e642|WMA_cd645ee32f7e29a8,0.99993575;0.99993205;0.99991679;0.99866736;0.99107474,1.00000000,0.64893158,4,1.00000000,0.99790534,0.19804733,0.10833333,0.66666667,1
internal_blind,8014358,B0,5,,210142|163622|WMA_5e02e73bd4456b1d|137748|178840,0.96717882;0.91878349;0.85426986;0.81131124;0.79300284,1.00000000,0.68582632,5,1.20000000,0.86890925,0.20972563,0.64333333,1.00000000,0
internal_blind,8014358,MMR,5,0.60000000,210142|163622|178840|137748|WMA_5e02e73bd4456b1d,0.96717882;0.91878349;0.85426986;0.81131124;0.79300284,1.00000000,0.68582632,5,1.20000000,0.86890925,0.20972563,0.64333333,1.00000000,0
internal_blind,8014358,D3_TFIDF,5,,163622|178840|220947|210142|WMA_5e02e73bd4456b1d,0.96717882;0.91878349;0.85426986;0.79300284;0.76189142,1.00000000,0.52801679,4,1.20000000,0.85902529,0.20281097,0.71666667,0.66666667,1
internal_blind,846733,B0,5,,WMA_672cffe6c3c5db5d|WMA_08f93e69ba81f662|WMA_42aa9453104d745b|WMA_8b698b4f3ecadc9a|WMA_50d4d2855765bade,0.98741060;0.98493975;0.98337597;0.98250628;0.96817523,1.00000000,0.00000000,5,0.00000000,0.98128157,0.26346551,0.03333333,1.00000000,0
internal_blind,846733,MMR,5,0.60000000,WMA_672cffe6c3c5db5d|WMA_84beac802b1742ff|28953|WMA_8b698b4f3ecadc9a|WMA_dcf3063e29ee69ef,0.98741060;0.98250628;0.95939630;0.95699251;0.92210108,1.00000000,0.62405052,5,0.40000000,0.96168135,0.04693027,0.25333333,0.25000000,3
internal_blind,846733,D3_TFIDF,5,,WMA_672cffe6c3c5db5d|WMA_08f93e69ba81f662|WMA_42aa9453104d745b|WMA_8b698b4f3ecadc9a|WMA_50d4d2855765bade,0.98741060;0.98493975;0.98337597;0.98250628;0.96817523,1.00000000,0.00000000,5,0.00000000,0.98128157,0.26346551,0.03333333,1.00000000,0
internal_blind,9000081,B0,5,,114599|27650|27653|34406|95808,0.99303871;0.99237448;0.99237448;0.99074113;0.99062598,1.00000000,0.35846506,5,1.00000000,0.99183096,0.14528945,0.36000000,1.00000000,0
internal_blind,9000081,MMR,5,0.60000000,114599|27650|95808|34406|187116,0.99303871;0.99237448;0.99074113;0.99062598;0.98826408,1.00000000,0.36713365,5,1.00000000,0.99100888,0.08724740,0.37166667,0.66666667,1
internal_blind,9000081,D3_TFIDF,5,,34406|114599|27650|27653|95808,0.99303871;0.99237448;0.99237448;0.99074113;0.99062598,1.00000000,0.40449129,5,1.00000000,0.99183096,0.14528945,0.36000000,1.00000000,0
internal_blind,9002395,B0,5,,58770|WMA_48b73e8a763f2a18|WMA_87ffb9c54f77eba2|WMA_a603c481ff8de9ac|WMA_92f3cd55981606e6,0.86531013;0.78765321;0.65260637;0.34528181;0.32246548,0.75000000,0.00000000,4,0.00000000,0.59466340,0.08100713,0.12500000,1.00000000,0
internal_blind,9002395,MMR,5,0.60000000,58770|WMA_48b73e8a763f2a18|WMA_87ffb9c54f77eba2|WMA_a603c481ff8de9ac|WMA_92f3cd55981606e6,0.86531013;0.78765321;0.65260637;0.34528181;0.32246548,0.75000000,0.00000000,4,0.00000000,0.59466340,0.08100713,0.12500000,1.00000000,0
internal_blind,9002395,D3_TFIDF,5,,WMA_ce639eadb07551b0|58770|WMA_48b73e8a763f2a18|WMA_87ffb9c54f77eba2|WMA_92f3cd55981606e6,0.86531013;0.78765321;0.65260637;0.32246548;0.02673003,1.00000000,0.00000000,5,0.00000000,0.53095304,0.08495033,0.20500000,0.66666667,1
internal_blind,9004113,B0,5,,16197|90073|WMA_a07d360590fa4e7d|WMA_e5e7575c14babf2c|81918,0.99671692;0.97705656;0.97485286;0.97235954;0.93652207,1.00000000,0.64893158,5,1.00000000,0.97150159,0.18543755,0.41166667,1.00000000,0
internal_blind,9004113,MMR,5,0.60000000,16197|WMA_e5e7575c14babf2c|93365|121633|90073,0.99671692;0.97705656;0.97235954;0.93495834;0.90791488,1.00000000,0.64893158,5,1.00000000,0.95780125,0.14661537,0.31166667,0.42857143,2
internal_blind,9004113,D3_TFIDF,5,,WMA_a07d360590fa4e7d|16197|90073|WMA_e5e7575c14babf2c|121633,0.99671692;0.97705656;0.97485286;0.97235954;0.93495834,1.00000000,0.64893158,5,1.00000000,0.97118884,0.20351258,0.29500000,0.66666667,1
internal_blind,910811,B0,5,,202736|202734|WMA_6d51c94e8422c9e7|184994|WMA_0c27b6bce107dfde,0.99829227;0.99827600;0.99756771;0.98622584;0.98596954,1.00000000,0.61058587,5,0.60000000,0.99326627,0.19323892,0.68500000,1.00000000,0
internal_blind,910811,MMR,5,0.60000000,202736|WMA_6d51c94e8422c9e7|184994|145591|WMA_3798843d0ea66139,0.99829227;0.99756771;0.98622584;0.97827405;0.93217939,1.00000000,0.54998877,5,0.60000000,0.97850785,0.10565059,0.56666667,0.42857143,2
internal_blind,910811,D3_TFIDF,5,,184994|202736|202734|WMA_6d51c94e8422c9e7|WMA_3798843d0ea66139,0.99829227;0.99827600;0.99756771;0.98622584;0.93217939,0.66666667,0.45928467,4,0.60000000,0.98250824,0.16389672,0.64166667,0.66666667,1
internal_blind,9127304,B0,5,,WMA_98189d4b8c5f2ec0|51052|96908|113310|185042,0.97314882;0.89852732;0.83751971;0.82925743;0.81838602,1.00000000,0.29776747,4,0.80000000,0.87136786,0.16104391,0.75000000,1.00000000,0
internal_blind,9127304,MMR,5,0.60000000,WMA_98189d4b8c5f2ec0|51052|185042|113310|57798,0.97314882;0.89852732;0.82925743;0.81838602;0.80509031,1.00000000,0.29776747,4,0.80000000,0.86488198,0.12284702,0.67500000,0.66666667,1
internal_blind,9127304,D3_TFIDF,5,,112544|WMA_98189d4b8c5f2ec0|51052|WMA_4418ee1dd02005e4|96908,0.97314882;0.89852732;0.83751971;0.75091577;0.73318595,1.00000000,0.35416953,5,0.80000000,0.83865951,0.21965701,0.68500000,0.42857143,2
internal_blind,9156581,B0,5,,WMA_a2e2944879da4558|WMA_fcf936f9b6b8f214|WMA_8df3096c9e52ede2|WMA_5f5af50209c5e1db|107692,0.98577416;0.96988553;0.96192759;0.96133971;0.94676000,1.00000000,0.34620964,4,0.40000000,0.96513740,0.23857270,0.35000000,1.00000000,0
internal_blind,9156581,MMR,5,0.60000000,WMA_a2e2944879da4558|107692|WMA_5f5af50209c5e1db|142837|WMA_fcf936f9b6b8f214,0.98577416;0.96988553;0.96133971;0.94676000;0.92446434,1.00000000,0.24630239,3,0.20000000,0.95764475,0.18716822,0.41666667,0.66666667,1
internal_blind,9156581,D3_TFIDF,5,,WMA_5f5af50209c5e1db|WMA_a2e2944879da4558|107692|WMA_d3ac1a59cfd893fe|87189,0.98577416;0.96133971;0.94676000;0.85687244;0.75830567,1.00000000,0.51433718,3,0.60000000,0.90181040,0.21998208,0.36666667,0.42857143,2
internal_blind,9420828,B0,5,,WMA_e792b729503bd988|WMA_caf22f651cd9d593|WMA_5ab949aa0d81b602|WMA_e7f6652a8d171f70|WMA_b3e9d4d5ca82ea9b,0.98208231;0.97841120;0.97563577;0.96419406;0.96364015,1.00000000,0.64893158,4,1.00000000,0.97279270,0.22565310,0.75000000,1.00000000,0
internal_blind,9420828,MMR,5,0.60000000,WMA_e792b729503bd988|WMA_39365c91cfbe2214|WMA_caf22f651cd9d593|WMA_5ab949aa0d81b602|WMA_b3e9d4d5ca82ea9b,0.98208231;0.97841120;0.97563577;0.96364015;0.95708567,1.00000000,0.64893158,4,1.00000000,0.97137102,0.15658435,0.71666667,0.66666667,1
internal_blind,9420828,D3_TFIDF,5,,WMA_e792b729503bd988|WMA_caf22f651cd9d593|WMA_5ab949aa0d81b602|WMA_e7f6652a8d171f70|WMA_b3e9d4d5ca82ea9b,0.98208231;0.97841120;0.97563577;0.96419406;0.96364015,1.00000000,0.64893158,4,1.00000000,0.97279270,0.22565310,0.75000000,1.00000000,0
internal_blind,9472291,B0,5,,222227|222090|188358|WMA_b1fe1a43c8e330d0|205403,0.99938059;0.99876702;0.99758399;0.99162054;0.97222477,1.00000000,0.64893158,5,2.00000000,0.99191538,0.19384615,0.38666667,1.00000000,0
internal_blind,9472291,MMR,5,0.60000000,222227|222090|WMA_7c869ebe3c7b6288|222147|187803,0.99938059;0.99876702;0.97132057;0.96231174;0.90381926,1.00000000,0.64893158,4,2.00000000,0.96711984,0.07753039,0.50000000,0.25000000,3
internal_blind,9472291,D3_TFIDF,5,,222090|222227|WMA_b1fe1a43c8e330d0|205403|222147,0.99938059;0.99876702;0.99162054;0.97222477;0.97132057,1.00000000,0.64893158,5,2.00000000,0.98666270,0.11914119,0.41666667,0.66666667,1
internal_blind,9797597,B0,5,,173375|52657|90656|91506|61110,0.99826849;0.99755883;0.99739170;0.99705732;0.99599659,1.00000000,0.61638942,5,1.60000000,0.99725459,0.17155164,0.42500000,1.00000000,0
internal_blind,9797597,MMR,5,0.60000000,173375|52657|90656|91506|61110,0.99826849;0.99755883;0.99739170;0.99705732;0.99599659,1.00000000,0.61638942,5,1.60000000,0.99725459,0.17155164,0.42500000,1.00000000,0
internal_blind,9797597,D3_TFIDF,5,,WMA_92e9cbb6ad47cfd6|173375|52657|90656|91506,0.99826849;0.99755883;0.99739170;0.99705732;0.98934805,1.00000000,0.76987037,5,1.80000000,0.99592488,0.20580981,0.42500000,0.66666667,1
cmedqa2_external,10023852,B0,5,,116421|116423|46026|76197|59410,0.77015400;0.56728262;0.37087184;0.29562351;0.25613868,1.00000000,0.51237541,3,1.60000000,0.45201413,0.15313350,0.23333333,1.00000000,0
cmedqa2_external,10023852,MMR,5,0.60000000,116421|46026|59410|96654|174620,0.77015400;0.37087184;0.25613868;0.23989703;0.22158125,1.00000000,0.55635661,3,1.80000000,0.37172856,0.02599569,0.30000000,0.42857143,2
cmedqa2_external,10023852,D3_TFIDF,5,,116421|116423|46026|76197|59410,0.77015400;0.56728262;0.37087184;0.29562351;0.25613868,1.00000000,0.51237541,3,1.60000000,0.45201413,0.15313350,0.23333333,1.00000000,0
cmedqa2_external,10317603,B0,5,,102997|92696|63813|174511|215345,0.89814812;0.89814812;0.89396924;0.87558293;0.87259734,1.00000000,0.64893158,4,1.00000000,0.88768915,0.17105327,0.71666667,1.00000000,0
cmedqa2_external,10317603,MMR,5,0.60000000,102997|63813|174511|223246|187104,0.89814812;0.89396924;0.87558293;0.85357422;0.81112599,1.00000000,0.64893158,4,1.00000000,0.86648010,0.06831451,0.56666667,0.42857143,2
cmedqa2_external,10317603,D3_TFIDF,5,,102997|92696|187104|60605|63813,0.89814812;0.89814812;0.89396924;0.83661705;0.81112599,1.00000000,0.64893158,4,1.00000000,0.86760170,0.19329283,0.65000000,0.42857143,2
cmedqa2_external,11653887,B0,5,,43490|163766|31485|163728|43491,0.99634403;0.99555969;0.99433136;0.99201775;0.95800501,1.00000000,0.72247740,4,1.60000000,0.98725157,0.24369064,0.75000000,1.00000000,0
cmedqa2_external,11653887,MMR,5,0.60000000,43490|163766|31485|163728|43491,0.99634403;0.99555969;0.99433136;0.99201775;0.95800501,1.00000000,0.72247740,4,1.60000000,0.98725157,0.24369064,0.75000000,1.00000000,0
cmedqa2_external,11653887,D3_TFIDF,5,,31485|WMA_aced4ce49aeb2c59|43490|163766|163728,0.99634403;0.99555969;0.99433136;0.99201775;0.69327539,1.00000000,0.49756136,4,1.40000000,0.93430564,0.17782246,0.66666667,0.66666667,1
cmedqa2_external,12951792,B0,5,,WMA_2451e62d38a2fdd9|97416|75053|WMA_c1c1e69cd8d9c447|WMA_ed6e3736ea12d28d,0.99099392;0.98973548;0.90263116;0.67061597;0.54231036,1.00000000,0.54472496,4,0.80000000,0.81925738,0.18726695,0.31666667,1.00000000,0
cmedqa2_external,12951792,MMR,5,0.60000000,WMA_2451e62d38a2fdd9|97416|75053|WMA_ed6e3736ea12d28d|WMA_a8d7653a115b6df1,0.99099392;0.98973548;0.90263116;0.54231036;0.39639783,1.00000000,0.54472496,4,0.80000000,0.76441375,0.11454207,0.40000000,0.66666667,1
cmedqa2_external,12951792,D3_TFIDF,5,,WMA_2451e62d38a2fdd9|97416|WMA_ed6e3736ea12d28d|75053|WMA_a8d7653a115b6df1,0.99099392;0.98973548;0.90263116;0.54231036;0.39639783,1.00000000,0.54472496,4,0.80000000,0.76441375,0.11454207,0.40000000,0.66666667,1
cmedqa2_external,13272306,B0,5,,38507|10358|25491|159392|4521,0.99733824;0.99673247;0.99480504;0.98961955;0.98348433,1.00000000,0.64893158,4,1.00000000,0.99239593,0.19180142,0.57500000,1.00000000,0
cmedqa2_external,13272306,MMR,5,0.60000000,38507|159392|10358|86607|2852,0.99733824;0.99673247;0.98961955;0.97065544;0.96993947,0.50000000,0.56378846,2,0.80000000,0.98485703,0.14210599,0.80000000,0.42857143,2
cmedqa2_external,13272306,D3_TFIDF,5,,38507|10358|25491|159392|4521,0.99733824;0.99673247;0.99480504;0.98961955;0.98348433,1.00000000,0.64893158,4,1.00000000,0.99239593,0.19180142,0.57500000,1.00000000,0
cmedqa2_external,14543418,B0,5,,5602|91204|91205|109975|5773,0.99615967;0.99515355;0.99459100;0.98657435;0.98397130,1.00000000,0.35801076,3,0.60000000,0.99128997,0.23132519,0.38333333,1.00000000,0
cmedqa2_external,14543418,MMR,5,0.60000000,5602|5773|91205|127046|WMA_12df5cd062c27162,0.99615967;0.99459100;0.98397130;0.93142706;0.91845906,1.00000000,0.27814920,4,0.40000000,0.96492162,0.10944028,0.33333333,0.42857143,2
cmedqa2_external,14543418,D3_TFIDF,5,,5602|5773|91204|109975|8860,0.99615967;0.99515355;0.98657435;0.98397130;0.73288375,1.00000000,0.07986156,3,0.20000000,0.93894852,0.20119629,0.41666667,0.66666667,1
cmedqa2_external,15409243,B0,5,,206111|190778|122425|188240|184423,0.72297859;0.64697129;0.61733359;0.58252186;0.58170402,1.00000000,0.40962877,3,1.60000000,0.63030187,0.12946614,0.56666667,1.00000000,0
cmedqa2_external,15409243,MMR,5,0.60000000,206111|122425|184423|188240|190778,0.72297859;0.64697129;0.61733359;0.58252186;0.58170402,1.00000000,0.44544165,3,1.60000000,0.63030187,0.12946614,0.56666667,1.00000000,0
cmedqa2_external,15409243,D3_TFIDF,5,,206111|190778|222369|188240|184423,0.72297859;0.64697129;0.58252186;0.58170402;0.44330063,1.00000000,0.33626485,2,1.40000000,0.59549528,0.16423302,0.70000000,0.66666667,1
cmedqa2_external,15903894,B0,5,,163483|141325|224685|47587|55149,0.71224147;0.59158951;0.56640142;0.49542701;0.42042562,1.00000000,0.61643363,4,0.60000000,0.55721701,0.12937519,0.33333333,1.00000000,0
cmedqa2_external,15903894,MMR,5,0.60000000,163483|141325|224685|47587|166454,0.71224147;0.59158951;0.56640142;0.49542701;0.40810785,1.00000000,0.61643363,4,0.60000000,0.55475345,0.13563459,0.38333333,0.66666667,1
cmedqa2_external,15903894,D3_TFIDF,5,,163483|224685|47587|141325|55149,0.71224147;0.59158951;0.56640142;0.49542701;0.42042562,1.00000000,0.63994539,4,0.60000000,0.55721701,0.12937519,0.33333333,1.00000000,0
cmedqa2_external,16167880,B0,5,,34420|218055|62245|151555|216819,0.97759706;0.89916402;0.83322048;0.78439099;0.60859293,1.00000000,0.64893158,5,1.00000000,0.82059309,0.12280615,0.65000000,1.00000000,0
cmedqa2_external,16167880,MMR,5,0.60000000,34420|218055|62245|216819|151555,0.97759706;0.89916402;0.83322048;0.78439099;0.60859293,1.00000000,0.64893158,5,1.00000000,0.82059309,0.12280615,0.65000000,1.00000000,0
cmedqa2_external,16167880,D3_TFIDF,5,,218055|34420|151555|62245|216819,0.97759706;0.89916402;0.83322048;0.78439099;0.60859293,1.00000000,0.64893158,5,1.00000000,0.82059309,0.12280615,0.65000000,1.00000000,0
cmedqa2_external,16552726,B0,5,,WMA_15b3feede5bd5b7c|64419|145294|149511|145295,0.99617982;0.98126352;0.98121601;0.98121601;0.97681218,1.00000000,0.64893158,4,1.00000000,0.98333751,0.19308185,0.85000000,1.00000000,0
cmedqa2_external,16552726,MMR,5,0.60000000,WMA_15b3feede5bd5b7c|145294|145295|8441|149509,0.99617982;0.98121601;0.97681218;0.97059679;0.92774528,1.00000000,0.64893158,4,1.00000000,0.97051002,0.11001562,0.85000000,0.42857143,2
cmedqa2_external,16552726,D3_TFIDF,5,,4829|WMA_15b3feede5bd5b7c|145295|149509|64419,0.99617982;0.98126352;0.97681218;0.97059679;0.50589848,1.00000000,0.42883981,5,0.80000000,0.88615016,0.15943514,0.77000000,0.42857143,2
cmedqa2_external,17313436,B0,5,,21353|86950|23871|WMA_c5954ae612f406b3|212656,0.77211219;0.72373194;0.65297896;0.64667916;0.57034039,1.00000000,0.64893158,5,1.00000000,0.67316853,0.11769060,0.77000000,1.00000000,0
cmedqa2_external,17313436,MMR,5,0.60000000,21353|WMA_c5954ae612f406b3|86950|23871|212656,0.77211219;0.72373194;0.65297896;0.64667916;0.57034039,1.00000000,0.64893158,5,1.00000000,0.67316853,0.11769060,0.77000000,1.00000000,0
cmedqa2_external,17313436,D3_TFIDF,5,,52864|21353|86950|23871|WMA_c5954ae612f406b3,0.77211219;0.72373194;0.65297896;0.64667916;0.39752245,1.00000000,0.64893158,4,1.00000000,0.63860494,0.16628771,0.85000000,0.66666667,1
cmedqa2_external,18460909,B0,5,,161724|203806|WMA_abb1132746c1cef8|49522|92701,0.98922741;0.88545513;0.73004806;0.70720500;0.55988377,1.00000000,0.55700201,4,1.60000000,0.77436388,0.18956836,0.68333333,1.00000000,0
cmedqa2_external,18460909,MMR,5,0.60000000,161724|203806|WMA_abb1132746c1cef8|49522|92701,0.98922741;0.88545513;0.73004806;0.70720500;0.55988377,1.00000000,0.55700201,4,1.60000000,0.77436388,0.18956836,0.68333333,1.00000000,0
cmedqa2_external,18460909,D3_TFIDF,5,,161724|WMA_abb1132746c1cef8|203806|49522|154848,0.98922741;0.88545513;0.73004806;0.70720500;0.49610126,1.00000000,0.49154223,4,1.40000000,0.76160737,0.18636137,0.53333333,0.66666667,1
cmedqa2_external,19714874,B0,5,,124446|128415|68129|96341|WMA_58eaad03d47e5866,0.83543891;0.81083447;0.73833174;0.66276634;0.56017733,1.00000000,0.54804805,4,1.40000000,0.72150975,0.08766848,0.57500000,1.00000000,0
cmedqa2_external,19714874,MMR,5,0.60000000,124446|128415|68129|96341|WMA_58eaad03d47e5866,0.83543891;0.81083447;0.73833174;0.66276634;0.56017733,1.00000000,0.54804805,4,1.40000000,0.72150975,0.08766848,0.57500000,1.00000000,0
cmedqa2_external,19714874,D3_TFIDF,5,,96341|124446|128415|68129|WMA_58eaad03d47e5866,0.83543891;0.81083447;0.73833174;0.66276634;0.56017733,1.00000000,0.45659405,4,1.40000000,0.72150975,0.08766848,0.57500000,1.00000000,0
cmedqa2_external,20155097,B0,5,,199104|94812|26748|34234|167494,0.95174855;0.93593764;0.91794449;0.91645330;0.77883822,1.00000000,0.59216950,4,1.80000000,0.90018444,0.14407832,0.77500000,1.00000000,0
cmedqa2_external,20155097,MMR,5,0.60000000,199104|26748|167494|94812|34234,0.95174855;0.93593764;0.91794449;0.91645330;0.77883822,1.00000000,0.57556765,4,1.80000000,0.90018444,0.14407832,0.77500000,1.00000000,0
cmedqa2_external,20155097,D3_TFIDF,5,,94812|34234|199104|167494|197004,0.95174855;0.93593764;0.91645330;0.77883822;0.77883822,1.00000000,0.52897725,4,1.60000000,0.87236319,0.18418098,0.77500000,0.66666667,1
cmedqa2_external,20572094,B0,5,,156934|204053|24472|59000|24474,0.99648893;0.98958898;0.98599374;0.98458606;0.95688325,1.00000000,0.50220373,4,1.80000000,0.98270819,0.22437575,0.45000000,1.00000000,0
cmedqa2_external,20572094,MMR,5,0.60000000,156934|59000|24472|14709|64275,0.99648893;0.98599374;0.98458606;0.92991942;0.85801417,1.00000000,0.44544165,4,1.60000000,0.95100046,0.10167294,0.40833333,0.42857143,2
cmedqa2_external,20572094,D3_TFIDF,5,,108833|14709|156934|204053|24472,0.99648893;0.98958898;0.98599374;0.92991942;0.87330192,1.00000000,0.57556765,4,1.80000000,0.95505860,0.15904179,0.42500000,0.42857143,2
cmedqa2_external,20921571,B0,5,,51810|3070|149378|174|36606,0.81384200;0.70081955;0.67982739;0.61635834;0.58461887,1.00000000,0.61168318,5,1.80000000,0.67909323,0.22393075,0.65166667,1.00000000,0
cmedqa2_external,20921571,MMR,5,0.60000000,51810|3070|149378|174|41841,0.81384200;0.70081955;0.67982739;0.61635834;0.50642943,1.00000000,0.52276886,5,1.40000000,0.66345534,0.13905731,0.45000000,0.66666667,1
cmedqa2_external,20921571,D3_TFIDF,5,,51810|3070|149378|174|128624,0.81384200;0.70081955;0.67982739;0.61635834;0.56253356,1.00000000,0.61168318,5,1.80000000,0.67467617,0.20380516,0.62333333,0.66666667,1
cmedqa2_external,21503007,B0,5,,64055|158475|46094|128335|192792,0.99520230;0.96992713;0.95731777;0.88498032;0.88498032,1.00000000,0.83118982,5,1.20000000,0.93848157,0.19786735,0.56000000,1.00000000,0
cmedqa2_external,21503007,MMR,5,0.60000000,64055|158475|46094|128335|165632,0.99520230;0.96992713;0.95731777;0.88498032;0.67249513,1.00000000,0.83118982,5,1.20000000,0.89598453,0.17540088,0.54000000,0.66666667,1
cmedqa2_external,21503007,D3_TFIDF,5,,64055|158475|46094|128335|192792,0.99520230;0.96992713;0.95731777;0.88498032;0.88498032,1.00000000,0.83118982,5,1.20000000,0.93848157,0.19786735,0.56000000,1.00000000,0
cmedqa2_external,21520533,B0,5,,116682|137060|84350|141455|126206,0.98256427;0.98256427;0.97476166;0.96624082;0.96584296,1.00000000,0.77514825,3,0.80000000,0.97439480,0.26248645,0.86666667,1.00000000,0
cmedqa2_external,21520533,MMR,5,0.60000000,116682|78842|84350|103877|141455,0.98256427;0.97476166;0.96624082;0.95889181;0.95347923,1.00000000,0.70128998,4,0.80000000,0.96718756,0.13524705,0.80000000,0.42857143,2
cmedqa2_external,21520533,D3_TFIDF,5,,84350|116682|137060|141455|141456,0.98256427;0.98256427;0.97476166;0.96624082;0.96350622,1.00000000,0.77514825,3,0.80000000,0.97392745,0.24894403,0.86666667,0.66666667,1
cmedqa2_external,21742660,B0,5,,71062|3923|150283|150284|74541,0.99529558;0.99293220;0.99127382;0.99127382;0.98881370,1.00000000,0.43691548,4,1.00000000,0.99191782,0.17213118,0.32500000,1.00000000,0
cmedqa2_external,21742660,MMR,5,0.60000000,71062|150283|74541|3923|142172,0.99529558;0.99293220;0.99127382;0.98881370;0.98056972,1.00000000,0.42607813,4,1.00000000,0.98977700,0.08867417,0.32500000,0.66666667,1
cmedqa2_external,21742660,D3_TFIDF,5,,69709|3923|150283|150284|74541,0.99293220;0.99127382;0.99127382;0.98881370;0.98416519,1.00000000,0.24535337,3,0.80000000,0.98969175,0.16015387,0.38333333,0.66666667,1
cmedqa2_external,21879438,B0,5,,88381|218200|159541|214755|184147,0.98757058;0.95664799;0.87098688;0.76028657;0.75484312,1.00000000,0.50220373,4,1.80000000,0.86606703,0.14379231,0.70000000,1.00000000,0
cmedqa2_external,21879438,MMR,5,0.60000000,88381|218200|214755|184147|130285,0.98757058;0.95664799;0.76028657;0.75484312;0.74614978,1.00000000,0.44544165,3,1.60000000,0.84109961,0.11909168,0.66666667,0.66666667,1
cmedqa2_external,21879438,D3_TFIDF,5,,88381|218200|159541|214755|184147,0.98757058;0.95664799;0.87098688;0.76028657;0.75484312,1.00000000,0.50220373,4,1.80000000,0.86606703,0.14379231,0.70000000,1.00000000,0
cmedqa2_external,22268993,B0,5,,103745|80613|152113|122089|150616,0.98198056;0.97880781;0.94631141;0.87299627;0.86669773,1.00000000,0.64893158,4,1.00000000,0.92935876,0.23294529,0.55833333,1.00000000,0
cmedqa2_external,22268993,MMR,5,0.60000000,103745|152113|110450|127983|154151,0.98198056;0.94631141;0.85894930;0.85820150;0.83398664,1.00000000,0.64893158,4,1.00000000,0.89588588,0.08941267,0.57500000,0.25000000,3
cmedqa2_external,22268993,D3_TFIDF,5,,103745|150616|154151|127983|159416,0.98198056;0.86669773;0.85894930;0.85820150;0.85820150,1.00000000,0.64893158,4,1.00000000,0.88480612,0.25445992,0.62500000,0.25000000,3
cmedqa2_external,23024787,B0,5,,75875|185044|63563|214692|7171,0.99894065;0.99434102;0.98603243;0.98549104;0.98119950,1.00000000,0.62768658,5,1.40000000,0.98920093,0.20560676,0.17333333,1.00000000,0
cmedqa2_external,23024787,MMR,5,0.60000000,75875|114017|214692|7171|75119,0.99894065;0.98549104;0.98119950;0.97457629;0.96373969,1.00000000,0.50857944,5,1.20000000,0.98078943,0.10277888,0.29333333,0.42857143,2
cmedqa2_external,23024787,D3_TFIDF,5,,185044|53330|75875|214692|7068,0.99894065;0.99434102;0.98549104;0.97536057;0.87723255,1.00000000,0.43101477,5,0.80000000,0.96627316,0.18862028,0.23500000,0.42857143,2
cmedqa2_external,23295331,B0,5,,221728|207521|185241|188877|224190,0.98383868;0.97474414;0.97427726;0.97345382;0.97054011,1.00000000,0.64893158,4,2.00000000,0.97537080,0.23693933,0.66666667,1.00000000,0
cmedqa2_external,23295331,MMR,5,0.60000000,221728|206849|207521|224190|152235,0.98383868;0.97474414;0.97054011;0.96372163;0.96238083,1.00000000,0.59216950,5,1.80000000,0.97104508,0.16096755,0.59000000,0.42857143,2
cmedqa2_external,23295331,D3_TFIDF,5,,221728|152235|207071|207521|185241,0.98383868;0.97474414;0.97427726;0.96372163;0.83925498,1.00000000,0.48299269,5,1.60000000,0.94716734,0.16499776,0.55500000,0.42857143,2
cmedqa2_external,23408449,B0,5,,129192|87869|124872|99341|160921,0.93754834;0.92647374;0.87420911;0.72798890;0.38602936,1.00000000,0.55414321,5,0.80000000,0.77044989,0.18891880,0.65166667,1.00000000,0
cmedqa2_external,23408449,MMR,5,0.60000000,129192|87869|99341|124872|160921,0.93754834;0.92647374;0.87420911;0.72798890;0.38602936,1.00000000,0.53888569,5,0.80000000,0.77044989,0.18891880,0.65166667,1.00000000,0
cmedqa2_external,23408449,D3_TFIDF,5,,87869|129192|124872|99341|160921,0.93754834;0.92647374;0.87420911;0.72798890;0.38602936,1.00000000,0.55414321,5,0.80000000,0.77044989,0.18891880,0.65166667,1.00000000,0
cmedqa2_external,24287913,B0,5,,WMA_595ee51f1edb429e|115083|166284|WMA_e03b3e9f63e33cd0|38672,0.99677581;0.99547595;0.99473757;0.99275279;0.99154270,1.00000000,0.58573933,5,1.80000000,0.99425696,0.13655293,0.45000000,1.00000000,0
cmedqa2_external,24287913,MMR,5,0.60000000,WMA_595ee51f1edb429e|166284|38672|WMA_e03b3e9f63e33cd0|115083,0.99677581;0.99547595;0.99473757;0.99275279;0.99154270,1.00000000,0.58573933,5,1.80000000,0.99425696,0.13655293,0.45000000,1.00000000,0
cmedqa2_external,24287913,D3_TFIDF,5,,WMA_595ee51f1edb429e|166284|WMA_e03b3e9f63e33cd0|WMA_e82393352c611ffc|38672,0.99677581;0.99473757;0.99275279;0.99154270;0.98421037,1.00000000,0.57556765,5,1.80000000,0.99200385,0.14372097,0.54500000,0.66666667,1
cmedqa2_external,24527831,B0,5,,205581|220667|144773|WMA_b5b7557833d55fa7|224466,0.99801934;0.99501735;0.99272257;0.99256539;0.99206674,1.00000000,0.57915677,5,1.80000000,0.99407828,0.20274419,0.77000000,1.00000000,0
cmedqa2_external,24527831,MMR,5,0.60000000,205581|224466|216217|WMA_b5b7557833d55fa7|86249,0.99801934;0.99256539;0.99206674;0.98998523;0.92276925,1.00000000,0.42909147,5,1.40000000,0.97908119,0.07907934,0.46000000,0.42857143,2
cmedqa2_external,24527831,D3_TFIDF,5,,205581|216217|86249|220667|144773,0.99801934;0.99501735;0.99272257;0.98998523;0.92276925,1.00000000,0.38779095,5,1.40000000,0.97970275,0.10566856,0.46000000,0.42857143,2
cmedqa2_external,24856302,B0,5,,190439|206931|185686|188340|188338,0.99738008;0.99595648;0.99554849;0.99501568;0.99436778,1.00000000,0.64893158,4,2.00000000,0.99565370,0.19201035,0.65000000,1.00000000,0
cmedqa2_external,24856302,MMR,5,0.60000000,190439|188340|206931|127431|WMA_7f231b4ad8cd0cf0,0.99738008;0.99595648;0.99501568;0.96957517;0.95705086,1.00000000,0.64893158,4,2.00000000,0.98299565,0.09385938,0.45833333,0.42857143,2
cmedqa2_external,24856302,D3_TFIDF,5,,185686|190439|WMA_7f231b4ad8cd0cf0|206931|208413,0.99738008;0.99595648;0.99554849;0.99154913;0.96957517,1.00000000,0.64893158,4,2.00000000,0.99000187,0.16350313,0.58333333,0.42857143,2
cmedqa2_external,25687854,B0,5,,190751|190047|183727|222368|190291,0.95412785;0.91829866;0.90294033;0.88917106;0.82866949,1.00000000,0.64008140,2,1.40000000,0.89864148,0.12276171,0.20000000,1.00000000,0
cmedqa2_external,25687854,MMR,5,0.60000000,190751|190047|222368|183727|190291,0.95412785;0.91829866;0.90294033;0.88917106;0.82866949,1.00000000,0.65535647,2,1.40000000,0.89864148,0.12276171,0.20000000,1.00000000,0
cmedqa2_external,25687854,D3_TFIDF,5,,183721|190751|190047|183727|190291,0.95412785;0.91829866;0.90294033;0.82866949;0.71534723,1.00000000,0.68420618,3,1.40000000,0.86387671,0.15112221,0.16666667,0.66666667,1
cmedqa2_external,25955525,B0,5,,135908|49933|137180|73613|18882,0.95872033;0.87034047;0.79144526;0.77112150;0.75906074,1.00000000,0.46900009,4,0.60000000,0.83013766,0.10726024,0.51666667,1.00000000,0
cmedqa2_external,25955525,MMR,5,0.60000000,135908|49933|73613|18882|137180,0.95872033;0.87034047;0.79144526;0.77112150;0.75906074,1.00000000,0.44409733,4,0.60000000,0.83013766,0.10726024,0.51666667,1.00000000,0
cmedqa2_external,25955525,D3_TFIDF,5,,137180|135908|49933|205085|148127,0.95872033;0.87034047;0.79144526;0.69254518;0.64413464,1.00000000,0.64893158,4,1.00000000,0.79143717,0.12929402,0.49166667,0.42857143,2
cmedqa2_external,25971374,B0,5,,105770|4771|46124|69395|WMA_bef3fce803227730,0.98024267;0.95804220;0.94447988;0.90844041;0.82585460,1.00000000,0.55414321,4,0.80000000,0.92341195,0.29581297,0.50000000,1.00000000,0
cmedqa2_external,25971374,MMR,5,0.60000000,105770|46124|4771|69395|101281,0.98024267;0.95804220;0.94447988;0.90844041;0.79349780,1.00000000,0.55414321,4,0.80000000,0.91694059,0.19817340,0.50000000,0.66666667,1
cmedqa2_external,25971374,D3_TFIDF,5,,WMA_bef3fce803227730|105770|46124|4771|69395,0.98024267;0.95804220;0.94447988;0.90844041;0.82585460,1.00000000,0.56378846,4,0.80000000,0.92341195,0.29581297,0.50000000,1.00000000,0
cmedqa2_external,26350324,B0,5,,140087|163353|47675|124611|69197,0.98245597;0.95637065;0.45748276;0.17323522;0.13495034,1.00000000,0.69302219,4,1.00000000,0.54089899,0.13737551,0.48333333,1.00000000,0
cmedqa2_external,26350324,MMR,5,0.60000000,140087|163353|47675|69197|34224,0.98245597;0.95637065;0.45748276;0.13495034;0.13456714,1.00000000,0.69302219,4,1.00000000,0.53316537,0.12772073,0.40833333,0.66666667,1
cmedqa2_external,26350324,D3_TFIDF,5,,140087|163353|47675|69197|109249,0.98245597;0.95637065;0.45748276;0.13495034;0.00001718,1.00000000,0.60209416,4,0.80000000,0.50625538,0.09560198,0.50833333,0.66666667,1
cmedqa2_external,26753327,B0,5,,6655|37634|37637|81241|87388,0.97344422;0.96514612;0.96177894;0.95254624;0.91984928,1.00000000,0.71044421,4,2.00000000,0.95455296,0.15678629,0.72500000,1.00000000,0
cmedqa2_external,26753327,MMR,5,0.60000000,6655|37634|87388|81241|73209,0.97344422;0.96514612;0.95254624;0.91984928;0.88824999,1.00000000,0.71044421,5,2.00000000,0.93984717,0.08622010,0.54833333,0.66666667,1
cmedqa2_external,26753327,D3_TFIDF,5,,197851|87388|6655|73209|37634,0.97344422;0.96514612;0.91984928;0.88824999;0.87018871,1.00000000,0.71044421,5,2.00000000,0.92337567,0.14574386,0.51166667,0.42857143,2
cmedqa2_external,27241031,B0,5,,29253|106336|214386|76957|58556,0.99767345;0.99625695;0.99557942;0.99505818;0.99184811,0.75000000,0.64893158,4,2.00000000,0.99528322,0.25309267,0.77500000,1.00000000,0
cmedqa2_external,27241031,MMR,5,0.60000000,29253|214386|58556|76957|47352,0.99767345;0.99557942;0.99505818;0.99184811;0.99170834,1.00000000,0.64893158,5,2.00000000,0.99437350,0.22068994,0.64000000,0.66666667,1
cmedqa2_external,27241031,D3_TFIDF,5,,74101|WMA_6b781c7f7f72ffa3|29253|106336|214386,0.99767345;0.99625695;0.99557942;0.98761892;0.98694187,1.00000000,0.64893158,5,2.00000000,0.99281412,0.22699699,0.64500000,0.42857143,2
cmedqa2_external,27480420,B0,5,,168719|182525|182703|170600|92501,0.91325539;0.90230006;0.89612585;0.89010477;0.86634564,1.00000000,0.64893158,4,1.00000000,0.89362634,0.16942779,0.77500000,1.00000000,0
cmedqa2_external,27480420,MMR,5,0.60000000,168719|170600|174115|182525|92501,0.91325539;0.90230006;0.89010477;0.86634564;0.82570183,1.00000000,0.64893158,3,1.00000000,0.87954154,0.10157055,0.65000000,0.66666667,1
cmedqa2_external,27480420,D3_TFIDF,5,,182703|168719|182525|170600|174115,0.91325539;0.90230006;0.89612585;0.89010477;0.82570183,1.00000000,0.64893158,4,1.00000000,0.88549758,0.12871176,0.57500000,0.66666667,1
cmedqa2_external,27505189,B0,5,,WMA_f00b6fc9c7e0fe19|96117|75568|WMA_ed55a1ce54b42845|159815,0.99843162;0.99654937;0.99617827;0.99574608;0.99541867,1.00000000,0.86072977,5,1.80000000,0.99646480,0.24185652,0.64000000,1.00000000,0
cmedqa2_external,27505189,MMR,5,0.60000000,WMA_f00b6fc9c7e0fe19|169791|159815|75568|96117,0.99843162;0.99654937;0.99617827;0.99541867;0.99192119,1.00000000,0.70203918,5,1.60000000,0.99569982,0.16305995,0.64000000,0.66666667,1
cmedqa2_external,27505189,D3_TFIDF,5,,WMA_f00b6fc9c7e0fe19|96117|75568|169791|WMA_b43638f15295fdcd,0.99843162;0.99654937;0.99617827;0.99192119;0.71025681,1.00000000,0.76887863,6,1.60000000,0.93866745,0.17519646,0.58333333,0.42857143,2
cmedqa2_external,27841772,B0,5,,130524|219019|51107|WMA_0187b845d3e341a0|163870,0.99439788;0.98756021;0.97899193;0.91210312;0.80090910,1.00000000,0.68582632,5,1.20000000,0.93479245,0.16680472,0.52500000,1.00000000,0
cmedqa2_external,27841772,MMR,5,0.60000000,130524|219019|51107|WMA_0187b845d3e341a0|163870,0.99439788;0.98756021;0.97899193;0.91210312;0.80090910,1.00000000,0.68582632,5,1.20000000,0.93479245,0.16680472,0.52500000,1.00000000,0
cmedqa2_external,27841772,D3_TFIDF,5,,130524|WMA_0187b845d3e341a0|163870|51107|219019,0.99439788;0.98756021;0.97899193;0.91210312;0.80090910,1.00000000,0.68582632,5,1.20000000,0.93479245,0.16680472,0.52500000,1.00000000,0
cmedqa2_external,28208243,B0,5,,172832|WMA_8690483167fc8ccb|WMA_f99b2174d83620e1|WMA_f1de35c6e4fb3b71|173076,0.98755175;0.98350060;0.97615665;0.96790397;0.96386749,1.00000000,0.64893158,5,2.00000000,0.97579609,0.22381464,0.46000000,1.00000000,0
cmedqa2_external,28208243,MMR,5,0.60000000,172832|201455|WMA_f99b2174d83620e1|201934|WMA_8690483167fc8ccb,0.98755175;0.98350060;0.97615665;0.93924624;0.79847080,0.50000000,0.64893158,3,2.00000000,0.93698521,0.13523887,0.61666667,0.42857143,2
cmedqa2_external,28208243,D3_TFIDF,5,,172832|WMA_8690483167fc8ccb|WMA_f1de35c6e4fb3b71|173076|201455,0.98755175;0.98350060;0.96790397;0.96386749;0.93924624,1.00000000,0.64893158,5,2.00000000,0.96841401,0.18212114,0.47333333,0.66666667,1
cmedqa2_external,28276121,B0,5,,109420|63807|79028|90859|43843,0.94276947;0.89416659;0.89344209;0.89344209;0.87813014,1.00000000,0.33484598,4,1.00000000,0.90039008,0.15828724,0.68333333,1.00000000,0
cmedqa2_external,28276121,MMR,5,0.60000000,109420|79028|43843|63807|135191,0.94276947;0.89416659;0.89344209;0.87813014;0.84062266,1.00000000,0.33484598,4,1.00000000,0.88982619,0.08853368,0.55833333,0.66666667,1
cmedqa2_external,28276121,D3_TFIDF,5,,63807|109420|43843|158263|35331,0.94276947;0.89416659;0.87813014;0.84252858;0.64187169,1.00000000,0.29091249,4,0.80000000,0.83989329,0.14418129,0.55000000,0.42857143,2
cmedqa2_external,28432349,B0,5,,105813|117428|117429|117431|41015,0.99636477;0.99636477;0.99636477;0.99636477;0.99519891,1.00000000,0.45058950,3,1.00000000,0.99613160,0.99774781,1.00000000,1.00000000,0
cmedqa2_external,28432349,MMR,5,0.60000000,105813|65824|38517|149147|112630,0.99636477;0.99438983;0.99373007;0.98697889;0.97340536,1.00000000,0.29504990,5,0.60000000,0.98897378,0.13827092,0.61333333,0.11111111,4
cmedqa2_external,28432349,D3_TFIDF,5,,65824|105813|117428|117429|117431,0.99636477;0.99636477;0.99636477;0.99636477;0.99438983,1.00000000,0.29776747,4,0.80000000,0.99596978,0.63595769,0.80000000,0.66666667,1
cmedqa2_external,28559875,B0,5,,44165|171729|30189|52239|157763,0.87437582;0.87190640;0.77898782;0.76603234;0.73745310,1.00000000,0.45379693,4,0.60000000,0.80575110,0.21063741,0.50000000,1.00000000,0
cmedqa2_external,28559875,MMR,5,0.60000000,44165|30189|52239|122801|171729,0.87437582;0.87190640;0.77898782;0.76603234;0.64435703,1.00000000,0.60209416,3,0.80000000,0.78713188,0.16273701,0.56666667,0.66666667,1
cmedqa2_external,28559875,D3_TFIDF,5,,44165|52239|171729|22485|31670,0.87437582;0.87190640;0.76603234;0.55982679;0.44915321,1.00000000,0.47427081,4,0.60000000,0.70425891,0.12715493,0.47500000,0.42857143,2
cmedqa2_external,29243100,B0,5,,WMA_1fe790a859be1717|205049|188796|200182|38792,0.99828303;0.99814665;0.99650794;0.99493307;0.99390256,1.00000000,0.48577009,4,1.40000000,0.99635465,0.13636794,0.55000000,1.00000000,0
cmedqa2_external,29243100,MMR,5,0.60000000,WMA_1fe790a859be1717|38791|188796|38792|175294,0.99828303;0.99650794;0.99390256;0.99257070;0.98655033,1.00000000,0.40326878,4,1.20000000,0.99356291,0.08299591,0.50833333,0.42857143,2
cmedqa2_external,29243100,D3_TFIDF,5,,112458|175294|200182|38791|224551,0.99493307;0.99257070;0.98985428;0.98655033;0.97414476,1.00000000,0.65225103,5,1.60000000,0.98761063,0.14120158,0.67500000,0.11111111,4
cmedqa2_external,30198850,B0,5,,60411|203995|204073|141057|63206,0.99907315;0.99809676;0.99712402;0.99637246;0.99634749,1.00000000,0.55987643,3,1.60000000,0.99740278,0.30372440,0.80000000,1.00000000,0
cmedqa2_external,30198850,MMR,5,0.60000000,60411|63206|203995|102636|141057,0.99907315;0.99809676;0.99637246;0.99634749;0.98856527,1.00000000,0.57315618,3,1.60000000,0.99569103,0.21050860,0.80000000,0.66666667,1
cmedqa2_external,30198850,D3_TFIDF,5,,203995|60411|204073|141057|63204,0.99907315;0.99809676;0.99712402;0.99637246;0.99626899,1.00000000,0.63057631,3,1.60000000,0.99738708,0.31189509,0.80000000,0.66666667,1
cmedqa2_external,30427522,B0,5,,215736|97181|211834|69937|74291,0.96077055;0.95515907;0.95343912;0.95255470;0.93061578,1.00000000,0.49154223,5,1.40000000,0.95050784,0.19711129,0.42500000,1.00000000,0
cmedqa2_external,30427522,MMR,5,0.60000000,215736|69937|74291|97181|211834,0.96077055;0.95515907;0.95343912;0.95255470;0.93061578,1.00000000,0.52542729,5,1.40000000,0.95050784,0.19711129,0.42500000,1.00000000,0
cmedqa2_external,30427522,D3_TFIDF,5,,69937|215736|97181|211834|74291,0.96077055;0.95515907;0.95343912;0.95255470;0.93061578,1.00000000,0.52542729,5,1.40000000,0.95050784,0.19711129,0.42500000,1.00000000,0
cmedqa2_external,30644294,B0,5,,145857|WMA_240c926efd6bb683|WMA_1a320c79e212ff8b|8872|112780,0.91646993;0.83757579;0.79475701;0.73705435;0.72402495,1.00000000,0.64893158,4,1.00000000,0.80197641,0.16789616,0.70000000,1.00000000,0
cmedqa2_external,30644294,MMR,5,0.60000000,145857|WMA_240c926efd6bb683|WMA_1a320c79e212ff8b|8872|WMA_4bfaea4aea5cb567,0.91646993;0.83757579;0.79475701;0.73705435;0.51860082,1.00000000,0.64893158,5,1.00000000,0.76089158,0.05806121,0.62000000,0.66666667,1
cmedqa2_external,30644294,D3_TFIDF,5,,145857|WMA_1a320c79e212ff8b|WMA_240c926efd6bb683|WMA_f8c44bea668c8f69|8872,0.91646993;0.83757579;0.79475701;0.73705435;0.65090990,1.00000000,0.64893158,4,1.00000000,0.78735340,0.10812081,0.68333333,0.66666667,1
cmedqa2_external,31085459,B0,5,,18044|23698|9509|105492|153537,0.99922049;0.99912733;0.99874383;0.99871087;0.99802458,1.00000000,0.47239648,5,1.60000000,0.99876542,0.16617197,0.75000000,1.00000000,0
cmedqa2_external,31085459,MMR,5,0.60000000,18044|105492|23698|153537|23711,0.99922049;0.99912733;0.99871087;0.99802458;0.99588901,1.00000000,0.49455124,5,1.60000000,0.99819446,0.10557547,0.66500000,0.66666667,1
cmedqa2_external,31085459,D3_TFIDF,5,,18044|105492|WMA_fdb1911764b92243|53728|130521,0.99922049;0.99871087;0.99779993;0.99255812;0.98920667,1.00000000,0.39636158,5,1.20000000,0.99549922,0.15237702,0.63500000,0.25000000,3
cmedqa2_external,31215929,B0,5,,27008|63974|105232|100403|17082,0.98889482;0.98003834;0.96282464;0.95574170;0.93484902,1.00000000,0.59216950,4,1.80000000,0.96446971,0.15126534,0.52500000,1.00000000,0
cmedqa2_external,31215929,MMR,5,0.60000000,27008|105232|17082|171815|63974,0.98889482;0.98003834;0.96282464;0.93484902;0.92637378,1.00000000,0.51237541,4,1.60000000,0.95859612,0.14195677,0.68333333,0.66666667,1
cmedqa2_external,31215929,D3_TFIDF,5,,63974|171815|27008|100403|51691,0.98889482;0.98003834;0.95574170;0.93210638;0.92637378,1.00000000,0.49959453,4,1.60000000,0.95663100,0.15371272,0.55000000,0.42857143,2
cmedqa2_external,31297183,B0,5,,8113|53778|130301|135665|89358,0.98261654;0.96497178;0.95772219;0.95772219;0.95772219,1.00000000,0.00000000,3,0.00000000,0.96415098,0.35455143,0.73333333,1.00000000,0
cmedqa2_external,31297183,MMR,5,0.60000000,8113|85567|53778|112737|130301,0.98261654;0.96497178;0.95772219;0.95727646;0.94772309,1.00000000,0.00000000,3,0.00000000,0.96206201,0.31260841,0.73333333,0.42857143,2
cmedqa2_external,31297183,D3_TFIDF,5,,130301|8113|53778|85567|112737,0.98261654;0.96497178;0.95772219;0.95727646;0.94772309,1.00000000,0.00000000,3,0.00000000,0.96206201,0.31260841,0.73333333,0.42857143,2
cmedqa2_external,32003875,B0,5,,57605|57604|52476|147136|47931,0.99860352;0.99665254;0.97475511;0.96803135;0.94888604,1.00000000,0.74579122,5,1.00000000,0.97738571,0.25792906,0.43833333,1.00000000,0
cmedqa2_external,32003875,MMR,5,0.60000000,57605|57604|WMA_b2a00c62b384af61|147136|33143,0.99860352;0.99665254;0.96803135;0.94808286;0.90828151,1.00000000,0.64793962,5,0.80000000,0.96393036,0.17871284,0.50000000,0.42857143,2
cmedqa2_external,32003875,D3_TFIDF,5,,57605|57604|147136|47931|WMA_b2a00c62b384af61,0.99860352;0.99665254;0.96803135;0.94888604;0.94808286,1.00000000,0.74579122,5,1.00000000,0.97205126,0.21249003,0.41833333,0.66666667,1
cmedqa2_external,32407801,B0,5,,162304|96783|38913|43561|151921,0.99711597;0.97987354;0.97738945;0.94682157;0.93986511,1.00000000,0.35651288,3,1.20000000,0.96821313,0.18900384,0.66666667,1.00000000,0
cmedqa2_external,32407801,MMR,5,0.60000000,162304|151921|96783|200562|43561,0.99711597;0.97987354;0.94682157;0.93986511;0.93906534,1.00000000,0.48577009,4,1.40000000,0.96054831,0.15755590,0.51666667,0.66666667,1
cmedqa2_external,32407801,D3_TFIDF,5,,162304|52316|96783|43561|50084,0.99711597;0.97987354;0.94682157;0.92039883;0.72941440,1.00000000,0.28240654,3,1.00000000,0.91472486,0.17515714,0.36666667,0.42857143,2
cmedqa2_external,3263110,B0,5,,108213|97385|38769|87662|103703,0.98810589;0.98553920;0.98123372;0.97072852;0.97024709,1.00000000,0.82759930,5,1.20000000,0.97917088,0.17739029,0.64000000,1.00000000,0
cmedqa2_external,3263110,MMR,5,0.60000000,108213|97385|38769|87662|103703,0.98810589;0.98553920;0.98123372;0.97072852;0.97024709,1.00000000,0.82759930,5,1.20000000,0.97917088,0.17739029,0.64000000,1.00000000,0
cmedqa2_external,3263110,D3_TFIDF,5,,97385|103703|108213|38769|87662,0.98810589;0.98553920;0.98123372;0.97072852;0.97024709,1.00000000,0.79969496,5,1.20000000,0.97917088,0.17739029,0.64000000,1.00000000,0
cmedqa2_external,3311653,B0,5,,157894|216646|206209|WMA_c9bd24798f169a5a|193885,0.97590339;0.95520562;0.93783504;0.92620683;0.91630065,0.75000000,0.00000000,4,0.00000000,0.94229031,0.21778773,0.60000000,1.00000000,0
cmedqa2_external,3311653,MMR,5,0.60000000,157894|46079|206209|216646|WMA_c9bd24798f169a5a,0.97590339;0.95520562;0.93783504;0.92620683;0.88570541,0.75000000,0.00000000,4,0.00000000,0.93617126,0.14850362,0.41666667,0.66666667,1
cmedqa2_external,3311653,D3_TFIDF,5,,157894|46079|103255|206209|38382,0.97590339;0.93783504;0.89675343;0.88570541;0.74719489,0.75000000,0.23463936,4,0.20000000,0.88867843,0.11509438,0.30000000,0.25000000,3
cmedqa2_external,33669807,B0,5,,210183|39138|170469|14285|15857,0.99681419;0.98556083;0.86788714;0.86681616;0.81402326,0.66666667,0.75623355,3,1.20000000,0.90622032,0.17648875,0.63333333,1.00000000,0
cmedqa2_external,33669807,MMR,5,0.60000000,210183|39138|170469|14285|28043,0.99681419;0.98556083;0.86788714;0.86681616;0.66003758,0.66666667,0.75623355,3,1.20000000,0.87542318,0.11032295,0.46666667,0.66666667,1
cmedqa2_external,33669807,D3_TFIDF,5,,210183|39138|28043|170469|14285,0.99681419;0.98556083;0.86788714;0.86681616;0.66003758,0.66666667,0.75623355,3,1.20000000,0.87542318,0.11032295,0.46666667,0.66666667,1
cmedqa2_external,33837853,B0,5,,42059|107793|134315|77474|195549,0.99891198;0.98686999;0.98056132;0.97802770;0.97342706,1.00000000,0.53888569,3,0.80000000,0.98355961,0.17454125,0.45000000,1.00000000,0
cmedqa2_external,33837853,MMR,5,0.60000000,42059|103501|195549|77474|96435,0.99891198;0.97802770;0.97342706;0.97341758;0.97189593,1.00000000,0.64893158,3,1.00000000,0.97913605,0.15266094,0.40000000,0.42857143,2
cmedqa2_external,33837853,D3_TFIDF,5,,WMA_1e914906e7b8283d|42059|107793|134315|23801,0.99891198;0.98686999;0.98056132;0.96468586;0.90925634,1.00000000,0.55414321,2,0.80000000,0.96805710,0.17325834,0.70000000,0.42857143,2
cmedqa2_external,34047925,B0,5,,77753|135928|52338|52340|30750,0.93750674;0.91490078;0.90692312;0.90692312;0.86569750,1.00000000,0.00000000,4,0.00000000,0.90639025,0.18626299,0.48333333,1.00000000,0
cmedqa2_external,34047925,MMR,5,0.60000000,77753|52338|30750|135928|WMA_b8c873b08ff6b675,0.93750674;0.91490078;0.90692312;0.86569750;0.78205705,1.00000000,0.00000000,4,0.00000000,0.88141704,0.10607104,0.45000000,0.66666667,1
cmedqa2_external,34047925,D3_TFIDF,5,,77753|30750|135928|52338|52340,0.93750674;0.91490078;0.90692312;0.90692312;0.86569750,1.00000000,0.00000000,4,0.00000000,0.90639025,0.18626299,0.48333333,1.00000000,0
cmedqa2_external,34847544,B0,5,,197663|173760|167572|173755|197668,0.95517254;0.85855645;0.81407923;0.40744421;0.40744421,1.00000000,0.53072127,3,0.40000000,0.68853933,0.18651356,0.38333333,1.00000000,0
cmedqa2_external,34847544,MMR,5,0.60000000,197663|173760|167572|173755|173759,0.95517254;0.85855645;0.81407923;0.40744421;0.40356746,1.00000000,0.53072127,3,0.40000000,0.68776398,0.11650230,0.33333333,0.66666667,1
cmedqa2_external,34847544,D3_TFIDF,5,,173760|197663|167572|173755|197668,0.95517254;0.85855645;0.81407923;0.40744421;0.40744421,1.00000000,0.70391809,3,0.40000000,0.68853933,0.18651356,0.38333333,1.00000000,0
cmedqa2_external,35188063,B0,5,,99593|7519|WMA_63e00116dd87fe0a|WMA_c49ca6b4d69e979a|WMA_70d938162236078b,0.76262462;0.72437876;0.69953251;0.57978278;0.24373075,1.00000000,0.44149241,5,0.40000000,0.60200989,0.22163481,0.68000000,1.00000000,0
cmedqa2_external,35188063,MMR,5,0.60000000,99593|WMA_63e00116dd87fe0a|7519|WMA_c49ca6b4d69e979a|WMA_2eba5a51103c4da6,0.76262462;0.72437876;0.69953251;0.57978278;0.22211753,1.00000000,0.44149241,5,0.40000000,0.59768724,0.16999706,0.68000000,0.66666667,1
cmedqa2_external,35188063,D3_TFIDF,5,,7519|99593|WMA_63e00116dd87fe0a|WMA_c49ca6b4d69e979a|WMA_c2eb8009586713b5,0.76262462;0.72437876;0.69953251;0.57978278;0.19119935,1.00000000,0.58557007,5,0.40000000,0.59150361,0.19587258,0.68000000,0.66666667,1
cmedqa2_external,35238609,B0,5,,171234|9423|138852|177973|119962,0.89345413;0.85470647;0.77140969;0.75488889;0.64489108,1.00000000,0.31879393,5,0.60000000,0.78387005,0.20399735,0.16666667,1.00000000,0
cmedqa2_external,35238609,MMR,5,0.60000000,171234|138852|119962|177973|9423,0.89345413;0.85470647;0.77140969;0.75488889;0.64489108,1.00000000,0.28997737,5,0.60000000,0.78387005,0.20399735,0.16666667,1.00000000,0
cmedqa2_external,35238609,D3_TFIDF,5,,171234|138852|119962|104809|130769,0.89345413;0.77140969;0.64489108;0.44849914;0.44849914,0.50000000,0.28997737,4,0.60000000,0.64135064,0.17982875,0.29166667,0.42857143,2
cmedqa2_external,38407871,B0,5,,133940|127430|41450|WMA_248a6a093a7c8f46|WMA_b1ed8ce24a216108,0.96940416;0.93137896;0.92359257;0.87625903;0.84213883,1.00000000,0.64893158,4,2.00000000,0.90855471,0.14789164,0.68333333,1.00000000,0
cmedqa2_external,38407871,MMR,5,0.60000000,133940|127430|41450|WMA_248a6a093a7c8f46|WMA_b1ed8ce24a216108,0.96940416;0.93137896;0.92359257;0.87625903;0.84213883,1.00000000,0.64893158,4,2.00000000,0.90855471,0.14789164,0.68333333,1.00000000,0
cmedqa2_external,38407871,D3_TFIDF,5,,133940|WMA_248a6a093a7c8f46|127430|41450|WMA_b1ed8ce24a216108,0.96940416;0.93137896;0.92359257;0.87625903;0.84213883,1.00000000,0.64893158,4,2.00000000,0.90855471,0.14789164,0.68333333,1.00000000,0
cmedqa2_external,3873178,B0,5,,102843|102842|162551|109108|146589,0.81664884;0.77829081;0.68600976;0.62745541;0.55045605,1.00000000,0.17528836,3,0.60000000,0.69177217,0.10172310,0.23333333,1.00000000,0
cmedqa2_external,3873178,MMR,5,0.60000000,102843|102842|109108|162551|146589,0.81664884;0.77829081;0.68600976;0.62745541;0.55045605,1.00000000,0.17528836,3,0.60000000,0.69177217,0.10172310,0.23333333,1.00000000,0
cmedqa2_external,3873178,D3_TFIDF,5,,102843|102842|162551|109108|146589,0.81664884;0.77829081;0.68600976;0.62745541;0.55045605,1.00000000,0.17528836,3,0.60000000,0.69177217,0.10172310,0.23333333,1.00000000,0
cmedqa2_external,38793524,B0,5,,115825|225262|225263|86522|224566,0.98307550;0.93379498;0.92350084;0.87498218;0.83997405,1.00000000,0.47815086,4,1.20000000,0.91106551,0.20953455,0.58333333,1.00000000,0
cmedqa2_external,38793524,MMR,5,0.60000000,115825|86522|225263|225262|224566,0.98307550;0.93379498;0.92350084;0.87498218;0.83997405,1.00000000,0.43266678,4,1.20000000,0.91106551,0.20953455,0.58333333,1.00000000,0
cmedqa2_external,38793524,D3_TFIDF,5,,115825|225261|225263|225265|225262,0.98307550;0.93379498;0.92350084;0.73000240;0.71555799,1.00000000,0.52053377,4,1.40000000,0.85718634,0.27681100,0.25000000,0.42857143,2
cmedqa2_external,40212818,B0,5,,127987|105043|116211|119564|128123,0.99987411;0.99965048;0.99941409;0.99941409;0.99941409,1.00000000,0.64893158,5,1.00000000,0.99955337,0.37105311,0.59500000,1.00000000,0
cmedqa2_external,40212818,MMR,5,0.60000000,127987|116211|40585|105043|35319,0.99987411;0.99965048;0.99941409;0.99932313;0.99903309,1.00000000,0.64893158,5,1.00000000,0.99945898,0.15491442,0.40333333,0.42857143,2
cmedqa2_external,40212818,D3_TFIDF,5,,127987|105043|116211|119564|128123,0.99987411;0.99965048;0.99941409;0.99941409;0.99941409,1.00000000,0.64893158,5,1.00000000,0.99955337,0.37105311,0.59500000,1.00000000,0
cmedqa2_external,40847187,B0,5,,57408|27169|50486|181709|226170,0.96115541;0.95268720;0.95252818;0.94409627;0.93865985,1.00000000,0.56882876,4,1.20000000,0.94982538,0.14134970,0.54166667,1.00000000,0
cmedqa2_external,40847187,MMR,5,0.60000000,57408|50486|27169|181709|WMA_c6ad1376878f6447,0.96115541;0.95268720;0.95252818;0.94409627;0.89390612,1.00000000,0.45058950,4,1.00000000,0.94087464,0.10853858,0.64166667,0.66666667,1
cmedqa2_external,40847187,D3_TFIDF,5,,57408|181709|WMA_c6ad1376878f6447|7833|226115,0.96115541;0.94409627;0.93689746;0.89390612;0.69779503,1.00000000,0.45058950,4,1.00000000,0.88677006,0.14970862,0.45000000,0.25000000,3
cmedqa2_external,40982502,B0,5,,WMA_9ee0c5752efad84e|WMA_f3a86cce1a153999|75527|36640|123554,0.17863569;0.16444510;0.11543182;0.09288044;0.06392276,0.00000000,0.05891286,1,0.20000000,0.12306316,0.15677798,0.30000000,1.00000000,0
cmedqa2_external,40982502,MMR,5,0.60000000,WMA_9ee0c5752efad84e|WMA_f3a86cce1a153999|75527|123554|WMA_780c36d2bc4a852f,0.17863569;0.16444510;0.11543182;0.06392276;0.05323848,0.00000000,0.06558667,2,0.20000000,0.11513477,0.05995555,0.10000000,0.66666667,1
cmedqa2_external,40982502,D3_TFIDF,5,,111427|WMA_9ee0c5752efad84e|WMA_f3a86cce1a153999|75527|36640,0.17863569;0.16444510;0.11543182;0.09288044;0.00642307,0.00000000,0.00000000,3,0.00000000,0.11156322,0.18160557,0.40000000,0.66666667,1
cmedqa2_external,41616029,B0,5,,77933|120604|102089|17729|131063,0.98525226;0.97131878;0.96115071;0.94326133;0.91647667,1.00000000,0.45058950,5,1.00000000,0.95549195,0.17322922,0.39833333,1.00000000,0
cmedqa2_external,41616029,MMR,5,0.60000000,77933|102089|120604|142218|131063,0.98525226;0.97131878;0.96115071;0.91647667;0.91137141,1.00000000,0.45058950,5,1.00000000,0.94911397,0.12969476,0.46500000,0.66666667,1
cmedqa2_external,41616029,D3_TFIDF,5,,77933|142218|WMA_c56352b98a1f2f54|120604|102089,0.98525226;0.97131878;0.96115071;0.91137141;0.82089448,1.00000000,0.45058950,4,1.00000000,0.92999753,0.13095308,0.48333333,0.42857143,2
cmedqa2_external,41642498,B0,5,,160830|115474|127770|76849|59330,0.99600416;0.99535382;0.99522263;0.99283546;0.99273974,0.50000000,0.48835055,1,0.60000000,0.99443116,0.16118964,1.00000000,1.00000000,0
cmedqa2_external,41642498,MMR,5,0.60000000,160830|125159|59330|76849|21434,0.99600416;0.99283546;0.99273974;0.99259222;0.97562885,0.50000000,0.52146827,1,0.60000000,0.98996009,0.09308567,1.00000000,0.42857143,2
cmedqa2_external,41642498,D3_TFIDF,5,,160830|59330|125159|75813|16026,0.99600416;0.99273974;0.99259222;0.99065572;0.98086071,0.50000000,0.47726565,1,0.60000000,0.99057051,0.12145419,1.00000000,0.25000000,3
cmedqa2_external,42109731,B0,5,,106901|196701|113790|95009|122592,0.86981970;0.84766996;0.72479391;0.70707166;0.64909011,1.00000000,0.64893158,5,1.00000000,0.75968907,0.12895662,0.44333333,1.00000000,0
cmedqa2_external,42109731,MMR,5,0.60000000,106901|196701|122592|113790|95009,0.86981970;0.84766996;0.72479391;0.70707166;0.64909011,1.00000000,0.64893158,5,1.00000000,0.75968907,0.12895662,0.44333333,1.00000000,0
cmedqa2_external,42109731,D3_TFIDF,5,,106901|196701|44490|113790|101669,0.86981970;0.84766996;0.72479391;0.64291120;0.56845105,1.00000000,0.64893158,5,1.00000000,0.73072916,0.16756411,0.56500000,0.42857143,2
cmedqa2_external,42432923,B0,5,,148533|3798|167072|109871|101674,0.95370108;0.93499792;0.91046149;0.90734977;0.89044827,1.00000000,0.55635661,4,1.80000000,0.91939170,0.12253742,0.65000000,1.00000000,0
cmedqa2_external,42432923,MMR,5,0.60000000,148533|109871|101674|167072|207568,0.95370108;0.91046149;0.90734977;0.89044827;0.87810284,1.00000000,0.64893158,4,2.00000000,0.90801269,0.07764167,0.57500000,0.66666667,1
cmedqa2_external,42432923,D3_TFIDF,5,,148533|109871|158002|1214|3798,0.95370108;0.93499792;0.90734977;0.72000831;0.53106999,1.00000000,0.59216950,3,1.80000000,0.80942541,0.16607792,0.46666667,0.42857143,2
cmedqa2_external,42549890,B0,5,,86905|86904|86906|81748|65254,0.99807608;0.99146491;0.99146491;0.97404659;0.96923012,1.00000000,0.00000000,5,0.00000000,0.98485652,0.21056707,0.49666667,1.00000000,0
cmedqa2_external,42549890,MMR,5,0.60000000,86905|86904|65254|81748|35898,0.99807608;0.99146491;0.97404659;0.96923012;0.79379070,1.00000000,0.00000000,5,0.00000000,0.94532168,0.11120135,0.49333333,0.66666667,1
cmedqa2_external,42549890,D3_TFIDF,5,,35898|86905|65254|20537|81748,0.99807608;0.97404659;0.96923012;0.82542521;0.79379070,1.00000000,0.00000000,5,0.00000000,0.91211374,0.15384581,0.59000000,0.42857143,2
cmedqa2_external,42774447,B0,5,,130487|37413|125860|85726|63732,0.99938166;0.99937040;0.99929726;0.99927896;0.99914694,1.00000000,0.34443223,3,0.80000000,0.99929504,0.18573706,0.31666667,1.00000000,0
cmedqa2_external,42774447,MMR,5,0.60000000,130487|27113|10842|85726|63732,0.99938166;0.99927896;0.99914694;0.99776185;0.99552488,1.00000000,0.19215388,3,0.40000000,0.99821886,0.13981330,0.18333333,0.42857143,2
cmedqa2_external,42774447,D3_TFIDF,5,,WMA_6049418483588052|130487|37413|125860|85726,0.99938166;0.99937040;0.99929726;0.99927896;0.99854600,1.00000000,0.58800047,3,1.20000000,0.99917486,0.20800024,0.40000000,0.66666667,1
cmedqa2_external,43622539,B0,5,,88652|WMA_f913efc44c66645a|61189|WMA_5d1a726216a865f5|WMA_10ac21398ebd980b,0.93253350;0.91100806;0.89726090;0.68996167;0.60368294,1.00000000,0.64342943,4,1.20000000,0.80688941,0.20647206,0.34166667,1.00000000,0
cmedqa2_external,43622539,MMR,5,0.60000000,88652|61189|WMA_f913efc44c66645a|WMA_5d1a726216a865f5|204185,0.93253350;0.91100806;0.89726090;0.68996167;0.47414663,1.00000000,0.60341152,4,1.20000000,0.78098215,0.16673257,0.25833333,0.66666667,1
cmedqa2_external,43622539,D3_TFIDF,5,,WMA_10ac21398ebd980b|61189|88652|WMA_5d1a726216a865f5|WMA_f913efc44c66645a,0.93253350;0.91100806;0.89726090;0.68996167;0.60368294,1.00000000,0.56882876,4,1.20000000,0.80688941,0.20647206,0.34166667,1.00000000,0
cmedqa2_external,43775118,B0,5,,124638|121097|106469|71773|23171,0.99254531;0.98926777;0.98612463;0.98284632;0.98149842,1.00000000,0.64893158,4,2.00000000,0.98645649,0.17746763,0.49166667,1.00000000,0
cmedqa2_external,43775118,MMR,5,0.60000000,124638|121097|106469|23171|118930,0.99254531;0.98926777;0.98612463;0.98149842;0.90336728,1.00000000,0.64893158,5,2.00000000,0.97056068,0.07931106,0.53166667,0.66666667,1
cmedqa2_external,43775118,D3_TFIDF,5,,121097|124638|201790|106469|71773,0.99254531;0.98926777;0.98612463;0.98284632;0.90079188,1.00000000,0.64893158,4,2.00000000,0.97031518,0.16718073,0.48333333,0.66666667,1
cmedqa2_external,4379603,B0,5,,198947|172874|172872|201433|167424,0.99870026;0.99223763;0.98718435;0.98646474;0.98532176,1.00000000,0.59216950,3,1.80000000,0.98998175,0.22248067,0.86666667,1.00000000,0
cmedqa2_external,4379603,MMR,5,0.60000000,198947|201062|39171|11440|201433,0.99870026;0.98646474;0.98151267;0.98047882;0.97311425,1.00000000,0.64893158,4,2.00000000,0.98405415,0.13700825,0.72500000,0.25000000,3
cmedqa2_external,4379603,D3_TFIDF,5,,198947|167424|201062|39171|172872,0.99870026;0.98718435;0.98532176;0.98151267;0.98047882,1.00000000,0.55635661,4,1.80000000,0.98663957,0.16987251,0.77500000,0.42857143,2
cmedqa2_external,43824379,B0,5,,184298|188912|186645|217976|186568,0.99418110;0.99305212;0.99273938;0.99113292;0.98156655,1.00000000,0.62384705,5,0.60000000,0.99053441,0.17650210,0.50000000,1.00000000,0
cmedqa2_external,43824379,MMR,5,0.60000000,184298|217976|188912|186568|190387,0.99418110;0.99305212;0.99113292;0.98156655;0.94123119,1.00000000,0.64482449,5,0.60000000,0.98023278,0.16459143,0.41000000,0.66666667,1
cmedqa2_external,43824379,D3_TFIDF,5,,184298|188912|186645|186568|190387,0.99418110;0.99305212;0.99273938;0.98156655;0.94123119,1.00000000,0.49352328,5,0.40000000,0.98055407,0.19265318,0.38833333,0.66666667,1
cmedqa2_external,4412629,B0,5,,32866|81708|WMA_cb5bdce6c0354325|64579|83797,0.98714638;0.98523962;0.98509926;0.97954327;0.97954327,1.00000000,0.64160753,4,1.80000000,0.98331436,0.19192202,0.71666667,1.00000000,0
cmedqa2_external,4412629,MMR,5,0.60000000,32866|81708|WMA_6fcd314447280caa|64579|4540,0.98714638;0.98523962;0.97954327;0.96927196;0.94611508,1.00000000,0.49154223,3,1.40000000,0.97346326,0.07147058,0.73333333,0.42857143,2
cmedqa2_external,4412629,D3_TFIDF,5,,32866|WMA_6fcd314447280caa|218415|81708|WMA_cb5bdce6c0354325,0.98714638;0.98523962;0.98509926;0.94611508;0.93601525,1.00000000,0.48412677,5,1.40000000,0.96792312,0.11487843,0.69333333,0.42857143,2
cmedqa2_external,44505119,B0,5,,30166|183916|214187|157563|214168,0.99771774;0.99678195;0.92480218;0.87926441;0.78424770,1.00000000,0.66047380,5,0.80000000,0.91656280,0.21043617,0.61666667,1.00000000,0
cmedqa2_external,44505119,MMR,5,0.60000000,30166|183916|214187|197413|214168,0.99771774;0.99678195;0.92480218;0.78424770;0.76002854,1.00000000,0.66047380,5,0.80000000,0.89271562,0.13737702,0.61666667,0.66666667,1
cmedqa2_external,44505119,D3_TFIDF,5,,82457|30166|183916|214187|157563,0.99771774;0.99678195;0.92480218;0.87926441;0.33760571,1.00000000,0.45142990,4,0.80000000,0.82723440,0.19402963,0.71666667,0.66666667,1
cmedqa2_external,4492836,B0,5,,89265|89264|82202|133675|133676,0.97132123;0.94937283;0.91544300;0.78928083;0.71397227,1.00000000,0.57549942,3,0.80000000,0.86787803,0.17908815,0.18333333,1.00000000,0
cmedqa2_external,4492836,MMR,5,0.60000000,89265|82202|133675|89264|133676,0.97132123;0.94937283;0.91544300;0.78928083;0.71397227,1.00000000,0.54472496,3,0.80000000,0.86787803,0.17908815,0.18333333,1.00000000,0
cmedqa2_external,4492836,D3_TFIDF,5,,89265|89264|82202|133675|133676,0.97132123;0.94937283;0.91544300;0.78928083;0.71397227,1.00000000,0.57549942,3,0.80000000,0.86787803,0.17908815,0.18333333,1.00000000,0
cmedqa2_external,45006466,B0,5,,103570|129232|144967|113017|124217,0.93103606;0.90388393;0.90388393;0.83508503;0.83280706,1.00000000,0.64893158,5,1.00000000,0.88133920,0.19005317,0.53000000,1.00000000,0
cmedqa2_external,45006466,MMR,5,0.60000000,103570|129232|113017|124217|147529,0.93103606;0.90388393;0.83508503;0.83280706;0.77027100,1.00000000,0.64893158,5,1.00000000,0.85461662,0.12487445,0.46000000,0.66666667,1
cmedqa2_external,45006466,D3_TFIDF,5,,124217|103570|146801|129232|144967,0.93103606;0.90388393;0.90388393;0.83280706;0.67410642,1.00000000,0.64893158,5,1.00000000,0.84914348,0.17302095,0.48000000,0.66666667,1
cmedqa2_external,4564059,B0,5,,25491|10358|2704|7201|55626,0.99951935;0.99919921;0.99887198;0.99784219;0.99743050,1.00000000,0.37774515,5,1.00000000,0.99857265,0.15845795,0.43333333,1.00000000,0
cmedqa2_external,4564059,MMR,5,0.60000000,25491|25556|7201|7844|55626,0.99951935;0.99784219;0.99743050;0.99544585;0.97920120,1.00000000,0.53940970,4,1.20000000,0.99388782,0.11817746,0.49166667,0.42857143,2
cmedqa2_external,4564059,D3_TFIDF,5,,969|25491|10358|2704|7201,0.99951935;0.99919921;0.99887198;0.99784219;0.99727124,0.66666667,0.37774515,4,1.00000000,0.99854079,0.23006043,0.47500000,0.66666667,1
cmedqa2_external,45651308,B0,5,,94800|203080|30306|94799|119844,0.94301641;0.86587548;0.80925214;0.79570961;0.78135806,1.00000000,0.43126144,3,1.40000000,0.83904234,0.13320605,0.56666667,1.00000000,0
cmedqa2_external,45651308,MMR,5,0.60000000,94800|203080|119844|94799|30306,0.94301641;0.86587548;0.80925214;0.79570961;0.78135806,1.00000000,0.41097124,3,1.40000000,0.83904234,0.13320605,0.56666667,1.00000000,0
cmedqa2_external,45651308,D3_TFIDF,5,,203080|94800|30306|119844|123987,0.94301641;0.86587548;0.80925214;0.78135806;0.78135806,1.00000000,0.35403007,3,1.20000000,0.83617203,0.18268934,0.61666667,0.66666667,1
cmedqa2_external,45681920,B0,5,,215970|215971|215972|208715|5770,0.99862289;0.98850352;0.98062623;0.97955930;0.97162229,1.00000000,0.69302219,5,1.00000000,0.98378685,0.16836248,0.39000000,1.00000000,0
cmedqa2_external,45681920,MMR,5,0.60000000,215970|5770|215971|215972|215967,0.99862289;0.98850352;0.98062623;0.97162229;0.94070911,1.00000000,0.60209416,5,0.80000000,0.97601681,0.13277350,0.39000000,0.66666667,1
cmedqa2_external,45681920,D3_TFIDF,5,,215970|215972|215971|215969|208714,0.99862289;0.98850352;0.98062623;0.91504490;0.85542655,1.00000000,0.50086555,5,0.60000000,0.94764482,0.15417000,0.39000000,0.42857143,2
cmedqa2_external,45746924,B0,5,,155840|156484|13098|157421|174539,0.91958946;0.84199333;0.82784492;0.81882071;0.77566552,1.00000000,0.08585952,4,0.20000000,0.83678279,0.27762836,0.59166667,1.00000000,0
cmedqa2_external,45746924,MMR,5,0.60000000,155840|13098|33109|156484|157421,0.91958946;0.84199333;0.82784492;0.81882071;0.77374548,1.00000000,0.10834266,4,0.20000000,0.83639878,0.28325636,0.72500000,0.66666667,1
cmedqa2_external,45746924,D3_TFIDF,5,,174539|13098|155840|156484|157421,0.91958946;0.84199333;0.82784492;0.81882071;0.77566552,1.00000000,0.10834266,4,0.20000000,0.83678279,0.27762836,0.59166667,1.00000000,0
cmedqa2_external,46311082,B0,5,,35103|10851|62020|15907|17261,0.96795166;0.60504085;0.18616839;0.15930149;0.15439126,0.50000000,1.00000000,3,0.40000000,0.41457073,0.32982042,0.60000000,1.00000000,0
cmedqa2_external,46311082,MMR,5,0.60000000,35103|10851|62020|58932|88414,0.96795166;0.60504085;0.18616839;0.00042694;0.00004224,1.00000000,1.00000000,4,0.40000000,0.35192601,0.06994272,0.26666667,0.42857143,2
cmedqa2_external,46311082,D3_TFIDF,5,,35103|10851|26309|58932|126889,0.96795166;0.60504085;0.00016251;0.00004224;0.00003970,1.00000000,1.00000000,5,0.40000000,0.31464739,0.15352627,0.35666667,0.25000000,3
cmedqa2_external,46429611,B0,5,,79446|194450|106291|191814|94830,0.96906728;0.96752441;0.96159965;0.95790809;0.92248327,1.00000000,0.00000000,5,0.00000000,0.95571654,0.22821123,0.82500000,1.00000000,0
cmedqa2_external,46429611,MMR,5,0.60000000,79446|106291|194450|47567|94830,0.96906728;0.96752441;0.96159965;0.92248327;0.76767874,1.00000000,0.00000000,4,0.00000000,0.91767067,0.15306342,0.74166667,0.66666667,1
cmedqa2_external,46429611,D3_TFIDF,5,,WMA_9e47f228cbc68542|194450|47567|94830|79446,0.96906728;0.96752441;0.92248327;0.76767874;0.70507532,1.00000000,0.00000000,4,0.00000000,0.86636580,0.16730571,0.64166667,0.42857143,2
cmedqa2_external,46465171,B0,5,,57092|72524|133569|55643|133570,0.97835451;0.96257573;0.96236569;0.95444763;0.95059252,1.00000000,0.51237541,3,1.60000000,0.96166722,0.19139484,0.66666667,1.00000000,0
cmedqa2_external,46465171,MMR,5,0.60000000,57092|133570|55643|2781|166554,0.97835451;0.95444763;0.95059252;0.93708813;0.86345220,1.00000000,0.57556765,4,1.80000000,0.93678700,0.10805772,0.51666667,0.42857143,2
cmedqa2_external,46465171,D3_TFIDF,5,,57092|133569|55643|2781|72524,0.97835451;0.96257573;0.96236569;0.95444763;0.93708813,1.00000000,0.48299269,4,1.60000000,0.95896634,0.21098748,0.49166667,0.66666667,1
cmedqa2_external,47300021,B0,5,,86836|80447|148189|198936|122312,0.91052669;0.90871447;0.85745251;0.73643261;0.66006732,1.00000000,0.19092087,4,0.20000000,0.81463872,0.17325757,0.75000000,1.00000000,0
cmedqa2_external,47300021,MMR,5,0.60000000,86836|198936|80447|148189|122312,0.91052669;0.90871447;0.85745251;0.73643261;0.66006732,1.00000000,0.15130121,4,0.20000000,0.81463872,0.17325757,0.75000000,1.00000000,0
cmedqa2_external,47300021,D3_TFIDF,5,,86836|148189|80447|122312|198936,0.91052669;0.90871447;0.85745251;0.73643261;0.66006732,1.00000000,0.15130121,4,0.20000000,0.81463872,0.17325757,0.75000000,1.00000000,0
cmedqa2_external,48050915,B0,5,,149824|176240|111009|179789|100591,0.99056774;0.98850852;0.97767729;0.97050482;0.94174099,0.50000000,0.61931987,4,0.80000000,0.97379987,0.18705352,0.30000000,1.00000000,0
cmedqa2_external,48050915,MMR,5,0.60000000,149824|100591|111009|176240|179789,0.99056774;0.98850852;0.97767729;0.97050482;0.94174099,0.50000000,0.61931987,4,0.80000000,0.97379987,0.18705352,0.30000000,1.00000000,0
cmedqa2_external,48050915,D3_TFIDF,5,,WMA_8fe09dc81e554051|176240|111009|100591|33296,0.98850852;0.97767729;0.94174099;0.92475021;0.80892485,1.00000000,0.61931987,5,0.80000000,0.92832037,0.13466751,0.12500000,0.42857143,2
cmedqa2_external,48820999,B0,5,,165681|104917|129908|157246|56374,0.94055420;0.91098899;0.65976506;0.55139810;0.52964580,1.00000000,0.29608191,5,0.40000000,0.71847043,0.21204086,0.49000000,1.00000000,0
cmedqa2_external,48820999,MMR,5,0.60000000,165681|104917|129908|157246|56374,0.94055420;0.91098899;0.65976506;0.55139810;0.52964580,1.00000000,0.29608191,5,0.40000000,0.71847043,0.21204086,0.49000000,1.00000000,0
cmedqa2_external,48820999,D3_TFIDF,5,,87851|165681|104917|129908|157246,0.94055420;0.91098899;0.65976506;0.55139810;0.29684991,1.00000000,0.70391809,5,0.80000000,0.67191125,0.21886558,0.49000000,0.66666667,1
cmedqa2_external,49275417,B0,5,,157612|13525|101009|174457|59746,0.95673472;0.94478178;0.91181481;0.87442708;0.82811058,1.00000000,0.91972079,2,0.40000000,0.90317379,0.19987700,0.80000000,1.00000000,0
cmedqa2_external,49275417,MMR,5,0.60000000,157612|101009|13525|174457|59746,0.95673472;0.94478178;0.91181481;0.87442708;0.82811058,1.00000000,1.00000000,2,0.40000000,0.90317379,0.19987700,0.80000000,1.00000000,0
cmedqa2_external,49275417,D3_TFIDF,5,,59746|157612|13525|174457|101009,0.95673472;0.94478178;0.91181481;0.87442708;0.82811058,1.00000000,0.62405052,2,0.40000000,0.90317379,0.19987700,0.80000000,1.00000000,0
cmedqa2_external,49568088,B0,5,,78371|19381|134172|22624|211192,0.99306351;0.97170681;0.96956617;0.96845770;0.96663672,1.00000000,0.41528077,4,0.60000000,0.97388618,0.16532512,0.65000000,1.00000000,0
cmedqa2_external,49568088,MMR,5,0.60000000,78371|19381|211192|21204|134172,0.99306351;0.97170681;0.96956617;0.96663672;0.95458633,1.00000000,0.51006913,4,0.80000000,0.97111191,0.09866181,0.65000000,0.66666667,1
cmedqa2_external,49568088,D3_TFIDF,5,,134172|78371|19381|22624|91738,0.99306351;0.97170681;0.96956617;0.96845770;0.95693010,1.00000000,0.44409733,4,0.60000000,0.97194486,0.35315690,0.77500000,0.66666667,1
cmedqa2_external,49755575,B0,5,,WMA_a3001d4ad33a1c19|184931|189573|224791|189589,0.99755931;0.99279732;0.99279732;0.99279732;0.99259818,1.00000000,0.59216950,4,1.80000000,0.99370989,0.49303351,0.60000000,1.00000000,0
cmedqa2_external,49755575,MMR,5,0.60000000,WMA_a3001d4ad33a1c19|184884|189589|184931|217591,0.99755931;0.99279732;0.99259818;0.98896372;0.98830533,1.00000000,0.48299269,4,1.60000000,0.99204477,0.20330352,0.46666667,0.42857143,2
cmedqa2_external,49755575,D3_TFIDF,5,,WMA_a3001d4ad33a1c19|177819|184884|186221|184931,0.99755931;0.99279732;0.99081087;0.98896372;0.98484725,1.00000000,0.48299269,4,1.60000000,0.99099569,0.23129141,0.59166667,0.25000000,3
cmedqa2_external,49988425,B0,5,,94917|164476|186992|207785|214708,0.99055099;0.98545307;0.97973078;0.97973078;0.97973078,1.00000000,0.53940970,5,1.20000000,0.98303928,0.39984146,0.76000000,1.00000000,0
cmedqa2_external,49988425,MMR,5,0.60000000,94917|186992|83133|164476|162635,0.99055099;0.98545307;0.97973078;0.96221042;0.94142681,1.00000000,0.48809837,5,1.20000000,0.97187442,0.14299458,0.60333333,0.42857143,2
cmedqa2_external,49988425,D3_TFIDF,5,,94917|91517|70718|164476|186992,0.99055099;0.98545307;0.97973078;0.82205826;0.62319785,1.00000000,0.42404031,5,1.00000000,0.88019819,0.11157038,0.70000000,0.42857143,2
cmedqa2_external,50620475,B0,5,,18170|79908|181588|177392|92657,0.79211348;0.77756447;0.57052559;0.54049677;0.39906842,1.00000000,0.64893158,5,2.00000000,0.61595374,0.16889138,0.61666667,1.00000000,0
cmedqa2_external,50620475,MMR,5,0.60000000,18170|79908|177392|181588|92657,0.79211348;0.77756447;0.57052559;0.54049677;0.39906842,1.00000000,0.64893158,5,2.00000000,0.61595374,0.16889138,0.61666667,1.00000000,0
cmedqa2_external,50620475,D3_TFIDF,5,,18170|79908|181578|181588|177392,0.79211348;0.77756447;0.57052559;0.54049677;0.29999778,1.00000000,0.64893158,5,2.00000000,0.59613962,0.17537552,0.61666667,0.66666667,1
cmedqa2_external,51185596,B0,5,,49054|75085|59342|146816|130652,0.95467210;0.93940651;0.92906183;0.92789257;0.62464589,1.00000000,0.64893158,5,1.00000000,0.87513578,0.15149294,0.40000000,1.00000000,0
cmedqa2_external,51185596,MMR,5,0.60000000,49054|59342|75085|146816|130652,0.95467210;0.93940651;0.92906183;0.92789257;0.62464589,1.00000000,0.64893158,5,1.00000000,0.87513578,0.15149294,0.40000000,1.00000000,0
cmedqa2_external,51185596,D3_TFIDF,5,,146816|49054|75085|59342|130652,0.95467210;0.93940651;0.92906183;0.92789257;0.62464589,1.00000000,0.64893158,5,1.00000000,0.87513578,0.15149294,0.40000000,1.00000000,0
cmedqa2_external,51356377,B0,5,,59883|59845|36376|172798|97404,0.99806994;0.98667312;0.94387788;0.85451716;0.83162445,1.00000000,0.53069729,5,0.60000000,0.92295251,0.14519405,0.45500000,1.00000000,0
cmedqa2_external,51356377,MMR,5,0.60000000,59883|172798|36376|59845|97406,0.99806994;0.98667312;0.94387788;0.85451716;0.72310138,1.00000000,0.58574216,5,0.60000000,0.90124789,0.09347726,0.41833333,0.66666667,1
cmedqa2_external,51356377,D3_TFIDF,5,,59883|172798|97406|36376|59845,0.99806994;0.98667312;0.94387788;0.85451716;0.72310138,1.00000000,0.56668678,5,0.60000000,0.90124789,0.09347726,0.41833333,0.66666667,1
cmedqa2_external,51677286,B0,5,,54974|22666|137767|74170|54973,0.99678242;0.99650133;0.99645680;0.98441964;0.98400450,0.75000000,0.71044421,4,2.00000000,0.99163294,0.36755196,0.85000000,1.00000000,0
cmedqa2_external,51677286,MMR,5,0.60000000,54974|54973|51668|74170|203519,0.99678242;0.98441964;0.98400450;0.98018700;0.97503960,0.75000000,0.71044421,4,2.00000000,0.98408663,0.18356079,0.63333333,0.42857143,2
cmedqa2_external,51677286,D3_TFIDF,5,,54974|74170|54973|203519|203525,0.99678242;0.98441964;0.98400450;0.98018700;0.98018700,0.75000000,0.71044421,4,2.00000000,0.98511611,0.29371496,0.85000000,0.42857143,2
cmedqa2_external,51681048,B0,5,,212068|164127|212070|85415|74611,0.99892884;0.99690253;0.99494475;0.98840219;0.98676097,1.00000000,0.44149241,5,0.40000000,0.99318786,0.12546199,0.45333333,1.00000000,0
cmedqa2_external,51681048,MMR,5,0.60000000,212068|74611|85415|164127|189870,0.99892884;0.99690253;0.98840219;0.98676097;0.97195596,1.00000000,0.16812754,5,0.20000000,0.98859010,0.09880217,0.40333333,0.66666667,1
cmedqa2_external,51681048,D3_TFIDF,5,,212068|74555|164127|85415|74611,0.99892884;0.99690253;0.98840219;0.98676097;0.63101512,1.00000000,0.19519002,5,0.20000000,0.92040193,0.11203652,0.42000000,0.66666667,1
cmedqa2_external,52055725,B0,5,,112765|86485|225617|51945|15286,0.99691367;0.98367000;0.98113889;0.98083144;0.97702825,1.00000000,0.36395815,5,0.60000000,0.98391645,0.19424369,0.57166667,1.00000000,0
cmedqa2_external,52055725,MMR,5,0.60000000,112765|51945|193751|225617|160758,0.99691367;0.98113889;0.98083144;0.97655314;0.90895867,1.00000000,0.38864015,5,0.60000000,0.96887916,0.13671957,0.62333333,0.42857143,2
cmedqa2_external,52055725,D3_TFIDF,5,,160758|123655|112765|86485|51945,0.99691367;0.98367000;0.98083144;0.97655314;0.94995046,1.00000000,0.16718352,5,0.40000000,0.97758374,0.18668928,0.65333333,0.42857143,2
cmedqa2_external,52219279,B0,5,,17913|80267|83809|147062|38828,0.99866176;0.99796933;0.99792331;0.99751943;0.99747437,1.00000000,0.45058950,3,1.00000000,0.99790964,0.14055684,0.56666667,1.00000000,0
cmedqa2_external,52219279,MMR,5,0.60000000,17913|83809|80267|147062|27529,0.99866176;0.99796933;0.99792331;0.99751943;0.99743724,1.00000000,0.39146987,3,0.80000000,0.99790221,0.11166987,0.55000000,0.66666667,1
cmedqa2_external,52219279,D3_TFIDF,5,,27529|17913|80267|83809|147062,0.99866176;0.99796933;0.99792331;0.99751943;0.99743724,1.00000000,0.29776747,3,0.80000000,0.99790221,0.11166987,0.55000000,0.66666667,1
cmedqa2_external,52298874,B0,5,,35299|91487|10887|44706|133337,0.99486685;0.99486685;0.99367684;0.99285418;0.99185175,1.00000000,0.74588691,5,1.60000000,0.99362329,0.20448049,0.74500000,1.00000000,0
cmedqa2_external,52298874,MMR,5,0.60000000,35299|29398|133337|10887|69943,0.99486685;0.99367684;0.99185175;0.99091280;0.98868459,1.00000000,0.60100851,5,1.40000000,0.99199857,0.08789076,0.51833333,0.42857143,2
cmedqa2_external,52298874,D3_TFIDF,5,,44703|69943|29398|81341|35299,0.99486685;0.99157190;0.99091280;0.98868459;0.98868459,1.00000000,0.59194163,5,1.40000000,0.99094415,0.17384628,0.47166667,0.11111111,4
cmedqa2_external,52849753,B0,5,,196271|57502|30732|30733|72637,0.97102618;0.93004555;0.92740756;0.90946096;0.71876419,1.00000000,0.42883981,4,0.80000000,0.89134089,0.17361722,0.71666667,1.00000000,0
cmedqa2_external,52849753,MMR,5,0.60000000,196271|30733|57502|30732|196293,0.97102618;0.93004555;0.92740756;0.90946096;0.64390600,1.00000000,0.34369669,4,0.60000000,0.87636925,0.16171941,0.70000000,0.66666667,1
cmedqa2_external,52849753,D3_TFIDF,5,,196271|WMA_fd127eaf3978ce91|30733|72637|57502,0.97102618;0.93004555;0.90946096;0.71876419;0.66908073,1.00000000,0.42883981,4,0.80000000,0.83967552,0.15037240,0.71666667,0.66666667,1
cmedqa2_external,53205455,B0,5,,186498|222178|222177|186289|188575,0.98675144;0.98542506;0.98482978;0.98291850;0.96950120,0.66666667,0.83499143,4,1.80000000,0.98188519,0.23838210,0.58333333,1.00000000,0
cmedqa2_external,53205455,MMR,5,0.60000000,186498|186289|222178|184059|222177,0.98675144;0.98542506;0.98482978;0.98291850;0.96740592,0.66666667,0.82592455,4,1.80000000,0.98146614,0.21965521,0.41666667,0.66666667,1
cmedqa2_external,53205455,D3_TFIDF,5,,186498|222178|222177|186289|188575,0.98675144;0.98542506;0.98482978;0.98291850;0.96950120,0.66666667,0.83499143,4,1.80000000,0.98188519,0.23838210,0.58333333,1.00000000,0
cmedqa2_external,53485866,B0,5,,185118|210984|210979|140869|215921,0.99902034;0.99894875;0.99885285;0.99818474;0.99648666,1.00000000,0.21194166,5,0.40000000,0.99829867,0.14757965,0.42833333,1.00000000,0
cmedqa2_external,53485866,MMR,5,0.60000000,185118|140869|210286|215921|210985,0.99902034;0.99818474;0.99648666;0.99585754;0.99405515,1.00000000,0.29504990,5,0.60000000,0.99672089,0.09227797,0.43500000,0.42857143,2
cmedqa2_external,53485866,D3_TFIDF,5,,210979|210287|185118|140869|215921,0.99902034;0.99885285;0.99818474;0.99648666;0.99517965,1.00000000,0.23195061,5,0.60000000,0.99754485,0.13446675,0.42833333,0.66666667,1
cmedqa2_external,54540861,B0,5,,108668|175665|193742|68082|78914,0.99480951;0.92844033;0.90839607;0.90839607;0.90839607,1.00000000,0.55635661,4,1.80000000,0.92968761,0.39796540,0.74166667,1.00000000,0
cmedqa2_external,54540861,MMR,5,0.60000000,108668|193742|175665|49695|WMA_cf9f5952dbe195a7,0.99480951;0.92844033;0.90839607;0.81470060;0.72151858,1.00000000,0.57556765,4,1.80000000,0.87357302,0.18771346,0.68333333,0.42857143,2
cmedqa2_external,54540861,D3_TFIDF,5,,WMA_cf9f5952dbe195a7|108668|175665|193742|68082,0.99480951;0.92844033;0.90839607;0.90839607;0.81470060,1.00000000,0.57556765,4,1.80000000,0.91094851,0.25161797,0.74166667,0.66666667,1
cmedqa2_external,55322138,B0,5,,81070|211293|211973|163607|215123,0.36536026;0.31006324;0.27195388;0.19839369;0.15583684,1.00000000,0.05112687,4,0.20000000,0.26032158,0.22175540,0.25833333,1.00000000,0
cmedqa2_external,55322138,MMR,5,0.60000000,81070|163607|211973|211293|46299,0.36536026;0.31006324;0.27195388;0.19839369;0.11087900,0.66666667,0.00000000,3,0.00000000,0.25133002,0.15263240,0.30000000,0.66666667,1
cmedqa2_external,55322138,D3_TFIDF,5,,81070|211293|211973|WMA_3691fe6dee514e1e|WMA_cd5d7178967e68ef,0.36536026;0.31006324;0.27195388;0.02678662;0.01092555,1.00000000,0.17075600,5,0.40000000,0.19701791,0.23029669,0.55000000,0.42857143,2
cmedqa2_external,55686949,B0,5,,95833|125255|88470|33748|19596,0.96807253;0.90209562;0.88074869;0.85258919;0.83939093,1.00000000,0.69302219,4,1.00000000,0.88857939,0.33901318,0.29166667,1.00000000,0
cmedqa2_external,55686949,MMR,5,0.60000000,95833|125255|33748|152705|88470,0.96807253;0.90209562;0.88074869;0.85258919;0.82674813,1.00000000,0.69302219,4,1.00000000,0.88605083,0.28357377,0.49166667,0.66666667,1
cmedqa2_external,55686949,D3_TFIDF,5,,125255|33748|19596|95833|88470,0.96807253;0.90209562;0.88074869;0.85258919;0.83939093,1.00000000,0.69302219,4,1.00000000,0.88857939,0.33901318,0.29166667,1.00000000,0
cmedqa2_external,55806671,B0,5,,8185|210908|136588|69510|49143,0.99101502;0.97966355;0.97391349;0.96429551;0.85326260,1.00000000,0.44906196,4,0.80000000,0.95243003,0.18943571,0.49166667,1.00000000,0
cmedqa2_external,55806671,MMR,5,0.60000000,8185|210908|69510|136588|49143,0.99101502;0.97966355;0.97391349;0.96429551;0.85326260,1.00000000,0.46307105,4,0.80000000,0.95243003,0.18943571,0.49166667,1.00000000,0
cmedqa2_external,55806671,D3_TFIDF,5,,8185|29260|210908|69510|49143,0.99101502;0.97966355;0.96429551;0.85326260;0.77755928,1.00000000,0.55010351,5,1.00000000,0.91315919,0.15595265,0.49666667,0.66666667,1
cmedqa2_external,56044706,B0,5,,21464|160290|71397|120190|159086,0.99736804;0.99700731;0.99685007;0.94135875;0.93828684,1.00000000,0.57556765,4,1.80000000,0.97417420,0.16527807,0.40833333,1.00000000,0
cmedqa2_external,56044706,MMR,5,0.60000000,21464|159086|160290|88308|8959,0.99736804;0.99700731;0.93828684;0.91132104;0.85061926,1.00000000,0.58573933,4,1.80000000,0.93892050,0.08829749,0.40833333,0.42857143,2
cmedqa2_external,56044706,D3_TFIDF,5,,160290|21464|71397|159086|97299,0.99736804;0.99700731;0.99685007;0.93828684;0.93828684,1.00000000,0.57556765,4,1.80000000,0.97355982,0.26022252,0.57500000,0.66666667,1
cmedqa2_external,56423546,B0,5,,223708|217148|113681|186637|189385,0.78587049;0.70399243;0.70302773;0.70302773;0.70302773,1.00000000,0.76712910,4,2.00000000,0.71978922,0.47741654,0.70000000,1.00000000,0
cmedqa2_external,56423546,MMR,5,0.60000000,223708|217148|222369|113681|186637,0.78587049;0.70399243;0.70302773;0.70302773;0.64475030,1.00000000,0.68040255,4,1.80000000,0.70813373,0.26072906,0.55000000,0.66666667,1
cmedqa2_external,56423546,D3_TFIDF,5,,223708|222369|217148|113681|186637,0.78587049;0.70399243;0.70302773;0.70302773;0.64475030,1.00000000,0.65769238,4,1.80000000,0.70813373,0.26072906,0.55000000,0.66666667,1
cmedqa2_external,57171409,B0,5,,73248|143777|118343|52991|1543,0.96909529;0.95993268;0.95974755;0.93595445;0.92233413,1.00000000,0.69302219,5,1.00000000,0.94941282,0.17815329,0.59166667,1.00000000,0
cmedqa2_external,57171409,MMR,5,0.60000000,73248|118343|29398|44977|143777,0.96909529;0.95993268;0.95974755;0.90061498;0.89907646,1.00000000,0.47427081,5,0.60000000,0.93769339,0.05981643,0.38500000,0.42857143,2
cmedqa2_external,57171409,D3_TFIDF,5,,143777|29398|81341|18547|52991,0.95993268;0.93595445;0.89907646;0.89907646;0.86005056,1.00000000,0.32597358,5,0.40000000,0.91081812,0.16695635,0.21000000,0.25000000,3
cmedqa2_external,5736196,B0,5,,WMA_8be7b8f4cee8540c|WMA_c6547edf0a3c5c57|7902|163967|100643,0.97015035;0.96666539;0.96292114;0.95186538;0.93618476,1.00000000,0.47726565,4,0.60000000,0.95755740,0.17235804,0.55000000,1.00000000,0
cmedqa2_external,5736196,MMR,5,0.60000000,WMA_8be7b8f4cee8540c|163967|163966|7902|38084,0.97015035;0.96292114;0.95186538;0.91523284;0.89576310,1.00000000,0.45973079,4,0.60000000,0.93918656,0.12537543,0.51666667,0.42857143,2
cmedqa2_external,5736196,D3_TFIDF,5,,WMA_8be7b8f4cee8540c|100643|7902|38084|WMA_c6547edf0a3c5c57,0.97015035;0.96666539;0.96292114;0.93618476;0.89576310,1.00000000,0.64793962,4,0.80000000,0.94633695,0.18149183,0.67500000,0.66666667,1
cmedqa2_external,57502374,B0,5,,156378|93332|219758|163673|80544,0.97029412;0.96333802;0.95502979;0.95170665;0.94961810,1.00000000,0.00000000,5,0.00000000,0.95799733,0.21958485,0.46000000,1.00000000,0
cmedqa2_external,57502374,MMR,5,0.60000000,156378|80544|160988|103044|163673,0.97029412;0.95170665;0.94961810;0.94459277;0.90084112,1.00000000,0.00000000,5,0.00000000,0.94341055,0.06428166,0.51833333,0.42857143,2
cmedqa2_external,57502374,D3_TFIDF,5,,163673|156378|93332|219758|80544,0.97029412;0.96333802;0.95502979;0.95170665;0.94961810,1.00000000,0.00000000,5,0.00000000,0.95799733,0.21958485,0.46000000,1.00000000,0
cmedqa2_external,57708227,B0,5,,5372|111496|134288|128312|44012,0.98358375;0.98144376;0.94742072;0.90991873;0.90162849,1.00000000,0.64342943,5,1.20000000,0.94479909,0.23693045,0.42833333,1.00000000,0
cmedqa2_external,57708227,MMR,5,0.60000000,5372|134288|128312|44012|111496,0.98358375;0.98144376;0.94742072;0.90991873;0.90162849,1.00000000,0.56882876,5,1.20000000,0.94479909,0.23693045,0.42833333,1.00000000,0
cmedqa2_external,57708227,D3_TFIDF,5,,WMA_eba0201b57996a99|5372|111496|134288|128312,0.98358375;0.98144376;0.94742072;0.90991873;0.00002369,1.00000000,0.45058950,5,1.00000000,0.76447813,0.17506288,0.41166667,0.66666667,1
cmedqa2_external,58525365,B0,5,,25507|123248|87215|89565|120728,0.98391473;0.98329931;0.98125386;0.97130132;0.97013217,1.00000000,0.64893158,4,1.00000000,0.97798028,0.25264790,0.75000000,1.00000000,0
cmedqa2_external,58525365,MMR,5,0.60000000,25507|WMA_a99f7a6893bcae3c|89565|104035|87215,0.98391473;0.98125386;0.97130132;0.96420759;0.95930815,1.00000000,0.64893158,4,1.00000000,0.97199713,0.15882245,0.71666667,0.42857143,2
cmedqa2_external,58525365,D3_TFIDF,5,,25507|123248|87215|89565|120728,0.98391473;0.98329931;0.98125386;0.97130132;0.97013217,1.00000000,0.64893158,4,1.00000000,0.97798028,0.25264790,0.75000000,1.00000000,0
cmedqa2_external,5858912,B0,5,,92357|130331|155274|58208|130897,0.80713320;0.61979461;0.55083394;0.41284421;0.38674983,1.00000000,0.38477263,5,0.80000000,0.55547116,0.12221785,0.42666667,1.00000000,0
cmedqa2_external,5858912,MMR,5,0.60000000,92357|130331|155274|58208|83121,0.80713320;0.61979461;0.55083394;0.41284421;0.33610502,1.00000000,0.32565300,5,0.60000000,0.54534220,0.06299331,0.32833333,0.66666667,1
cmedqa2_external,5858912,D3_TFIDF,5,,92357|130331|83121|155274|127868,0.80713320;0.61979461;0.55083394;0.33610502;0.12323949,1.00000000,0.31505885,5,0.60000000,0.48742125,0.10930263,0.44500000,0.42857143,2
cmedqa2_external,58735289,B0,5,,65074|72667|117456|114918|158618,0.99449039;0.99341774;0.98377705;0.97610837;0.97046554,1.00000000,0.33484598,5,1.00000000,0.98365182,0.25154688,0.51500000,1.00000000,0
cmedqa2_external,58735289,MMR,5,0.60000000,65074|117456|128753|72667|64733,0.99449039;0.99341774;0.98377705;0.95908290;0.95333564,1.00000000,0.36592975,3,1.00000000,0.97682074,0.14355056,0.61666667,0.42857143,2
cmedqa2_external,58735289,D3_TFIDF,5,,65074|72667|117456|114918|158618,0.99449039;0.99341774;0.98377705;0.97610837;0.97046554,1.00000000,0.33484598,5,1.00000000,0.98365182,0.25154688,0.51500000,1.00000000,0
cmedqa2_external,58961964,B0,5,,WMA_43b62b7e8c2f1506|165344|178619|196484|201651,0.98730928;0.96559215;0.89129251;0.88927889;0.88927889,1.00000000,0.53940970,4,1.20000000,0.92455034,0.23569812,0.57500000,1.00000000,0
cmedqa2_external,58961964,MMR,5,0.60000000,WMA_43b62b7e8c2f1506|196484|178619|165344|91309,0.98730928;0.96559215;0.89129251;0.88927889;0.81283790,1.00000000,0.58722254,4,1.40000000,0.90926214,0.16712179,0.45833333,0.66666667,1
cmedqa2_external,58961964,D3_TFIDF,5,,178619|WMA_43b62b7e8c2f1506|165344|91309|70838,0.98730928;0.96559215;0.89129251;0.81283790;0.74206311,1.00000000,0.61621450,4,1.40000000,0.87981899,0.21350252,0.47500000,0.42857143,2
cmedqa2_external,59013451,B0,5,,120622|19329|105332|53414|30144,0.96162426;0.93848377;0.93614709;0.91885924;0.91703600,1.00000000,0.34369669,4,0.60000000,0.93443007,0.08783286,0.56666667,1.00000000,0
cmedqa2_external,59013451,MMR,5,0.60000000,120622|105332|53414|30144|19329,0.96162426;0.93848377;0.93614709;0.91885924;0.91703600,1.00000000,0.33405144,4,0.60000000,0.93443007,0.08783286,0.56666667,1.00000000,0
cmedqa2_external,59013451,D3_TFIDF,5,,30144|120622|19329|105332|53414,0.96162426;0.93848377;0.93614709;0.91885924;0.91703600,1.00000000,0.28997737,4,0.60000000,0.93443007,0.08783286,0.56666667,1.00000000,0
cmedqa2_external,59147895,B0,5,,79393|213904|WMA_a05e3bb2bab33d4d|149983|16034,0.94907242;0.94880790;0.93014115;0.79457772;0.77840817,1.00000000,0.69207884,5,0.80000000,0.88020147,0.18406145,0.57333333,1.00000000,0
cmedqa2_external,59147895,MMR,5,0.60000000,79393|WMA_a05e3bb2bab33d4d|213904|16034|149983,0.94907242;0.94880790;0.93014115;0.79457772;0.77840817,1.00000000,0.70412495,5,0.80000000,0.88020147,0.18406145,0.57333333,1.00000000,0
cmedqa2_external,59147895,D3_TFIDF,5,,213904|79393|16034|WMA_a05e3bb2bab33d4d|WMA_7e3d204dbef700a2,0.94907242;0.94880790;0.93014115;0.77840817;0.63179052,1.00000000,0.70412495,5,0.80000000,0.84764403,0.18722852,0.63166667,0.66666667,1
cmedqa2_external,59384962,B0,5,,67019|104584|187341|35277|6405,0.67435133;0.59719384;0.34076881;0.13658883;0.12999909,1.00000000,0.64893158,2,1.00000000,0.37578038,0.17458865,0.40000000,1.00000000,0
cmedqa2_external,59384962,MMR,5,0.60000000,67019|104584|187341|6405|171920,0.67435133;0.59719384;0.34076881;0.12999909;0.00001759,1.00000000,0.64893158,2,1.00000000,0.34846613,0.10600303,0.20000000,0.66666667,1
cmedqa2_external,59384962,D3_TFIDF,5,,67019|104584|187341|35277|6405,0.67435133;0.59719384;0.34076881;0.13658883;0.12999909,1.00000000,0.64893158,2,1.00000000,0.37578038,0.17458865,0.40000000,1.00000000,0
cmedqa2_external,5955652,B0,5,,93861|156823|214681|3436|26271,0.98173231;0.96276909;0.91856664;0.88568306;0.82077718,1.00000000,0.00000000,4,0.00000000,0.91390566,0.16232862,0.22500000,1.00000000,0
cmedqa2_external,5955652,MMR,5,0.60000000,93861|156823|3436|214681|144700,0.98173231;0.96276909;0.91856664;0.88568306;0.78602958,1.00000000,0.00000000,4,0.00000000,0.90695614,0.13753085,0.18333333,0.66666667,1
cmedqa2_external,5955652,D3_TFIDF,5,,156823|93861|3436|26271|144700,0.98173231;0.96276909;0.88568306;0.82077718;0.78602958,1.00000000,0.00000000,4,0.00000000,0.88739824,0.15947878,0.35833333,0.66666667,1
cmedqa2_external,59654200,B0,5,,120260|120261|18139|37457|WMA_f3d535fc380b746d,0.99705124;0.99703205;0.99660987;0.99600083;0.99533373,1.00000000,0.65355878,5,1.40000000,0.99640554,0.15562185,0.46500000,1.00000000,0
cmedqa2_external,59654200,MMR,5,0.60000000,120260|120261|WMA_f3d535fc380b746d|37457|20637,0.99705124;0.99703205;0.99600083;0.99533373;0.99453342,1.00000000,0.62104671,5,1.40000000,0.99599025,0.10051676,0.46500000,0.66666667,1
cmedqa2_external,59654200,D3_TFIDF,5,,120258|120260|120261|18139|37457,0.99705124;0.99703205;0.99660987;0.99600083;0.98750973,1.00000000,0.48577009,5,1.40000000,0.99484074,0.19974930,0.65000000,0.66666667,1
cmedqa2_external,60567683,B0,5,,24959|37310|WMA_793e731df0bc7987|214715|143895,0.88044310;0.86247855;0.71269268;0.67025191;0.63009334,1.00000000,0.63918778,5,1.40000000,0.75119191,0.21858776,0.65000000,1.00000000,0
cmedqa2_external,60567683,MMR,5,0.60000000,24959|37310|170623|214715|WMA_793e731df0bc7987,0.88044310;0.86247855;0.71269268;0.67025191;0.60573006,1.00000000,0.61577827,5,1.40000000,0.74631926,0.21003131,0.65000000,0.66666667,1
cmedqa2_external,60567683,D3_TFIDF,5,,24959|37310|170623|WMA_793e731df0bc7987|214715,0.88044310;0.86247855;0.71269268;0.67025191;0.60573006,1.00000000,0.61577827,5,1.40000000,0.74631926,0.21003131,0.65000000,0.66666667,1
cmedqa2_external,61196289,B0,5,,32563|86692|38834|101619|111510,0.40891629;0.40891629;0.39536092;0.36416838;0.33195540,1.00000000,0.60341152,4,1.20000000,0.38186346,0.14353962,0.61666667,1.00000000,0
cmedqa2_external,61196289,MMR,5,0.60000000,32563|38834|101619|111510|161367,0.40891629;0.39536092;0.36416838;0.33195540;0.19183311,1.00000000,0.64342943,4,1.20000000,0.33844682,0.08308623,0.61666667,0.66666667,1
cmedqa2_external,61196289,D3_TFIDF,5,,32563|38834|111510|86692|101619,0.40891629;0.40891629;0.39536092;0.36416838;0.33195540,1.00000000,0.64342943,4,1.20000000,0.38186346,0.14353962,0.61666667,1.00000000,0
cmedqa2_external,61377518,B0,5,,9988|21722|WMA_ffe393ddcb2dd5fc|73632|153508,0.98574883;0.97592044;0.95859200;0.93898487;0.88062662,1.00000000,0.44149241,4,0.40000000,0.94797455,0.10867011,0.66666667,1.00000000,0
cmedqa2_external,61377518,MMR,5,0.60000000,9988|WMA_ffe393ddcb2dd5fc|21722|73632|153508,0.98574883;0.97592044;0.95859200;0.93898487;0.88062662,1.00000000,0.44149241,4,0.40000000,0.94797455,0.10867011,0.66666667,1.00000000,0
cmedqa2_external,61377518,D3_TFIDF,5,,99666|21722|WMA_ffe393ddcb2dd5fc|153508|75540,0.97592044;0.95859200;0.88062662;0.76454586;0.69572055,1.00000000,0.44149241,5,0.40000000,0.85508109,0.11098206,0.65000000,0.42857143,2
cmedqa2_external,61407212,B0,5,,117547|92068|192976|6190|WMA_257bcd5ae9dc2086,0.97130144;0.96777558;0.93143916;0.93082768;0.88725638,1.00000000,0.53654463,4,1.60000000,0.93772005,0.11048207,0.73333333,1.00000000,0
cmedqa2_external,61407212,MMR,5,0.60000000,117547|192976|WMA_257bcd5ae9dc2086|6190|92068,0.97130144;0.96777558;0.93143916;0.93082768;0.88725638,1.00000000,0.53654463,4,1.60000000,0.93772005,0.11048207,0.73333333,1.00000000,0
cmedqa2_external,61407212,D3_TFIDF,5,,117547|WMA_257bcd5ae9dc2086|224639|92068|192976,0.97130144;0.96777558;0.93143916;0.88725638;0.85791475,1.00000000,0.61377600,4,1.80000000,0.92313746,0.19686891,0.74166667,0.66666667,1
cmedqa2_external,61465512,B0,5,,71235|129683|137384|131978|23322,0.99570721;0.99532831;0.99399650;0.99349314;0.99059933,1.00000000,0.64893158,4,2.00000000,0.99382490,0.17560584,0.55000000,1.00000000,0
cmedqa2_external,61465512,MMR,5,0.60000000,71235|137384|23322|10407|WMA_7d9e281a2ebd5d9b,0.99570721;0.99399650;0.99059933;0.98923957;0.96204191,1.00000000,0.64893158,5,2.00000000,0.98631691,0.12844332,0.48333333,0.42857143,2
cmedqa2_external,61465512,D3_TFIDF,5,,129683|71235|166278|137384|131978,0.99570721;0.99532831;0.99399650;0.99349314;0.97591352,1.00000000,0.64893158,4,2.00000000,0.99088774,0.19431692,0.55000000,0.66666667,1
cmedqa2_external,62325066,B0,5,,152652|56111|69980|35174|42415,0.98403037;0.96893513;0.96456349;0.96349740;0.95781612,1.00000000,0.38504733,3,1.20000000,0.96776850,0.10480921,0.45000000,1.00000000,0
cmedqa2_external,62325066,MMR,5,0.60000000,152652|213219|56111|69980|42415,0.98403037;0.96893513;0.96456349;0.95781612;0.92822766,1.00000000,0.38504733,3,1.20000000,0.96071455,0.08260025,0.40000000,0.66666667,1
cmedqa2_external,62325066,D3_TFIDF,5,,56111|152652|42415|69980|73405,0.98403037;0.96893513;0.96456349;0.95781612;0.72437543,1.00000000,0.40845684,3,1.20000000,0.91994411,0.13310123,0.40000000,0.66666667,1
cmedqa2_external,62825536,B0,5,,71612|130834|WMA_0828d4484cee4d20|15300|82595,0.96168876;0.94196278;0.90866685;0.89299774;0.87045312,1.00000000,0.42271297,4,1.20000000,0.91515385,0.14295779,0.55000000,1.00000000,0
cmedqa2_external,62825536,MMR,5,0.60000000,71612|130834|WMA_0828d4484cee4d20|82595|129064,0.96168876;0.94196278;0.90866685;0.87045312;0.85075581,1.00000000,0.43266678,4,1.20000000,0.90670546,0.12875148,0.48333333,0.66666667,1
cmedqa2_external,62825536,D3_TFIDF,5,,WMA_0828d4484cee4d20|71612|130834|138025|15300,0.96168876;0.94196278;0.90866685;0.89299774;0.86571777,1.00000000,0.43266678,5,1.20000000,0.91420678,0.15766736,0.51500000,0.66666667,1
cmedqa2_external,63146857,B0,5,,55266|29116|17606|153670|199106,0.99884415;0.96977139;0.96771049;0.94990295;0.94154072,1.00000000,0.58821122,5,1.00000000,0.96555394,0.14264231,0.52333333,1.00000000,0
cmedqa2_external,63146857,MMR,5,0.60000000,55266|17606|153670|29116|199106,0.99884415;0.96977139;0.96771049;0.94990295;0.94154072,1.00000000,0.59709268,5,1.00000000,0.96555394,0.14264231,0.52333333,1.00000000,0
cmedqa2_external,63146857,D3_TFIDF,5,,17606|55266|29116|153670|199106,0.99884415;0.96977139;0.96771049;0.94990295;0.94154072,1.00000000,0.44635968,5,1.00000000,0.96555394,0.14264231,0.52333333,1.00000000,0
cmedqa2_external,63214425,B0,5,,20091|WMA_fe9d0d54d4e17789|97664|134714|87384,0.94969261;0.86602992;0.79934138;0.74576938;0.72113413,0.66666667,0.36704861,4,0.60000000,0.81639348,0.09423652,0.38333333,1.00000000,0
cmedqa2_external,63214425,MMR,5,0.60000000,20091|WMA_fe9d0d54d4e17789|134714|20404|87384,0.94969261;0.86602992;0.74576938;0.72113413;0.68720496,0.66666667,0.36704861,4,0.60000000,0.79396620,0.05448061,0.37500000,0.66666667,1
cmedqa2_external,63214425,D3_TFIDF,5,,97664|20091|WMA_fe9d0d54d4e17789|87384|167111,0.94969261;0.86602992;0.79934138;0.72113413;0.69432116,0.66666667,0.35256832,4,0.40000000,0.80610384,0.13071634,0.38333333,0.66666667,1
cmedqa2_external,64558421,B0,5,,14508|159945|78267|WMA_09ff4ad618e318ae|15576,0.97936809;0.97250623;0.96219903;0.95352179;0.94545853,1.00000000,0.64893158,2,1.00000000,0.96261073,0.15759373,1.00000000,1.00000000,0
cmedqa2_external,64558421,MMR,5,0.60000000,14508|78267|15576|112711|159945,0.97936809;0.97250623;0.96219903;0.94545853;0.93731999,1.00000000,0.64893158,2,1.00000000,0.95937037,0.14834620,1.00000000,0.66666667,1
cmedqa2_external,64558421,D3_TFIDF,5,,14508|159945|78267|WMA_09ff4ad618e318ae|15576,0.97936809;0.97250623;0.96219903;0.95352179;0.94545853,1.00000000,0.64893158,2,1.00000000,0.96261073,0.15759373,1.00000000,1.00000000,0
cmedqa2_external,65349579,B0,5,,89427|31732|6455|6456|18922,0.94621259;0.49810326;0.45903102;0.45027477;0.42633775,1.00000000,0.37774515,5,1.00000000,0.55599188,0.18528000,0.34833333,1.00000000,0
cmedqa2_external,65349579,MMR,5,0.60000000,89427|31732|6456|6455|18922,0.94621259;0.49810326;0.45903102;0.45027477;0.42633775,1.00000000,0.37774515,5,1.00000000,0.55599188,0.18528000,0.34833333,1.00000000,0
cmedqa2_external,65349579,D3_TFIDF,5,,6455|89427|31732|6456|166223,0.94621259;0.49810326;0.45903102;0.45027477;0.21642579,1.00000000,0.37774515,5,1.00000000,0.51400948,0.10436801,0.15666667,0.66666667,1
cmedqa2_external,65765762,B0,5,,223254|58193|223255|WMA_3bc3fab24ddc2bca|92425,0.98416835;0.66700256;0.64285427;0.59528488;0.11545251,1.00000000,0.30523488,4,0.40000000,0.60095252,0.13003198,0.57500000,1.00000000,0
cmedqa2_external,65765762,MMR,5,0.60000000,223254|223255|58193|WMA_3bc3fab24ddc2bca|92425,0.98416835;0.66700256;0.64285427;0.59528488;0.11545251,1.00000000,0.30523488,4,0.40000000,0.60095252,0.13003198,0.57500000,1.00000000,0
cmedqa2_external,65765762,D3_TFIDF,5,,223254|80007|58193|223255|WMA_3bc3fab24ddc2bca,0.98416835;0.66700256;0.64285427;0.59528488;0.10606524,1.00000000,0.35895421,3,0.40000000,0.59907506,0.13618369,0.63333333,0.66666667,1
cmedqa2_external,66013148,B0,5,,90559|165369|61660|122607|WMA_b4f0b6c59031acda,0.94599491;0.90281320;0.81510222;0.78635526;0.77251250,1.00000000,0.26836380,4,0.40000000,0.84455562,0.20914959,0.47500000,1.00000000,0
cmedqa2_external,66013148,MMR,5,0.60000000,90559|165369|122607|61660|144937,0.94599491;0.90281320;0.81510222;0.78635526;0.56501245,1.00000000,0.24738636,3,0.40000000,0.80305561,0.14692520,0.61666667,0.66666667,1
cmedqa2_external,66013148,D3_TFIDF,5,,90559|61660|122607|WMA_b4f0b6c59031acda|11020,0.94599491;0.81510222;0.78635526;0.77251250;0.67247474,1.00000000,0.32124463,4,0.40000000,0.79848793,0.28291445,0.55000000,0.66666667,1
cmedqa2_external,66032422,B0,5,,14978|27874|165080|24159|43939,0.97158200;0.34480581;0.34161779;0.32511309;0.19999281,1.00000000,0.30260241,5,0.20000000,0.43662230,0.19781706,0.49000000,1.00000000,0
cmedqa2_external,66032422,MMR,5,0.60000000,14978|165080|27874|24159|43939,0.97158200;0.34480581;0.34161779;0.32511309;0.19999281,1.00000000,0.30260241,5,0.20000000,0.43662230,0.19781706,0.49000000,1.00000000,0
cmedqa2_external,66032422,D3_TFIDF,5,,14978|24159|165080|123035|WMA_6eac51cafd126640,0.97158200;0.34161779;0.32511309;0.05240291;0.02510012,1.00000000,0.30260241,5,0.20000000,0.34316318,0.10979004,0.38333333,0.42857143,2
cmedqa2_external,66080058,B0,5,,138121|205522|207370|213145|190402,0.96215081;0.96215081;0.96215081;0.96215081;0.95914400,1.00000000,0.64893158,5,1.00000000,0.96154945,0.82094484,0.84000000,1.00000000,0
cmedqa2_external,66080058,MMR,5,0.60000000,138121|213267|10328|190402|205522,0.96215081;0.96215081;0.95914400;0.89355206;0.87027115,1.00000000,0.53888569,5,0.80000000,0.92945377,0.32124831,0.51666667,0.42857143,2
cmedqa2_external,66080058,D3_TFIDF,5,,100565|138121|205522|207370|213145,0.96215081;0.96215081;0.96215081;0.96215081;0.00013693,1.00000000,0.64893158,4,1.00000000,0.76974804,0.60412955,0.90000000,0.66666667,1
cmedqa2_external,66384308,B0,5,,113710|138540|140096|104171|136960,0.99499917;0.97994566;0.97273713;0.95502228;0.91415948,1.00000000,0.00000000,5,0.00000000,0.96337274,0.21351286,0.45000000,1.00000000,0
cmedqa2_external,66384308,MMR,5,0.60000000,113710|138540|136960|140096|104171,0.99499917;0.97994566;0.97273713;0.95502228;0.91415948,1.00000000,0.00000000,5,0.00000000,0.96337274,0.21351286,0.45000000,1.00000000,0
cmedqa2_external,66384308,D3_TFIDF,5,,138540|113710|136960|49751|140096,0.99499917;0.97994566;0.97273713;0.91415948;0.84442234,1.00000000,0.00000000,5,0.00000000,0.94125276,0.17826398,0.37166667,0.66666667,1
cmedqa2_external,67354258,B0,5,,207448|186058|187623|191010|191042,0.93703926;0.90476817;0.90476817;0.90476817;0.90476817,0.00000000,0.00000000,2,0.00000000,0.91122239,0.81430241,1.00000000,1.00000000,0
cmedqa2_external,67354258,MMR,5,0.60000000,207448|186058|187623|191010|191042,0.93703926;0.90476817;0.90476817;0.90476817;0.90476817,0.00000000,0.00000000,2,0.00000000,0.91122239,0.81430241,1.00000000,1.00000000,0
cmedqa2_external,67354258,D3_TFIDF,5,,8952|207448|186058|187623|191010,0.93703926;0.90476817;0.90476817;0.90476817;0.00024796,1.00000000,0.61314719,4,0.20000000,0.73031835,0.46869379,0.70000000,0.66666667,1
cmedqa2_external,6764822,B0,5,,116696|130615|WMA_5795420168cce7cc|WMA_c02a37f72f9b3aea|WMA_afd8b419f7fb9ac2,0.23843485;0.18955886;0.08661760;0.08274450;0.07546364,1.00000000,1.00000000,5,0.20000000,0.13456389,0.11448741,0.22333333,1.00000000,0
cmedqa2_external,6764822,MMR,5,0.60000000,116696|130615|WMA_5795420168cce7cc|WMA_afd8b419f7fb9ac2|WMA_c02a37f72f9b3aea,0.23843485;0.18955886;0.08661760;0.08274450;0.07546364,1.00000000,1.00000000,5,0.20000000,0.13456389,0.11448741,0.22333333,1.00000000,0
cmedqa2_external,6764822,D3_TFIDF,5,,WMA_5795420168cce7cc|116696|130615|WMA_c02a37f72f9b3aea|WMA_afd8b419f7fb9ac2,0.23843485;0.18955886;0.08661760;0.08274450;0.07546364,1.00000000,0.63092975,5,0.20000000,0.13456389,0.11448741,0.22333333,1.00000000,0
cmedqa2_external,6779973,B0,5,,14131|211888|215440|135704|142730,0.99849939;0.99799085;0.99408180;0.98331708;0.97737622,1.00000000,0.66752582,5,1.40000000,0.99025307,0.12710188,0.50000000,1.00000000,0
cmedqa2_external,6779973,MMR,5,0.60000000,14131|215440|142730|107679|211888,0.99849939;0.99799085;0.99408180;0.97737622;0.96603882,1.00000000,0.63853386,5,1.40000000,0.98679742,0.07734054,0.50000000,0.66666667,1
cmedqa2_external,6779973,D3_TFIDF,5,,142730|215440|14131|135704|214609,0.99849939;0.99408180;0.98331708;0.97737622;0.96301877,1.00000000,0.53940970,4,1.20000000,0.98325865,0.14943416,0.55000000,0.66666667,1
cmedqa2_external,68618926,B0,5,,190465|184103|187432|217640|187314,0.99286371;0.99124724;0.98919755;0.98579699;0.98136985,1.00000000,0.46199666,5,1.20000000,0.98809507,0.13893005,0.40666667,1.00000000,0
cmedqa2_external,68618926,MMR,5,0.60000000,190465|187314|187432|185579|217640,0.99286371;0.98919755;0.98579699;0.98136985;0.97087121,1.00000000,0.31775648,5,1.00000000,0.98401986,0.13401014,0.41000000,0.66666667,1
cmedqa2_external,68618926,D3_TFIDF,5,,184103|184553|190465|187432|217640,0.99286371;0.99124724;0.98919755;0.98579699;0.97523093,1.00000000,0.55646997,5,1.40000000,0.98686728,0.19467701,0.37666667,0.66666667,1
cmedqa2_external,68701373,B0,5,,159733|121524|192046|59917|127398,0.99694663;0.99671590;0.99564266;0.99564266;0.99556065,1.00000000,0.47141445,3,1.00000000,0.99610170,0.22988689,0.86666667,1.00000000,0
cmedqa2_external,68701373,MMR,5,0.60000000,159733|121524|192046|127398|78886,0.99694663;0.99671590;0.99564266;0.99556065;0.99555886,1.00000000,0.47141445,5,1.00000000,0.99608494,0.17570417,0.72000000,0.66666667,1
cmedqa2_external,68701373,D3_TFIDF,5,,192046|159733|121524|127398|93274,0.99694663;0.99671590;0.99564266;0.99556065;0.99551386,1.00000000,0.47141445,5,1.00000000,0.99607594,0.17223438,0.72000000,0.66666667,1
