case_id,detector,is_leak,family,pattern_id,rate,seed,hard_clean,detected,tp,fp,tn,fn,injected_qids,injected_candidates,injected_features,fallback_triggers,detection_correct,family_exact,source_exact,sink_exact,module_exact,field_exact,code_location_exact,code_location_within_3,path_valid,config_sha256,status
c_016e57250c5645a7,keyword_static_baseline,True,Leak-R,R3,0.1,11,False,True,1,0,0,0,1,15,0,1,True,False,False,False,False,False,False,False,False,c69fff36c89963f0a8a55bd267584fe3b32aad093936e970cae5aac6d917ea90,REPRODUCED
c_016e57250c5645a7,ast_static_dataflow,True,Leak-R,R3,0.1,11,False,False,0,0,0,1,1,15,0,1,False,False,False,False,False,False,False,False,False,c69fff36c89963f0a8a55bd267584fe3b32aad093936e970cae5aac6d917ea90,REPRODUCED
c_016e57250c5645a7,schema_guard,True,Leak-R,R3,0.1,11,False,False,0,0,0,1,1,15,0,1,False,False,False,False,False,False,False,False,False,c69fff36c89963f0a8a55bd267584fe3b32aad093936e970cae5aac6d917ea90,REPRODUCED
c_016e57250c5645a7,runtime_taint,True,Leak-R,R3,0.1,11,False,True,1,0,0,0,1,15,0,1,True,False,True,False,False,True,False,False,True,c69fff36c89963f0a8a55bd267584fe3b32aad093936e970cae5aac6d917ea90,REPRODUCED
c_016e57250c5645a7,invariance,True,Leak-R,R3,0.1,11,False,False,0,0,0,1,1,15,0,1,False,False,False,False,False,False,False,False,False,c69fff36c89963f0a8a55bd267584fe3b32aad093936e970cae5aac6d917ea90,REPRODUCED
c_016e57250c5645a7,full_audit,True,Leak-R,R3,0.1,11,False,True,1,0,0,0,1,15,0,1,True,False,True,False,False,True,False,False,True,c69fff36c89963f0a8a55bd267584fe3b32aad093936e970cae5aac6d917ea90,REPRODUCED
c_084667a283314b02,keyword_static_baseline,False,Clean,Clean,0,1029,False,True,0,1,0,0,0,0,0,0,False,False,True,True,False,False,False,False,False,c69fff36c89963f0a8a55bd267584fe3b32aad093936e970cae5aac6d917ea90,REPRODUCED
c_084667a283314b02,ast_static_dataflow,False,Clean,Clean,0,1029,False,False,0,0,1,0,0,0,0,0,True,False,False,False,False,False,False,False,False,c69fff36c89963f0a8a55bd267584fe3b32aad093936e970cae5aac6d917ea90,REPRODUCED
c_084667a283314b02,schema_guard,False,Clean,Clean,0,1029,False,False,0,0,1,0,0,0,0,0,True,False,False,False,False,False,False,False,False,c69fff36c89963f0a8a55bd267584fe3b32aad093936e970cae5aac6d917ea90,REPRODUCED
c_084667a283314b02,runtime_taint,False,Clean,Clean,0,1029,False,False,0,0,1,0,0,0,0,0,True,False,False,False,False,False,False,False,False,c69fff36c89963f0a8a55bd267584fe3b32aad093936e970cae5aac6d917ea90,REPRODUCED
c_084667a283314b02,invariance,False,Clean,Clean,0,1029,False,False,0,0,1,0,0,0,0,0,True,False,False,False,False,False,False,False,False,c69fff36c89963f0a8a55bd267584fe3b32aad093936e970cae5aac6d917ea90,REPRODUCED
c_084667a283314b02,full_audit,False,Clean,Clean,0,1029,False,False,0,0,1,0,0,0,0,0,True,False,False,False,False,False,False,False,False,c69fff36c89963f0a8a55bd267584fe3b32aad093936e970cae5aac6d917ea90,REPRODUCED
c_0eb7d0f8f6ee43c4,keyword_static_baseline,False,Clean,Clean,0,2006,True,True,0,1,0,0,0,0,0,0,False,False,True,True,False,False,False,False,False,c69fff36c89963f0a8a55bd267584fe3b32aad093936e970cae5aac6d917ea90,REPRODUCED
c_0eb7d0f8f6ee43c4,ast_static_dataflow,False,Clean,Clean,0,2006,True,False,0,0,1,0,0,0,0,0,True,False,False,False,False,False,False,False,False,c69fff36c89963f0a8a55bd267584fe3b32aad093936e970cae5aac6d917ea90,REPRODUCED
c_0eb7d0f8f6ee43c4,schema_guard,False,Clean,Clean,0,2006,True,False,0,0,1,0,0,0,0,0,True,False,False,False,False,False,False,False,False,c69fff36c89963f0a8a55bd267584fe3b32aad093936e970cae5aac6d917ea90,REPRODUCED
c_0eb7d0f8f6ee43c4,runtime_taint,False,Clean,Clean,0,2006,True,False,0,0,1,0,0,0,0,0,True,False,False,False,False,False,False,False,False,c69fff36c89963f0a8a55bd267584fe3b32aad093936e970cae5aac6d917ea90,REPRODUCED
c_0eb7d0f8f6ee43c4,invariance,False,Clean,Clean,0,2006,True,False,0,0,1,0,0,0,0,0,True,False,False,False,False,False,False,False,False,c69fff36c89963f0a8a55bd267584fe3b32aad093936e970cae5aac6d917ea90,REPRODUCED
c_0eb7d0f8f6ee43c4,full_audit,False,Clean,Clean,0,2006,True,False,0,0,1,0,0,0,0,0,True,False,False,False,False,False,False,False,False,c69fff36c89963f0a8a55bd267584fe3b32aad093936e970cae5aac6d917ea90,REPRODUCED
c_0f357c79137b4ab5,keyword_static_baseline,False,Clean,Clean,0,2027,True,True,0,1,0,0,0,0,0,0,False,False,True,True,False,False,False,False,False,c69fff36c89963f0a8a55bd267584fe3b32aad093936e970cae5aac6d917ea90,REPRODUCED
c_0f357c79137b4ab5,ast_static_dataflow,False,Clean,Clean,0,2027,True,False,0,0,1,0,0,0,0,0,True,False,False,False,False,False,False,False,False,c69fff36c89963f0a8a55bd267584fe3b32aad093936e970cae5aac6d917ea90,REPRODUCED
c_0f357c79137b4ab5,schema_guard,False,Clean,Clean,0,2027,True,False,0,0,1,0,0,0,0,0,True,False,False,False,False,False,False,False,False,c69fff36c89963f0a8a55bd267584fe3b32aad093936e970cae5aac6d917ea90,REPRODUCED
c_0f357c79137b4ab5,runtime_taint,False,Clean,Clean,0,2027,True,False,0,0,1,0,0,0,0,0,True,False,False,False,False,False,False,False,False,c69fff36c89963f0a8a55bd267584fe3b32aad093936e970cae5aac6d917ea90,REPRODUCED
c_0f357c79137b4ab5,invariance,False,Clean,Clean,0,2027,True,False,0,0,1,0,0,0,0,0,True,False,False,False,False,False,False,False,False,c69fff36c89963f0a8a55bd267584fe3b32aad093936e970cae5aac6d917ea90,REPRODUCED
c_0f357c79137b4ab5,full_audit,False,Clean,Clean,0,2027,True,False,0,0,1,0,0,0,0,0,True,False,False,False,False,False,False,False,False,c69fff36c89963f0a8a55bd267584fe3b32aad093936e970cae5aac6d917ea90,REPRODUCED
c_0f935733be9940a8,keyword_static_baseline,False,Clean,Clean,0,2026,True,True,0,1,0,0,0,0,0,0,False,False,True,True,False,False,False,False,False,c69fff36c89963f0a8a55bd267584fe3b32aad093936e970cae5aac6d917ea90,REPRODUCED
c_0f935733be9940a8,ast_static_dataflow,False,Clean,Clean,0,2026,True,False,0,0,1,0,0,0,0,0,True,False,False,False,False,False,False,False,False,c69fff36c89963f0a8a55bd267584fe3b32aad093936e970cae5aac6d917ea90,REPRODUCED
c_0f935733be9940a8,schema_guard,False,Clean,Clean,0,2026,True,False,0,0,1,0,0,0,0,0,True,False,False,False,False,False,False,False,False,c69fff36c89963f0a8a55bd267584fe3b32aad093936e970cae5aac6d917ea90,REPRODUCED
c_0f935733be9940a8,runtime_taint,False,Clean,Clean,0,2026,True,False,0,0,1,0,0,0,0,0,True,False,False,False,False,False,False,False,False,c69fff36c89963f0a8a55bd267584fe3b32aad093936e970cae5aac6d917ea90,REPRODUCED
c_0f935733be9940a8,invariance,False,Clean,Clean,0,2026,True,False,0,0,1,0,0,0,0,0,True,False,False,False,False,False,False,False,False,c69fff36c89963f0a8a55bd267584fe3b32aad093936e970cae5aac6d917ea90,REPRODUCED
c_0f935733be9940a8,full_audit,False,Clean,Clean,0,2026,True,False,0,0,1,0,0,0,0,0,True,False,False,False,False,False,False,False,False,c69fff36c89963f0a8a55bd267584fe3b32aad093936e970cae5aac6d917ea90,REPRODUCED
c_0fb926f7378948c2,keyword_static_baseline,True,Leak-R,R2,0.5,11,False,True,1,0,0,0,4,60,0,4,True,False,False,False,False,False,False,False,False,c69fff36c89963f0a8a55bd267584fe3b32aad093936e970cae5aac6d917ea90,REPRODUCED
c_0fb926f7378948c2,ast_static_dataflow,True,Leak-R,R2,0.5,11,False,False,0,0,0,1,4,60,0,4,False,False,False,False,False,False,False,False,False,c69fff36c89963f0a8a55bd267584fe3b32aad093936e970cae5aac6d917ea90,REPRODUCED
c_0fb926f7378948c2,schema_guard,True,Leak-R,R2,0.5,11,False,False,0,0,0,1,4,60,0,4,False,False,False,False,False,False,False,False,False,c69fff36c89963f0a8a55bd267584fe3b32aad093936e970cae5aac6d917ea90,REPRODUCED
c_0fb926f7378948c2,runtime_taint,True,Leak-R,R2,0.5,11,False,True,1,0,0,0,4,60,0,4,True,False,True,False,False,True,False,False,True,c69fff36c89963f0a8a55bd267584fe3b32aad093936e970cae5aac6d917ea90,REPRODUCED
c_0fb926f7378948c2,invariance,True,Leak-R,R2,0.5,11,False,False,0,0,0,1,4,60,0,4,False,False,False,False,False,False,False,False,False,c69fff36c89963f0a8a55bd267584fe3b32aad093936e970cae5aac6d917ea90,REPRODUCED
c_0fb926f7378948c2,full_audit,True,Leak-R,R2,0.5,11,False,True,1,0,0,0,4,60,0,4,True,False,True,False,False,True,False,False,True,c69fff36c89963f0a8a55bd267584fe3b32aad093936e970cae5aac6d917ea90,REPRODUCED
c_12a921a9f7574f48,keyword_static_baseline,False,Clean,Clean,0,2022,True,True,0,1,0,0,0,0,0,0,False,False,True,True,False,False,False,False,False,c69fff36c89963f0a8a55bd267584fe3b32aad093936e970cae5aac6d917ea90,REPRODUCED
c_12a921a9f7574f48,ast_static_dataflow,False,Clean,Clean,0,2022,True,False,0,0,1,0,0,0,0,0,True,False,False,False,False,False,False,False,False,c69fff36c89963f0a8a55bd267584fe3b32aad093936e970cae5aac6d917ea90,REPRODUCED
c_12a921a9f7574f48,schema_guard,False,Clean,Clean,0,2022,True,False,0,0,1,0,0,0,0,0,True,False,False,False,False,False,False,False,False,c69fff36c89963f0a8a55bd267584fe3b32aad093936e970cae5aac6d917ea90,REPRODUCED
c_12a921a9f7574f48,runtime_taint,False,Clean,Clean,0,2022,True,False,0,0,1,0,0,0,0,0,True,False,False,False,False,False,False,False,False,c69fff36c89963f0a8a55bd267584fe3b32aad093936e970cae5aac6d917ea90,REPRODUCED
c_12a921a9f7574f48,invariance,False,Clean,Clean,0,2022,True,False,0,0,1,0,0,0,0,0,True,False,False,False,False,False,False,False,False,c69fff36c89963f0a8a55bd267584fe3b32aad093936e970cae5aac6d917ea90,REPRODUCED
c_12a921a9f7574f48,full_audit,False,Clean,Clean,0,2022,True,False,0,0,1,0,0,0,0,0,True,False,False,False,False,False,False,False,False,c69fff36c89963f0a8a55bd267584fe3b32aad093936e970cae5aac6d917ea90,REPRODUCED
c_1960c4abfc3b472f,keyword_static_baseline,False,Clean,Clean,0,2015,True,True,0,1,0,0,0,0,0,0,False,False,True,True,False,False,False,False,False,c69fff36c89963f0a8a55bd267584fe3b32aad093936e970cae5aac6d917ea90,REPRODUCED
c_1960c4abfc3b472f,ast_static_dataflow,False,Clean,Clean,0,2015,True,False,0,0,1,0,0,0,0,0,True,False,False,False,False,False,False,False,False,c69fff36c89963f0a8a55bd267584fe3b32aad093936e970cae5aac6d917ea90,REPRODUCED
c_1960c4abfc3b472f,schema_guard,False,Clean,Clean,0,2015,True,False,0,0,1,0,0,0,0,0,True,False,False,False,False,False,False,False,False,c69fff36c89963f0a8a55bd267584fe3b32aad093936e970cae5aac6d917ea90,REPRODUCED
c_1960c4abfc3b472f,runtime_taint,False,Clean,Clean,0,2015,True,False,0,0,1,0,0,0,0,0,True,False,False,False,False,False,False,False,False,c69fff36c89963f0a8a55bd267584fe3b32aad093936e970cae5aac6d917ea90,REPRODUCED
c_1960c4abfc3b472f,invariance,False,Clean,Clean,0,2015,True,False,0,0,1,0,0,0,0,0,True,False,False,False,False,False,False,False,False,c69fff36c89963f0a8a55bd267584fe3b32aad093936e970cae5aac6d917ea90,REPRODUCED
c_1960c4abfc3b472f,full_audit,False,Clean,Clean,0,2015,True,False,0,0,1,0,0,0,0,0,True,False,False,False,False,False,False,False,False,c69fff36c89963f0a8a55bd267584fe3b32aad093936e970cae5aac6d917ea90,REPRODUCED
c_1bc2135ee00d465a,keyword_static_baseline,False,Clean,Clean,0,1020,False,True,0,1,0,0,0,0,0,0,False,False,True,True,False,False,False,False,False,c69fff36c89963f0a8a55bd267584fe3b32aad093936e970cae5aac6d917ea90,REPRODUCED
c_1bc2135ee00d465a,ast_static_dataflow,False,Clean,Clean,0,1020,False,False,0,0,1,0,0,0,0,0,True,False,False,False,False,False,False,False,False,c69fff36c89963f0a8a55bd267584fe3b32aad093936e970cae5aac6d917ea90,REPRODUCED
c_1bc2135ee00d465a,schema_guard,False,Clean,Clean,0,1020,False,False,0,0,1,0,0,0,0,0,True,False,False,False,False,False,False,False,False,c69fff36c89963f0a8a55bd267584fe3b32aad093936e970cae5aac6d917ea90,REPRODUCED
c_1bc2135ee00d465a,runtime_taint,False,Clean,Clean,0,1020,False,False,0,0,1,0,0,0,0,0,True,False,False,False,False,False,False,False,False,c69fff36c89963f0a8a55bd267584fe3b32aad093936e970cae5aac6d917ea90,REPRODUCED
c_1bc2135ee00d465a,invariance,False,Clean,Clean,0,1020,False,False,0,0,1,0,0,0,0,0,True,False,False,False,False,False,False,False,False,c69fff36c89963f0a8a55bd267584fe3b32aad093936e970cae5aac6d917ea90,REPRODUCED
c_1bc2135ee00d465a,full_audit,False,Clean,Clean,0,1020,False,False,0,0,1,0,0,0,0,0,True,False,False,False,False,False,False,False,False,c69fff36c89963f0a8a55bd267584fe3b32aad093936e970cae5aac6d917ea90,REPRODUCED
c_1c888b5039314b44,keyword_static_baseline,True,Leak-F,F3,1.0,11,False,True,1,0,0,0,7,105,7,0,True,False,False,False,False,False,False,False,False,c69fff36c89963f0a8a55bd267584fe3b32aad093936e970cae5aac6d917ea90,REPRODUCED
c_1c888b5039314b44,ast_static_dataflow,True,Leak-F,F3,1.0,11,False,False,0,0,0,1,7,105,7,0,False,False,False,False,False,False,False,False,False,c69fff36c89963f0a8a55bd267584fe3b32aad093936e970cae5aac6d917ea90,REPRODUCED
c_1c888b5039314b44,schema_guard,True,Leak-F,F3,1.0,11,False,False,0,0,0,1,7,105,7,0,False,False,False,False,False,False,False,False,False,c69fff36c89963f0a8a55bd267584fe3b32aad093936e970cae5aac6d917ea90,REPRODUCED
c_1c888b5039314b44,runtime_taint,True,Leak-F,F3,1.0,11,False,True,1,0,0,0,7,105,7,0,True,False,True,True,False,True,False,False,True,c69fff36c89963f0a8a55bd267584fe3b32aad093936e970cae5aac6d917ea90,REPRODUCED
c_1c888b5039314b44,invariance,True,Leak-F,F3,1.0,11,False,False,0,0,0,1,7,105,7,0,False,False,False,False,False,False,False,False,False,c69fff36c89963f0a8a55bd267584fe3b32aad093936e970cae5aac6d917ea90,REPRODUCED
c_1c888b5039314b44,full_audit,True,Leak-F,F3,1.0,11,False,True,1,0,0,0,7,105,7,0,True,False,True,True,False,True,False,False,True,c69fff36c89963f0a8a55bd267584fe3b32aad093936e970cae5aac6d917ea90,REPRODUCED
c_20a8d216644f4d40,keyword_static_baseline,False,Clean,Clean,0,2011,True,True,0,1,0,0,0,0,0,0,False,False,True,True,False,False,False,False,False,c69fff36c89963f0a8a55bd267584fe3b32aad093936e970cae5aac6d917ea90,REPRODUCED
c_20a8d216644f4d40,ast_static_dataflow,False,Clean,Clean,0,2011,True,False,0,0,1,0,0,0,0,0,True,False,False,False,False,False,False,False,False,c69fff36c89963f0a8a55bd267584fe3b32aad093936e970cae5aac6d917ea90,REPRODUCED
c_20a8d216644f4d40,schema_guard,False,Clean,Clean,0,2011,True,False,0,0,1,0,0,0,0,0,True,False,False,False,False,False,False,False,False,c69fff36c89963f0a8a55bd267584fe3b32aad093936e970cae5aac6d917ea90,REPRODUCED
c_20a8d216644f4d40,runtime_taint,False,Clean,Clean,0,2011,True,False,0,0,1,0,0,0,0,0,True,False,False,False,False,False,False,False,False,c69fff36c89963f0a8a55bd267584fe3b32aad093936e970cae5aac6d917ea90,REPRODUCED
c_20a8d216644f4d40,invariance,False,Clean,Clean,0,2011,True,False,0,0,1,0,0,0,0,0,True,False,False,False,False,False,False,False,False,c69fff36c89963f0a8a55bd267584fe3b32aad093936e970cae5aac6d917ea90,REPRODUCED
c_20a8d216644f4d40,full_audit,False,Clean,Clean,0,2011,True,False,0,0,1,0,0,0,0,0,True,False,False,False,False,False,False,False,False,c69fff36c89963f0a8a55bd267584fe3b32aad093936e970cae5aac6d917ea90,REPRODUCED
c_217dbdab703b4b70,keyword_static_baseline,True,Leak-F,F4,0.1,11,False,True,1,0,0,0,1,15,1,0,True,False,False,False,False,False,False,False,False,c69fff36c89963f0a8a55bd267584fe3b32aad093936e970cae5aac6d917ea90,REPRODUCED
c_217dbdab703b4b70,ast_static_dataflow,True,Leak-F,F4,0.1,11,False,False,0,0,0,1,1,15,1,0,False,False,False,False,False,False,False,False,False,c69fff36c89963f0a8a55bd267584fe3b32aad093936e970cae5aac6d917ea90,REPRODUCED
c_217dbdab703b4b70,schema_guard,True,Leak-F,F4,0.1,11,False,False,0,0,0,1,1,15,1,0,False,False,False,False,False,False,False,False,False,c69fff36c89963f0a8a55bd267584fe3b32aad093936e970cae5aac6d917ea90,REPRODUCED
c_217dbdab703b4b70,runtime_taint,True,Leak-F,F4,0.1,11,False,True,1,0,0,0,1,15,1,0,True,False,True,False,False,True,False,False,True,c69fff36c89963f0a8a55bd267584fe3b32aad093936e970cae5aac6d917ea90,REPRODUCED
c_217dbdab703b4b70,invariance,True,Leak-F,F4,0.1,11,False,False,0,0,0,1,1,15,1,0,False,False,False,False,False,False,False,False,False,c69fff36c89963f0a8a55bd267584fe3b32aad093936e970cae5aac6d917ea90,REPRODUCED
c_217dbdab703b4b70,full_audit,True,Leak-F,F4,0.1,11,False,True,1,0,0,0,1,15,1,0,True,False,True,False,False,True,False,False,True,c69fff36c89963f0a8a55bd267584fe3b32aad093936e970cae5aac6d917ea90,REPRODUCED
c_24e99b2a1a02410d,keyword_static_baseline,False,Clean,Clean,0,1021,False,True,0,1,0,0,0,0,0,0,False,False,True,True,False,False,False,False,False,c69fff36c89963f0a8a55bd267584fe3b32aad093936e970cae5aac6d917ea90,REPRODUCED
c_24e99b2a1a02410d,ast_static_dataflow,False,Clean,Clean,0,1021,False,False,0,0,1,0,0,0,0,0,True,False,False,False,False,False,False,False,False,c69fff36c89963f0a8a55bd267584fe3b32aad093936e970cae5aac6d917ea90,REPRODUCED
c_24e99b2a1a02410d,schema_guard,False,Clean,Clean,0,1021,False,False,0,0,1,0,0,0,0,0,True,False,False,False,False,False,False,False,False,c69fff36c89963f0a8a55bd267584fe3b32aad093936e970cae5aac6d917ea90,REPRODUCED
c_24e99b2a1a02410d,runtime_taint,False,Clean,Clean,0,1021,False,False,0,0,1,0,0,0,0,0,True,False,False,False,False,False,False,False,False,c69fff36c89963f0a8a55bd267584fe3b32aad093936e970cae5aac6d917ea90,REPRODUCED
c_24e99b2a1a02410d,invariance,False,Clean,Clean,0,1021,False,False,0,0,1,0,0,0,0,0,True,False,False,False,False,False,False,False,False,c69fff36c89963f0a8a55bd267584fe3b32aad093936e970cae5aac6d917ea90,REPRODUCED
c_24e99b2a1a02410d,full_audit,False,Clean,Clean,0,1021,False,False,0,0,1,0,0,0,0,0,True,False,False,False,False,False,False,False,False,c69fff36c89963f0a8a55bd267584fe3b32aad093936e970cae5aac6d917ea90,REPRODUCED
c_26602083d2304cbb,keyword_static_baseline,False,Clean,Clean,0,1025,False,True,0,1,0,0,0,0,0,0,False,False,True,True,False,False,False,False,False,c69fff36c89963f0a8a55bd267584fe3b32aad093936e970cae5aac6d917ea90,REPRODUCED
c_26602083d2304cbb,ast_static_dataflow,False,Clean,Clean,0,1025,False,False,0,0,1,0,0,0,0,0,True,False,False,False,False,False,False,False,False,c69fff36c89963f0a8a55bd267584fe3b32aad093936e970cae5aac6d917ea90,REPRODUCED
c_26602083d2304cbb,schema_guard,False,Clean,Clean,0,1025,False,False,0,0,1,0,0,0,0,0,True,False,False,False,False,False,False,False,False,c69fff36c89963f0a8a55bd267584fe3b32aad093936e970cae5aac6d917ea90,REPRODUCED
c_26602083d2304cbb,runtime_taint,False,Clean,Clean,0,1025,False,False,0,0,1,0,0,0,0,0,True,False,False,False,False,False,False,False,False,c69fff36c89963f0a8a55bd267584fe3b32aad093936e970cae5aac6d917ea90,REPRODUCED
c_26602083d2304cbb,invariance,False,Clean,Clean,0,1025,False,False,0,0,1,0,0,0,0,0,True,False,False,False,False,False,False,False,False,c69fff36c89963f0a8a55bd267584fe3b32aad093936e970cae5aac6d917ea90,REPRODUCED
c_26602083d2304cbb,full_audit,False,Clean,Clean,0,1025,False,False,0,0,1,0,0,0,0,0,True,False,False,False,False,False,False,False,False,c69fff36c89963f0a8a55bd267584fe3b32aad093936e970cae5aac6d917ea90,REPRODUCED
c_28b40afbe7c24860,keyword_static_baseline,False,Clean,Clean,0,1019,False,True,0,1,0,0,0,0,0,0,False,False,True,True,False,False,False,False,False,c69fff36c89963f0a8a55bd267584fe3b32aad093936e970cae5aac6d917ea90,REPRODUCED
c_28b40afbe7c24860,ast_static_dataflow,False,Clean,Clean,0,1019,False,False,0,0,1,0,0,0,0,0,True,False,False,False,False,False,False,False,False,c69fff36c89963f0a8a55bd267584fe3b32aad093936e970cae5aac6d917ea90,REPRODUCED
c_28b40afbe7c24860,schema_guard,False,Clean,Clean,0,1019,False,False,0,0,1,0,0,0,0,0,True,False,False,False,False,False,False,False,False,c69fff36c89963f0a8a55bd267584fe3b32aad093936e970cae5aac6d917ea90,REPRODUCED
c_28b40afbe7c24860,runtime_taint,False,Clean,Clean,0,1019,False,False,0,0,1,0,0,0,0,0,True,False,False,False,False,False,False,False,False,c69fff36c89963f0a8a55bd267584fe3b32aad093936e970cae5aac6d917ea90,REPRODUCED
c_28b40afbe7c24860,invariance,False,Clean,Clean,0,1019,False,False,0,0,1,0,0,0,0,0,True,False,False,False,False,False,False,False,False,c69fff36c89963f0a8a55bd267584fe3b32aad093936e970cae5aac6d917ea90,REPRODUCED
c_28b40afbe7c24860,full_audit,False,Clean,Clean,0,1019,False,False,0,0,1,0,0,0,0,0,True,False,False,False,False,False,False,False,False,c69fff36c89963f0a8a55bd267584fe3b32aad093936e970cae5aac6d917ea90,REPRODUCED
c_2cd0bf73f8224159,keyword_static_baseline,False,Clean,Clean,0,2028,True,True,0,1,0,0,0,0,0,0,False,False,True,True,False,False,False,False,False,c69fff36c89963f0a8a55bd267584fe3b32aad093936e970cae5aac6d917ea90,REPRODUCED
c_2cd0bf73f8224159,ast_static_dataflow,False,Clean,Clean,0,2028,True,False,0,0,1,0,0,0,0,0,True,False,False,False,False,False,False,False,False,c69fff36c89963f0a8a55bd267584fe3b32aad093936e970cae5aac6d917ea90,REPRODUCED
c_2cd0bf73f8224159,schema_guard,False,Clean,Clean,0,2028,True,False,0,0,1,0,0,0,0,0,True,False,False,False,False,False,False,False,False,c69fff36c89963f0a8a55bd267584fe3b32aad093936e970cae5aac6d917ea90,REPRODUCED
c_2cd0bf73f8224159,runtime_taint,False,Clean,Clean,0,2028,True,False,0,0,1,0,0,0,0,0,True,False,False,False,False,False,False,False,False,c69fff36c89963f0a8a55bd267584fe3b32aad093936e970cae5aac6d917ea90,REPRODUCED
c_2cd0bf73f8224159,invariance,False,Clean,Clean,0,2028,True,False,0,0,1,0,0,0,0,0,True,False,False,False,False,False,False,False,False,c69fff36c89963f0a8a55bd267584fe3b32aad093936e970cae5aac6d917ea90,REPRODUCED
c_2cd0bf73f8224159,full_audit,False,Clean,Clean,0,2028,True,False,0,0,1,0,0,0,0,0,True,False,False,False,False,False,False,False,False,c69fff36c89963f0a8a55bd267584fe3b32aad093936e970cae5aac6d917ea90,REPRODUCED
c_2f3efd7aa03049d7,keyword_static_baseline,True,Leak-R,R4,0.1,11,False,True,1,0,0,0,1,15,0,1,True,False,False,False,False,False,False,False,False,c69fff36c89963f0a8a55bd267584fe3b32aad093936e970cae5aac6d917ea90,REPRODUCED
c_2f3efd7aa03049d7,ast_static_dataflow,True,Leak-R,R4,0.1,11,False,False,0,0,0,1,1,15,0,1,False,False,False,False,False,False,False,False,False,c69fff36c89963f0a8a55bd267584fe3b32aad093936e970cae5aac6d917ea90,REPRODUCED
c_2f3efd7aa03049d7,schema_guard,True,Leak-R,R4,0.1,11,False,False,0,0,0,1,1,15,0,1,False,False,False,False,False,False,False,False,False,c69fff36c89963f0a8a55bd267584fe3b32aad093936e970cae5aac6d917ea90,REPRODUCED
c_2f3efd7aa03049d7,runtime_taint,True,Leak-R,R4,0.1,11,False,True,1,0,0,0,1,15,0,1,True,False,True,True,True,True,False,False,True,c69fff36c89963f0a8a55bd267584fe3b32aad093936e970cae5aac6d917ea90,REPRODUCED
c_2f3efd7aa03049d7,invariance,True,Leak-R,R4,0.1,11,False,False,0,0,0,1,1,15,0,1,False,False,False,False,False,False,False,False,False,c69fff36c89963f0a8a55bd267584fe3b32aad093936e970cae5aac6d917ea90,REPRODUCED
c_2f3efd7aa03049d7,full_audit,True,Leak-R,R4,0.1,11,False,True,1,0,0,0,1,15,0,1,True,False,True,True,True,True,False,False,True,c69fff36c89963f0a8a55bd267584fe3b32aad093936e970cae5aac6d917ea90,REPRODUCED
c_375a3acdd9024342,keyword_static_baseline,False,Clean,Clean,0,1017,False,True,0,1,0,0,0,0,0,0,False,False,True,True,False,False,False,False,False,c69fff36c89963f0a8a55bd267584fe3b32aad093936e970cae5aac6d917ea90,REPRODUCED
c_375a3acdd9024342,ast_static_dataflow,False,Clean,Clean,0,1017,False,False,0,0,1,0,0,0,0,0,True,False,False,False,False,False,False,False,False,c69fff36c89963f0a8a55bd267584fe3b32aad093936e970cae5aac6d917ea90,REPRODUCED
c_375a3acdd9024342,schema_guard,False,Clean,Clean,0,1017,False,False,0,0,1,0,0,0,0,0,True,False,False,False,False,False,False,False,False,c69fff36c89963f0a8a55bd267584fe3b32aad093936e970cae5aac6d917ea90,REPRODUCED
c_375a3acdd9024342,runtime_taint,False,Clean,Clean,0,1017,False,False,0,0,1,0,0,0,0,0,True,False,False,False,False,False,False,False,False,c69fff36c89963f0a8a55bd267584fe3b32aad093936e970cae5aac6d917ea90,REPRODUCED
c_375a3acdd9024342,invariance,False,Clean,Clean,0,1017,False,False,0,0,1,0,0,0,0,0,True,False,False,False,False,False,False,False,False,c69fff36c89963f0a8a55bd267584fe3b32aad093936e970cae5aac6d917ea90,REPRODUCED
c_375a3acdd9024342,full_audit,False,Clean,Clean,0,1017,False,False,0,0,1,0,0,0,0,0,True,False,False,False,False,False,False,False,False,c69fff36c89963f0a8a55bd267584fe3b32aad093936e970cae5aac6d917ea90,REPRODUCED
c_44e48d8e577c47fb,keyword_static_baseline,True,Leak-F,F3,0.5,11,False,True,1,0,0,0,4,60,4,0,True,False,False,False,False,False,False,False,False,c69fff36c89963f0a8a55bd267584fe3b32aad093936e970cae5aac6d917ea90,REPRODUCED
c_44e48d8e577c47fb,ast_static_dataflow,True,Leak-F,F3,0.5,11,False,False,0,0,0,1,4,60,4,0,False,False,False,False,False,False,False,False,False,c69fff36c89963f0a8a55bd267584fe3b32aad093936e970cae5aac6d917ea90,REPRODUCED
c_44e48d8e577c47fb,schema_guard,True,Leak-F,F3,0.5,11,False,False,0,0,0,1,4,60,4,0,False,False,False,False,False,False,False,False,False,c69fff36c89963f0a8a55bd267584fe3b32aad093936e970cae5aac6d917ea90,REPRODUCED
c_44e48d8e577c47fb,runtime_taint,True,Leak-F,F3,0.5,11,False,True,1,0,0,0,4,60,4,0,True,False,True,True,False,True,False,False,True,c69fff36c89963f0a8a55bd267584fe3b32aad093936e970cae5aac6d917ea90,REPRODUCED
c_44e48d8e577c47fb,invariance,True,Leak-F,F3,0.5,11,False,False,0,0,0,1,4,60,4,0,False,False,False,False,False,False,False,False,False,c69fff36c89963f0a8a55bd267584fe3b32aad093936e970cae5aac6d917ea90,REPRODUCED
c_44e48d8e577c47fb,full_audit,True,Leak-F,F3,0.5,11,False,True,1,0,0,0,4,60,4,0,True,False,True,True,False,True,False,False,True,c69fff36c89963f0a8a55bd267584fe3b32aad093936e970cae5aac6d917ea90,REPRODUCED
c_46894f5d00dd47e3,keyword_static_baseline,False,Clean,Clean,0,1006,False,True,0,1,0,0,0,0,0,0,False,False,True,True,False,False,False,False,False,c69fff36c89963f0a8a55bd267584fe3b32aad093936e970cae5aac6d917ea90,REPRODUCED
c_46894f5d00dd47e3,ast_static_dataflow,False,Clean,Clean,0,1006,False,False,0,0,1,0,0,0,0,0,True,False,False,False,False,False,False,False,False,c69fff36c89963f0a8a55bd267584fe3b32aad093936e970cae5aac6d917ea90,REPRODUCED
c_46894f5d00dd47e3,schema_guard,False,Clean,Clean,0,1006,False,False,0,0,1,0,0,0,0,0,True,False,False,False,False,False,False,False,False,c69fff36c89963f0a8a55bd267584fe3b32aad093936e970cae5aac6d917ea90,REPRODUCED
c_46894f5d00dd47e3,runtime_taint,False,Clean,Clean,0,1006,False,False,0,0,1,0,0,0,0,0,True,False,False,False,False,False,False,False,False,c69fff36c89963f0a8a55bd267584fe3b32aad093936e970cae5aac6d917ea90,REPRODUCED
c_46894f5d00dd47e3,invariance,False,Clean,Clean,0,1006,False,False,0,0,1,0,0,0,0,0,True,False,False,False,False,False,False,False,False,c69fff36c89963f0a8a55bd267584fe3b32aad093936e970cae5aac6d917ea90,REPRODUCED
c_46894f5d00dd47e3,full_audit,False,Clean,Clean,0,1006,False,False,0,0,1,0,0,0,0,0,True,False,False,False,False,False,False,False,False,c69fff36c89963f0a8a55bd267584fe3b32aad093936e970cae5aac6d917ea90,REPRODUCED
c_46af0707d227425e,keyword_static_baseline,False,Clean,Clean,0,1023,False,True,0,1,0,0,0,0,0,0,False,False,True,True,False,False,False,False,False,c69fff36c89963f0a8a55bd267584fe3b32aad093936e970cae5aac6d917ea90,REPRODUCED
c_46af0707d227425e,ast_static_dataflow,False,Clean,Clean,0,1023,False,False,0,0,1,0,0,0,0,0,True,False,False,False,False,False,False,False,False,c69fff36c89963f0a8a55bd267584fe3b32aad093936e970cae5aac6d917ea90,REPRODUCED
c_46af0707d227425e,schema_guard,False,Clean,Clean,0,1023,False,False,0,0,1,0,0,0,0,0,True,False,False,False,False,False,False,False,False,c69fff36c89963f0a8a55bd267584fe3b32aad093936e970cae5aac6d917ea90,REPRODUCED
c_46af0707d227425e,runtime_taint,False,Clean,Clean,0,1023,False,False,0,0,1,0,0,0,0,0,True,False,False,False,False,False,False,False,False,c69fff36c89963f0a8a55bd267584fe3b32aad093936e970cae5aac6d917ea90,REPRODUCED
c_46af0707d227425e,invariance,False,Clean,Clean,0,1023,False,False,0,0,1,0,0,0,0,0,True,False,False,False,False,False,False,False,False,c69fff36c89963f0a8a55bd267584fe3b32aad093936e970cae5aac6d917ea90,REPRODUCED
c_46af0707d227425e,full_audit,False,Clean,Clean,0,1023,False,False,0,0,1,0,0,0,0,0,True,False,False,False,False,False,False,False,False,c69fff36c89963f0a8a55bd267584fe3b32aad093936e970cae5aac6d917ea90,REPRODUCED
c_4ebe8fd5a7034199,keyword_static_baseline,False,Clean,Clean,0,2017,True,True,0,1,0,0,0,0,0,0,False,False,True,True,False,False,False,False,False,c69fff36c89963f0a8a55bd267584fe3b32aad093936e970cae5aac6d917ea90,REPRODUCED
c_4ebe8fd5a7034199,ast_static_dataflow,False,Clean,Clean,0,2017,True,False,0,0,1,0,0,0,0,0,True,False,False,False,False,False,False,False,False,c69fff36c89963f0a8a55bd267584fe3b32aad093936e970cae5aac6d917ea90,REPRODUCED
c_4ebe8fd5a7034199,schema_guard,False,Clean,Clean,0,2017,True,False,0,0,1,0,0,0,0,0,True,False,False,False,False,False,False,False,False,c69fff36c89963f0a8a55bd267584fe3b32aad093936e970cae5aac6d917ea90,REPRODUCED
c_4ebe8fd5a7034199,runtime_taint,False,Clean,Clean,0,2017,True,False,0,0,1,0,0,0,0,0,True,False,False,False,False,False,False,False,False,c69fff36c89963f0a8a55bd267584fe3b32aad093936e970cae5aac6d917ea90,REPRODUCED
c_4ebe8fd5a7034199,invariance,False,Clean,Clean,0,2017,True,False,0,0,1,0,0,0,0,0,True,False,False,False,False,False,False,False,False,c69fff36c89963f0a8a55bd267584fe3b32aad093936e970cae5aac6d917ea90,REPRODUCED
c_4ebe8fd5a7034199,full_audit,False,Clean,Clean,0,2017,True,False,0,0,1,0,0,0,0,0,True,False,False,False,False,False,False,False,False,c69fff36c89963f0a8a55bd267584fe3b32aad093936e970cae5aac6d917ea90,REPRODUCED
c_522d5b59eb2841ea,keyword_static_baseline,False,Clean,Clean,0,2019,True,True,0,1,0,0,0,0,0,0,False,False,True,True,False,False,False,False,False,c69fff36c89963f0a8a55bd267584fe3b32aad093936e970cae5aac6d917ea90,REPRODUCED
c_522d5b59eb2841ea,ast_static_dataflow,False,Clean,Clean,0,2019,True,False,0,0,1,0,0,0,0,0,True,False,False,False,False,False,False,False,False,c69fff36c89963f0a8a55bd267584fe3b32aad093936e970cae5aac6d917ea90,REPRODUCED
c_522d5b59eb2841ea,schema_guard,False,Clean,Clean,0,2019,True,False,0,0,1,0,0,0,0,0,True,False,False,False,False,False,False,False,False,c69fff36c89963f0a8a55bd267584fe3b32aad093936e970cae5aac6d917ea90,REPRODUCED
c_522d5b59eb2841ea,runtime_taint,False,Clean,Clean,0,2019,True,False,0,0,1,0,0,0,0,0,True,False,False,False,False,False,False,False,False,c69fff36c89963f0a8a55bd267584fe3b32aad093936e970cae5aac6d917ea90,REPRODUCED
c_522d5b59eb2841ea,invariance,False,Clean,Clean,0,2019,True,False,0,0,1,0,0,0,0,0,True,False,False,False,False,False,False,False,False,c69fff36c89963f0a8a55bd267584fe3b32aad093936e970cae5aac6d917ea90,REPRODUCED
c_522d5b59eb2841ea,full_audit,False,Clean,Clean,0,2019,True,False,0,0,1,0,0,0,0,0,True,False,False,False,False,False,False,False,False,c69fff36c89963f0a8a55bd267584fe3b32aad093936e970cae5aac6d917ea90,REPRODUCED
c_58f1c9c284b14538,keyword_static_baseline,False,Clean,Clean,0,2014,True,True,0,1,0,0,0,0,0,0,False,False,True,True,False,False,False,False,False,c69fff36c89963f0a8a55bd267584fe3b32aad093936e970cae5aac6d917ea90,REPRODUCED
c_58f1c9c284b14538,ast_static_dataflow,False,Clean,Clean,0,2014,True,False,0,0,1,0,0,0,0,0,True,False,False,False,False,False,False,False,False,c69fff36c89963f0a8a55bd267584fe3b32aad093936e970cae5aac6d917ea90,REPRODUCED
c_58f1c9c284b14538,schema_guard,False,Clean,Clean,0,2014,True,False,0,0,1,0,0,0,0,0,True,False,False,False,False,False,False,False,False,c69fff36c89963f0a8a55bd267584fe3b32aad093936e970cae5aac6d917ea90,REPRODUCED
c_58f1c9c284b14538,runtime_taint,False,Clean,Clean,0,2014,True,False,0,0,1,0,0,0,0,0,True,False,False,False,False,False,False,False,False,c69fff36c89963f0a8a55bd267584fe3b32aad093936e970cae5aac6d917ea90,REPRODUCED
c_58f1c9c284b14538,invariance,False,Clean,Clean,0,2014,True,False,0,0,1,0,0,0,0,0,True,False,False,False,False,False,False,False,False,c69fff36c89963f0a8a55bd267584fe3b32aad093936e970cae5aac6d917ea90,REPRODUCED
c_58f1c9c284b14538,full_audit,False,Clean,Clean,0,2014,True,False,0,0,1,0,0,0,0,0,True,False,False,False,False,False,False,False,False,c69fff36c89963f0a8a55bd267584fe3b32aad093936e970cae5aac6d917ea90,REPRODUCED
c_5afce37ee2774341,keyword_static_baseline,False,Clean,Clean,0,2007,True,True,0,1,0,0,0,0,0,0,False,False,True,True,False,False,False,False,False,c69fff36c89963f0a8a55bd267584fe3b32aad093936e970cae5aac6d917ea90,REPRODUCED
c_5afce37ee2774341,ast_static_dataflow,False,Clean,Clean,0,2007,True,False,0,0,1,0,0,0,0,0,True,False,False,False,False,False,False,False,False,c69fff36c89963f0a8a55bd267584fe3b32aad093936e970cae5aac6d917ea90,REPRODUCED
c_5afce37ee2774341,schema_guard,False,Clean,Clean,0,2007,True,False,0,0,1,0,0,0,0,0,True,False,False,False,False,False,False,False,False,c69fff36c89963f0a8a55bd267584fe3b32aad093936e970cae5aac6d917ea90,REPRODUCED
c_5afce37ee2774341,runtime_taint,False,Clean,Clean,0,2007,True,False,0,0,1,0,0,0,0,0,True,False,False,False,False,False,False,False,False,c69fff36c89963f0a8a55bd267584fe3b32aad093936e970cae5aac6d917ea90,REPRODUCED
c_5afce37ee2774341,invariance,False,Clean,Clean,0,2007,True,False,0,0,1,0,0,0,0,0,True,False,False,False,False,False,False,False,False,c69fff36c89963f0a8a55bd267584fe3b32aad093936e970cae5aac6d917ea90,REPRODUCED
c_5afce37ee2774341,full_audit,False,Clean,Clean,0,2007,True,False,0,0,1,0,0,0,0,0,True,False,False,False,False,False,False,False,False,c69fff36c89963f0a8a55bd267584fe3b32aad093936e970cae5aac6d917ea90,REPRODUCED
c_61c199064a5a4d90,keyword_static_baseline,True,Leak-F,F4,0.5,11,False,True,1,0,0,0,4,60,4,0,True,False,False,False,False,False,False,False,False,c69fff36c89963f0a8a55bd267584fe3b32aad093936e970cae5aac6d917ea90,REPRODUCED
c_61c199064a5a4d90,ast_static_dataflow,True,Leak-F,F4,0.5,11,False,False,0,0,0,1,4,60,4,0,False,False,False,False,False,False,False,False,False,c69fff36c89963f0a8a55bd267584fe3b32aad093936e970cae5aac6d917ea90,REPRODUCED
c_61c199064a5a4d90,schema_guard,True,Leak-F,F4,0.5,11,False,False,0,0,0,1,4,60,4,0,False,False,False,False,False,False,False,False,False,c69fff36c89963f0a8a55bd267584fe3b32aad093936e970cae5aac6d917ea90,REPRODUCED
c_61c199064a5a4d90,runtime_taint,True,Leak-F,F4,0.5,11,False,True,1,0,0,0,4,60,4,0,True,False,True,False,False,True,False,False,True,c69fff36c89963f0a8a55bd267584fe3b32aad093936e970cae5aac6d917ea90,REPRODUCED
c_61c199064a5a4d90,invariance,True,Leak-F,F4,0.5,11,False,False,0,0,0,1,4,60,4,0,False,False,False,False,False,False,False,False,False,c69fff36c89963f0a8a55bd267584fe3b32aad093936e970cae5aac6d917ea90,REPRODUCED
c_61c199064a5a4d90,full_audit,True,Leak-F,F4,0.5,11,False,True,1,0,0,0,4,60,4,0,True,False,True,False,False,True,False,False,True,c69fff36c89963f0a8a55bd267584fe3b32aad093936e970cae5aac6d917ea90,REPRODUCED
c_6288c8a5d7e54564,keyword_static_baseline,True,Leak-R,R4,0.5,11,False,True,1,0,0,0,4,60,0,4,True,False,False,False,False,False,False,False,False,c69fff36c89963f0a8a55bd267584fe3b32aad093936e970cae5aac6d917ea90,REPRODUCED
c_6288c8a5d7e54564,ast_static_dataflow,True,Leak-R,R4,0.5,11,False,False,0,0,0,1,4,60,0,4,False,False,False,False,False,False,False,False,False,c69fff36c89963f0a8a55bd267584fe3b32aad093936e970cae5aac6d917ea90,REPRODUCED
c_6288c8a5d7e54564,schema_guard,True,Leak-R,R4,0.5,11,False,False,0,0,0,1,4,60,0,4,False,False,False,False,False,False,False,False,False,c69fff36c89963f0a8a55bd267584fe3b32aad093936e970cae5aac6d917ea90,REPRODUCED
c_6288c8a5d7e54564,runtime_taint,True,Leak-R,R4,0.5,11,False,True,1,0,0,0,4,60,0,4,True,False,True,True,True,True,False,False,True,c69fff36c89963f0a8a55bd267584fe3b32aad093936e970cae5aac6d917ea90,REPRODUCED
c_6288c8a5d7e54564,invariance,True,Leak-R,R4,0.5,11,False,False,0,0,0,1,4,60,0,4,False,False,False,False,False,False,False,False,False,c69fff36c89963f0a8a55bd267584fe3b32aad093936e970cae5aac6d917ea90,REPRODUCED
c_6288c8a5d7e54564,full_audit,True,Leak-R,R4,0.5,11,False,True,1,0,0,0,4,60,0,4,True,False,True,True,True,True,False,False,True,c69fff36c89963f0a8a55bd267584fe3b32aad093936e970cae5aac6d917ea90,REPRODUCED
c_678a3a0d749342e4,keyword_static_baseline,True,Leak-R,R2,0.1,11,False,True,1,0,0,0,1,15,0,1,True,False,False,False,False,False,False,False,False,c69fff36c89963f0a8a55bd267584fe3b32aad093936e970cae5aac6d917ea90,REPRODUCED
c_678a3a0d749342e4,ast_static_dataflow,True,Leak-R,R2,0.1,11,False,False,0,0,0,1,1,15,0,1,False,False,False,False,False,False,False,False,False,c69fff36c89963f0a8a55bd267584fe3b32aad093936e970cae5aac6d917ea90,REPRODUCED
c_678a3a0d749342e4,schema_guard,True,Leak-R,R2,0.1,11,False,False,0,0,0,1,1,15,0,1,False,False,False,False,False,False,False,False,False,c69fff36c89963f0a8a55bd267584fe3b32aad093936e970cae5aac6d917ea90,REPRODUCED
c_678a3a0d749342e4,runtime_taint,True,Leak-R,R2,0.1,11,False,True,1,0,0,0,1,15,0,1,True,False,True,False,False,True,False,False,True,c69fff36c89963f0a8a55bd267584fe3b32aad093936e970cae5aac6d917ea90,REPRODUCED
c_678a3a0d749342e4,invariance,True,Leak-R,R2,0.1,11,False,False,0,0,0,1,1,15,0,1,False,False,False,False,False,False,False,False,False,c69fff36c89963f0a8a55bd267584fe3b32aad093936e970cae5aac6d917ea90,REPRODUCED
c_678a3a0d749342e4,full_audit,True,Leak-R,R2,0.1,11,False,True,1,0,0,0,1,15,0,1,True,False,True,False,False,True,False,False,True,c69fff36c89963f0a8a55bd267584fe3b32aad093936e970cae5aac6d917ea90,REPRODUCED
c_6a131e0a66e44342,keyword_static_baseline,False,Clean,Clean,0,2005,True,True,0,1,0,0,0,0,0,0,False,False,True,True,False,False,False,False,False,c69fff36c89963f0a8a55bd267584fe3b32aad093936e970cae5aac6d917ea90,REPRODUCED
c_6a131e0a66e44342,ast_static_dataflow,False,Clean,Clean,0,2005,True,False,0,0,1,0,0,0,0,0,True,False,False,False,False,False,False,False,False,c69fff36c89963f0a8a55bd267584fe3b32aad093936e970cae5aac6d917ea90,REPRODUCED
c_6a131e0a66e44342,schema_guard,False,Clean,Clean,0,2005,True,False,0,0,1,0,0,0,0,0,True,False,False,False,False,False,False,False,False,c69fff36c89963f0a8a55bd267584fe3b32aad093936e970cae5aac6d917ea90,REPRODUCED
c_6a131e0a66e44342,runtime_taint,False,Clean,Clean,0,2005,True,False,0,0,1,0,0,0,0,0,True,False,False,False,False,False,False,False,False,c69fff36c89963f0a8a55bd267584fe3b32aad093936e970cae5aac6d917ea90,REPRODUCED
c_6a131e0a66e44342,invariance,False,Clean,Clean,0,2005,True,False,0,0,1,0,0,0,0,0,True,False,False,False,False,False,False,False,False,c69fff36c89963f0a8a55bd267584fe3b32aad093936e970cae5aac6d917ea90,REPRODUCED
c_6a131e0a66e44342,full_audit,False,Clean,Clean,0,2005,True,False,0,0,1,0,0,0,0,0,True,False,False,False,False,False,False,False,False,c69fff36c89963f0a8a55bd267584fe3b32aad093936e970cae5aac6d917ea90,REPRODUCED
c_6a4d42c1df084d27,keyword_static_baseline,False,Clean,Clean,0,1003,False,True,0,1,0,0,0,0,0,0,False,False,True,True,False,False,False,False,False,c69fff36c89963f0a8a55bd267584fe3b32aad093936e970cae5aac6d917ea90,REPRODUCED
c_6a4d42c1df084d27,ast_static_dataflow,False,Clean,Clean,0,1003,False,False,0,0,1,0,0,0,0,0,True,False,False,False,False,False,False,False,False,c69fff36c89963f0a8a55bd267584fe3b32aad093936e970cae5aac6d917ea90,REPRODUCED
c_6a4d42c1df084d27,schema_guard,False,Clean,Clean,0,1003,False,False,0,0,1,0,0,0,0,0,True,False,False,False,False,False,False,False,False,c69fff36c89963f0a8a55bd267584fe3b32aad093936e970cae5aac6d917ea90,REPRODUCED
c_6a4d42c1df084d27,runtime_taint,False,Clean,Clean,0,1003,False,False,0,0,1,0,0,0,0,0,True,False,False,False,False,False,False,False,False,c69fff36c89963f0a8a55bd267584fe3b32aad093936e970cae5aac6d917ea90,REPRODUCED
c_6a4d42c1df084d27,invariance,False,Clean,Clean,0,1003,False,False,0,0,1,0,0,0,0,0,True,False,False,False,False,False,False,False,False,c69fff36c89963f0a8a55bd267584fe3b32aad093936e970cae5aac6d917ea90,REPRODUCED
c_6a4d42c1df084d27,full_audit,False,Clean,Clean,0,1003,False,False,0,0,1,0,0,0,0,0,True,False,False,False,False,False,False,False,False,c69fff36c89963f0a8a55bd267584fe3b32aad093936e970cae5aac6d917ea90,REPRODUCED
c_726f0e1e7cbd4663,keyword_static_baseline,False,Clean,Clean,0,2013,True,True,0,1,0,0,0,0,0,0,False,False,True,True,False,False,False,False,False,c69fff36c89963f0a8a55bd267584fe3b32aad093936e970cae5aac6d917ea90,REPRODUCED
c_726f0e1e7cbd4663,ast_static_dataflow,False,Clean,Clean,0,2013,True,False,0,0,1,0,0,0,0,0,True,False,False,False,False,False,False,False,False,c69fff36c89963f0a8a55bd267584fe3b32aad093936e970cae5aac6d917ea90,REPRODUCED
c_726f0e1e7cbd4663,schema_guard,False,Clean,Clean,0,2013,True,False,0,0,1,0,0,0,0,0,True,False,False,False,False,False,False,False,False,c69fff36c89963f0a8a55bd267584fe3b32aad093936e970cae5aac6d917ea90,REPRODUCED
c_726f0e1e7cbd4663,runtime_taint,False,Clean,Clean,0,2013,True,False,0,0,1,0,0,0,0,0,True,False,False,False,False,False,False,False,False,c69fff36c89963f0a8a55bd267584fe3b32aad093936e970cae5aac6d917ea90,REPRODUCED
c_726f0e1e7cbd4663,invariance,False,Clean,Clean,0,2013,True,False,0,0,1,0,0,0,0,0,True,False,False,False,False,False,False,False,False,c69fff36c89963f0a8a55bd267584fe3b32aad093936e970cae5aac6d917ea90,REPRODUCED
c_726f0e1e7cbd4663,full_audit,False,Clean,Clean,0,2013,True,False,0,0,1,0,0,0,0,0,True,False,False,False,False,False,False,False,False,c69fff36c89963f0a8a55bd267584fe3b32aad093936e970cae5aac6d917ea90,REPRODUCED
c_761c96f6dd1e4ec6,keyword_static_baseline,False,Clean,Clean,0,2000,True,True,0,1,0,0,0,0,0,0,False,False,True,True,False,False,False,False,False,c69fff36c89963f0a8a55bd267584fe3b32aad093936e970cae5aac6d917ea90,REPRODUCED
c_761c96f6dd1e4ec6,ast_static_dataflow,False,Clean,Clean,0,2000,True,False,0,0,1,0,0,0,0,0,True,False,False,False,False,False,False,False,False,c69fff36c89963f0a8a55bd267584fe3b32aad093936e970cae5aac6d917ea90,REPRODUCED
c_761c96f6dd1e4ec6,schema_guard,False,Clean,Clean,0,2000,True,False,0,0,1,0,0,0,0,0,True,False,False,False,False,False,False,False,False,c69fff36c89963f0a8a55bd267584fe3b32aad093936e970cae5aac6d917ea90,REPRODUCED
c_761c96f6dd1e4ec6,runtime_taint,False,Clean,Clean,0,2000,True,False,0,0,1,0,0,0,0,0,True,False,False,False,False,False,False,False,False,c69fff36c89963f0a8a55bd267584fe3b32aad093936e970cae5aac6d917ea90,REPRODUCED
c_761c96f6dd1e4ec6,invariance,False,Clean,Clean,0,2000,True,False,0,0,1,0,0,0,0,0,True,False,False,False,False,False,False,False,False,c69fff36c89963f0a8a55bd267584fe3b32aad093936e970cae5aac6d917ea90,REPRODUCED
c_761c96f6dd1e4ec6,full_audit,False,Clean,Clean,0,2000,True,False,0,0,1,0,0,0,0,0,True,False,False,False,False,False,False,False,False,c69fff36c89963f0a8a55bd267584fe3b32aad093936e970cae5aac6d917ea90,REPRODUCED
c_7661a4a4c8e543d3,keyword_static_baseline,False,Clean,Clean,0,1004,False,True,0,1,0,0,0,0,0,0,False,False,True,True,False,False,False,False,False,c69fff36c89963f0a8a55bd267584fe3b32aad093936e970cae5aac6d917ea90,REPRODUCED
c_7661a4a4c8e543d3,ast_static_dataflow,False,Clean,Clean,0,1004,False,False,0,0,1,0,0,0,0,0,True,False,False,False,False,False,False,False,False,c69fff36c89963f0a8a55bd267584fe3b32aad093936e970cae5aac6d917ea90,REPRODUCED
c_7661a4a4c8e543d3,schema_guard,False,Clean,Clean,0,1004,False,False,0,0,1,0,0,0,0,0,True,False,False,False,False,False,False,False,False,c69fff36c89963f0a8a55bd267584fe3b32aad093936e970cae5aac6d917ea90,REPRODUCED
c_7661a4a4c8e543d3,runtime_taint,False,Clean,Clean,0,1004,False,False,0,0,1,0,0,0,0,0,True,False,False,False,False,False,False,False,False,c69fff36c89963f0a8a55bd267584fe3b32aad093936e970cae5aac6d917ea90,REPRODUCED
c_7661a4a4c8e543d3,invariance,False,Clean,Clean,0,1004,False,False,0,0,1,0,0,0,0,0,True,False,False,False,False,False,False,False,False,c69fff36c89963f0a8a55bd267584fe3b32aad093936e970cae5aac6d917ea90,REPRODUCED
c_7661a4a4c8e543d3,full_audit,False,Clean,Clean,0,1004,False,False,0,0,1,0,0,0,0,0,True,False,False,False,False,False,False,False,False,c69fff36c89963f0a8a55bd267584fe3b32aad093936e970cae5aac6d917ea90,REPRODUCED
c_76e97580221148b2,keyword_static_baseline,False,Clean,Clean,0,2004,True,True,0,1,0,0,0,0,0,0,False,False,True,True,False,False,False,False,False,c69fff36c89963f0a8a55bd267584fe3b32aad093936e970cae5aac6d917ea90,REPRODUCED
c_76e97580221148b2,ast_static_dataflow,False,Clean,Clean,0,2004,True,False,0,0,1,0,0,0,0,0,True,False,False,False,False,False,False,False,False,c69fff36c89963f0a8a55bd267584fe3b32aad093936e970cae5aac6d917ea90,REPRODUCED
c_76e97580221148b2,schema_guard,False,Clean,Clean,0,2004,True,False,0,0,1,0,0,0,0,0,True,False,False,False,False,False,False,False,False,c69fff36c89963f0a8a55bd267584fe3b32aad093936e970cae5aac6d917ea90,REPRODUCED
c_76e97580221148b2,runtime_taint,False,Clean,Clean,0,2004,True,False,0,0,1,0,0,0,0,0,True,False,False,False,False,False,False,False,False,c69fff36c89963f0a8a55bd267584fe3b32aad093936e970cae5aac6d917ea90,REPRODUCED
c_76e97580221148b2,invariance,False,Clean,Clean,0,2004,True,False,0,0,1,0,0,0,0,0,True,False,False,False,False,False,False,False,False,c69fff36c89963f0a8a55bd267584fe3b32aad093936e970cae5aac6d917ea90,REPRODUCED
c_76e97580221148b2,full_audit,False,Clean,Clean,0,2004,True,False,0,0,1,0,0,0,0,0,True,False,False,False,False,False,False,False,False,c69fff36c89963f0a8a55bd267584fe3b32aad093936e970cae5aac6d917ea90,REPRODUCED
c_77f1e43735db46b9,keyword_static_baseline,False,Clean,Clean,0,2024,True,True,0,1,0,0,0,0,0,0,False,False,True,True,False,False,False,False,False,c69fff36c89963f0a8a55bd267584fe3b32aad093936e970cae5aac6d917ea90,REPRODUCED
c_77f1e43735db46b9,ast_static_dataflow,False,Clean,Clean,0,2024,True,False,0,0,1,0,0,0,0,0,True,False,False,False,False,False,False,False,False,c69fff36c89963f0a8a55bd267584fe3b32aad093936e970cae5aac6d917ea90,REPRODUCED
c_77f1e43735db46b9,schema_guard,False,Clean,Clean,0,2024,True,False,0,0,1,0,0,0,0,0,True,False,False,False,False,False,False,False,False,c69fff36c89963f0a8a55bd267584fe3b32aad093936e970cae5aac6d917ea90,REPRODUCED
c_77f1e43735db46b9,runtime_taint,False,Clean,Clean,0,2024,True,False,0,0,1,0,0,0,0,0,True,False,False,False,False,False,False,False,False,c69fff36c89963f0a8a55bd267584fe3b32aad093936e970cae5aac6d917ea90,REPRODUCED
c_77f1e43735db46b9,invariance,False,Clean,Clean,0,2024,True,False,0,0,1,0,0,0,0,0,True,False,False,False,False,False,False,False,False,c69fff36c89963f0a8a55bd267584fe3b32aad093936e970cae5aac6d917ea90,REPRODUCED
c_77f1e43735db46b9,full_audit,False,Clean,Clean,0,2024,True,False,0,0,1,0,0,0,0,0,True,False,False,False,False,False,False,False,False,c69fff36c89963f0a8a55bd267584fe3b32aad093936e970cae5aac6d917ea90,REPRODUCED
c_7ac276a881c046bd,keyword_static_baseline,True,Leak-R,R3,1.0,11,False,True,1,0,0,0,7,105,0,7,True,False,False,False,False,False,False,False,False,c69fff36c89963f0a8a55bd267584fe3b32aad093936e970cae5aac6d917ea90,REPRODUCED
c_7ac276a881c046bd,ast_static_dataflow,True,Leak-R,R3,1.0,11,False,False,0,0,0,1,7,105,0,7,False,False,False,False,False,False,False,False,False,c69fff36c89963f0a8a55bd267584fe3b32aad093936e970cae5aac6d917ea90,REPRODUCED
c_7ac276a881c046bd,schema_guard,True,Leak-R,R3,1.0,11,False,False,0,0,0,1,7,105,0,7,False,False,False,False,False,False,False,False,False,c69fff36c89963f0a8a55bd267584fe3b32aad093936e970cae5aac6d917ea90,REPRODUCED
c_7ac276a881c046bd,runtime_taint,True,Leak-R,R3,1.0,11,False,True,1,0,0,0,7,105,0,7,True,False,True,False,False,True,False,False,True,c69fff36c89963f0a8a55bd267584fe3b32aad093936e970cae5aac6d917ea90,REPRODUCED
c_7ac276a881c046bd,invariance,True,Leak-R,R3,1.0,11,False,False,0,0,0,1,7,105,0,7,False,False,False,False,False,False,False,False,False,c69fff36c89963f0a8a55bd267584fe3b32aad093936e970cae5aac6d917ea90,REPRODUCED
c_7ac276a881c046bd,full_audit,True,Leak-R,R3,1.0,11,False,True,1,0,0,0,7,105,0,7,True,False,True,False,False,True,False,False,True,c69fff36c89963f0a8a55bd267584fe3b32aad093936e970cae5aac6d917ea90,REPRODUCED
c_7dab3a7aae364b29,keyword_static_baseline,True,Leak-F,F4,1.0,11,False,True,1,0,0,0,7,105,7,0,True,False,False,False,False,False,False,False,False,c69fff36c89963f0a8a55bd267584fe3b32aad093936e970cae5aac6d917ea90,REPRODUCED
c_7dab3a7aae364b29,ast_static_dataflow,True,Leak-F,F4,1.0,11,False,False,0,0,0,1,7,105,7,0,False,False,False,False,False,False,False,False,False,c69fff36c89963f0a8a55bd267584fe3b32aad093936e970cae5aac6d917ea90,REPRODUCED
c_7dab3a7aae364b29,schema_guard,True,Leak-F,F4,1.0,11,False,False,0,0,0,1,7,105,7,0,False,False,False,False,False,False,False,False,False,c69fff36c89963f0a8a55bd267584fe3b32aad093936e970cae5aac6d917ea90,REPRODUCED
c_7dab3a7aae364b29,runtime_taint,True,Leak-F,F4,1.0,11,False,True,1,0,0,0,7,105,7,0,True,False,True,False,False,True,False,False,True,c69fff36c89963f0a8a55bd267584fe3b32aad093936e970cae5aac6d917ea90,REPRODUCED
c_7dab3a7aae364b29,invariance,True,Leak-F,F4,1.0,11,False,False,0,0,0,1,7,105,7,0,False,False,False,False,False,False,False,False,False,c69fff36c89963f0a8a55bd267584fe3b32aad093936e970cae5aac6d917ea90,REPRODUCED
c_7dab3a7aae364b29,full_audit,True,Leak-F,F4,1.0,11,False,True,1,0,0,0,7,105,7,0,True,False,True,False,False,True,False,False,True,c69fff36c89963f0a8a55bd267584fe3b32aad093936e970cae5aac6d917ea90,REPRODUCED
c_83a70ce8d96049df,keyword_static_baseline,False,Clean,Clean,0,2008,True,True,0,1,0,0,0,0,0,0,False,False,True,True,False,False,False,False,False,c69fff36c89963f0a8a55bd267584fe3b32aad093936e970cae5aac6d917ea90,REPRODUCED
c_83a70ce8d96049df,ast_static_dataflow,False,Clean,Clean,0,2008,True,False,0,0,1,0,0,0,0,0,True,False,False,False,False,False,False,False,False,c69fff36c89963f0a8a55bd267584fe3b32aad093936e970cae5aac6d917ea90,REPRODUCED
c_83a70ce8d96049df,schema_guard,False,Clean,Clean,0,2008,True,False,0,0,1,0,0,0,0,0,True,False,False,False,False,False,False,False,False,c69fff36c89963f0a8a55bd267584fe3b32aad093936e970cae5aac6d917ea90,REPRODUCED
c_83a70ce8d96049df,runtime_taint,False,Clean,Clean,0,2008,True,False,0,0,1,0,0,0,0,0,True,False,False,False,False,False,False,False,False,c69fff36c89963f0a8a55bd267584fe3b32aad093936e970cae5aac6d917ea90,REPRODUCED
c_83a70ce8d96049df,invariance,False,Clean,Clean,0,2008,True,False,0,0,1,0,0,0,0,0,True,False,False,False,False,False,False,False,False,c69fff36c89963f0a8a55bd267584fe3b32aad093936e970cae5aac6d917ea90,REPRODUCED
c_83a70ce8d96049df,full_audit,False,Clean,Clean,0,2008,True,False,0,0,1,0,0,0,0,0,True,False,False,False,False,False,False,False,False,c69fff36c89963f0a8a55bd267584fe3b32aad093936e970cae5aac6d917ea90,REPRODUCED
c_86046f76f7c94b25,keyword_static_baseline,False,Clean,Clean,0,2010,True,True,0,1,0,0,0,0,0,0,False,False,True,True,False,False,False,False,False,c69fff36c89963f0a8a55bd267584fe3b32aad093936e970cae5aac6d917ea90,REPRODUCED
c_86046f76f7c94b25,ast_static_dataflow,False,Clean,Clean,0,2010,True,False,0,0,1,0,0,0,0,0,True,False,False,False,False,False,False,False,False,c69fff36c89963f0a8a55bd267584fe3b32aad093936e970cae5aac6d917ea90,REPRODUCED
c_86046f76f7c94b25,schema_guard,False,Clean,Clean,0,2010,True,False,0,0,1,0,0,0,0,0,True,False,False,False,False,False,False,False,False,c69fff36c89963f0a8a55bd267584fe3b32aad093936e970cae5aac6d917ea90,REPRODUCED
c_86046f76f7c94b25,runtime_taint,False,Clean,Clean,0,2010,True,False,0,0,1,0,0,0,0,0,True,False,False,False,False,False,False,False,False,c69fff36c89963f0a8a55bd267584fe3b32aad093936e970cae5aac6d917ea90,REPRODUCED
c_86046f76f7c94b25,invariance,False,Clean,Clean,0,2010,True,False,0,0,1,0,0,0,0,0,True,False,False,False,False,False,False,False,False,c69fff36c89963f0a8a55bd267584fe3b32aad093936e970cae5aac6d917ea90,REPRODUCED
c_86046f76f7c94b25,full_audit,False,Clean,Clean,0,2010,True,False,0,0,1,0,0,0,0,0,True,False,False,False,False,False,False,False,False,c69fff36c89963f0a8a55bd267584fe3b32aad093936e970cae5aac6d917ea90,REPRODUCED
c_865df1de3d2646b7,keyword_static_baseline,True,Leak-R,R1,0.5,11,False,True,1,0,0,0,4,60,0,4,True,False,False,False,False,False,False,False,False,c69fff36c89963f0a8a55bd267584fe3b32aad093936e970cae5aac6d917ea90,REPRODUCED
c_865df1de3d2646b7,ast_static_dataflow,True,Leak-R,R1,0.5,11,False,False,0,0,0,1,4,60,0,4,False,False,False,False,False,False,False,False,False,c69fff36c89963f0a8a55bd267584fe3b32aad093936e970cae5aac6d917ea90,REPRODUCED
c_865df1de3d2646b7,schema_guard,True,Leak-R,R1,0.5,11,False,False,0,0,0,1,4,60,0,4,False,False,False,False,False,False,False,False,False,c69fff36c89963f0a8a55bd267584fe3b32aad093936e970cae5aac6d917ea90,REPRODUCED
c_865df1de3d2646b7,runtime_taint,True,Leak-R,R1,0.5,11,False,True,1,0,0,0,4,60,0,4,True,False,True,False,False,True,False,False,True,c69fff36c89963f0a8a55bd267584fe3b32aad093936e970cae5aac6d917ea90,REPRODUCED
c_865df1de3d2646b7,invariance,True,Leak-R,R1,0.5,11,False,False,0,0,0,1,4,60,0,4,False,False,False,False,False,False,False,False,False,c69fff36c89963f0a8a55bd267584fe3b32aad093936e970cae5aac6d917ea90,REPRODUCED
c_865df1de3d2646b7,full_audit,True,Leak-R,R1,0.5,11,False,True,1,0,0,0,4,60,0,4,True,False,True,False,False,True,False,False,True,c69fff36c89963f0a8a55bd267584fe3b32aad093936e970cae5aac6d917ea90,REPRODUCED
c_8b8359c4644e4bc6,keyword_static_baseline,False,Clean,Clean,0,1028,False,True,0,1,0,0,0,0,0,0,False,False,True,True,False,False,False,False,False,c69fff36c89963f0a8a55bd267584fe3b32aad093936e970cae5aac6d917ea90,REPRODUCED
c_8b8359c4644e4bc6,ast_static_dataflow,False,Clean,Clean,0,1028,False,False,0,0,1,0,0,0,0,0,True,False,False,False,False,False,False,False,False,c69fff36c89963f0a8a55bd267584fe3b32aad093936e970cae5aac6d917ea90,REPRODUCED
c_8b8359c4644e4bc6,schema_guard,False,Clean,Clean,0,1028,False,False,0,0,1,0,0,0,0,0,True,False,False,False,False,False,False,False,False,c69fff36c89963f0a8a55bd267584fe3b32aad093936e970cae5aac6d917ea90,REPRODUCED
c_8b8359c4644e4bc6,runtime_taint,False,Clean,Clean,0,1028,False,False,0,0,1,0,0,0,0,0,True,False,False,False,False,False,False,False,False,c69fff36c89963f0a8a55bd267584fe3b32aad093936e970cae5aac6d917ea90,REPRODUCED
c_8b8359c4644e4bc6,invariance,False,Clean,Clean,0,1028,False,False,0,0,1,0,0,0,0,0,True,False,False,False,False,False,False,False,False,c69fff36c89963f0a8a55bd267584fe3b32aad093936e970cae5aac6d917ea90,REPRODUCED
c_8b8359c4644e4bc6,full_audit,False,Clean,Clean,0,1028,False,False,0,0,1,0,0,0,0,0,True,False,False,False,False,False,False,False,False,c69fff36c89963f0a8a55bd267584fe3b32aad093936e970cae5aac6d917ea90,REPRODUCED
c_8e45d88f0fa2499a,keyword_static_baseline,False,Clean,Clean,0,1009,False,True,0,1,0,0,0,0,0,0,False,False,True,True,False,False,False,False,False,c69fff36c89963f0a8a55bd267584fe3b32aad093936e970cae5aac6d917ea90,REPRODUCED
c_8e45d88f0fa2499a,ast_static_dataflow,False,Clean,Clean,0,1009,False,False,0,0,1,0,0,0,0,0,True,False,False,False,False,False,False,False,False,c69fff36c89963f0a8a55bd267584fe3b32aad093936e970cae5aac6d917ea90,REPRODUCED
c_8e45d88f0fa2499a,schema_guard,False,Clean,Clean,0,1009,False,False,0,0,1,0,0,0,0,0,True,False,False,False,False,False,False,False,False,c69fff36c89963f0a8a55bd267584fe3b32aad093936e970cae5aac6d917ea90,REPRODUCED
c_8e45d88f0fa2499a,runtime_taint,False,Clean,Clean,0,1009,False,False,0,0,1,0,0,0,0,0,True,False,False,False,False,False,False,False,False,c69fff36c89963f0a8a55bd267584fe3b32aad093936e970cae5aac6d917ea90,REPRODUCED
c_8e45d88f0fa2499a,invariance,False,Clean,Clean,0,1009,False,False,0,0,1,0,0,0,0,0,True,False,False,False,False,False,False,False,False,c69fff36c89963f0a8a55bd267584fe3b32aad093936e970cae5aac6d917ea90,REPRODUCED
c_8e45d88f0fa2499a,full_audit,False,Clean,Clean,0,1009,False,False,0,0,1,0,0,0,0,0,True,False,False,False,False,False,False,False,False,c69fff36c89963f0a8a55bd267584fe3b32aad093936e970cae5aac6d917ea90,REPRODUCED
c_8ef2d3787cc54b05,keyword_static_baseline,False,Clean,Clean,0,2016,True,True,0,1,0,0,0,0,0,0,False,False,True,True,False,False,False,False,False,c69fff36c89963f0a8a55bd267584fe3b32aad093936e970cae5aac6d917ea90,REPRODUCED
c_8ef2d3787cc54b05,ast_static_dataflow,False,Clean,Clean,0,2016,True,False,0,0,1,0,0,0,0,0,True,False,False,False,False,False,False,False,False,c69fff36c89963f0a8a55bd267584fe3b32aad093936e970cae5aac6d917ea90,REPRODUCED
c_8ef2d3787cc54b05,schema_guard,False,Clean,Clean,0,2016,True,False,0,0,1,0,0,0,0,0,True,False,False,False,False,False,False,False,False,c69fff36c89963f0a8a55bd267584fe3b32aad093936e970cae5aac6d917ea90,REPRODUCED
c_8ef2d3787cc54b05,runtime_taint,False,Clean,Clean,0,2016,True,False,0,0,1,0,0,0,0,0,True,False,False,False,False,False,False,False,False,c69fff36c89963f0a8a55bd267584fe3b32aad093936e970cae5aac6d917ea90,REPRODUCED
c_8ef2d3787cc54b05,invariance,False,Clean,Clean,0,2016,True,False,0,0,1,0,0,0,0,0,True,False,False,False,False,False,False,False,False,c69fff36c89963f0a8a55bd267584fe3b32aad093936e970cae5aac6d917ea90,REPRODUCED
c_8ef2d3787cc54b05,full_audit,False,Clean,Clean,0,2016,True,False,0,0,1,0,0,0,0,0,True,False,False,False,False,False,False,False,False,c69fff36c89963f0a8a55bd267584fe3b32aad093936e970cae5aac6d917ea90,REPRODUCED
c_944e1b7397fb484d,keyword_static_baseline,False,Clean,Clean,0,2020,True,True,0,1,0,0,0,0,0,0,False,False,True,True,False,False,False,False,False,c69fff36c89963f0a8a55bd267584fe3b32aad093936e970cae5aac6d917ea90,REPRODUCED
c_944e1b7397fb484d,ast_static_dataflow,False,Clean,Clean,0,2020,True,False,0,0,1,0,0,0,0,0,True,False,False,False,False,False,False,False,False,c69fff36c89963f0a8a55bd267584fe3b32aad093936e970cae5aac6d917ea90,REPRODUCED
c_944e1b7397fb484d,schema_guard,False,Clean,Clean,0,2020,True,False,0,0,1,0,0,0,0,0,True,False,False,False,False,False,False,False,False,c69fff36c89963f0a8a55bd267584fe3b32aad093936e970cae5aac6d917ea90,REPRODUCED
c_944e1b7397fb484d,runtime_taint,False,Clean,Clean,0,2020,True,False,0,0,1,0,0,0,0,0,True,False,False,False,False,False,False,False,False,c69fff36c89963f0a8a55bd267584fe3b32aad093936e970cae5aac6d917ea90,REPRODUCED
c_944e1b7397fb484d,invariance,False,Clean,Clean,0,2020,True,False,0,0,1,0,0,0,0,0,True,False,False,False,False,False,False,False,False,c69fff36c89963f0a8a55bd267584fe3b32aad093936e970cae5aac6d917ea90,REPRODUCED
c_944e1b7397fb484d,full_audit,False,Clean,Clean,0,2020,True,False,0,0,1,0,0,0,0,0,True,False,False,False,False,False,False,False,False,c69fff36c89963f0a8a55bd267584fe3b32aad093936e970cae5aac6d917ea90,REPRODUCED
c_9858f84665404167,keyword_static_baseline,False,Clean,Clean,0,2023,True,True,0,1,0,0,0,0,0,0,False,False,True,True,False,False,False,False,False,c69fff36c89963f0a8a55bd267584fe3b32aad093936e970cae5aac6d917ea90,REPRODUCED
c_9858f84665404167,ast_static_dataflow,False,Clean,Clean,0,2023,True,False,0,0,1,0,0,0,0,0,True,False,False,False,False,False,False,False,False,c69fff36c89963f0a8a55bd267584fe3b32aad093936e970cae5aac6d917ea90,REPRODUCED
c_9858f84665404167,schema_guard,False,Clean,Clean,0,2023,True,False,0,0,1,0,0,0,0,0,True,False,False,False,False,False,False,False,False,c69fff36c89963f0a8a55bd267584fe3b32aad093936e970cae5aac6d917ea90,REPRODUCED
c_9858f84665404167,runtime_taint,False,Clean,Clean,0,2023,True,False,0,0,1,0,0,0,0,0,True,False,False,False,False,False,False,False,False,c69fff36c89963f0a8a55bd267584fe3b32aad093936e970cae5aac6d917ea90,REPRODUCED
c_9858f84665404167,invariance,False,Clean,Clean,0,2023,True,False,0,0,1,0,0,0,0,0,True,False,False,False,False,False,False,False,False,c69fff36c89963f0a8a55bd267584fe3b32aad093936e970cae5aac6d917ea90,REPRODUCED
c_9858f84665404167,full_audit,False,Clean,Clean,0,2023,True,False,0,0,1,0,0,0,0,0,True,False,False,False,False,False,False,False,False,c69fff36c89963f0a8a55bd267584fe3b32aad093936e970cae5aac6d917ea90,REPRODUCED
c_9ba4168d6ef04084,keyword_static_baseline,False,Clean,Clean,0,2018,True,True,0,1,0,0,0,0,0,0,False,False,True,True,False,False,False,False,False,c69fff36c89963f0a8a55bd267584fe3b32aad093936e970cae5aac6d917ea90,REPRODUCED
c_9ba4168d6ef04084,ast_static_dataflow,False,Clean,Clean,0,2018,True,False,0,0,1,0,0,0,0,0,True,False,False,False,False,False,False,False,False,c69fff36c89963f0a8a55bd267584fe3b32aad093936e970cae5aac6d917ea90,REPRODUCED
c_9ba4168d6ef04084,schema_guard,False,Clean,Clean,0,2018,True,False,0,0,1,0,0,0,0,0,True,False,False,False,False,False,False,False,False,c69fff36c89963f0a8a55bd267584fe3b32aad093936e970cae5aac6d917ea90,REPRODUCED
c_9ba4168d6ef04084,runtime_taint,False,Clean,Clean,0,2018,True,False,0,0,1,0,0,0,0,0,True,False,False,False,False,False,False,False,False,c69fff36c89963f0a8a55bd267584fe3b32aad093936e970cae5aac6d917ea90,REPRODUCED
c_9ba4168d6ef04084,invariance,False,Clean,Clean,0,2018,True,False,0,0,1,0,0,0,0,0,True,False,False,False,False,False,False,False,False,c69fff36c89963f0a8a55bd267584fe3b32aad093936e970cae5aac6d917ea90,REPRODUCED
c_9ba4168d6ef04084,full_audit,False,Clean,Clean,0,2018,True,False,0,0,1,0,0,0,0,0,True,False,False,False,False,False,False,False,False,c69fff36c89963f0a8a55bd267584fe3b32aad093936e970cae5aac6d917ea90,REPRODUCED
c_9c69d78e00e84cea,keyword_static_baseline,False,Clean,Clean,0,1022,False,True,0,1,0,0,0,0,0,0,False,False,True,True,False,False,False,False,False,c69fff36c89963f0a8a55bd267584fe3b32aad093936e970cae5aac6d917ea90,REPRODUCED
c_9c69d78e00e84cea,ast_static_dataflow,False,Clean,Clean,0,1022,False,False,0,0,1,0,0,0,0,0,True,False,False,False,False,False,False,False,False,c69fff36c89963f0a8a55bd267584fe3b32aad093936e970cae5aac6d917ea90,REPRODUCED
c_9c69d78e00e84cea,schema_guard,False,Clean,Clean,0,1022,False,False,0,0,1,0,0,0,0,0,True,False,False,False,False,False,False,False,False,c69fff36c89963f0a8a55bd267584fe3b32aad093936e970cae5aac6d917ea90,REPRODUCED
c_9c69d78e00e84cea,runtime_taint,False,Clean,Clean,0,1022,False,False,0,0,1,0,0,0,0,0,True,False,False,False,False,False,False,False,False,c69fff36c89963f0a8a55bd267584fe3b32aad093936e970cae5aac6d917ea90,REPRODUCED
c_9c69d78e00e84cea,invariance,False,Clean,Clean,0,1022,False,False,0,0,1,0,0,0,0,0,True,False,False,False,False,False,False,False,False,c69fff36c89963f0a8a55bd267584fe3b32aad093936e970cae5aac6d917ea90,REPRODUCED
c_9c69d78e00e84cea,full_audit,False,Clean,Clean,0,1022,False,False,0,0,1,0,0,0,0,0,True,False,False,False,False,False,False,False,False,c69fff36c89963f0a8a55bd267584fe3b32aad093936e970cae5aac6d917ea90,REPRODUCED
c_a3b59688f8614014,keyword_static_baseline,False,Clean,Clean,0,1005,False,True,0,1,0,0,0,0,0,0,False,False,True,True,False,False,False,False,False,c69fff36c89963f0a8a55bd267584fe3b32aad093936e970cae5aac6d917ea90,REPRODUCED
c_a3b59688f8614014,ast_static_dataflow,False,Clean,Clean,0,1005,False,False,0,0,1,0,0,0,0,0,True,False,False,False,False,False,False,False,False,c69fff36c89963f0a8a55bd267584fe3b32aad093936e970cae5aac6d917ea90,REPRODUCED
c_a3b59688f8614014,schema_guard,False,Clean,Clean,0,1005,False,False,0,0,1,0,0,0,0,0,True,False,False,False,False,False,False,False,False,c69fff36c89963f0a8a55bd267584fe3b32aad093936e970cae5aac6d917ea90,REPRODUCED
c_a3b59688f8614014,runtime_taint,False,Clean,Clean,0,1005,False,False,0,0,1,0,0,0,0,0,True,False,False,False,False,False,False,False,False,c69fff36c89963f0a8a55bd267584fe3b32aad093936e970cae5aac6d917ea90,REPRODUCED
c_a3b59688f8614014,invariance,False,Clean,Clean,0,1005,False,False,0,0,1,0,0,0,0,0,True,False,False,False,False,False,False,False,False,c69fff36c89963f0a8a55bd267584fe3b32aad093936e970cae5aac6d917ea90,REPRODUCED
c_a3b59688f8614014,full_audit,False,Clean,Clean,0,1005,False,False,0,0,1,0,0,0,0,0,True,False,False,False,False,False,False,False,False,c69fff36c89963f0a8a55bd267584fe3b32aad093936e970cae5aac6d917ea90,REPRODUCED
c_a4b2fffa9df24877,keyword_static_baseline,False,Clean,Clean,0,1002,False,True,0,1,0,0,0,0,0,0,False,False,True,True,False,False,False,False,False,c69fff36c89963f0a8a55bd267584fe3b32aad093936e970cae5aac6d917ea90,REPRODUCED
c_a4b2fffa9df24877,ast_static_dataflow,False,Clean,Clean,0,1002,False,False,0,0,1,0,0,0,0,0,True,False,False,False,False,False,False,False,False,c69fff36c89963f0a8a55bd267584fe3b32aad093936e970cae5aac6d917ea90,REPRODUCED
c_a4b2fffa9df24877,schema_guard,False,Clean,Clean,0,1002,False,False,0,0,1,0,0,0,0,0,True,False,False,False,False,False,False,False,False,c69fff36c89963f0a8a55bd267584fe3b32aad093936e970cae5aac6d917ea90,REPRODUCED
c_a4b2fffa9df24877,runtime_taint,False,Clean,Clean,0,1002,False,False,0,0,1,0,0,0,0,0,True,False,False,False,False,False,False,False,False,c69fff36c89963f0a8a55bd267584fe3b32aad093936e970cae5aac6d917ea90,REPRODUCED
c_a4b2fffa9df24877,invariance,False,Clean,Clean,0,1002,False,False,0,0,1,0,0,0,0,0,True,False,False,False,False,False,False,False,False,c69fff36c89963f0a8a55bd267584fe3b32aad093936e970cae5aac6d917ea90,REPRODUCED
c_a4b2fffa9df24877,full_audit,False,Clean,Clean,0,1002,False,False,0,0,1,0,0,0,0,0,True,False,False,False,False,False,False,False,False,c69fff36c89963f0a8a55bd267584fe3b32aad093936e970cae5aac6d917ea90,REPRODUCED
c_a76921b573594b2a,keyword_static_baseline,False,Clean,Clean,0,2001,True,True,0,1,0,0,0,0,0,0,False,False,True,True,False,False,False,False,False,c69fff36c89963f0a8a55bd267584fe3b32aad093936e970cae5aac6d917ea90,REPRODUCED
c_a76921b573594b2a,ast_static_dataflow,False,Clean,Clean,0,2001,True,False,0,0,1,0,0,0,0,0,True,False,False,False,False,False,False,False,False,c69fff36c89963f0a8a55bd267584fe3b32aad093936e970cae5aac6d917ea90,REPRODUCED
c_a76921b573594b2a,schema_guard,False,Clean,Clean,0,2001,True,False,0,0,1,0,0,0,0,0,True,False,False,False,False,False,False,False,False,c69fff36c89963f0a8a55bd267584fe3b32aad093936e970cae5aac6d917ea90,REPRODUCED
c_a76921b573594b2a,runtime_taint,False,Clean,Clean,0,2001,True,False,0,0,1,0,0,0,0,0,True,False,False,False,False,False,False,False,False,c69fff36c89963f0a8a55bd267584fe3b32aad093936e970cae5aac6d917ea90,REPRODUCED
c_a76921b573594b2a,invariance,False,Clean,Clean,0,2001,True,False,0,0,1,0,0,0,0,0,True,False,False,False,False,False,False,False,False,c69fff36c89963f0a8a55bd267584fe3b32aad093936e970cae5aac6d917ea90,REPRODUCED
c_a76921b573594b2a,full_audit,False,Clean,Clean,0,2001,True,False,0,0,1,0,0,0,0,0,True,False,False,False,False,False,False,False,False,c69fff36c89963f0a8a55bd267584fe3b32aad093936e970cae5aac6d917ea90,REPRODUCED
c_a7a21a51cf0644c1,keyword_static_baseline,False,Clean,Clean,0,2012,True,True,0,1,0,0,0,0,0,0,False,False,True,True,False,False,False,False,False,c69fff36c89963f0a8a55bd267584fe3b32aad093936e970cae5aac6d917ea90,REPRODUCED
c_a7a21a51cf0644c1,ast_static_dataflow,False,Clean,Clean,0,2012,True,False,0,0,1,0,0,0,0,0,True,False,False,False,False,False,False,False,False,c69fff36c89963f0a8a55bd267584fe3b32aad093936e970cae5aac6d917ea90,REPRODUCED
c_a7a21a51cf0644c1,schema_guard,False,Clean,Clean,0,2012,True,False,0,0,1,0,0,0,0,0,True,False,False,False,False,False,False,False,False,c69fff36c89963f0a8a55bd267584fe3b32aad093936e970cae5aac6d917ea90,REPRODUCED
c_a7a21a51cf0644c1,runtime_taint,False,Clean,Clean,0,2012,True,False,0,0,1,0,0,0,0,0,True,False,False,False,False,False,False,False,False,c69fff36c89963f0a8a55bd267584fe3b32aad093936e970cae5aac6d917ea90,REPRODUCED
c_a7a21a51cf0644c1,invariance,False,Clean,Clean,0,2012,True,False,0,0,1,0,0,0,0,0,True,False,False,False,False,False,False,False,False,c69fff36c89963f0a8a55bd267584fe3b32aad093936e970cae5aac6d917ea90,REPRODUCED
c_a7a21a51cf0644c1,full_audit,False,Clean,Clean,0,2012,True,False,0,0,1,0,0,0,0,0,True,False,False,False,False,False,False,False,False,c69fff36c89963f0a8a55bd267584fe3b32aad093936e970cae5aac6d917ea90,REPRODUCED
c_a8f8b364d3274793,keyword_static_baseline,False,Clean,Clean,0,1010,False,True,0,1,0,0,0,0,0,0,False,False,True,True,False,False,False,False,False,c69fff36c89963f0a8a55bd267584fe3b32aad093936e970cae5aac6d917ea90,REPRODUCED
c_a8f8b364d3274793,ast_static_dataflow,False,Clean,Clean,0,1010,False,False,0,0,1,0,0,0,0,0,True,False,False,False,False,False,False,False,False,c69fff36c89963f0a8a55bd267584fe3b32aad093936e970cae5aac6d917ea90,REPRODUCED
c_a8f8b364d3274793,schema_guard,False,Clean,Clean,0,1010,False,False,0,0,1,0,0,0,0,0,True,False,False,False,False,False,False,False,False,c69fff36c89963f0a8a55bd267584fe3b32aad093936e970cae5aac6d917ea90,REPRODUCED
c_a8f8b364d3274793,runtime_taint,False,Clean,Clean,0,1010,False,False,0,0,1,0,0,0,0,0,True,False,False,False,False,False,False,False,False,c69fff36c89963f0a8a55bd267584fe3b32aad093936e970cae5aac6d917ea90,REPRODUCED
c_a8f8b364d3274793,invariance,False,Clean,Clean,0,1010,False,False,0,0,1,0,0,0,0,0,True,False,False,False,False,False,False,False,False,c69fff36c89963f0a8a55bd267584fe3b32aad093936e970cae5aac6d917ea90,REPRODUCED
c_a8f8b364d3274793,full_audit,False,Clean,Clean,0,1010,False,False,0,0,1,0,0,0,0,0,True,False,False,False,False,False,False,False,False,c69fff36c89963f0a8a55bd267584fe3b32aad093936e970cae5aac6d917ea90,REPRODUCED
c_aca7168d5ac24072,keyword_static_baseline,False,Clean,Clean,0,1000,False,True,0,1,0,0,0,0,0,0,False,False,True,True,False,False,False,False,False,c69fff36c89963f0a8a55bd267584fe3b32aad093936e970cae5aac6d917ea90,REPRODUCED
c_aca7168d5ac24072,ast_static_dataflow,False,Clean,Clean,0,1000,False,False,0,0,1,0,0,0,0,0,True,False,False,False,False,False,False,False,False,c69fff36c89963f0a8a55bd267584fe3b32aad093936e970cae5aac6d917ea90,REPRODUCED
c_aca7168d5ac24072,schema_guard,False,Clean,Clean,0,1000,False,False,0,0,1,0,0,0,0,0,True,False,False,False,False,False,False,False,False,c69fff36c89963f0a8a55bd267584fe3b32aad093936e970cae5aac6d917ea90,REPRODUCED
c_aca7168d5ac24072,runtime_taint,False,Clean,Clean,0,1000,False,False,0,0,1,0,0,0,0,0,True,False,False,False,False,False,False,False,False,c69fff36c89963f0a8a55bd267584fe3b32aad093936e970cae5aac6d917ea90,REPRODUCED
c_aca7168d5ac24072,invariance,False,Clean,Clean,0,1000,False,False,0,0,1,0,0,0,0,0,True,False,False,False,False,False,False,False,False,c69fff36c89963f0a8a55bd267584fe3b32aad093936e970cae5aac6d917ea90,REPRODUCED
c_aca7168d5ac24072,full_audit,False,Clean,Clean,0,1000,False,False,0,0,1,0,0,0,0,0,True,False,False,False,False,False,False,False,False,c69fff36c89963f0a8a55bd267584fe3b32aad093936e970cae5aac6d917ea90,REPRODUCED
c_acf3a2ed291e46c6,keyword_static_baseline,True,Leak-F,F3,0.1,11,False,True,1,0,0,0,1,15,1,0,True,False,False,False,False,False,False,False,False,c69fff36c89963f0a8a55bd267584fe3b32aad093936e970cae5aac6d917ea90,REPRODUCED
c_acf3a2ed291e46c6,ast_static_dataflow,True,Leak-F,F3,0.1,11,False,False,0,0,0,1,1,15,1,0,False,False,False,False,False,False,False,False,False,c69fff36c89963f0a8a55bd267584fe3b32aad093936e970cae5aac6d917ea90,REPRODUCED
c_acf3a2ed291e46c6,schema_guard,True,Leak-F,F3,0.1,11,False,False,0,0,0,1,1,15,1,0,False,False,False,False,False,False,False,False,False,c69fff36c89963f0a8a55bd267584fe3b32aad093936e970cae5aac6d917ea90,REPRODUCED
c_acf3a2ed291e46c6,runtime_taint,True,Leak-F,F3,0.1,11,False,True,1,0,0,0,1,15,1,0,True,False,True,True,False,True,False,False,True,c69fff36c89963f0a8a55bd267584fe3b32aad093936e970cae5aac6d917ea90,REPRODUCED
c_acf3a2ed291e46c6,invariance,True,Leak-F,F3,0.1,11,False,False,0,0,0,1,1,15,1,0,False,False,False,False,False,False,False,False,False,c69fff36c89963f0a8a55bd267584fe3b32aad093936e970cae5aac6d917ea90,REPRODUCED
c_acf3a2ed291e46c6,full_audit,True,Leak-F,F3,0.1,11,False,True,1,0,0,0,1,15,1,0,True,False,True,True,False,True,False,False,True,c69fff36c89963f0a8a55bd267584fe3b32aad093936e970cae5aac6d917ea90,REPRODUCED
c_ae61c24d7a1d4e79,keyword_static_baseline,False,Clean,Clean,0,1012,False,True,0,1,0,0,0,0,0,0,False,False,True,True,False,False,False,False,False,c69fff36c89963f0a8a55bd267584fe3b32aad093936e970cae5aac6d917ea90,REPRODUCED
c_ae61c24d7a1d4e79,ast_static_dataflow,False,Clean,Clean,0,1012,False,False,0,0,1,0,0,0,0,0,True,False,False,False,False,False,False,False,False,c69fff36c89963f0a8a55bd267584fe3b32aad093936e970cae5aac6d917ea90,REPRODUCED
c_ae61c24d7a1d4e79,schema_guard,False,Clean,Clean,0,1012,False,False,0,0,1,0,0,0,0,0,True,False,False,False,False,False,False,False,False,c69fff36c89963f0a8a55bd267584fe3b32aad093936e970cae5aac6d917ea90,REPRODUCED
c_ae61c24d7a1d4e79,runtime_taint,False,Clean,Clean,0,1012,False,False,0,0,1,0,0,0,0,0,True,False,False,False,False,False,False,False,False,c69fff36c89963f0a8a55bd267584fe3b32aad093936e970cae5aac6d917ea90,REPRODUCED
c_ae61c24d7a1d4e79,invariance,False,Clean,Clean,0,1012,False,False,0,0,1,0,0,0,0,0,True,False,False,False,False,False,False,False,False,c69fff36c89963f0a8a55bd267584fe3b32aad093936e970cae5aac6d917ea90,REPRODUCED
c_ae61c24d7a1d4e79,full_audit,False,Clean,Clean,0,1012,False,False,0,0,1,0,0,0,0,0,True,False,False,False,False,False,False,False,False,c69fff36c89963f0a8a55bd267584fe3b32aad093936e970cae5aac6d917ea90,REPRODUCED
c_b3c392488ed94c9c,keyword_static_baseline,False,Clean,Clean,0,1001,False,True,0,1,0,0,0,0,0,0,False,False,True,True,False,False,False,False,False,c69fff36c89963f0a8a55bd267584fe3b32aad093936e970cae5aac6d917ea90,REPRODUCED
c_b3c392488ed94c9c,ast_static_dataflow,False,Clean,Clean,0,1001,False,False,0,0,1,0,0,0,0,0,True,False,False,False,False,False,False,False,False,c69fff36c89963f0a8a55bd267584fe3b32aad093936e970cae5aac6d917ea90,REPRODUCED
c_b3c392488ed94c9c,schema_guard,False,Clean,Clean,0,1001,False,False,0,0,1,0,0,0,0,0,True,False,False,False,False,False,False,False,False,c69fff36c89963f0a8a55bd267584fe3b32aad093936e970cae5aac6d917ea90,REPRODUCED
c_b3c392488ed94c9c,runtime_taint,False,Clean,Clean,0,1001,False,False,0,0,1,0,0,0,0,0,True,False,False,False,False,False,False,False,False,c69fff36c89963f0a8a55bd267584fe3b32aad093936e970cae5aac6d917ea90,REPRODUCED
c_b3c392488ed94c9c,invariance,False,Clean,Clean,0,1001,False,False,0,0,1,0,0,0,0,0,True,False,False,False,False,False,False,False,False,c69fff36c89963f0a8a55bd267584fe3b32aad093936e970cae5aac6d917ea90,REPRODUCED
c_b3c392488ed94c9c,full_audit,False,Clean,Clean,0,1001,False,False,0,0,1,0,0,0,0,0,True,False,False,False,False,False,False,False,False,c69fff36c89963f0a8a55bd267584fe3b32aad093936e970cae5aac6d917ea90,REPRODUCED
c_b60850a8533a48e8,keyword_static_baseline,False,Clean,Clean,0,1011,False,True,0,1,0,0,0,0,0,0,False,False,True,True,False,False,False,False,False,c69fff36c89963f0a8a55bd267584fe3b32aad093936e970cae5aac6d917ea90,REPRODUCED
c_b60850a8533a48e8,ast_static_dataflow,False,Clean,Clean,0,1011,False,False,0,0,1,0,0,0,0,0,True,False,False,False,False,False,False,False,False,c69fff36c89963f0a8a55bd267584fe3b32aad093936e970cae5aac6d917ea90,REPRODUCED
c_b60850a8533a48e8,schema_guard,False,Clean,Clean,0,1011,False,False,0,0,1,0,0,0,0,0,True,False,False,False,False,False,False,False,False,c69fff36c89963f0a8a55bd267584fe3b32aad093936e970cae5aac6d917ea90,REPRODUCED
c_b60850a8533a48e8,runtime_taint,False,Clean,Clean,0,1011,False,False,0,0,1,0,0,0,0,0,True,False,False,False,False,False,False,False,False,c69fff36c89963f0a8a55bd267584fe3b32aad093936e970cae5aac6d917ea90,REPRODUCED
c_b60850a8533a48e8,invariance,False,Clean,Clean,0,1011,False,False,0,0,1,0,0,0,0,0,True,False,False,False,False,False,False,False,False,c69fff36c89963f0a8a55bd267584fe3b32aad093936e970cae5aac6d917ea90,REPRODUCED
c_b60850a8533a48e8,full_audit,False,Clean,Clean,0,1011,False,False,0,0,1,0,0,0,0,0,True,False,False,False,False,False,False,False,False,c69fff36c89963f0a8a55bd267584fe3b32aad093936e970cae5aac6d917ea90,REPRODUCED
c_b614168a3b2c4109,keyword_static_baseline,True,Leak-R,R1,0.1,11,False,True,1,0,0,0,1,15,0,1,True,False,False,False,False,False,False,False,False,c69fff36c89963f0a8a55bd267584fe3b32aad093936e970cae5aac6d917ea90,REPRODUCED
c_b614168a3b2c4109,ast_static_dataflow,True,Leak-R,R1,0.1,11,False,False,0,0,0,1,1,15,0,1,False,False,False,False,False,False,False,False,False,c69fff36c89963f0a8a55bd267584fe3b32aad093936e970cae5aac6d917ea90,REPRODUCED
c_b614168a3b2c4109,schema_guard,True,Leak-R,R1,0.1,11,False,False,0,0,0,1,1,15,0,1,False,False,False,False,False,False,False,False,False,c69fff36c89963f0a8a55bd267584fe3b32aad093936e970cae5aac6d917ea90,REPRODUCED
c_b614168a3b2c4109,runtime_taint,True,Leak-R,R1,0.1,11,False,True,1,0,0,0,1,15,0,1,True,False,True,False,False,True,False,False,True,c69fff36c89963f0a8a55bd267584fe3b32aad093936e970cae5aac6d917ea90,REPRODUCED
c_b614168a3b2c4109,invariance,True,Leak-R,R1,0.1,11,False,False,0,0,0,1,1,15,0,1,False,False,False,False,False,False,False,False,False,c69fff36c89963f0a8a55bd267584fe3b32aad093936e970cae5aac6d917ea90,REPRODUCED
c_b614168a3b2c4109,full_audit,True,Leak-R,R1,0.1,11,False,True,1,0,0,0,1,15,0,1,True,False,True,False,False,True,False,False,True,c69fff36c89963f0a8a55bd267584fe3b32aad093936e970cae5aac6d917ea90,REPRODUCED
c_b639297f26794243,keyword_static_baseline,False,Clean,Clean,0,2021,True,True,0,1,0,0,0,0,0,0,False,False,True,True,False,False,False,False,False,c69fff36c89963f0a8a55bd267584fe3b32aad093936e970cae5aac6d917ea90,REPRODUCED
c_b639297f26794243,ast_static_dataflow,False,Clean,Clean,0,2021,True,False,0,0,1,0,0,0,0,0,True,False,False,False,False,False,False,False,False,c69fff36c89963f0a8a55bd267584fe3b32aad093936e970cae5aac6d917ea90,REPRODUCED
c_b639297f26794243,schema_guard,False,Clean,Clean,0,2021,True,False,0,0,1,0,0,0,0,0,True,False,False,False,False,False,False,False,False,c69fff36c89963f0a8a55bd267584fe3b32aad093936e970cae5aac6d917ea90,REPRODUCED
c_b639297f26794243,runtime_taint,False,Clean,Clean,0,2021,True,False,0,0,1,0,0,0,0,0,True,False,False,False,False,False,False,False,False,c69fff36c89963f0a8a55bd267584fe3b32aad093936e970cae5aac6d917ea90,REPRODUCED
c_b639297f26794243,invariance,False,Clean,Clean,0,2021,True,False,0,0,1,0,0,0,0,0,True,False,False,False,False,False,False,False,False,c69fff36c89963f0a8a55bd267584fe3b32aad093936e970cae5aac6d917ea90,REPRODUCED
c_b639297f26794243,full_audit,False,Clean,Clean,0,2021,True,False,0,0,1,0,0,0,0,0,True,False,False,False,False,False,False,False,False,c69fff36c89963f0a8a55bd267584fe3b32aad093936e970cae5aac6d917ea90,REPRODUCED
c_b81289d8ab814dcb,keyword_static_baseline,False,Clean,Clean,0,2002,True,True,0,1,0,0,0,0,0,0,False,False,True,True,False,False,False,False,False,c69fff36c89963f0a8a55bd267584fe3b32aad093936e970cae5aac6d917ea90,REPRODUCED
c_b81289d8ab814dcb,ast_static_dataflow,False,Clean,Clean,0,2002,True,False,0,0,1,0,0,0,0,0,True,False,False,False,False,False,False,False,False,c69fff36c89963f0a8a55bd267584fe3b32aad093936e970cae5aac6d917ea90,REPRODUCED
c_b81289d8ab814dcb,schema_guard,False,Clean,Clean,0,2002,True,False,0,0,1,0,0,0,0,0,True,False,False,False,False,False,False,False,False,c69fff36c89963f0a8a55bd267584fe3b32aad093936e970cae5aac6d917ea90,REPRODUCED
c_b81289d8ab814dcb,runtime_taint,False,Clean,Clean,0,2002,True,False,0,0,1,0,0,0,0,0,True,False,False,False,False,False,False,False,False,c69fff36c89963f0a8a55bd267584fe3b32aad093936e970cae5aac6d917ea90,REPRODUCED
c_b81289d8ab814dcb,invariance,False,Clean,Clean,0,2002,True,False,0,0,1,0,0,0,0,0,True,False,False,False,False,False,False,False,False,c69fff36c89963f0a8a55bd267584fe3b32aad093936e970cae5aac6d917ea90,REPRODUCED
c_b81289d8ab814dcb,full_audit,False,Clean,Clean,0,2002,True,False,0,0,1,0,0,0,0,0,True,False,False,False,False,False,False,False,False,c69fff36c89963f0a8a55bd267584fe3b32aad093936e970cae5aac6d917ea90,REPRODUCED
c_b9474bd167b94253,keyword_static_baseline,False,Clean,Clean,0,1007,False,True,0,1,0,0,0,0,0,0,False,False,True,True,False,False,False,False,False,c69fff36c89963f0a8a55bd267584fe3b32aad093936e970cae5aac6d917ea90,REPRODUCED
c_b9474bd167b94253,ast_static_dataflow,False,Clean,Clean,0,1007,False,False,0,0,1,0,0,0,0,0,True,False,False,False,False,False,False,False,False,c69fff36c89963f0a8a55bd267584fe3b32aad093936e970cae5aac6d917ea90,REPRODUCED
c_b9474bd167b94253,schema_guard,False,Clean,Clean,0,1007,False,False,0,0,1,0,0,0,0,0,True,False,False,False,False,False,False,False,False,c69fff36c89963f0a8a55bd267584fe3b32aad093936e970cae5aac6d917ea90,REPRODUCED
c_b9474bd167b94253,runtime_taint,False,Clean,Clean,0,1007,False,False,0,0,1,0,0,0,0,0,True,False,False,False,False,False,False,False,False,c69fff36c89963f0a8a55bd267584fe3b32aad093936e970cae5aac6d917ea90,REPRODUCED
c_b9474bd167b94253,invariance,False,Clean,Clean,0,1007,False,False,0,0,1,0,0,0,0,0,True,False,False,False,False,False,False,False,False,c69fff36c89963f0a8a55bd267584fe3b32aad093936e970cae5aac6d917ea90,REPRODUCED
c_b9474bd167b94253,full_audit,False,Clean,Clean,0,1007,False,False,0,0,1,0,0,0,0,0,True,False,False,False,False,False,False,False,False,c69fff36c89963f0a8a55bd267584fe3b32aad093936e970cae5aac6d917ea90,REPRODUCED
c_ba9b3c839d7747c6,keyword_static_baseline,False,Clean,Clean,0,1008,False,True,0,1,0,0,0,0,0,0,False,False,True,True,False,False,False,False,False,c69fff36c89963f0a8a55bd267584fe3b32aad093936e970cae5aac6d917ea90,REPRODUCED
c_ba9b3c839d7747c6,ast_static_dataflow,False,Clean,Clean,0,1008,False,False,0,0,1,0,0,0,0,0,True,False,False,False,False,False,False,False,False,c69fff36c89963f0a8a55bd267584fe3b32aad093936e970cae5aac6d917ea90,REPRODUCED
c_ba9b3c839d7747c6,schema_guard,False,Clean,Clean,0,1008,False,False,0,0,1,0,0,0,0,0,True,False,False,False,False,False,False,False,False,c69fff36c89963f0a8a55bd267584fe3b32aad093936e970cae5aac6d917ea90,REPRODUCED
c_ba9b3c839d7747c6,runtime_taint,False,Clean,Clean,0,1008,False,False,0,0,1,0,0,0,0,0,True,False,False,False,False,False,False,False,False,c69fff36c89963f0a8a55bd267584fe3b32aad093936e970cae5aac6d917ea90,REPRODUCED
c_ba9b3c839d7747c6,invariance,False,Clean,Clean,0,1008,False,False,0,0,1,0,0,0,0,0,True,False,False,False,False,False,False,False,False,c69fff36c89963f0a8a55bd267584fe3b32aad093936e970cae5aac6d917ea90,REPRODUCED
c_ba9b3c839d7747c6,full_audit,False,Clean,Clean,0,1008,False,False,0,0,1,0,0,0,0,0,True,False,False,False,False,False,False,False,False,c69fff36c89963f0a8a55bd267584fe3b32aad093936e970cae5aac6d917ea90,REPRODUCED
c_bd56abf2cdbc4ff2,keyword_static_baseline,False,Clean,Clean,0,1018,False,True,0,1,0,0,0,0,0,0,False,False,True,True,False,False,False,False,False,c69fff36c89963f0a8a55bd267584fe3b32aad093936e970cae5aac6d917ea90,REPRODUCED
c_bd56abf2cdbc4ff2,ast_static_dataflow,False,Clean,Clean,0,1018,False,False,0,0,1,0,0,0,0,0,True,False,False,False,False,False,False,False,False,c69fff36c89963f0a8a55bd267584fe3b32aad093936e970cae5aac6d917ea90,REPRODUCED
c_bd56abf2cdbc4ff2,schema_guard,False,Clean,Clean,0,1018,False,False,0,0,1,0,0,0,0,0,True,False,False,False,False,False,False,False,False,c69fff36c89963f0a8a55bd267584fe3b32aad093936e970cae5aac6d917ea90,REPRODUCED
c_bd56abf2cdbc4ff2,runtime_taint,False,Clean,Clean,0,1018,False,False,0,0,1,0,0,0,0,0,True,False,False,False,False,False,False,False,False,c69fff36c89963f0a8a55bd267584fe3b32aad093936e970cae5aac6d917ea90,REPRODUCED
c_bd56abf2cdbc4ff2,invariance,False,Clean,Clean,0,1018,False,False,0,0,1,0,0,0,0,0,True,False,False,False,False,False,False,False,False,c69fff36c89963f0a8a55bd267584fe3b32aad093936e970cae5aac6d917ea90,REPRODUCED
c_bd56abf2cdbc4ff2,full_audit,False,Clean,Clean,0,1018,False,False,0,0,1,0,0,0,0,0,True,False,False,False,False,False,False,False,False,c69fff36c89963f0a8a55bd267584fe3b32aad093936e970cae5aac6d917ea90,REPRODUCED
c_bf705262cfd64e7a,keyword_static_baseline,False,Clean,Clean,0,2025,True,True,0,1,0,0,0,0,0,0,False,False,True,True,False,False,False,False,False,c69fff36c89963f0a8a55bd267584fe3b32aad093936e970cae5aac6d917ea90,REPRODUCED
c_bf705262cfd64e7a,ast_static_dataflow,False,Clean,Clean,0,2025,True,False,0,0,1,0,0,0,0,0,True,False,False,False,False,False,False,False,False,c69fff36c89963f0a8a55bd267584fe3b32aad093936e970cae5aac6d917ea90,REPRODUCED
c_bf705262cfd64e7a,schema_guard,False,Clean,Clean,0,2025,True,False,0,0,1,0,0,0,0,0,True,False,False,False,False,False,False,False,False,c69fff36c89963f0a8a55bd267584fe3b32aad093936e970cae5aac6d917ea90,REPRODUCED
c_bf705262cfd64e7a,runtime_taint,False,Clean,Clean,0,2025,True,False,0,0,1,0,0,0,0,0,True,False,False,False,False,False,False,False,False,c69fff36c89963f0a8a55bd267584fe3b32aad093936e970cae5aac6d917ea90,REPRODUCED
c_bf705262cfd64e7a,invariance,False,Clean,Clean,0,2025,True,False,0,0,1,0,0,0,0,0,True,False,False,False,False,False,False,False,False,c69fff36c89963f0a8a55bd267584fe3b32aad093936e970cae5aac6d917ea90,REPRODUCED
c_bf705262cfd64e7a,full_audit,False,Clean,Clean,0,2025,True,False,0,0,1,0,0,0,0,0,True,False,False,False,False,False,False,False,False,c69fff36c89963f0a8a55bd267584fe3b32aad093936e970cae5aac6d917ea90,REPRODUCED
c_c0e03156eb114ec0,keyword_static_baseline,False,Clean,Clean,0,1014,False,True,0,1,0,0,0,0,0,0,False,False,True,True,False,False,False,False,False,c69fff36c89963f0a8a55bd267584fe3b32aad093936e970cae5aac6d917ea90,REPRODUCED
c_c0e03156eb114ec0,ast_static_dataflow,False,Clean,Clean,0,1014,False,False,0,0,1,0,0,0,0,0,True,False,False,False,False,False,False,False,False,c69fff36c89963f0a8a55bd267584fe3b32aad093936e970cae5aac6d917ea90,REPRODUCED
c_c0e03156eb114ec0,schema_guard,False,Clean,Clean,0,1014,False,False,0,0,1,0,0,0,0,0,True,False,False,False,False,False,False,False,False,c69fff36c89963f0a8a55bd267584fe3b32aad093936e970cae5aac6d917ea90,REPRODUCED
c_c0e03156eb114ec0,runtime_taint,False,Clean,Clean,0,1014,False,False,0,0,1,0,0,0,0,0,True,False,False,False,False,False,False,False,False,c69fff36c89963f0a8a55bd267584fe3b32aad093936e970cae5aac6d917ea90,REPRODUCED
c_c0e03156eb114ec0,invariance,False,Clean,Clean,0,1014,False,False,0,0,1,0,0,0,0,0,True,False,False,False,False,False,False,False,False,c69fff36c89963f0a8a55bd267584fe3b32aad093936e970cae5aac6d917ea90,REPRODUCED
c_c0e03156eb114ec0,full_audit,False,Clean,Clean,0,1014,False,False,0,0,1,0,0,0,0,0,True,False,False,False,False,False,False,False,False,c69fff36c89963f0a8a55bd267584fe3b32aad093936e970cae5aac6d917ea90,REPRODUCED
c_c2bdabf56b154c5a,keyword_static_baseline,False,Clean,Clean,0,1024,False,True,0,1,0,0,0,0,0,0,False,False,True,True,False,False,False,False,False,c69fff36c89963f0a8a55bd267584fe3b32aad093936e970cae5aac6d917ea90,REPRODUCED
c_c2bdabf56b154c5a,ast_static_dataflow,False,Clean,Clean,0,1024,False,False,0,0,1,0,0,0,0,0,True,False,False,False,False,False,False,False,False,c69fff36c89963f0a8a55bd267584fe3b32aad093936e970cae5aac6d917ea90,REPRODUCED
c_c2bdabf56b154c5a,schema_guard,False,Clean,Clean,0,1024,False,False,0,0,1,0,0,0,0,0,True,False,False,False,False,False,False,False,False,c69fff36c89963f0a8a55bd267584fe3b32aad093936e970cae5aac6d917ea90,REPRODUCED
c_c2bdabf56b154c5a,runtime_taint,False,Clean,Clean,0,1024,False,False,0,0,1,0,0,0,0,0,True,False,False,False,False,False,False,False,False,c69fff36c89963f0a8a55bd267584fe3b32aad093936e970cae5aac6d917ea90,REPRODUCED
c_c2bdabf56b154c5a,invariance,False,Clean,Clean,0,1024,False,False,0,0,1,0,0,0,0,0,True,False,False,False,False,False,False,False,False,c69fff36c89963f0a8a55bd267584fe3b32aad093936e970cae5aac6d917ea90,REPRODUCED
c_c2bdabf56b154c5a,full_audit,False,Clean,Clean,0,1024,False,False,0,0,1,0,0,0,0,0,True,False,False,False,False,False,False,False,False,c69fff36c89963f0a8a55bd267584fe3b32aad093936e970cae5aac6d917ea90,REPRODUCED
c_c2ed5d72fa75485f,keyword_static_baseline,False,Clean,Clean,0,2003,True,True,0,1,0,0,0,0,0,0,False,False,True,True,False,False,False,False,False,c69fff36c89963f0a8a55bd267584fe3b32aad093936e970cae5aac6d917ea90,REPRODUCED
c_c2ed5d72fa75485f,ast_static_dataflow,False,Clean,Clean,0,2003,True,False,0,0,1,0,0,0,0,0,True,False,False,False,False,False,False,False,False,c69fff36c89963f0a8a55bd267584fe3b32aad093936e970cae5aac6d917ea90,REPRODUCED
c_c2ed5d72fa75485f,schema_guard,False,Clean,Clean,0,2003,True,False,0,0,1,0,0,0,0,0,True,False,False,False,False,False,False,False,False,c69fff36c89963f0a8a55bd267584fe3b32aad093936e970cae5aac6d917ea90,REPRODUCED
c_c2ed5d72fa75485f,runtime_taint,False,Clean,Clean,0,2003,True,False,0,0,1,0,0,0,0,0,True,False,False,False,False,False,False,False,False,c69fff36c89963f0a8a55bd267584fe3b32aad093936e970cae5aac6d917ea90,REPRODUCED
c_c2ed5d72fa75485f,invariance,False,Clean,Clean,0,2003,True,False,0,0,1,0,0,0,0,0,True,False,False,False,False,False,False,False,False,c69fff36c89963f0a8a55bd267584fe3b32aad093936e970cae5aac6d917ea90,REPRODUCED
c_c2ed5d72fa75485f,full_audit,False,Clean,Clean,0,2003,True,False,0,0,1,0,0,0,0,0,True,False,False,False,False,False,False,False,False,c69fff36c89963f0a8a55bd267584fe3b32aad093936e970cae5aac6d917ea90,REPRODUCED
c_cb0685fad8ad43aa,keyword_static_baseline,False,Clean,Clean,0,1026,False,True,0,1,0,0,0,0,0,0,False,False,True,True,False,False,False,False,False,c69fff36c89963f0a8a55bd267584fe3b32aad093936e970cae5aac6d917ea90,REPRODUCED
c_cb0685fad8ad43aa,ast_static_dataflow,False,Clean,Clean,0,1026,False,False,0,0,1,0,0,0,0,0,True,False,False,False,False,False,False,False,False,c69fff36c89963f0a8a55bd267584fe3b32aad093936e970cae5aac6d917ea90,REPRODUCED
c_cb0685fad8ad43aa,schema_guard,False,Clean,Clean,0,1026,False,False,0,0,1,0,0,0,0,0,True,False,False,False,False,False,False,False,False,c69fff36c89963f0a8a55bd267584fe3b32aad093936e970cae5aac6d917ea90,REPRODUCED
c_cb0685fad8ad43aa,runtime_taint,False,Clean,Clean,0,1026,False,False,0,0,1,0,0,0,0,0,True,False,False,False,False,False,False,False,False,c69fff36c89963f0a8a55bd267584fe3b32aad093936e970cae5aac6d917ea90,REPRODUCED
c_cb0685fad8ad43aa,invariance,False,Clean,Clean,0,1026,False,False,0,0,1,0,0,0,0,0,True,False,False,False,False,False,False,False,False,c69fff36c89963f0a8a55bd267584fe3b32aad093936e970cae5aac6d917ea90,REPRODUCED
c_cb0685fad8ad43aa,full_audit,False,Clean,Clean,0,1026,False,False,0,0,1,0,0,0,0,0,True,False,False,False,False,False,False,False,False,c69fff36c89963f0a8a55bd267584fe3b32aad093936e970cae5aac6d917ea90,REPRODUCED
c_cd44e81e84724d4a,keyword_static_baseline,False,Clean,Clean,0,1016,False,True,0,1,0,0,0,0,0,0,False,False,True,True,False,False,False,False,False,c69fff36c89963f0a8a55bd267584fe3b32aad093936e970cae5aac6d917ea90,REPRODUCED
c_cd44e81e84724d4a,ast_static_dataflow,False,Clean,Clean,0,1016,False,False,0,0,1,0,0,0,0,0,True,False,False,False,False,False,False,False,False,c69fff36c89963f0a8a55bd267584fe3b32aad093936e970cae5aac6d917ea90,REPRODUCED
c_cd44e81e84724d4a,schema_guard,False,Clean,Clean,0,1016,False,False,0,0,1,0,0,0,0,0,True,False,False,False,False,False,False,False,False,c69fff36c89963f0a8a55bd267584fe3b32aad093936e970cae5aac6d917ea90,REPRODUCED
c_cd44e81e84724d4a,runtime_taint,False,Clean,Clean,0,1016,False,False,0,0,1,0,0,0,0,0,True,False,False,False,False,False,False,False,False,c69fff36c89963f0a8a55bd267584fe3b32aad093936e970cae5aac6d917ea90,REPRODUCED
c_cd44e81e84724d4a,invariance,False,Clean,Clean,0,1016,False,False,0,0,1,0,0,0,0,0,True,False,False,False,False,False,False,False,False,c69fff36c89963f0a8a55bd267584fe3b32aad093936e970cae5aac6d917ea90,REPRODUCED
c_cd44e81e84724d4a,full_audit,False,Clean,Clean,0,1016,False,False,0,0,1,0,0,0,0,0,True,False,False,False,False,False,False,False,False,c69fff36c89963f0a8a55bd267584fe3b32aad093936e970cae5aac6d917ea90,REPRODUCED
c_ceda2a01073c44f3,keyword_static_baseline,False,Clean,Clean,0,2029,True,True,0,1,0,0,0,0,0,0,False,False,True,True,False,False,False,False,False,c69fff36c89963f0a8a55bd267584fe3b32aad093936e970cae5aac6d917ea90,REPRODUCED
c_ceda2a01073c44f3,ast_static_dataflow,False,Clean,Clean,0,2029,True,False,0,0,1,0,0,0,0,0,True,False,False,False,False,False,False,False,False,c69fff36c89963f0a8a55bd267584fe3b32aad093936e970cae5aac6d917ea90,REPRODUCED
c_ceda2a01073c44f3,schema_guard,False,Clean,Clean,0,2029,True,False,0,0,1,0,0,0,0,0,True,False,False,False,False,False,False,False,False,c69fff36c89963f0a8a55bd267584fe3b32aad093936e970cae5aac6d917ea90,REPRODUCED
c_ceda2a01073c44f3,runtime_taint,False,Clean,Clean,0,2029,True,False,0,0,1,0,0,0,0,0,True,False,False,False,False,False,False,False,False,c69fff36c89963f0a8a55bd267584fe3b32aad093936e970cae5aac6d917ea90,REPRODUCED
c_ceda2a01073c44f3,invariance,False,Clean,Clean,0,2029,True,False,0,0,1,0,0,0,0,0,True,False,False,False,False,False,False,False,False,c69fff36c89963f0a8a55bd267584fe3b32aad093936e970cae5aac6d917ea90,REPRODUCED
c_ceda2a01073c44f3,full_audit,False,Clean,Clean,0,2029,True,False,0,0,1,0,0,0,0,0,True,False,False,False,False,False,False,False,False,c69fff36c89963f0a8a55bd267584fe3b32aad093936e970cae5aac6d917ea90,REPRODUCED
c_d054acaba196402a,keyword_static_baseline,True,Leak-R,R3,0.5,11,False,True,1,0,0,0,4,60,0,4,True,False,False,False,False,False,False,False,False,c69fff36c89963f0a8a55bd267584fe3b32aad093936e970cae5aac6d917ea90,REPRODUCED
c_d054acaba196402a,ast_static_dataflow,True,Leak-R,R3,0.5,11,False,False,0,0,0,1,4,60,0,4,False,False,False,False,False,False,False,False,False,c69fff36c89963f0a8a55bd267584fe3b32aad093936e970cae5aac6d917ea90,REPRODUCED
c_d054acaba196402a,schema_guard,True,Leak-R,R3,0.5,11,False,False,0,0,0,1,4,60,0,4,False,False,False,False,False,False,False,False,False,c69fff36c89963f0a8a55bd267584fe3b32aad093936e970cae5aac6d917ea90,REPRODUCED
c_d054acaba196402a,runtime_taint,True,Leak-R,R3,0.5,11,False,True,1,0,0,0,4,60,0,4,True,False,True,False,False,True,False,False,True,c69fff36c89963f0a8a55bd267584fe3b32aad093936e970cae5aac6d917ea90,REPRODUCED
c_d054acaba196402a,invariance,True,Leak-R,R3,0.5,11,False,False,0,0,0,1,4,60,0,4,False,False,False,False,False,False,False,False,False,c69fff36c89963f0a8a55bd267584fe3b32aad093936e970cae5aac6d917ea90,REPRODUCED
c_d054acaba196402a,full_audit,True,Leak-R,R3,0.5,11,False,True,1,0,0,0,4,60,0,4,True,False,True,False,False,True,False,False,True,c69fff36c89963f0a8a55bd267584fe3b32aad093936e970cae5aac6d917ea90,REPRODUCED
c_d0846fda3e5e4736,keyword_static_baseline,False,Clean,Clean,0,1027,False,True,0,1,0,0,0,0,0,0,False,False,True,True,False,False,False,False,False,c69fff36c89963f0a8a55bd267584fe3b32aad093936e970cae5aac6d917ea90,REPRODUCED
c_d0846fda3e5e4736,ast_static_dataflow,False,Clean,Clean,0,1027,False,False,0,0,1,0,0,0,0,0,True,False,False,False,False,False,False,False,False,c69fff36c89963f0a8a55bd267584fe3b32aad093936e970cae5aac6d917ea90,REPRODUCED
c_d0846fda3e5e4736,schema_guard,False,Clean,Clean,0,1027,False,False,0,0,1,0,0,0,0,0,True,False,False,False,False,False,False,False,False,c69fff36c89963f0a8a55bd267584fe3b32aad093936e970cae5aac6d917ea90,REPRODUCED
c_d0846fda3e5e4736,runtime_taint,False,Clean,Clean,0,1027,False,False,0,0,1,0,0,0,0,0,True,False,False,False,False,False,False,False,False,c69fff36c89963f0a8a55bd267584fe3b32aad093936e970cae5aac6d917ea90,REPRODUCED
c_d0846fda3e5e4736,invariance,False,Clean,Clean,0,1027,False,False,0,0,1,0,0,0,0,0,True,False,False,False,False,False,False,False,False,c69fff36c89963f0a8a55bd267584fe3b32aad093936e970cae5aac6d917ea90,REPRODUCED
c_d0846fda3e5e4736,full_audit,False,Clean,Clean,0,1027,False,False,0,0,1,0,0,0,0,0,True,False,False,False,False,False,False,False,False,c69fff36c89963f0a8a55bd267584fe3b32aad093936e970cae5aac6d917ea90,REPRODUCED
c_d55aa91337014b89,keyword_static_baseline,True,Leak-R,R4,1.0,11,False,True,1,0,0,0,7,105,0,7,True,False,False,False,False,False,False,False,False,c69fff36c89963f0a8a55bd267584fe3b32aad093936e970cae5aac6d917ea90,REPRODUCED
c_d55aa91337014b89,ast_static_dataflow,True,Leak-R,R4,1.0,11,False,False,0,0,0,1,7,105,0,7,False,False,False,False,False,False,False,False,False,c69fff36c89963f0a8a55bd267584fe3b32aad093936e970cae5aac6d917ea90,REPRODUCED
c_d55aa91337014b89,schema_guard,True,Leak-R,R4,1.0,11,False,False,0,0,0,1,7,105,0,7,False,False,False,False,False,False,False,False,False,c69fff36c89963f0a8a55bd267584fe3b32aad093936e970cae5aac6d917ea90,REPRODUCED
c_d55aa91337014b89,runtime_taint,True,Leak-R,R4,1.0,11,False,True,1,0,0,0,7,105,0,7,True,False,True,True,True,True,False,False,True,c69fff36c89963f0a8a55bd267584fe3b32aad093936e970cae5aac6d917ea90,REPRODUCED
c_d55aa91337014b89,invariance,True,Leak-R,R4,1.0,11,False,False,0,0,0,1,7,105,0,7,False,False,False,False,False,False,False,False,False,c69fff36c89963f0a8a55bd267584fe3b32aad093936e970cae5aac6d917ea90,REPRODUCED
c_d55aa91337014b89,full_audit,True,Leak-R,R4,1.0,11,False,True,1,0,0,0,7,105,0,7,True,False,True,True,True,True,False,False,True,c69fff36c89963f0a8a55bd267584fe3b32aad093936e970cae5aac6d917ea90,REPRODUCED
c_eac81545cbfb4249,keyword_static_baseline,False,Clean,Clean,0,1013,False,True,0,1,0,0,0,0,0,0,False,False,True,True,False,False,False,False,False,c69fff36c89963f0a8a55bd267584fe3b32aad093936e970cae5aac6d917ea90,REPRODUCED
c_eac81545cbfb4249,ast_static_dataflow,False,Clean,Clean,0,1013,False,False,0,0,1,0,0,0,0,0,True,False,False,False,False,False,False,False,False,c69fff36c89963f0a8a55bd267584fe3b32aad093936e970cae5aac6d917ea90,REPRODUCED
c_eac81545cbfb4249,schema_guard,False,Clean,Clean,0,1013,False,False,0,0,1,0,0,0,0,0,True,False,False,False,False,False,False,False,False,c69fff36c89963f0a8a55bd267584fe3b32aad093936e970cae5aac6d917ea90,REPRODUCED
c_eac81545cbfb4249,runtime_taint,False,Clean,Clean,0,1013,False,False,0,0,1,0,0,0,0,0,True,False,False,False,False,False,False,False,False,c69fff36c89963f0a8a55bd267584fe3b32aad093936e970cae5aac6d917ea90,REPRODUCED
c_eac81545cbfb4249,invariance,False,Clean,Clean,0,1013,False,False,0,0,1,0,0,0,0,0,True,False,False,False,False,False,False,False,False,c69fff36c89963f0a8a55bd267584fe3b32aad093936e970cae5aac6d917ea90,REPRODUCED
c_eac81545cbfb4249,full_audit,False,Clean,Clean,0,1013,False,False,0,0,1,0,0,0,0,0,True,False,False,False,False,False,False,False,False,c69fff36c89963f0a8a55bd267584fe3b32aad093936e970cae5aac6d917ea90,REPRODUCED
c_ee3a39fd03e44190,keyword_static_baseline,False,Clean,Clean,0,1015,False,True,0,1,0,0,0,0,0,0,False,False,True,True,False,False,False,False,False,c69fff36c89963f0a8a55bd267584fe3b32aad093936e970cae5aac6d917ea90,REPRODUCED
c_ee3a39fd03e44190,ast_static_dataflow,False,Clean,Clean,0,1015,False,False,0,0,1,0,0,0,0,0,True,False,False,False,False,False,False,False,False,c69fff36c89963f0a8a55bd267584fe3b32aad093936e970cae5aac6d917ea90,REPRODUCED
c_ee3a39fd03e44190,schema_guard,False,Clean,Clean,0,1015,False,False,0,0,1,0,0,0,0,0,True,False,False,False,False,False,False,False,False,c69fff36c89963f0a8a55bd267584fe3b32aad093936e970cae5aac6d917ea90,REPRODUCED
c_ee3a39fd03e44190,runtime_taint,False,Clean,Clean,0,1015,False,False,0,0,1,0,0,0,0,0,True,False,False,False,False,False,False,False,False,c69fff36c89963f0a8a55bd267584fe3b32aad093936e970cae5aac6d917ea90,REPRODUCED
c_ee3a39fd03e44190,invariance,False,Clean,Clean,0,1015,False,False,0,0,1,0,0,0,0,0,True,False,False,False,False,False,False,False,False,c69fff36c89963f0a8a55bd267584fe3b32aad093936e970cae5aac6d917ea90,REPRODUCED
c_ee3a39fd03e44190,full_audit,False,Clean,Clean,0,1015,False,False,0,0,1,0,0,0,0,0,True,False,False,False,False,False,False,False,False,c69fff36c89963f0a8a55bd267584fe3b32aad093936e970cae5aac6d917ea90,REPRODUCED
c_f34ccbf725484c85,keyword_static_baseline,False,Clean,Clean,0,2009,True,True,0,1,0,0,0,0,0,0,False,False,True,True,False,False,False,False,False,c69fff36c89963f0a8a55bd267584fe3b32aad093936e970cae5aac6d917ea90,REPRODUCED
c_f34ccbf725484c85,ast_static_dataflow,False,Clean,Clean,0,2009,True,False,0,0,1,0,0,0,0,0,True,False,False,False,False,False,False,False,False,c69fff36c89963f0a8a55bd267584fe3b32aad093936e970cae5aac6d917ea90,REPRODUCED
c_f34ccbf725484c85,schema_guard,False,Clean,Clean,0,2009,True,False,0,0,1,0,0,0,0,0,True,False,False,False,False,False,False,False,False,c69fff36c89963f0a8a55bd267584fe3b32aad093936e970cae5aac6d917ea90,REPRODUCED
c_f34ccbf725484c85,runtime_taint,False,Clean,Clean,0,2009,True,False,0,0,1,0,0,0,0,0,True,False,False,False,False,False,False,False,False,c69fff36c89963f0a8a55bd267584fe3b32aad093936e970cae5aac6d917ea90,REPRODUCED
c_f34ccbf725484c85,invariance,False,Clean,Clean,0,2009,True,False,0,0,1,0,0,0,0,0,True,False,False,False,False,False,False,False,False,c69fff36c89963f0a8a55bd267584fe3b32aad093936e970cae5aac6d917ea90,REPRODUCED
c_f34ccbf725484c85,full_audit,False,Clean,Clean,0,2009,True,False,0,0,1,0,0,0,0,0,True,False,False,False,False,False,False,False,False,c69fff36c89963f0a8a55bd267584fe3b32aad093936e970cae5aac6d917ea90,REPRODUCED
c_f4d70eb71afc4710,keyword_static_baseline,True,Leak-R,R1,1.0,11,False,True,1,0,0,0,7,105,0,7,True,False,False,False,False,False,False,False,False,c69fff36c89963f0a8a55bd267584fe3b32aad093936e970cae5aac6d917ea90,REPRODUCED
c_f4d70eb71afc4710,ast_static_dataflow,True,Leak-R,R1,1.0,11,False,False,0,0,0,1,7,105,0,7,False,False,False,False,False,False,False,False,False,c69fff36c89963f0a8a55bd267584fe3b32aad093936e970cae5aac6d917ea90,REPRODUCED
c_f4d70eb71afc4710,schema_guard,True,Leak-R,R1,1.0,11,False,False,0,0,0,1,7,105,0,7,False,False,False,False,False,False,False,False,False,c69fff36c89963f0a8a55bd267584fe3b32aad093936e970cae5aac6d917ea90,REPRODUCED
c_f4d70eb71afc4710,runtime_taint,True,Leak-R,R1,1.0,11,False,True,1,0,0,0,7,105,0,7,True,False,True,False,False,True,False,False,True,c69fff36c89963f0a8a55bd267584fe3b32aad093936e970cae5aac6d917ea90,REPRODUCED
c_f4d70eb71afc4710,invariance,True,Leak-R,R1,1.0,11,False,False,0,0,0,1,7,105,0,7,False,False,False,False,False,False,False,False,False,c69fff36c89963f0a8a55bd267584fe3b32aad093936e970cae5aac6d917ea90,REPRODUCED
c_f4d70eb71afc4710,full_audit,True,Leak-R,R1,1.0,11,False,True,1,0,0,0,7,105,0,7,True,False,True,False,False,True,False,False,True,c69fff36c89963f0a8a55bd267584fe3b32aad093936e970cae5aac6d917ea90,REPRODUCED
c_f75797537cc541d2,keyword_static_baseline,True,Leak-R,R2,1.0,11,False,True,1,0,0,0,7,105,0,7,True,False,False,False,False,False,False,False,False,c69fff36c89963f0a8a55bd267584fe3b32aad093936e970cae5aac6d917ea90,REPRODUCED
c_f75797537cc541d2,ast_static_dataflow,True,Leak-R,R2,1.0,11,False,False,0,0,0,1,7,105,0,7,False,False,False,False,False,False,False,False,False,c69fff36c89963f0a8a55bd267584fe3b32aad093936e970cae5aac6d917ea90,REPRODUCED
c_f75797537cc541d2,schema_guard,True,Leak-R,R2,1.0,11,False,False,0,0,0,1,7,105,0,7,False,False,False,False,False,False,False,False,False,c69fff36c89963f0a8a55bd267584fe3b32aad093936e970cae5aac6d917ea90,REPRODUCED
c_f75797537cc541d2,runtime_taint,True,Leak-R,R2,1.0,11,False,True,1,0,0,0,7,105,0,7,True,False,True,False,False,True,False,False,True,c69fff36c89963f0a8a55bd267584fe3b32aad093936e970cae5aac6d917ea90,REPRODUCED
c_f75797537cc541d2,invariance,True,Leak-R,R2,1.0,11,False,False,0,0,0,1,7,105,0,7,False,False,False,False,False,False,False,False,False,c69fff36c89963f0a8a55bd267584fe3b32aad093936e970cae5aac6d917ea90,REPRODUCED
c_f75797537cc541d2,full_audit,True,Leak-R,R2,1.0,11,False,True,1,0,0,0,7,105,0,7,True,False,True,False,False,True,False,False,True,c69fff36c89963f0a8a55bd267584fe3b32aad093936e970cae5aac6d917ea90,REPRODUCED
