split,qid_hash,method,demand_cov,ndcg,evidence_status,source_file,source_commit,source_sha256,notes
formal_train,qh_e1675eab3bf0ffad,B0,1.0,0.6489315753318465,VERIFIED_FROM_RELEASE,paper_results/per_query_minimal/formal_train_per_query.jsonl,876a16d098e1da3f642ef70854cbc985bae5f9e3,c6443f025b0ffdaf7adc4b7e5a2a198dc648b6012d6e895e3ef68e25eadd1f1a,selected document ids intentionally excluded
formal_train,qh_e1675eab3bf0ffad,D0,1.0,0.6489315753318465,VERIFIED_FROM_RELEASE,paper_results/per_query_minimal/formal_train_per_query.jsonl,876a16d098e1da3f642ef70854cbc985bae5f9e3,c6443f025b0ffdaf7adc4b7e5a2a198dc648b6012d6e895e3ef68e25eadd1f1a,selected document ids intentionally excluded
formal_train,qh_e1675eab3bf0ffad,D1,1.0,0.6489315753318465,VERIFIED_FROM_RELEASE,paper_results/per_query_minimal/formal_train_per_query.jsonl,876a16d098e1da3f642ef70854cbc985bae5f9e3,c6443f025b0ffdaf7adc4b7e5a2a198dc648b6012d6e895e3ef68e25eadd1f1a,selected document ids intentionally excluded
formal_train,qh_e1675eab3bf0ffad,D2,1.0,0.6489315753318465,VERIFIED_FROM_RELEASE,paper_results/per_query_minimal/formal_train_per_query.jsonl,876a16d098e1da3f642ef70854cbc985bae5f9e3,c6443f025b0ffdaf7adc4b7e5a2a198dc648b6012d6e895e3ef68e25eadd1f1a,selected document ids intentionally excluded
formal_train,qh_e1675eab3bf0ffad,D3,1.0,0.6489315753318465,VERIFIED_FROM_RELEASE,paper_results/per_query_minimal/formal_train_per_query.jsonl,876a16d098e1da3f642ef70854cbc985bae5f9e3,c6443f025b0ffdaf7adc4b7e5a2a198dc648b6012d6e895e3ef68e25eadd1f1a,selected document ids intentionally excluded
formal_train,qh_b4cc2680bd1123e8,B0,1.0,0.6489315753318465,VERIFIED_FROM_RELEASE,paper_results/per_query_minimal/formal_train_per_query.jsonl,876a16d098e1da3f642ef70854cbc985bae5f9e3,c6443f025b0ffdaf7adc4b7e5a2a198dc648b6012d6e895e3ef68e25eadd1f1a,selected document ids intentionally excluded
formal_train,qh_b4cc2680bd1123e8,D0,1.0,0.6489315753318465,VERIFIED_FROM_RELEASE,paper_results/per_query_minimal/formal_train_per_query.jsonl,876a16d098e1da3f642ef70854cbc985bae5f9e3,c6443f025b0ffdaf7adc4b7e5a2a198dc648b6012d6e895e3ef68e25eadd1f1a,selected document ids intentionally excluded
formal_train,qh_b4cc2680bd1123e8,D1,1.0,0.6489315753318465,VERIFIED_FROM_RELEASE,paper_results/per_query_minimal/formal_train_per_query.jsonl,876a16d098e1da3f642ef70854cbc985bae5f9e3,c6443f025b0ffdaf7adc4b7e5a2a198dc648b6012d6e895e3ef68e25eadd1f1a,selected document ids intentionally excluded
formal_train,qh_b4cc2680bd1123e8,D2,1.0,0.6489315753318465,VERIFIED_FROM_RELEASE,paper_results/per_query_minimal/formal_train_per_query.jsonl,876a16d098e1da3f642ef70854cbc985bae5f9e3,c6443f025b0ffdaf7adc4b7e5a2a198dc648b6012d6e895e3ef68e25eadd1f1a,selected document ids intentionally excluded
formal_train,qh_b4cc2680bd1123e8,D3,1.0,0.6489315753318465,VERIFIED_FROM_RELEASE,paper_results/per_query_minimal/formal_train_per_query.jsonl,876a16d098e1da3f642ef70854cbc985bae5f9e3,c6443f025b0ffdaf7adc4b7e5a2a198dc648b6012d6e895e3ef68e25eadd1f1a,selected document ids intentionally excluded
formal_train,qh_9f4504da4f3129b6,B0,1.0,0.5637884576902256,VERIFIED_FROM_RELEASE,paper_results/per_query_minimal/formal_train_per_query.jsonl,876a16d098e1da3f642ef70854cbc985bae5f9e3,c6443f025b0ffdaf7adc4b7e5a2a198dc648b6012d6e895e3ef68e25eadd1f1a,selected document ids intentionally excluded
formal_train,qh_9f4504da4f3129b6,D0,1.0,0.40002324830925196,VERIFIED_FROM_RELEASE,paper_results/per_query_minimal/formal_train_per_query.jsonl,876a16d098e1da3f642ef70854cbc985bae5f9e3,c6443f025b0ffdaf7adc4b7e5a2a198dc648b6012d6e895e3ef68e25eadd1f1a,selected document ids intentionally excluded
formal_train,qh_9f4504da4f3129b6,D1,1.0,0.40002324830925196,VERIFIED_FROM_RELEASE,paper_results/per_query_minimal/formal_train_per_query.jsonl,876a16d098e1da3f642ef70854cbc985bae5f9e3,c6443f025b0ffdaf7adc4b7e5a2a198dc648b6012d6e895e3ef68e25eadd1f1a,selected document ids intentionally excluded
formal_train,qh_9f4504da4f3129b6,D2,1.0,0.5637884576902256,VERIFIED_FROM_RELEASE,paper_results/per_query_minimal/formal_train_per_query.jsonl,876a16d098e1da3f642ef70854cbc985bae5f9e3,c6443f025b0ffdaf7adc4b7e5a2a198dc648b6012d6e895e3ef68e25eadd1f1a,selected document ids intentionally excluded
formal_train,qh_9f4504da4f3129b6,D3,1.0,0.5637884576902256,VERIFIED_FROM_RELEASE,paper_results/per_query_minimal/formal_train_per_query.jsonl,876a16d098e1da3f642ef70854cbc985bae5f9e3,c6443f025b0ffdaf7adc4b7e5a2a198dc648b6012d6e895e3ef68e25eadd1f1a,selected document ids intentionally excluded
formal_train,qh_4ff8e21a3ec064a4,B0,1.0,0.6489315753318465,VERIFIED_FROM_RELEASE,paper_results/per_query_minimal/formal_train_per_query.jsonl,876a16d098e1da3f642ef70854cbc985bae5f9e3,c6443f025b0ffdaf7adc4b7e5a2a198dc648b6012d6e895e3ef68e25eadd1f1a,selected document ids intentionally excluded
formal_train,qh_4ff8e21a3ec064a4,D0,1.0,0.6489315753318465,VERIFIED_FROM_RELEASE,paper_results/per_query_minimal/formal_train_per_query.jsonl,876a16d098e1da3f642ef70854cbc985bae5f9e3,c6443f025b0ffdaf7adc4b7e5a2a198dc648b6012d6e895e3ef68e25eadd1f1a,selected document ids intentionally excluded
formal_train,qh_4ff8e21a3ec064a4,D1,1.0,0.6489315753318465,VERIFIED_FROM_RELEASE,paper_results/per_query_minimal/formal_train_per_query.jsonl,876a16d098e1da3f642ef70854cbc985bae5f9e3,c6443f025b0ffdaf7adc4b7e5a2a198dc648b6012d6e895e3ef68e25eadd1f1a,selected document ids intentionally excluded
formal_train,qh_4ff8e21a3ec064a4,D2,1.0,0.6489315753318465,VERIFIED_FROM_RELEASE,paper_results/per_query_minimal/formal_train_per_query.jsonl,876a16d098e1da3f642ef70854cbc985bae5f9e3,c6443f025b0ffdaf7adc4b7e5a2a198dc648b6012d6e895e3ef68e25eadd1f1a,selected document ids intentionally excluded
formal_train,qh_4ff8e21a3ec064a4,D3,1.0,0.6489315753318465,VERIFIED_FROM_RELEASE,paper_results/per_query_minimal/formal_train_per_query.jsonl,876a16d098e1da3f642ef70854cbc985bae5f9e3,c6443f025b0ffdaf7adc4b7e5a2a198dc648b6012d6e895e3ef68e25eadd1f1a,selected document ids intentionally excluded
formal_train,qh_59482f8eba8213fc,B0,1.0,0.6489315753318465,VERIFIED_FROM_RELEASE,paper_results/per_query_minimal/formal_train_per_query.jsonl,876a16d098e1da3f642ef70854cbc985bae5f9e3,c6443f025b0ffdaf7adc4b7e5a2a198dc648b6012d6e895e3ef68e25eadd1f1a,selected document ids intentionally excluded
formal_train,qh_59482f8eba8213fc,D0,1.0,0.6489315753318465,VERIFIED_FROM_RELEASE,paper_results/per_query_minimal/formal_train_per_query.jsonl,876a16d098e1da3f642ef70854cbc985bae5f9e3,c6443f025b0ffdaf7adc4b7e5a2a198dc648b6012d6e895e3ef68e25eadd1f1a,selected document ids intentionally excluded
formal_train,qh_59482f8eba8213fc,D1,1.0,0.6489315753318465,VERIFIED_FROM_RELEASE,paper_results/per_query_minimal/formal_train_per_query.jsonl,876a16d098e1da3f642ef70854cbc985bae5f9e3,c6443f025b0ffdaf7adc4b7e5a2a198dc648b6012d6e895e3ef68e25eadd1f1a,selected document ids intentionally excluded
formal_train,qh_59482f8eba8213fc,D2,1.0,0.6489315753318465,VERIFIED_FROM_RELEASE,paper_results/per_query_minimal/formal_train_per_query.jsonl,876a16d098e1da3f642ef70854cbc985bae5f9e3,c6443f025b0ffdaf7adc4b7e5a2a198dc648b6012d6e895e3ef68e25eadd1f1a,selected document ids intentionally excluded
formal_train,qh_59482f8eba8213fc,D3,1.0,0.6489315753318465,VERIFIED_FROM_RELEASE,paper_results/per_query_minimal/formal_train_per_query.jsonl,876a16d098e1da3f642ef70854cbc985bae5f9e3,c6443f025b0ffdaf7adc4b7e5a2a198dc648b6012d6e895e3ef68e25eadd1f1a,selected document ids intentionally excluded
formal_train,qh_f822a32c7390df3b,B0,0.6,0.6489315753318465,VERIFIED_FROM_RELEASE,paper_results/per_query_minimal/formal_train_per_query.jsonl,876a16d098e1da3f642ef70854cbc985bae5f9e3,c6443f025b0ffdaf7adc4b7e5a2a198dc648b6012d6e895e3ef68e25eadd1f1a,selected document ids intentionally excluded
formal_train,qh_f822a32c7390df3b,D0,1.0,0.6489315753318465,VERIFIED_FROM_RELEASE,paper_results/per_query_minimal/formal_train_per_query.jsonl,876a16d098e1da3f642ef70854cbc985bae5f9e3,c6443f025b0ffdaf7adc4b7e5a2a198dc648b6012d6e895e3ef68e25eadd1f1a,selected document ids intentionally excluded
formal_train,qh_f822a32c7390df3b,D1,0.8,0.6489315753318465,VERIFIED_FROM_RELEASE,paper_results/per_query_minimal/formal_train_per_query.jsonl,876a16d098e1da3f642ef70854cbc985bae5f9e3,c6443f025b0ffdaf7adc4b7e5a2a198dc648b6012d6e895e3ef68e25eadd1f1a,selected document ids intentionally excluded
formal_train,qh_f822a32c7390df3b,D2,0.8,0.6489315753318465,VERIFIED_FROM_RELEASE,paper_results/per_query_minimal/formal_train_per_query.jsonl,876a16d098e1da3f642ef70854cbc985bae5f9e3,c6443f025b0ffdaf7adc4b7e5a2a198dc648b6012d6e895e3ef68e25eadd1f1a,selected document ids intentionally excluded
formal_train,qh_f822a32c7390df3b,D3,0.8,0.6489315753318465,VERIFIED_FROM_RELEASE,paper_results/per_query_minimal/formal_train_per_query.jsonl,876a16d098e1da3f642ef70854cbc985bae5f9e3,c6443f025b0ffdaf7adc4b7e5a2a198dc648b6012d6e895e3ef68e25eadd1f1a,selected document ids intentionally excluded
formal_train,qh_8b3d9def6db0b178,B0,1.0,0.6489315753318465,VERIFIED_FROM_RELEASE,paper_results/per_query_minimal/formal_train_per_query.jsonl,876a16d098e1da3f642ef70854cbc985bae5f9e3,c6443f025b0ffdaf7adc4b7e5a2a198dc648b6012d6e895e3ef68e25eadd1f1a,selected document ids intentionally excluded
formal_train,qh_8b3d9def6db0b178,D0,1.0,0.510069131458292,VERIFIED_FROM_RELEASE,paper_results/per_query_minimal/formal_train_per_query.jsonl,876a16d098e1da3f642ef70854cbc985bae5f9e3,c6443f025b0ffdaf7adc4b7e5a2a198dc648b6012d6e895e3ef68e25eadd1f1a,selected document ids intentionally excluded
formal_train,qh_8b3d9def6db0b178,D1,1.0,0.510069131458292,VERIFIED_FROM_RELEASE,paper_results/per_query_minimal/formal_train_per_query.jsonl,876a16d098e1da3f642ef70854cbc985bae5f9e3,c6443f025b0ffdaf7adc4b7e5a2a198dc648b6012d6e895e3ef68e25eadd1f1a,selected document ids intentionally excluded
formal_train,qh_8b3d9def6db0b178,D2,1.0,0.6489315753318465,VERIFIED_FROM_RELEASE,paper_results/per_query_minimal/formal_train_per_query.jsonl,876a16d098e1da3f642ef70854cbc985bae5f9e3,c6443f025b0ffdaf7adc4b7e5a2a198dc648b6012d6e895e3ef68e25eadd1f1a,selected document ids intentionally excluded
formal_train,qh_8b3d9def6db0b178,D3,1.0,0.6489315753318465,VERIFIED_FROM_RELEASE,paper_results/per_query_minimal/formal_train_per_query.jsonl,876a16d098e1da3f642ef70854cbc985bae5f9e3,c6443f025b0ffdaf7adc4b7e5a2a198dc648b6012d6e895e3ef68e25eadd1f1a,selected document ids intentionally excluded
formal_train,qh_a8d411802faff998,B0,0.5,0.6489315753318465,VERIFIED_FROM_RELEASE,paper_results/per_query_minimal/formal_train_per_query.jsonl,876a16d098e1da3f642ef70854cbc985bae5f9e3,c6443f025b0ffdaf7adc4b7e5a2a198dc648b6012d6e895e3ef68e25eadd1f1a,selected document ids intentionally excluded
formal_train,qh_a8d411802faff998,D0,0.75,0.6489315753318465,VERIFIED_FROM_RELEASE,paper_results/per_query_minimal/formal_train_per_query.jsonl,876a16d098e1da3f642ef70854cbc985bae5f9e3,c6443f025b0ffdaf7adc4b7e5a2a198dc648b6012d6e895e3ef68e25eadd1f1a,selected document ids intentionally excluded
formal_train,qh_a8d411802faff998,D1,0.75,0.6489315753318465,VERIFIED_FROM_RELEASE,paper_results/per_query_minimal/formal_train_per_query.jsonl,876a16d098e1da3f642ef70854cbc985bae5f9e3,c6443f025b0ffdaf7adc4b7e5a2a198dc648b6012d6e895e3ef68e25eadd1f1a,selected document ids intentionally excluded
formal_train,qh_a8d411802faff998,D2,0.75,0.6489315753318465,VERIFIED_FROM_RELEASE,paper_results/per_query_minimal/formal_train_per_query.jsonl,876a16d098e1da3f642ef70854cbc985bae5f9e3,c6443f025b0ffdaf7adc4b7e5a2a198dc648b6012d6e895e3ef68e25eadd1f1a,selected document ids intentionally excluded
formal_train,qh_a8d411802faff998,D3,0.75,0.6489315753318465,VERIFIED_FROM_RELEASE,paper_results/per_query_minimal/formal_train_per_query.jsonl,876a16d098e1da3f642ef70854cbc985bae5f9e3,c6443f025b0ffdaf7adc4b7e5a2a198dc648b6012d6e895e3ef68e25eadd1f1a,selected document ids intentionally excluded
formal_train,qh_8961f1e69d69d7e5,B0,1.0,0.6930221935231562,VERIFIED_FROM_RELEASE,paper_results/per_query_minimal/formal_train_per_query.jsonl,876a16d098e1da3f642ef70854cbc985bae5f9e3,c6443f025b0ffdaf7adc4b7e5a2a198dc648b6012d6e895e3ef68e25eadd1f1a,selected document ids intentionally excluded
formal_train,qh_8961f1e69d69d7e5,D0,1.0,0.6930221935231562,VERIFIED_FROM_RELEASE,paper_results/per_query_minimal/formal_train_per_query.jsonl,876a16d098e1da3f642ef70854cbc985bae5f9e3,c6443f025b0ffdaf7adc4b7e5a2a198dc648b6012d6e895e3ef68e25eadd1f1a,selected document ids intentionally excluded
formal_train,qh_8961f1e69d69d7e5,D1,1.0,0.6930221935231562,VERIFIED_FROM_RELEASE,paper_results/per_query_minimal/formal_train_per_query.jsonl,876a16d098e1da3f642ef70854cbc985bae5f9e3,c6443f025b0ffdaf7adc4b7e5a2a198dc648b6012d6e895e3ef68e25eadd1f1a,selected document ids intentionally excluded
formal_train,qh_8961f1e69d69d7e5,D2,1.0,0.6930221935231562,VERIFIED_FROM_RELEASE,paper_results/per_query_minimal/formal_train_per_query.jsonl,876a16d098e1da3f642ef70854cbc985bae5f9e3,c6443f025b0ffdaf7adc4b7e5a2a198dc648b6012d6e895e3ef68e25eadd1f1a,selected document ids intentionally excluded
formal_train,qh_8961f1e69d69d7e5,D3,1.0,0.6930221935231562,VERIFIED_FROM_RELEASE,paper_results/per_query_minimal/formal_train_per_query.jsonl,876a16d098e1da3f642ef70854cbc985bae5f9e3,c6443f025b0ffdaf7adc4b7e5a2a198dc648b6012d6e895e3ef68e25eadd1f1a,selected document ids intentionally excluded
formal_train,qh_abdab8c305c32404,B0,0.5,0.5862021414044021,VERIFIED_FROM_RELEASE,paper_results/per_query_minimal/formal_train_per_query.jsonl,876a16d098e1da3f642ef70854cbc985bae5f9e3,c6443f025b0ffdaf7adc4b7e5a2a198dc648b6012d6e895e3ef68e25eadd1f1a,selected document ids intentionally excluded
formal_train,qh_abdab8c305c32404,D0,1.0,0.5862021414044021,VERIFIED_FROM_RELEASE,paper_results/per_query_minimal/formal_train_per_query.jsonl,876a16d098e1da3f642ef70854cbc985bae5f9e3,c6443f025b0ffdaf7adc4b7e5a2a198dc648b6012d6e895e3ef68e25eadd1f1a,selected document ids intentionally excluded
formal_train,qh_abdab8c305c32404,D1,1.0,0.5862021414044021,VERIFIED_FROM_RELEASE,paper_results/per_query_minimal/formal_train_per_query.jsonl,876a16d098e1da3f642ef70854cbc985bae5f9e3,c6443f025b0ffdaf7adc4b7e5a2a198dc648b6012d6e895e3ef68e25eadd1f1a,selected document ids intentionally excluded
formal_train,qh_abdab8c305c32404,D2,1.0,0.7457912185292984,VERIFIED_FROM_RELEASE,paper_results/per_query_minimal/formal_train_per_query.jsonl,876a16d098e1da3f642ef70854cbc985bae5f9e3,c6443f025b0ffdaf7adc4b7e5a2a198dc648b6012d6e895e3ef68e25eadd1f1a,selected document ids intentionally excluded
formal_train,qh_abdab8c305c32404,D3,1.0,0.6368547259115425,VERIFIED_FROM_RELEASE,paper_results/per_query_minimal/formal_train_per_query.jsonl,876a16d098e1da3f642ef70854cbc985bae5f9e3,c6443f025b0ffdaf7adc4b7e5a2a198dc648b6012d6e895e3ef68e25eadd1f1a,selected document ids intentionally excluded
formal_train,qh_b4bf0fa35e438b6e,B0,0.5,0.8104616303452685,VERIFIED_FROM_RELEASE,paper_results/per_query_minimal/formal_train_per_query.jsonl,876a16d098e1da3f642ef70854cbc985bae5f9e3,c6443f025b0ffdaf7adc4b7e5a2a198dc648b6012d6e895e3ef68e25eadd1f1a,selected document ids intentionally excluded
formal_train,qh_b4bf0fa35e438b6e,D0,1.0,0.8104616303452685,VERIFIED_FROM_RELEASE,paper_results/per_query_minimal/formal_train_per_query.jsonl,876a16d098e1da3f642ef70854cbc985bae5f9e3,c6443f025b0ffdaf7adc4b7e5a2a198dc648b6012d6e895e3ef68e25eadd1f1a,selected document ids intentionally excluded
formal_train,qh_b4bf0fa35e438b6e,D1,1.0,0.8104616303452685,VERIFIED_FROM_RELEASE,paper_results/per_query_minimal/formal_train_per_query.jsonl,876a16d098e1da3f642ef70854cbc985bae5f9e3,c6443f025b0ffdaf7adc4b7e5a2a198dc648b6012d6e895e3ef68e25eadd1f1a,selected document ids intentionally excluded
formal_train,qh_b4bf0fa35e438b6e,D2,0.5,0.8104616303452685,VERIFIED_FROM_RELEASE,paper_results/per_query_minimal/formal_train_per_query.jsonl,876a16d098e1da3f642ef70854cbc985bae5f9e3,c6443f025b0ffdaf7adc4b7e5a2a198dc648b6012d6e895e3ef68e25eadd1f1a,selected document ids intentionally excluded
formal_train,qh_b4bf0fa35e438b6e,D3,0.5,0.6730234638881232,VERIFIED_FROM_RELEASE,paper_results/per_query_minimal/formal_train_per_query.jsonl,876a16d098e1da3f642ef70854cbc985bae5f9e3,c6443f025b0ffdaf7adc4b7e5a2a198dc648b6012d6e895e3ef68e25eadd1f1a,selected document ids intentionally excluded
formal_train,qh_322a50191c5cc326,B0,1.0,0.6930221935231562,VERIFIED_FROM_RELEASE,paper_results/per_query_minimal/formal_train_per_query.jsonl,876a16d098e1da3f642ef70854cbc985bae5f9e3,c6443f025b0ffdaf7adc4b7e5a2a198dc648b6012d6e895e3ef68e25eadd1f1a,selected document ids intentionally excluded
formal_train,qh_322a50191c5cc326,D0,1.0,0.6930221935231562,VERIFIED_FROM_RELEASE,paper_results/per_query_minimal/formal_train_per_query.jsonl,876a16d098e1da3f642ef70854cbc985bae5f9e3,c6443f025b0ffdaf7adc4b7e5a2a198dc648b6012d6e895e3ef68e25eadd1f1a,selected document ids intentionally excluded
formal_train,qh_322a50191c5cc326,D1,1.0,0.6930221935231562,VERIFIED_FROM_RELEASE,paper_results/per_query_minimal/formal_train_per_query.jsonl,876a16d098e1da3f642ef70854cbc985bae5f9e3,c6443f025b0ffdaf7adc4b7e5a2a198dc648b6012d6e895e3ef68e25eadd1f1a,selected document ids intentionally excluded
formal_train,qh_322a50191c5cc326,D2,1.0,0.6930221935231562,VERIFIED_FROM_RELEASE,paper_results/per_query_minimal/formal_train_per_query.jsonl,876a16d098e1da3f642ef70854cbc985bae5f9e3,c6443f025b0ffdaf7adc4b7e5a2a198dc648b6012d6e895e3ef68e25eadd1f1a,selected document ids intentionally excluded
formal_train,qh_322a50191c5cc326,D3,1.0,0.6930221935231562,VERIFIED_FROM_RELEASE,paper_results/per_query_minimal/formal_train_per_query.jsonl,876a16d098e1da3f642ef70854cbc985bae5f9e3,c6443f025b0ffdaf7adc4b7e5a2a198dc648b6012d6e895e3ef68e25eadd1f1a,selected document ids intentionally excluded
formal_train,qh_f5f20f1d94f83c6d,B0,1.0,0.6489315753318465,VERIFIED_FROM_RELEASE,paper_results/per_query_minimal/formal_train_per_query.jsonl,876a16d098e1da3f642ef70854cbc985bae5f9e3,c6443f025b0ffdaf7adc4b7e5a2a198dc648b6012d6e895e3ef68e25eadd1f1a,selected document ids intentionally excluded
formal_train,qh_f5f20f1d94f83c6d,D0,1.0,0.6489315753318465,VERIFIED_FROM_RELEASE,paper_results/per_query_minimal/formal_train_per_query.jsonl,876a16d098e1da3f642ef70854cbc985bae5f9e3,c6443f025b0ffdaf7adc4b7e5a2a198dc648b6012d6e895e3ef68e25eadd1f1a,selected document ids intentionally excluded
formal_train,qh_f5f20f1d94f83c6d,D1,1.0,0.6489315753318465,VERIFIED_FROM_RELEASE,paper_results/per_query_minimal/formal_train_per_query.jsonl,876a16d098e1da3f642ef70854cbc985bae5f9e3,c6443f025b0ffdaf7adc4b7e5a2a198dc648b6012d6e895e3ef68e25eadd1f1a,selected document ids intentionally excluded
formal_train,qh_f5f20f1d94f83c6d,D2,1.0,0.6489315753318465,VERIFIED_FROM_RELEASE,paper_results/per_query_minimal/formal_train_per_query.jsonl,876a16d098e1da3f642ef70854cbc985bae5f9e3,c6443f025b0ffdaf7adc4b7e5a2a198dc648b6012d6e895e3ef68e25eadd1f1a,selected document ids intentionally excluded
formal_train,qh_f5f20f1d94f83c6d,D3,1.0,0.6489315753318465,VERIFIED_FROM_RELEASE,paper_results/per_query_minimal/formal_train_per_query.jsonl,876a16d098e1da3f642ef70854cbc985bae5f9e3,c6443f025b0ffdaf7adc4b7e5a2a198dc648b6012d6e895e3ef68e25eadd1f1a,selected document ids intentionally excluded
formal_train,qh_8f418ce4af7ccb76,B0,1.0,0.7457912185292984,VERIFIED_FROM_RELEASE,paper_results/per_query_minimal/formal_train_per_query.jsonl,876a16d098e1da3f642ef70854cbc985bae5f9e3,c6443f025b0ffdaf7adc4b7e5a2a198dc648b6012d6e895e3ef68e25eadd1f1a,selected document ids intentionally excluded
formal_train,qh_8f418ce4af7ccb76,D0,1.0,0.7457912185292984,VERIFIED_FROM_RELEASE,paper_results/per_query_minimal/formal_train_per_query.jsonl,876a16d098e1da3f642ef70854cbc985bae5f9e3,c6443f025b0ffdaf7adc4b7e5a2a198dc648b6012d6e895e3ef68e25eadd1f1a,selected document ids intentionally excluded
formal_train,qh_8f418ce4af7ccb76,D1,1.0,0.7457912185292984,VERIFIED_FROM_RELEASE,paper_results/per_query_minimal/formal_train_per_query.jsonl,876a16d098e1da3f642ef70854cbc985bae5f9e3,c6443f025b0ffdaf7adc4b7e5a2a198dc648b6012d6e895e3ef68e25eadd1f1a,selected document ids intentionally excluded
formal_train,qh_8f418ce4af7ccb76,D2,1.0,0.7457912185292984,VERIFIED_FROM_RELEASE,paper_results/per_query_minimal/formal_train_per_query.jsonl,876a16d098e1da3f642ef70854cbc985bae5f9e3,c6443f025b0ffdaf7adc4b7e5a2a198dc648b6012d6e895e3ef68e25eadd1f1a,selected document ids intentionally excluded
formal_train,qh_8f418ce4af7ccb76,D3,1.0,0.7457912185292984,VERIFIED_FROM_RELEASE,paper_results/per_query_minimal/formal_train_per_query.jsonl,876a16d098e1da3f642ef70854cbc985bae5f9e3,c6443f025b0ffdaf7adc4b7e5a2a198dc648b6012d6e895e3ef68e25eadd1f1a,selected document ids intentionally excluded
formal_train,qh_dfe23e7f184fd470,B0,1.0,0.6489315753318465,VERIFIED_FROM_RELEASE,paper_results/per_query_minimal/formal_train_per_query.jsonl,876a16d098e1da3f642ef70854cbc985bae5f9e3,c6443f025b0ffdaf7adc4b7e5a2a198dc648b6012d6e895e3ef68e25eadd1f1a,selected document ids intentionally excluded
formal_train,qh_dfe23e7f184fd470,D0,1.0,0.6489315753318465,VERIFIED_FROM_RELEASE,paper_results/per_query_minimal/formal_train_per_query.jsonl,876a16d098e1da3f642ef70854cbc985bae5f9e3,c6443f025b0ffdaf7adc4b7e5a2a198dc648b6012d6e895e3ef68e25eadd1f1a,selected document ids intentionally excluded
formal_train,qh_dfe23e7f184fd470,D1,1.0,0.6489315753318465,VERIFIED_FROM_RELEASE,paper_results/per_query_minimal/formal_train_per_query.jsonl,876a16d098e1da3f642ef70854cbc985bae5f9e3,c6443f025b0ffdaf7adc4b7e5a2a198dc648b6012d6e895e3ef68e25eadd1f1a,selected document ids intentionally excluded
formal_train,qh_dfe23e7f184fd470,D2,1.0,0.6489315753318465,VERIFIED_FROM_RELEASE,paper_results/per_query_minimal/formal_train_per_query.jsonl,876a16d098e1da3f642ef70854cbc985bae5f9e3,c6443f025b0ffdaf7adc4b7e5a2a198dc648b6012d6e895e3ef68e25eadd1f1a,selected document ids intentionally excluded
formal_train,qh_dfe23e7f184fd470,D3,1.0,0.6489315753318465,VERIFIED_FROM_RELEASE,paper_results/per_query_minimal/formal_train_per_query.jsonl,876a16d098e1da3f642ef70854cbc985bae5f9e3,c6443f025b0ffdaf7adc4b7e5a2a198dc648b6012d6e895e3ef68e25eadd1f1a,selected document ids intentionally excluded
formal_train,qh_786cdcb5bc70a207,B0,0.75,0.6930221935231562,VERIFIED_FROM_RELEASE,paper_results/per_query_minimal/formal_train_per_query.jsonl,876a16d098e1da3f642ef70854cbc985bae5f9e3,c6443f025b0ffdaf7adc4b7e5a2a198dc648b6012d6e895e3ef68e25eadd1f1a,selected document ids intentionally excluded
formal_train,qh_786cdcb5bc70a207,D0,0.75,0.6930221935231562,VERIFIED_FROM_RELEASE,paper_results/per_query_minimal/formal_train_per_query.jsonl,876a16d098e1da3f642ef70854cbc985bae5f9e3,c6443f025b0ffdaf7adc4b7e5a2a198dc648b6012d6e895e3ef68e25eadd1f1a,selected document ids intentionally excluded
formal_train,qh_786cdcb5bc70a207,D1,0.75,0.6930221935231562,VERIFIED_FROM_RELEASE,paper_results/per_query_minimal/formal_train_per_query.jsonl,876a16d098e1da3f642ef70854cbc985bae5f9e3,c6443f025b0ffdaf7adc4b7e5a2a198dc648b6012d6e895e3ef68e25eadd1f1a,selected document ids intentionally excluded
formal_train,qh_786cdcb5bc70a207,D2,0.75,0.6930221935231562,VERIFIED_FROM_RELEASE,paper_results/per_query_minimal/formal_train_per_query.jsonl,876a16d098e1da3f642ef70854cbc985bae5f9e3,c6443f025b0ffdaf7adc4b7e5a2a198dc648b6012d6e895e3ef68e25eadd1f1a,selected document ids intentionally excluded
formal_train,qh_786cdcb5bc70a207,D3,0.75,0.6930221935231562,VERIFIED_FROM_RELEASE,paper_results/per_query_minimal/formal_train_per_query.jsonl,876a16d098e1da3f642ef70854cbc985bae5f9e3,c6443f025b0ffdaf7adc4b7e5a2a198dc648b6012d6e895e3ef68e25eadd1f1a,selected document ids intentionally excluded
formal_train,qh_4b4890e34dafc32a,B0,1.0,0.6238470455881189,VERIFIED_FROM_RELEASE,paper_results/per_query_minimal/formal_train_per_query.jsonl,876a16d098e1da3f642ef70854cbc985bae5f9e3,c6443f025b0ffdaf7adc4b7e5a2a198dc648b6012d6e895e3ef68e25eadd1f1a,selected document ids intentionally excluded
formal_train,qh_4b4890e34dafc32a,D0,1.0,0.419665006636777,VERIFIED_FROM_RELEASE,paper_results/per_query_minimal/formal_train_per_query.jsonl,876a16d098e1da3f642ef70854cbc985bae5f9e3,c6443f025b0ffdaf7adc4b7e5a2a198dc648b6012d6e895e3ef68e25eadd1f1a,selected document ids intentionally excluded
formal_train,qh_4b4890e34dafc32a,D1,1.0,0.4935232796777482,VERIFIED_FROM_RELEASE,paper_results/per_query_minimal/formal_train_per_query.jsonl,876a16d098e1da3f642ef70854cbc985bae5f9e3,c6443f025b0ffdaf7adc4b7e5a2a198dc648b6012d6e895e3ef68e25eadd1f1a,selected document ids intentionally excluded
formal_train,qh_4b4890e34dafc32a,D2,1.0,0.5709662133861838,VERIFIED_FROM_RELEASE,paper_results/per_query_minimal/formal_train_per_query.jsonl,876a16d098e1da3f642ef70854cbc985bae5f9e3,c6443f025b0ffdaf7adc4b7e5a2a198dc648b6012d6e895e3ef68e25eadd1f1a,selected document ids intentionally excluded
formal_train,qh_4b4890e34dafc32a,D3,1.0,0.5842273861585909,VERIFIED_FROM_RELEASE,paper_results/per_query_minimal/formal_train_per_query.jsonl,876a16d098e1da3f642ef70854cbc985bae5f9e3,c6443f025b0ffdaf7adc4b7e5a2a198dc648b6012d6e895e3ef68e25eadd1f1a,selected document ids intentionally excluded
formal_train,qh_3ebfc123c3617d5f,B0,1.0,0.22471947398559283,VERIFIED_FROM_RELEASE,paper_results/per_query_minimal/formal_train_per_query.jsonl,876a16d098e1da3f642ef70854cbc985bae5f9e3,c6443f025b0ffdaf7adc4b7e5a2a198dc648b6012d6e895e3ef68e25eadd1f1a,selected document ids intentionally excluded
formal_train,qh_3ebfc123c3617d5f,D0,1.0,0.2748763329142909,VERIFIED_FROM_RELEASE,paper_results/per_query_minimal/formal_train_per_query.jsonl,876a16d098e1da3f642ef70854cbc985bae5f9e3,c6443f025b0ffdaf7adc4b7e5a2a198dc648b6012d6e895e3ef68e25eadd1f1a,selected document ids intentionally excluded
formal_train,qh_3ebfc123c3617d5f,D1,1.0,0.2748763329142909,VERIFIED_FROM_RELEASE,paper_results/per_query_minimal/formal_train_per_query.jsonl,876a16d098e1da3f642ef70854cbc985bae5f9e3,c6443f025b0ffdaf7adc4b7e5a2a198dc648b6012d6e895e3ef68e25eadd1f1a,selected document ids intentionally excluded
formal_train,qh_3ebfc123c3617d5f,D2,1.0,0.22471947398559283,VERIFIED_FROM_RELEASE,paper_results/per_query_minimal/formal_train_per_query.jsonl,876a16d098e1da3f642ef70854cbc985bae5f9e3,c6443f025b0ffdaf7adc4b7e5a2a198dc648b6012d6e895e3ef68e25eadd1f1a,selected document ids intentionally excluded
formal_train,qh_3ebfc123c3617d5f,D3,1.0,0.3812130139445208,VERIFIED_FROM_RELEASE,paper_results/per_query_minimal/formal_train_per_query.jsonl,876a16d098e1da3f642ef70854cbc985bae5f9e3,c6443f025b0ffdaf7adc4b7e5a2a198dc648b6012d6e895e3ef68e25eadd1f1a,selected document ids intentionally excluded
formal_train,qh_2a8946aba8202541,B0,1.0,0.7457912185292984,VERIFIED_FROM_RELEASE,paper_results/per_query_minimal/formal_train_per_query.jsonl,876a16d098e1da3f642ef70854cbc985bae5f9e3,c6443f025b0ffdaf7adc4b7e5a2a198dc648b6012d6e895e3ef68e25eadd1f1a,selected document ids intentionally excluded
formal_train,qh_2a8946aba8202541,D0,1.0,0.7457912185292984,VERIFIED_FROM_RELEASE,paper_results/per_query_minimal/formal_train_per_query.jsonl,876a16d098e1da3f642ef70854cbc985bae5f9e3,c6443f025b0ffdaf7adc4b7e5a2a198dc648b6012d6e895e3ef68e25eadd1f1a,selected document ids intentionally excluded
formal_train,qh_2a8946aba8202541,D1,1.0,0.7457912185292984,VERIFIED_FROM_RELEASE,paper_results/per_query_minimal/formal_train_per_query.jsonl,876a16d098e1da3f642ef70854cbc985bae5f9e3,c6443f025b0ffdaf7adc4b7e5a2a198dc648b6012d6e895e3ef68e25eadd1f1a,selected document ids intentionally excluded
formal_train,qh_2a8946aba8202541,D2,1.0,0.7457912185292984,VERIFIED_FROM_RELEASE,paper_results/per_query_minimal/formal_train_per_query.jsonl,876a16d098e1da3f642ef70854cbc985bae5f9e3,c6443f025b0ffdaf7adc4b7e5a2a198dc648b6012d6e895e3ef68e25eadd1f1a,selected document ids intentionally excluded
formal_train,qh_2a8946aba8202541,D3,1.0,0.7457912185292984,VERIFIED_FROM_RELEASE,paper_results/per_query_minimal/formal_train_per_query.jsonl,876a16d098e1da3f642ef70854cbc985bae5f9e3,c6443f025b0ffdaf7adc4b7e5a2a198dc648b6012d6e895e3ef68e25eadd1f1a,selected document ids intentionally excluded
formal_train,qh_8e0a0d3f776b3c4b,B0,1.0,0.7457912185292984,VERIFIED_FROM_RELEASE,paper_results/per_query_minimal/formal_train_per_query.jsonl,876a16d098e1da3f642ef70854cbc985bae5f9e3,c6443f025b0ffdaf7adc4b7e5a2a198dc648b6012d6e895e3ef68e25eadd1f1a,selected document ids intentionally excluded
formal_train,qh_8e0a0d3f776b3c4b,D0,1.0,0.7457912185292984,VERIFIED_FROM_RELEASE,paper_results/per_query_minimal/formal_train_per_query.jsonl,876a16d098e1da3f642ef70854cbc985bae5f9e3,c6443f025b0ffdaf7adc4b7e5a2a198dc648b6012d6e895e3ef68e25eadd1f1a,selected document ids intentionally excluded
formal_train,qh_8e0a0d3f776b3c4b,D1,1.0,0.7457912185292984,VERIFIED_FROM_RELEASE,paper_results/per_query_minimal/formal_train_per_query.jsonl,876a16d098e1da3f642ef70854cbc985bae5f9e3,c6443f025b0ffdaf7adc4b7e5a2a198dc648b6012d6e895e3ef68e25eadd1f1a,selected document ids intentionally excluded
formal_train,qh_8e0a0d3f776b3c4b,D2,1.0,0.7457912185292984,VERIFIED_FROM_RELEASE,paper_results/per_query_minimal/formal_train_per_query.jsonl,876a16d098e1da3f642ef70854cbc985bae5f9e3,c6443f025b0ffdaf7adc4b7e5a2a198dc648b6012d6e895e3ef68e25eadd1f1a,selected document ids intentionally excluded
formal_train,qh_8e0a0d3f776b3c4b,D3,1.0,0.7457912185292984,VERIFIED_FROM_RELEASE,paper_results/per_query_minimal/formal_train_per_query.jsonl,876a16d098e1da3f642ef70854cbc985bae5f9e3,c6443f025b0ffdaf7adc4b7e5a2a198dc648b6012d6e895e3ef68e25eadd1f1a,selected document ids intentionally excluded
formal_train,qh_da42f46864826ea0,B0,1.0,0.6930221935231562,VERIFIED_FROM_RELEASE,paper_results/per_query_minimal/formal_train_per_query.jsonl,876a16d098e1da3f642ef70854cbc985bae5f9e3,c6443f025b0ffdaf7adc4b7e5a2a198dc648b6012d6e895e3ef68e25eadd1f1a,selected document ids intentionally excluded
formal_train,qh_da42f46864826ea0,D0,1.0,0.6930221935231562,VERIFIED_FROM_RELEASE,paper_results/per_query_minimal/formal_train_per_query.jsonl,876a16d098e1da3f642ef70854cbc985bae5f9e3,c6443f025b0ffdaf7adc4b7e5a2a198dc648b6012d6e895e3ef68e25eadd1f1a,selected document ids intentionally excluded
formal_train,qh_da42f46864826ea0,D1,1.0,0.6930221935231562,VERIFIED_FROM_RELEASE,paper_results/per_query_minimal/formal_train_per_query.jsonl,876a16d098e1da3f642ef70854cbc985bae5f9e3,c6443f025b0ffdaf7adc4b7e5a2a198dc648b6012d6e895e3ef68e25eadd1f1a,selected document ids intentionally excluded
formal_train,qh_da42f46864826ea0,D2,1.0,0.6930221935231562,VERIFIED_FROM_RELEASE,paper_results/per_query_minimal/formal_train_per_query.jsonl,876a16d098e1da3f642ef70854cbc985bae5f9e3,c6443f025b0ffdaf7adc4b7e5a2a198dc648b6012d6e895e3ef68e25eadd1f1a,selected document ids intentionally excluded
formal_train,qh_da42f46864826ea0,D3,1.0,0.6930221935231562,VERIFIED_FROM_RELEASE,paper_results/per_query_minimal/formal_train_per_query.jsonl,876a16d098e1da3f642ef70854cbc985bae5f9e3,c6443f025b0ffdaf7adc4b7e5a2a198dc648b6012d6e895e3ef68e25eadd1f1a,selected document ids intentionally excluded
formal_train,qh_05d546a0166c67b7,B0,1.0,0.6508205185601091,VERIFIED_FROM_RELEASE,paper_results/per_query_minimal/formal_train_per_query.jsonl,876a16d098e1da3f642ef70854cbc985bae5f9e3,c6443f025b0ffdaf7adc4b7e5a2a198dc648b6012d6e895e3ef68e25eadd1f1a,selected document ids intentionally excluded
formal_train,qh_05d546a0166c67b7,D0,1.0,0.7653606369886218,VERIFIED_FROM_RELEASE,paper_results/per_query_minimal/formal_train_per_query.jsonl,876a16d098e1da3f642ef70854cbc985bae5f9e3,c6443f025b0ffdaf7adc4b7e5a2a198dc648b6012d6e895e3ef68e25eadd1f1a,selected document ids intentionally excluded
formal_train,qh_05d546a0166c67b7,D1,1.0,0.7653606369886218,VERIFIED_FROM_RELEASE,paper_results/per_query_minimal/formal_train_per_query.jsonl,876a16d098e1da3f642ef70854cbc985bae5f9e3,c6443f025b0ffdaf7adc4b7e5a2a198dc648b6012d6e895e3ef68e25eadd1f1a,selected document ids intentionally excluded
formal_train,qh_05d546a0166c67b7,D2,1.0,0.6508205185601091,VERIFIED_FROM_RELEASE,paper_results/per_query_minimal/formal_train_per_query.jsonl,876a16d098e1da3f642ef70854cbc985bae5f9e3,c6443f025b0ffdaf7adc4b7e5a2a198dc648b6012d6e895e3ef68e25eadd1f1a,selected document ids intentionally excluded
formal_train,qh_05d546a0166c67b7,D3,1.0,0.6508205185601091,VERIFIED_FROM_RELEASE,paper_results/per_query_minimal/formal_train_per_query.jsonl,876a16d098e1da3f642ef70854cbc985bae5f9e3,c6443f025b0ffdaf7adc4b7e5a2a198dc648b6012d6e895e3ef68e25eadd1f1a,selected document ids intentionally excluded
formal_train,qh_2d04a602d6c9b86b,B0,1.0,0.6489315753318465,VERIFIED_FROM_RELEASE,paper_results/per_query_minimal/formal_train_per_query.jsonl,876a16d098e1da3f642ef70854cbc985bae5f9e3,c6443f025b0ffdaf7adc4b7e5a2a198dc648b6012d6e895e3ef68e25eadd1f1a,selected document ids intentionally excluded
formal_train,qh_2d04a602d6c9b86b,D0,1.0,0.6489315753318465,VERIFIED_FROM_RELEASE,paper_results/per_query_minimal/formal_train_per_query.jsonl,876a16d098e1da3f642ef70854cbc985bae5f9e3,c6443f025b0ffdaf7adc4b7e5a2a198dc648b6012d6e895e3ef68e25eadd1f1a,selected document ids intentionally excluded
formal_train,qh_2d04a602d6c9b86b,D1,1.0,0.6489315753318465,VERIFIED_FROM_RELEASE,paper_results/per_query_minimal/formal_train_per_query.jsonl,876a16d098e1da3f642ef70854cbc985bae5f9e3,c6443f025b0ffdaf7adc4b7e5a2a198dc648b6012d6e895e3ef68e25eadd1f1a,selected document ids intentionally excluded
formal_train,qh_2d04a602d6c9b86b,D2,1.0,0.6489315753318465,VERIFIED_FROM_RELEASE,paper_results/per_query_minimal/formal_train_per_query.jsonl,876a16d098e1da3f642ef70854cbc985bae5f9e3,c6443f025b0ffdaf7adc4b7e5a2a198dc648b6012d6e895e3ef68e25eadd1f1a,selected document ids intentionally excluded
formal_train,qh_2d04a602d6c9b86b,D3,1.0,0.6489315753318465,VERIFIED_FROM_RELEASE,paper_results/per_query_minimal/formal_train_per_query.jsonl,876a16d098e1da3f642ef70854cbc985bae5f9e3,c6443f025b0ffdaf7adc4b7e5a2a198dc648b6012d6e895e3ef68e25eadd1f1a,selected document ids intentionally excluded
formal_train,qh_80a8970e896fbd61,B0,0.6666666666666666,0.6489315753318465,VERIFIED_FROM_RELEASE,paper_results/per_query_minimal/formal_train_per_query.jsonl,876a16d098e1da3f642ef70854cbc985bae5f9e3,c6443f025b0ffdaf7adc4b7e5a2a198dc648b6012d6e895e3ef68e25eadd1f1a,selected document ids intentionally excluded
formal_train,qh_80a8970e896fbd61,D0,0.6666666666666666,0.6489315753318465,VERIFIED_FROM_RELEASE,paper_results/per_query_minimal/formal_train_per_query.jsonl,876a16d098e1da3f642ef70854cbc985bae5f9e3,c6443f025b0ffdaf7adc4b7e5a2a198dc648b6012d6e895e3ef68e25eadd1f1a,selected document ids intentionally excluded
formal_train,qh_80a8970e896fbd61,D1,0.6666666666666666,0.6489315753318465,VERIFIED_FROM_RELEASE,paper_results/per_query_minimal/formal_train_per_query.jsonl,876a16d098e1da3f642ef70854cbc985bae5f9e3,c6443f025b0ffdaf7adc4b7e5a2a198dc648b6012d6e895e3ef68e25eadd1f1a,selected document ids intentionally excluded
formal_train,qh_80a8970e896fbd61,D2,0.6666666666666666,0.6489315753318465,VERIFIED_FROM_RELEASE,paper_results/per_query_minimal/formal_train_per_query.jsonl,876a16d098e1da3f642ef70854cbc985bae5f9e3,c6443f025b0ffdaf7adc4b7e5a2a198dc648b6012d6e895e3ef68e25eadd1f1a,selected document ids intentionally excluded
formal_train,qh_80a8970e896fbd61,D3,0.6666666666666666,0.6489315753318465,VERIFIED_FROM_RELEASE,paper_results/per_query_minimal/formal_train_per_query.jsonl,876a16d098e1da3f642ef70854cbc985bae5f9e3,c6443f025b0ffdaf7adc4b7e5a2a198dc648b6012d6e895e3ef68e25eadd1f1a,selected document ids intentionally excluded
formal_train,qh_dae044a89adca91c,B0,1.0,0.6489315753318465,VERIFIED_FROM_RELEASE,paper_results/per_query_minimal/formal_train_per_query.jsonl,876a16d098e1da3f642ef70854cbc985bae5f9e3,c6443f025b0ffdaf7adc4b7e5a2a198dc648b6012d6e895e3ef68e25eadd1f1a,selected document ids intentionally excluded
formal_train,qh_dae044a89adca91c,D0,1.0,0.6489315753318465,VERIFIED_FROM_RELEASE,paper_results/per_query_minimal/formal_train_per_query.jsonl,876a16d098e1da3f642ef70854cbc985bae5f9e3,c6443f025b0ffdaf7adc4b7e5a2a198dc648b6012d6e895e3ef68e25eadd1f1a,selected document ids intentionally excluded
formal_train,qh_dae044a89adca91c,D1,1.0,0.6489315753318465,VERIFIED_FROM_RELEASE,paper_results/per_query_minimal/formal_train_per_query.jsonl,876a16d098e1da3f642ef70854cbc985bae5f9e3,c6443f025b0ffdaf7adc4b7e5a2a198dc648b6012d6e895e3ef68e25eadd1f1a,selected document ids intentionally excluded
formal_train,qh_dae044a89adca91c,D2,1.0,0.6489315753318465,VERIFIED_FROM_RELEASE,paper_results/per_query_minimal/formal_train_per_query.jsonl,876a16d098e1da3f642ef70854cbc985bae5f9e3,c6443f025b0ffdaf7adc4b7e5a2a198dc648b6012d6e895e3ef68e25eadd1f1a,selected document ids intentionally excluded
formal_train,qh_dae044a89adca91c,D3,1.0,0.6489315753318465,VERIFIED_FROM_RELEASE,paper_results/per_query_minimal/formal_train_per_query.jsonl,876a16d098e1da3f642ef70854cbc985bae5f9e3,c6443f025b0ffdaf7adc4b7e5a2a198dc648b6012d6e895e3ef68e25eadd1f1a,selected document ids intentionally excluded
formal_train,qh_84545588353aae41,B0,0.6666666666666666,0.6182885020492787,VERIFIED_FROM_RELEASE,paper_results/per_query_minimal/formal_train_per_query.jsonl,876a16d098e1da3f642ef70854cbc985bae5f9e3,c6443f025b0ffdaf7adc4b7e5a2a198dc648b6012d6e895e3ef68e25eadd1f1a,selected document ids intentionally excluded
formal_train,qh_84545588353aae41,D0,0.6666666666666666,0.4692787260227565,VERIFIED_FROM_RELEASE,paper_results/per_query_minimal/formal_train_per_query.jsonl,876a16d098e1da3f642ef70854cbc985bae5f9e3,c6443f025b0ffdaf7adc4b7e5a2a198dc648b6012d6e895e3ef68e25eadd1f1a,selected document ids intentionally excluded
formal_train,qh_84545588353aae41,D1,0.6666666666666666,0.6713860725233042,VERIFIED_FROM_RELEASE,paper_results/per_query_minimal/formal_train_per_query.jsonl,876a16d098e1da3f642ef70854cbc985bae5f9e3,c6443f025b0ffdaf7adc4b7e5a2a198dc648b6012d6e895e3ef68e25eadd1f1a,selected document ids intentionally excluded
formal_train,qh_84545588353aae41,D2,0.6666666666666666,0.6797310500037657,VERIFIED_FROM_RELEASE,paper_results/per_query_minimal/formal_train_per_query.jsonl,876a16d098e1da3f642ef70854cbc985bae5f9e3,c6443f025b0ffdaf7adc4b7e5a2a198dc648b6012d6e895e3ef68e25eadd1f1a,selected document ids intentionally excluded
formal_train,qh_84545588353aae41,D3,0.6666666666666666,0.6797310500037657,VERIFIED_FROM_RELEASE,paper_results/per_query_minimal/formal_train_per_query.jsonl,876a16d098e1da3f642ef70854cbc985bae5f9e3,c6443f025b0ffdaf7adc4b7e5a2a198dc648b6012d6e895e3ef68e25eadd1f1a,selected document ids intentionally excluded
formal_train,qh_677ae20ed632a673,B0,0.75,0.6489315753318465,VERIFIED_FROM_RELEASE,paper_results/per_query_minimal/formal_train_per_query.jsonl,876a16d098e1da3f642ef70854cbc985bae5f9e3,c6443f025b0ffdaf7adc4b7e5a2a198dc648b6012d6e895e3ef68e25eadd1f1a,selected document ids intentionally excluded
formal_train,qh_677ae20ed632a673,D0,1.0,0.6489315753318465,VERIFIED_FROM_RELEASE,paper_results/per_query_minimal/formal_train_per_query.jsonl,876a16d098e1da3f642ef70854cbc985bae5f9e3,c6443f025b0ffdaf7adc4b7e5a2a198dc648b6012d6e895e3ef68e25eadd1f1a,selected document ids intentionally excluded
formal_train,qh_677ae20ed632a673,D1,1.0,0.6489315753318465,VERIFIED_FROM_RELEASE,paper_results/per_query_minimal/formal_train_per_query.jsonl,876a16d098e1da3f642ef70854cbc985bae5f9e3,c6443f025b0ffdaf7adc4b7e5a2a198dc648b6012d6e895e3ef68e25eadd1f1a,selected document ids intentionally excluded
formal_train,qh_677ae20ed632a673,D2,0.75,0.6489315753318465,VERIFIED_FROM_RELEASE,paper_results/per_query_minimal/formal_train_per_query.jsonl,876a16d098e1da3f642ef70854cbc985bae5f9e3,c6443f025b0ffdaf7adc4b7e5a2a198dc648b6012d6e895e3ef68e25eadd1f1a,selected document ids intentionally excluded
formal_train,qh_677ae20ed632a673,D3,0.75,0.6489315753318465,VERIFIED_FROM_RELEASE,paper_results/per_query_minimal/formal_train_per_query.jsonl,876a16d098e1da3f642ef70854cbc985bae5f9e3,c6443f025b0ffdaf7adc4b7e5a2a198dc648b6012d6e895e3ef68e25eadd1f1a,selected document ids intentionally excluded
formal_train,qh_db77b3198fd99a6d,B0,1.0,0.46900009332067477,VERIFIED_FROM_RELEASE,paper_results/per_query_minimal/formal_train_per_query.jsonl,876a16d098e1da3f642ef70854cbc985bae5f9e3,c6443f025b0ffdaf7adc4b7e5a2a198dc648b6012d6e895e3ef68e25eadd1f1a,selected document ids intentionally excluded
formal_train,qh_db77b3198fd99a6d,D0,1.0,0.40002324830925196,VERIFIED_FROM_RELEASE,paper_results/per_query_minimal/formal_train_per_query.jsonl,876a16d098e1da3f642ef70854cbc985bae5f9e3,c6443f025b0ffdaf7adc4b7e5a2a198dc648b6012d6e895e3ef68e25eadd1f1a,selected document ids intentionally excluded
formal_train,qh_db77b3198fd99a6d,D1,1.0,0.40002324830925196,VERIFIED_FROM_RELEASE,paper_results/per_query_minimal/formal_train_per_query.jsonl,876a16d098e1da3f642ef70854cbc985bae5f9e3,c6443f025b0ffdaf7adc4b7e5a2a198dc648b6012d6e895e3ef68e25eadd1f1a,selected document ids intentionally excluded
formal_train,qh_db77b3198fd99a6d,D2,1.0,0.5637884576902256,VERIFIED_FROM_RELEASE,paper_results/per_query_minimal/formal_train_per_query.jsonl,876a16d098e1da3f642ef70854cbc985bae5f9e3,c6443f025b0ffdaf7adc4b7e5a2a198dc648b6012d6e895e3ef68e25eadd1f1a,selected document ids intentionally excluded
formal_train,qh_db77b3198fd99a6d,D3,1.0,0.5637884576902256,VERIFIED_FROM_RELEASE,paper_results/per_query_minimal/formal_train_per_query.jsonl,876a16d098e1da3f642ef70854cbc985bae5f9e3,c6443f025b0ffdaf7adc4b7e5a2a198dc648b6012d6e895e3ef68e25eadd1f1a,selected document ids intentionally excluded
formal_train,qh_1abf90e61d128aff,B0,1.0,0.6368547259115425,VERIFIED_FROM_RELEASE,paper_results/per_query_minimal/formal_train_per_query.jsonl,876a16d098e1da3f642ef70854cbc985bae5f9e3,c6443f025b0ffdaf7adc4b7e5a2a198dc648b6012d6e895e3ef68e25eadd1f1a,selected document ids intentionally excluded
formal_train,qh_1abf90e61d128aff,D0,1.0,0.45973079002057354,VERIFIED_FROM_RELEASE,paper_results/per_query_minimal/formal_train_per_query.jsonl,876a16d098e1da3f642ef70854cbc985bae5f9e3,c6443f025b0ffdaf7adc4b7e5a2a198dc648b6012d6e895e3ef68e25eadd1f1a,selected document ids intentionally excluded
formal_train,qh_1abf90e61d128aff,D1,1.0,0.45973079002057354,VERIFIED_FROM_RELEASE,paper_results/per_query_minimal/formal_train_per_query.jsonl,876a16d098e1da3f642ef70854cbc985bae5f9e3,c6443f025b0ffdaf7adc4b7e5a2a198dc648b6012d6e895e3ef68e25eadd1f1a,selected document ids intentionally excluded
formal_train,qh_1abf90e61d128aff,D2,1.0,0.6368547259115425,VERIFIED_FROM_RELEASE,paper_results/per_query_minimal/formal_train_per_query.jsonl,876a16d098e1da3f642ef70854cbc985bae5f9e3,c6443f025b0ffdaf7adc4b7e5a2a198dc648b6012d6e895e3ef68e25eadd1f1a,selected document ids intentionally excluded
formal_train,qh_1abf90e61d128aff,D3,1.0,0.6368547259115425,VERIFIED_FROM_RELEASE,paper_results/per_query_minimal/formal_train_per_query.jsonl,876a16d098e1da3f642ef70854cbc985bae5f9e3,c6443f025b0ffdaf7adc4b7e5a2a198dc648b6012d6e895e3ef68e25eadd1f1a,selected document ids intentionally excluded
formal_train,qh_76dd37c8d74e355f,B0,0.6,0.6489315753318465,VERIFIED_FROM_RELEASE,paper_results/per_query_minimal/formal_train_per_query.jsonl,876a16d098e1da3f642ef70854cbc985bae5f9e3,c6443f025b0ffdaf7adc4b7e5a2a198dc648b6012d6e895e3ef68e25eadd1f1a,selected document ids intentionally excluded
formal_train,qh_76dd37c8d74e355f,D0,1.0,0.6489315753318465,VERIFIED_FROM_RELEASE,paper_results/per_query_minimal/formal_train_per_query.jsonl,876a16d098e1da3f642ef70854cbc985bae5f9e3,c6443f025b0ffdaf7adc4b7e5a2a198dc648b6012d6e895e3ef68e25eadd1f1a,selected document ids intentionally excluded
formal_train,qh_76dd37c8d74e355f,D1,0.8,0.6489315753318465,VERIFIED_FROM_RELEASE,paper_results/per_query_minimal/formal_train_per_query.jsonl,876a16d098e1da3f642ef70854cbc985bae5f9e3,c6443f025b0ffdaf7adc4b7e5a2a198dc648b6012d6e895e3ef68e25eadd1f1a,selected document ids intentionally excluded
formal_train,qh_76dd37c8d74e355f,D2,0.8,0.6489315753318465,VERIFIED_FROM_RELEASE,paper_results/per_query_minimal/formal_train_per_query.jsonl,876a16d098e1da3f642ef70854cbc985bae5f9e3,c6443f025b0ffdaf7adc4b7e5a2a198dc648b6012d6e895e3ef68e25eadd1f1a,selected document ids intentionally excluded
formal_train,qh_76dd37c8d74e355f,D3,0.8,0.6489315753318465,VERIFIED_FROM_RELEASE,paper_results/per_query_minimal/formal_train_per_query.jsonl,876a16d098e1da3f642ef70854cbc985bae5f9e3,c6443f025b0ffdaf7adc4b7e5a2a198dc648b6012d6e895e3ef68e25eadd1f1a,selected document ids intentionally excluded
formal_train,qh_19c1816e185c8b35,B0,0.75,0.6930221935231562,VERIFIED_FROM_RELEASE,paper_results/per_query_minimal/formal_train_per_query.jsonl,876a16d098e1da3f642ef70854cbc985bae5f9e3,c6443f025b0ffdaf7adc4b7e5a2a198dc648b6012d6e895e3ef68e25eadd1f1a,selected document ids intentionally excluded
formal_train,qh_19c1816e185c8b35,D0,0.75,0.6930221935231562,VERIFIED_FROM_RELEASE,paper_results/per_query_minimal/formal_train_per_query.jsonl,876a16d098e1da3f642ef70854cbc985bae5f9e3,c6443f025b0ffdaf7adc4b7e5a2a198dc648b6012d6e895e3ef68e25eadd1f1a,selected document ids intentionally excluded
formal_train,qh_19c1816e185c8b35,D1,0.75,0.6930221935231562,VERIFIED_FROM_RELEASE,paper_results/per_query_minimal/formal_train_per_query.jsonl,876a16d098e1da3f642ef70854cbc985bae5f9e3,c6443f025b0ffdaf7adc4b7e5a2a198dc648b6012d6e895e3ef68e25eadd1f1a,selected document ids intentionally excluded
formal_train,qh_19c1816e185c8b35,D2,0.75,0.6930221935231562,VERIFIED_FROM_RELEASE,paper_results/per_query_minimal/formal_train_per_query.jsonl,876a16d098e1da3f642ef70854cbc985bae5f9e3,c6443f025b0ffdaf7adc4b7e5a2a198dc648b6012d6e895e3ef68e25eadd1f1a,selected document ids intentionally excluded
formal_train,qh_19c1816e185c8b35,D3,0.75,0.6930221935231562,VERIFIED_FROM_RELEASE,paper_results/per_query_minimal/formal_train_per_query.jsonl,876a16d098e1da3f642ef70854cbc985bae5f9e3,c6443f025b0ffdaf7adc4b7e5a2a198dc648b6012d6e895e3ef68e25eadd1f1a,selected document ids intentionally excluded
formal_train,qh_01d945c49e4dc4f3,B0,1.0,0.6489315753318465,VERIFIED_FROM_RELEASE,paper_results/per_query_minimal/formal_train_per_query.jsonl,876a16d098e1da3f642ef70854cbc985bae5f9e3,c6443f025b0ffdaf7adc4b7e5a2a198dc648b6012d6e895e3ef68e25eadd1f1a,selected document ids intentionally excluded
formal_train,qh_01d945c49e4dc4f3,D0,1.0,0.6489315753318465,VERIFIED_FROM_RELEASE,paper_results/per_query_minimal/formal_train_per_query.jsonl,876a16d098e1da3f642ef70854cbc985bae5f9e3,c6443f025b0ffdaf7adc4b7e5a2a198dc648b6012d6e895e3ef68e25eadd1f1a,selected document ids intentionally excluded
formal_train,qh_01d945c49e4dc4f3,D1,1.0,0.6489315753318465,VERIFIED_FROM_RELEASE,paper_results/per_query_minimal/formal_train_per_query.jsonl,876a16d098e1da3f642ef70854cbc985bae5f9e3,c6443f025b0ffdaf7adc4b7e5a2a198dc648b6012d6e895e3ef68e25eadd1f1a,selected document ids intentionally excluded
formal_train,qh_01d945c49e4dc4f3,D2,1.0,0.6489315753318465,VERIFIED_FROM_RELEASE,paper_results/per_query_minimal/formal_train_per_query.jsonl,876a16d098e1da3f642ef70854cbc985bae5f9e3,c6443f025b0ffdaf7adc4b7e5a2a198dc648b6012d6e895e3ef68e25eadd1f1a,selected document ids intentionally excluded
formal_train,qh_01d945c49e4dc4f3,D3,1.0,0.6489315753318465,VERIFIED_FROM_RELEASE,paper_results/per_query_minimal/formal_train_per_query.jsonl,876a16d098e1da3f642ef70854cbc985bae5f9e3,c6443f025b0ffdaf7adc4b7e5a2a198dc648b6012d6e895e3ef68e25eadd1f1a,selected document ids intentionally excluded
formal_train,qh_450b9b2747cd2af2,B0,1.0,0.5666867828578933,VERIFIED_FROM_RELEASE,paper_results/per_query_minimal/formal_train_per_query.jsonl,876a16d098e1da3f642ef70854cbc985bae5f9e3,c6443f025b0ffdaf7adc4b7e5a2a198dc648b6012d6e895e3ef68e25eadd1f1a,selected document ids intentionally excluded
formal_train,qh_450b9b2747cd2af2,D0,1.0,0.2748763329142909,VERIFIED_FROM_RELEASE,paper_results/per_query_minimal/formal_train_per_query.jsonl,876a16d098e1da3f642ef70854cbc985bae5f9e3,c6443f025b0ffdaf7adc4b7e5a2a198dc648b6012d6e895e3ef68e25eadd1f1a,selected document ids intentionally excluded
formal_train,qh_450b9b2747cd2af2,D1,1.0,0.2748763329142909,VERIFIED_FROM_RELEASE,paper_results/per_query_minimal/formal_train_per_query.jsonl,876a16d098e1da3f642ef70854cbc985bae5f9e3,c6443f025b0ffdaf7adc4b7e5a2a198dc648b6012d6e895e3ef68e25eadd1f1a,selected document ids intentionally excluded
formal_train,qh_450b9b2747cd2af2,D2,1.0,0.5546406709327603,VERIFIED_FROM_RELEASE,paper_results/per_query_minimal/formal_train_per_query.jsonl,876a16d098e1da3f642ef70854cbc985bae5f9e3,c6443f025b0ffdaf7adc4b7e5a2a198dc648b6012d6e895e3ef68e25eadd1f1a,selected document ids intentionally excluded
formal_train,qh_450b9b2747cd2af2,D3,1.0,0.5666867828578933,VERIFIED_FROM_RELEASE,paper_results/per_query_minimal/formal_train_per_query.jsonl,876a16d098e1da3f642ef70854cbc985bae5f9e3,c6443f025b0ffdaf7adc4b7e5a2a198dc648b6012d6e895e3ef68e25eadd1f1a,selected document ids intentionally excluded
formal_train,qh_b03185ea588e3481,B0,1.0,0.6489315753318465,VERIFIED_FROM_RELEASE,paper_results/per_query_minimal/formal_train_per_query.jsonl,876a16d098e1da3f642ef70854cbc985bae5f9e3,c6443f025b0ffdaf7adc4b7e5a2a198dc648b6012d6e895e3ef68e25eadd1f1a,selected document ids intentionally excluded
formal_train,qh_b03185ea588e3481,D0,1.0,0.510069131458292,VERIFIED_FROM_RELEASE,paper_results/per_query_minimal/formal_train_per_query.jsonl,876a16d098e1da3f642ef70854cbc985bae5f9e3,c6443f025b0ffdaf7adc4b7e5a2a198dc648b6012d6e895e3ef68e25eadd1f1a,selected document ids intentionally excluded
formal_train,qh_b03185ea588e3481,D1,1.0,0.6489315753318465,VERIFIED_FROM_RELEASE,paper_results/per_query_minimal/formal_train_per_query.jsonl,876a16d098e1da3f642ef70854cbc985bae5f9e3,c6443f025b0ffdaf7adc4b7e5a2a198dc648b6012d6e895e3ef68e25eadd1f1a,selected document ids intentionally excluded
formal_train,qh_b03185ea588e3481,D2,1.0,0.6489315753318465,VERIFIED_FROM_RELEASE,paper_results/per_query_minimal/formal_train_per_query.jsonl,876a16d098e1da3f642ef70854cbc985bae5f9e3,c6443f025b0ffdaf7adc4b7e5a2a198dc648b6012d6e895e3ef68e25eadd1f1a,selected document ids intentionally excluded
formal_train,qh_b03185ea588e3481,D3,1.0,0.6489315753318465,VERIFIED_FROM_RELEASE,paper_results/per_query_minimal/formal_train_per_query.jsonl,876a16d098e1da3f642ef70854cbc985bae5f9e3,c6443f025b0ffdaf7adc4b7e5a2a198dc648b6012d6e895e3ef68e25eadd1f1a,selected document ids intentionally excluded
formal_train,qh_54c870598090c9b0,B0,1.0,0.7618870795651185,VERIFIED_FROM_RELEASE,paper_results/per_query_minimal/formal_train_per_query.jsonl,876a16d098e1da3f642ef70854cbc985bae5f9e3,c6443f025b0ffdaf7adc4b7e5a2a198dc648b6012d6e895e3ef68e25eadd1f1a,selected document ids intentionally excluded
formal_train,qh_54c870598090c9b0,D0,1.0,0.5499887725471477,VERIFIED_FROM_RELEASE,paper_results/per_query_minimal/formal_train_per_query.jsonl,876a16d098e1da3f642ef70854cbc985bae5f9e3,c6443f025b0ffdaf7adc4b7e5a2a198dc648b6012d6e895e3ef68e25eadd1f1a,selected document ids intentionally excluded
formal_train,qh_54c870598090c9b0,D1,1.0,0.5709662133861838,VERIFIED_FROM_RELEASE,paper_results/per_query_minimal/formal_train_per_query.jsonl,876a16d098e1da3f642ef70854cbc985bae5f9e3,c6443f025b0ffdaf7adc4b7e5a2a198dc648b6012d6e895e3ef68e25eadd1f1a,selected document ids intentionally excluded
formal_train,qh_54c870598090c9b0,D2,1.0,0.7751482523375256,VERIFIED_FROM_RELEASE,paper_results/per_query_minimal/formal_train_per_query.jsonl,876a16d098e1da3f642ef70854cbc985bae5f9e3,c6443f025b0ffdaf7adc4b7e5a2a198dc648b6012d6e895e3ef68e25eadd1f1a,selected document ids intentionally excluded
formal_train,qh_54c870598090c9b0,D3,1.0,0.5896084319766757,VERIFIED_FROM_RELEASE,paper_results/per_query_minimal/formal_train_per_query.jsonl,876a16d098e1da3f642ef70854cbc985bae5f9e3,c6443f025b0ffdaf7adc4b7e5a2a198dc648b6012d6e895e3ef68e25eadd1f1a,selected document ids intentionally excluded
formal_train,qh_39f5f8eb1ee8611c,B0,1.0,0.6489315753318465,VERIFIED_FROM_RELEASE,paper_results/per_query_minimal/formal_train_per_query.jsonl,876a16d098e1da3f642ef70854cbc985bae5f9e3,c6443f025b0ffdaf7adc4b7e5a2a198dc648b6012d6e895e3ef68e25eadd1f1a,selected document ids intentionally excluded
formal_train,qh_39f5f8eb1ee8611c,D0,1.0,0.6489315753318465,VERIFIED_FROM_RELEASE,paper_results/per_query_minimal/formal_train_per_query.jsonl,876a16d098e1da3f642ef70854cbc985bae5f9e3,c6443f025b0ffdaf7adc4b7e5a2a198dc648b6012d6e895e3ef68e25eadd1f1a,selected document ids intentionally excluded
formal_train,qh_39f5f8eb1ee8611c,D1,1.0,0.6489315753318465,VERIFIED_FROM_RELEASE,paper_results/per_query_minimal/formal_train_per_query.jsonl,876a16d098e1da3f642ef70854cbc985bae5f9e3,c6443f025b0ffdaf7adc4b7e5a2a198dc648b6012d6e895e3ef68e25eadd1f1a,selected document ids intentionally excluded
formal_train,qh_39f5f8eb1ee8611c,D2,1.0,0.6489315753318465,VERIFIED_FROM_RELEASE,paper_results/per_query_minimal/formal_train_per_query.jsonl,876a16d098e1da3f642ef70854cbc985bae5f9e3,c6443f025b0ffdaf7adc4b7e5a2a198dc648b6012d6e895e3ef68e25eadd1f1a,selected document ids intentionally excluded
formal_train,qh_39f5f8eb1ee8611c,D3,1.0,0.6489315753318465,VERIFIED_FROM_RELEASE,paper_results/per_query_minimal/formal_train_per_query.jsonl,876a16d098e1da3f642ef70854cbc985bae5f9e3,c6443f025b0ffdaf7adc4b7e5a2a198dc648b6012d6e895e3ef68e25eadd1f1a,selected document ids intentionally excluded
formal_train,qh_4f7d433429c4ae74,B0,1.0,0.6489315753318465,VERIFIED_FROM_RELEASE,paper_results/per_query_minimal/formal_train_per_query.jsonl,876a16d098e1da3f642ef70854cbc985bae5f9e3,c6443f025b0ffdaf7adc4b7e5a2a198dc648b6012d6e895e3ef68e25eadd1f1a,selected document ids intentionally excluded
formal_train,qh_4f7d433429c4ae74,D0,1.0,0.6489315753318465,VERIFIED_FROM_RELEASE,paper_results/per_query_minimal/formal_train_per_query.jsonl,876a16d098e1da3f642ef70854cbc985bae5f9e3,c6443f025b0ffdaf7adc4b7e5a2a198dc648b6012d6e895e3ef68e25eadd1f1a,selected document ids intentionally excluded
formal_train,qh_4f7d433429c4ae74,D1,1.0,0.6489315753318465,VERIFIED_FROM_RELEASE,paper_results/per_query_minimal/formal_train_per_query.jsonl,876a16d098e1da3f642ef70854cbc985bae5f9e3,c6443f025b0ffdaf7adc4b7e5a2a198dc648b6012d6e895e3ef68e25eadd1f1a,selected document ids intentionally excluded
formal_train,qh_4f7d433429c4ae74,D2,1.0,0.6489315753318465,VERIFIED_FROM_RELEASE,paper_results/per_query_minimal/formal_train_per_query.jsonl,876a16d098e1da3f642ef70854cbc985bae5f9e3,c6443f025b0ffdaf7adc4b7e5a2a198dc648b6012d6e895e3ef68e25eadd1f1a,selected document ids intentionally excluded
formal_train,qh_4f7d433429c4ae74,D3,1.0,0.6489315753318465,VERIFIED_FROM_RELEASE,paper_results/per_query_minimal/formal_train_per_query.jsonl,876a16d098e1da3f642ef70854cbc985bae5f9e3,c6443f025b0ffdaf7adc4b7e5a2a198dc648b6012d6e895e3ef68e25eadd1f1a,selected document ids intentionally excluded
formal_train,qh_c24d6c7f858f0090,B0,0.5,0.6131471927654584,VERIFIED_FROM_RELEASE,paper_results/per_query_minimal/formal_train_per_query.jsonl,876a16d098e1da3f642ef70854cbc985bae5f9e3,c6443f025b0ffdaf7adc4b7e5a2a198dc648b6012d6e895e3ef68e25eadd1f1a,selected document ids intentionally excluded
formal_train,qh_c24d6c7f858f0090,D0,1.0,1.0,VERIFIED_FROM_RELEASE,paper_results/per_query_minimal/formal_train_per_query.jsonl,876a16d098e1da3f642ef70854cbc985bae5f9e3,c6443f025b0ffdaf7adc4b7e5a2a198dc648b6012d6e895e3ef68e25eadd1f1a,selected document ids intentionally excluded
formal_train,qh_c24d6c7f858f0090,D1,1.0,1.0,VERIFIED_FROM_RELEASE,paper_results/per_query_minimal/formal_train_per_query.jsonl,876a16d098e1da3f642ef70854cbc985bae5f9e3,c6443f025b0ffdaf7adc4b7e5a2a198dc648b6012d6e895e3ef68e25eadd1f1a,selected document ids intentionally excluded
formal_train,qh_c24d6c7f858f0090,D2,0.5,0.6131471927654584,VERIFIED_FROM_RELEASE,paper_results/per_query_minimal/formal_train_per_query.jsonl,876a16d098e1da3f642ef70854cbc985bae5f9e3,c6443f025b0ffdaf7adc4b7e5a2a198dc648b6012d6e895e3ef68e25eadd1f1a,selected document ids intentionally excluded
formal_train,qh_c24d6c7f858f0090,D3,0.5,0.6131471927654584,VERIFIED_FROM_RELEASE,paper_results/per_query_minimal/formal_train_per_query.jsonl,876a16d098e1da3f642ef70854cbc985bae5f9e3,c6443f025b0ffdaf7adc4b7e5a2a198dc648b6012d6e895e3ef68e25eadd1f1a,selected document ids intentionally excluded
formal_train,qh_c43bbf333ea4e145,B0,1.0,0.6489315753318465,VERIFIED_FROM_RELEASE,paper_results/per_query_minimal/formal_train_per_query.jsonl,876a16d098e1da3f642ef70854cbc985bae5f9e3,c6443f025b0ffdaf7adc4b7e5a2a198dc648b6012d6e895e3ef68e25eadd1f1a,selected document ids intentionally excluded
formal_train,qh_c43bbf333ea4e145,D0,1.0,0.6489315753318465,VERIFIED_FROM_RELEASE,paper_results/per_query_minimal/formal_train_per_query.jsonl,876a16d098e1da3f642ef70854cbc985bae5f9e3,c6443f025b0ffdaf7adc4b7e5a2a198dc648b6012d6e895e3ef68e25eadd1f1a,selected document ids intentionally excluded
formal_train,qh_c43bbf333ea4e145,D1,1.0,0.6489315753318465,VERIFIED_FROM_RELEASE,paper_results/per_query_minimal/formal_train_per_query.jsonl,876a16d098e1da3f642ef70854cbc985bae5f9e3,c6443f025b0ffdaf7adc4b7e5a2a198dc648b6012d6e895e3ef68e25eadd1f1a,selected document ids intentionally excluded
formal_train,qh_c43bbf333ea4e145,D2,1.0,0.6489315753318465,VERIFIED_FROM_RELEASE,paper_results/per_query_minimal/formal_train_per_query.jsonl,876a16d098e1da3f642ef70854cbc985bae5f9e3,c6443f025b0ffdaf7adc4b7e5a2a198dc648b6012d6e895e3ef68e25eadd1f1a,selected document ids intentionally excluded
formal_train,qh_c43bbf333ea4e145,D3,1.0,0.6489315753318465,VERIFIED_FROM_RELEASE,paper_results/per_query_minimal/formal_train_per_query.jsonl,876a16d098e1da3f642ef70854cbc985bae5f9e3,c6443f025b0ffdaf7adc4b7e5a2a198dc648b6012d6e895e3ef68e25eadd1f1a,selected document ids intentionally excluded
formal_train,qh_3b992805aae90e3a,B0,1.0,0.6930221935231562,VERIFIED_FROM_RELEASE,paper_results/per_query_minimal/formal_train_per_query.jsonl,876a16d098e1da3f642ef70854cbc985bae5f9e3,c6443f025b0ffdaf7adc4b7e5a2a198dc648b6012d6e895e3ef68e25eadd1f1a,selected document ids intentionally excluded
formal_train,qh_3b992805aae90e3a,D0,1.0,0.6930221935231562,VERIFIED_FROM_RELEASE,paper_results/per_query_minimal/formal_train_per_query.jsonl,876a16d098e1da3f642ef70854cbc985bae5f9e3,c6443f025b0ffdaf7adc4b7e5a2a198dc648b6012d6e895e3ef68e25eadd1f1a,selected document ids intentionally excluded
formal_train,qh_3b992805aae90e3a,D1,1.0,0.6930221935231562,VERIFIED_FROM_RELEASE,paper_results/per_query_minimal/formal_train_per_query.jsonl,876a16d098e1da3f642ef70854cbc985bae5f9e3,c6443f025b0ffdaf7adc4b7e5a2a198dc648b6012d6e895e3ef68e25eadd1f1a,selected document ids intentionally excluded
formal_train,qh_3b992805aae90e3a,D2,1.0,0.6930221935231562,VERIFIED_FROM_RELEASE,paper_results/per_query_minimal/formal_train_per_query.jsonl,876a16d098e1da3f642ef70854cbc985bae5f9e3,c6443f025b0ffdaf7adc4b7e5a2a198dc648b6012d6e895e3ef68e25eadd1f1a,selected document ids intentionally excluded
formal_train,qh_3b992805aae90e3a,D3,1.0,0.6930221935231562,VERIFIED_FROM_RELEASE,paper_results/per_query_minimal/formal_train_per_query.jsonl,876a16d098e1da3f642ef70854cbc985bae5f9e3,c6443f025b0ffdaf7adc4b7e5a2a198dc648b6012d6e895e3ef68e25eadd1f1a,selected document ids intentionally excluded
formal_train,qh_e2e8886c6a32ca7b,B0,1.0,0.6489315753318465,VERIFIED_FROM_RELEASE,paper_results/per_query_minimal/formal_train_per_query.jsonl,876a16d098e1da3f642ef70854cbc985bae5f9e3,c6443f025b0ffdaf7adc4b7e5a2a198dc648b6012d6e895e3ef68e25eadd1f1a,selected document ids intentionally excluded
formal_train,qh_e2e8886c6a32ca7b,D0,1.0,0.6489315753318465,VERIFIED_FROM_RELEASE,paper_results/per_query_minimal/formal_train_per_query.jsonl,876a16d098e1da3f642ef70854cbc985bae5f9e3,c6443f025b0ffdaf7adc4b7e5a2a198dc648b6012d6e895e3ef68e25eadd1f1a,selected document ids intentionally excluded
formal_train,qh_e2e8886c6a32ca7b,D1,1.0,0.6489315753318465,VERIFIED_FROM_RELEASE,paper_results/per_query_minimal/formal_train_per_query.jsonl,876a16d098e1da3f642ef70854cbc985bae5f9e3,c6443f025b0ffdaf7adc4b7e5a2a198dc648b6012d6e895e3ef68e25eadd1f1a,selected document ids intentionally excluded
formal_train,qh_e2e8886c6a32ca7b,D2,1.0,0.6489315753318465,VERIFIED_FROM_RELEASE,paper_results/per_query_minimal/formal_train_per_query.jsonl,876a16d098e1da3f642ef70854cbc985bae5f9e3,c6443f025b0ffdaf7adc4b7e5a2a198dc648b6012d6e895e3ef68e25eadd1f1a,selected document ids intentionally excluded
formal_train,qh_e2e8886c6a32ca7b,D3,1.0,0.6489315753318465,VERIFIED_FROM_RELEASE,paper_results/per_query_minimal/formal_train_per_query.jsonl,876a16d098e1da3f642ef70854cbc985bae5f9e3,c6443f025b0ffdaf7adc4b7e5a2a198dc648b6012d6e895e3ef68e25eadd1f1a,selected document ids intentionally excluded
formal_train,qh_a50d302cc067e26c,B0,0.75,0.6930221935231562,VERIFIED_FROM_RELEASE,paper_results/per_query_minimal/formal_train_per_query.jsonl,876a16d098e1da3f642ef70854cbc985bae5f9e3,c6443f025b0ffdaf7adc4b7e5a2a198dc648b6012d6e895e3ef68e25eadd1f1a,selected document ids intentionally excluded
formal_train,qh_a50d302cc067e26c,D0,0.75,0.6930221935231562,VERIFIED_FROM_RELEASE,paper_results/per_query_minimal/formal_train_per_query.jsonl,876a16d098e1da3f642ef70854cbc985bae5f9e3,c6443f025b0ffdaf7adc4b7e5a2a198dc648b6012d6e895e3ef68e25eadd1f1a,selected document ids intentionally excluded
formal_train,qh_a50d302cc067e26c,D1,0.75,0.6930221935231562,VERIFIED_FROM_RELEASE,paper_results/per_query_minimal/formal_train_per_query.jsonl,876a16d098e1da3f642ef70854cbc985bae5f9e3,c6443f025b0ffdaf7adc4b7e5a2a198dc648b6012d6e895e3ef68e25eadd1f1a,selected document ids intentionally excluded
formal_train,qh_a50d302cc067e26c,D2,0.75,0.6930221935231562,VERIFIED_FROM_RELEASE,paper_results/per_query_minimal/formal_train_per_query.jsonl,876a16d098e1da3f642ef70854cbc985bae5f9e3,c6443f025b0ffdaf7adc4b7e5a2a198dc648b6012d6e895e3ef68e25eadd1f1a,selected document ids intentionally excluded
formal_train,qh_a50d302cc067e26c,D3,0.75,0.6930221935231562,VERIFIED_FROM_RELEASE,paper_results/per_query_minimal/formal_train_per_query.jsonl,876a16d098e1da3f642ef70854cbc985bae5f9e3,c6443f025b0ffdaf7adc4b7e5a2a198dc648b6012d6e895e3ef68e25eadd1f1a,selected document ids intentionally excluded
formal_train,qh_f8cb6a6f6d246936,B0,1.0,0.6489315753318465,VERIFIED_FROM_RELEASE,paper_results/per_query_minimal/formal_train_per_query.jsonl,876a16d098e1da3f642ef70854cbc985bae5f9e3,c6443f025b0ffdaf7adc4b7e5a2a198dc648b6012d6e895e3ef68e25eadd1f1a,selected document ids intentionally excluded
formal_train,qh_f8cb6a6f6d246936,D0,1.0,0.44409732781325567,VERIFIED_FROM_RELEASE,paper_results/per_query_minimal/formal_train_per_query.jsonl,876a16d098e1da3f642ef70854cbc985bae5f9e3,c6443f025b0ffdaf7adc4b7e5a2a198dc648b6012d6e895e3ef68e25eadd1f1a,selected document ids intentionally excluded
formal_train,qh_f8cb6a6f6d246936,D1,1.0,0.46900009332067477,VERIFIED_FROM_RELEASE,paper_results/per_query_minimal/formal_train_per_query.jsonl,876a16d098e1da3f642ef70854cbc985bae5f9e3,c6443f025b0ffdaf7adc4b7e5a2a198dc648b6012d6e895e3ef68e25eadd1f1a,selected document ids intentionally excluded
formal_train,qh_f8cb6a6f6d246936,D2,1.0,0.6489315753318465,VERIFIED_FROM_RELEASE,paper_results/per_query_minimal/formal_train_per_query.jsonl,876a16d098e1da3f642ef70854cbc985bae5f9e3,c6443f025b0ffdaf7adc4b7e5a2a198dc648b6012d6e895e3ef68e25eadd1f1a,selected document ids intentionally excluded
formal_train,qh_f8cb6a6f6d246936,D3,1.0,0.6489315753318465,VERIFIED_FROM_RELEASE,paper_results/per_query_minimal/formal_train_per_query.jsonl,876a16d098e1da3f642ef70854cbc985bae5f9e3,c6443f025b0ffdaf7adc4b7e5a2a198dc648b6012d6e895e3ef68e25eadd1f1a,selected document ids intentionally excluded
formal_train,qh_335118dc70c2ff04,B0,1.0,0.6508205185601091,VERIFIED_FROM_RELEASE,paper_results/per_query_minimal/formal_train_per_query.jsonl,876a16d098e1da3f642ef70854cbc985bae5f9e3,c6443f025b0ffdaf7adc4b7e5a2a198dc648b6012d6e895e3ef68e25eadd1f1a,selected document ids intentionally excluded
formal_train,qh_335118dc70c2ff04,D0,1.0,0.4692787260227565,VERIFIED_FROM_RELEASE,paper_results/per_query_minimal/formal_train_per_query.jsonl,876a16d098e1da3f642ef70854cbc985bae5f9e3,c6443f025b0ffdaf7adc4b7e5a2a198dc648b6012d6e895e3ef68e25eadd1f1a,selected document ids intentionally excluded
formal_train,qh_335118dc70c2ff04,D1,1.0,0.4692787260227565,VERIFIED_FROM_RELEASE,paper_results/per_query_minimal/formal_train_per_query.jsonl,876a16d098e1da3f642ef70854cbc985bae5f9e3,c6443f025b0ffdaf7adc4b7e5a2a198dc648b6012d6e895e3ef68e25eadd1f1a,selected document ids intentionally excluded
formal_train,qh_335118dc70c2ff04,D2,1.0,0.6508205185601091,VERIFIED_FROM_RELEASE,paper_results/per_query_minimal/formal_train_per_query.jsonl,876a16d098e1da3f642ef70854cbc985bae5f9e3,c6443f025b0ffdaf7adc4b7e5a2a198dc648b6012d6e895e3ef68e25eadd1f1a,selected document ids intentionally excluded
formal_train,qh_335118dc70c2ff04,D3,1.0,0.4692787260227565,VERIFIED_FROM_RELEASE,paper_results/per_query_minimal/formal_train_per_query.jsonl,876a16d098e1da3f642ef70854cbc985bae5f9e3,c6443f025b0ffdaf7adc4b7e5a2a198dc648b6012d6e895e3ef68e25eadd1f1a,selected document ids intentionally excluded
formal_train,qh_636fcb4a4c4aa7a9,B0,1.0,0.6489315753318465,VERIFIED_FROM_RELEASE,paper_results/per_query_minimal/formal_train_per_query.jsonl,876a16d098e1da3f642ef70854cbc985bae5f9e3,c6443f025b0ffdaf7adc4b7e5a2a198dc648b6012d6e895e3ef68e25eadd1f1a,selected document ids intentionally excluded
formal_train,qh_636fcb4a4c4aa7a9,D0,1.0,0.6489315753318465,VERIFIED_FROM_RELEASE,paper_results/per_query_minimal/formal_train_per_query.jsonl,876a16d098e1da3f642ef70854cbc985bae5f9e3,c6443f025b0ffdaf7adc4b7e5a2a198dc648b6012d6e895e3ef68e25eadd1f1a,selected document ids intentionally excluded
formal_train,qh_636fcb4a4c4aa7a9,D1,1.0,0.6489315753318465,VERIFIED_FROM_RELEASE,paper_results/per_query_minimal/formal_train_per_query.jsonl,876a16d098e1da3f642ef70854cbc985bae5f9e3,c6443f025b0ffdaf7adc4b7e5a2a198dc648b6012d6e895e3ef68e25eadd1f1a,selected document ids intentionally excluded
formal_train,qh_636fcb4a4c4aa7a9,D2,1.0,0.6489315753318465,VERIFIED_FROM_RELEASE,paper_results/per_query_minimal/formal_train_per_query.jsonl,876a16d098e1da3f642ef70854cbc985bae5f9e3,c6443f025b0ffdaf7adc4b7e5a2a198dc648b6012d6e895e3ef68e25eadd1f1a,selected document ids intentionally excluded
formal_train,qh_636fcb4a4c4aa7a9,D3,1.0,0.6489315753318465,VERIFIED_FROM_RELEASE,paper_results/per_query_minimal/formal_train_per_query.jsonl,876a16d098e1da3f642ef70854cbc985bae5f9e3,c6443f025b0ffdaf7adc4b7e5a2a198dc648b6012d6e895e3ef68e25eadd1f1a,selected document ids intentionally excluded
formal_train,qh_13a0ff832f8ac135,B0,1.0,0.6489315753318465,VERIFIED_FROM_RELEASE,paper_results/per_query_minimal/formal_train_per_query.jsonl,876a16d098e1da3f642ef70854cbc985bae5f9e3,c6443f025b0ffdaf7adc4b7e5a2a198dc648b6012d6e895e3ef68e25eadd1f1a,selected document ids intentionally excluded
formal_train,qh_13a0ff832f8ac135,D0,1.0,0.6489315753318465,VERIFIED_FROM_RELEASE,paper_results/per_query_minimal/formal_train_per_query.jsonl,876a16d098e1da3f642ef70854cbc985bae5f9e3,c6443f025b0ffdaf7adc4b7e5a2a198dc648b6012d6e895e3ef68e25eadd1f1a,selected document ids intentionally excluded
formal_train,qh_13a0ff832f8ac135,D1,1.0,0.6489315753318465,VERIFIED_FROM_RELEASE,paper_results/per_query_minimal/formal_train_per_query.jsonl,876a16d098e1da3f642ef70854cbc985bae5f9e3,c6443f025b0ffdaf7adc4b7e5a2a198dc648b6012d6e895e3ef68e25eadd1f1a,selected document ids intentionally excluded
formal_train,qh_13a0ff832f8ac135,D2,1.0,0.6489315753318465,VERIFIED_FROM_RELEASE,paper_results/per_query_minimal/formal_train_per_query.jsonl,876a16d098e1da3f642ef70854cbc985bae5f9e3,c6443f025b0ffdaf7adc4b7e5a2a198dc648b6012d6e895e3ef68e25eadd1f1a,selected document ids intentionally excluded
formal_train,qh_13a0ff832f8ac135,D3,1.0,0.6489315753318465,VERIFIED_FROM_RELEASE,paper_results/per_query_minimal/formal_train_per_query.jsonl,876a16d098e1da3f642ef70854cbc985bae5f9e3,c6443f025b0ffdaf7adc4b7e5a2a198dc648b6012d6e895e3ef68e25eadd1f1a,selected document ids intentionally excluded
formal_train,qh_c8e8c69d009cff62,B0,1.0,0.6489315753318465,VERIFIED_FROM_RELEASE,paper_results/per_query_minimal/formal_train_per_query.jsonl,876a16d098e1da3f642ef70854cbc985bae5f9e3,c6443f025b0ffdaf7adc4b7e5a2a198dc648b6012d6e895e3ef68e25eadd1f1a,selected document ids intentionally excluded
formal_train,qh_c8e8c69d009cff62,D0,1.0,0.6489315753318465,VERIFIED_FROM_RELEASE,paper_results/per_query_minimal/formal_train_per_query.jsonl,876a16d098e1da3f642ef70854cbc985bae5f9e3,c6443f025b0ffdaf7adc4b7e5a2a198dc648b6012d6e895e3ef68e25eadd1f1a,selected document ids intentionally excluded
formal_train,qh_c8e8c69d009cff62,D1,1.0,0.6489315753318465,VERIFIED_FROM_RELEASE,paper_results/per_query_minimal/formal_train_per_query.jsonl,876a16d098e1da3f642ef70854cbc985bae5f9e3,c6443f025b0ffdaf7adc4b7e5a2a198dc648b6012d6e895e3ef68e25eadd1f1a,selected document ids intentionally excluded
formal_train,qh_c8e8c69d009cff62,D2,1.0,0.6489315753318465,VERIFIED_FROM_RELEASE,paper_results/per_query_minimal/formal_train_per_query.jsonl,876a16d098e1da3f642ef70854cbc985bae5f9e3,c6443f025b0ffdaf7adc4b7e5a2a198dc648b6012d6e895e3ef68e25eadd1f1a,selected document ids intentionally excluded
formal_train,qh_c8e8c69d009cff62,D3,1.0,0.6489315753318465,VERIFIED_FROM_RELEASE,paper_results/per_query_minimal/formal_train_per_query.jsonl,876a16d098e1da3f642ef70854cbc985bae5f9e3,c6443f025b0ffdaf7adc4b7e5a2a198dc648b6012d6e895e3ef68e25eadd1f1a,selected document ids intentionally excluded
formal_train,qh_11ea7da2c0a9f9cf,B0,1.0,0.6489315753318465,VERIFIED_FROM_RELEASE,paper_results/per_query_minimal/formal_train_per_query.jsonl,876a16d098e1da3f642ef70854cbc985bae5f9e3,c6443f025b0ffdaf7adc4b7e5a2a198dc648b6012d6e895e3ef68e25eadd1f1a,selected document ids intentionally excluded
formal_train,qh_11ea7da2c0a9f9cf,D0,1.0,0.42492601381667106,VERIFIED_FROM_RELEASE,paper_results/per_query_minimal/formal_train_per_query.jsonl,876a16d098e1da3f642ef70854cbc985bae5f9e3,c6443f025b0ffdaf7adc4b7e5a2a198dc648b6012d6e895e3ef68e25eadd1f1a,selected document ids intentionally excluded
formal_train,qh_11ea7da2c0a9f9cf,D1,1.0,0.41528076708874123,VERIFIED_FROM_RELEASE,paper_results/per_query_minimal/formal_train_per_query.jsonl,876a16d098e1da3f642ef70854cbc985bae5f9e3,c6443f025b0ffdaf7adc4b7e5a2a198dc648b6012d6e895e3ef68e25eadd1f1a,selected document ids intentionally excluded
formal_train,qh_11ea7da2c0a9f9cf,D2,1.0,0.6489315753318465,VERIFIED_FROM_RELEASE,paper_results/per_query_minimal/formal_train_per_query.jsonl,876a16d098e1da3f642ef70854cbc985bae5f9e3,c6443f025b0ffdaf7adc4b7e5a2a198dc648b6012d6e895e3ef68e25eadd1f1a,selected document ids intentionally excluded
formal_train,qh_11ea7da2c0a9f9cf,D3,1.0,0.6489315753318465,VERIFIED_FROM_RELEASE,paper_results/per_query_minimal/formal_train_per_query.jsonl,876a16d098e1da3f642ef70854cbc985bae5f9e3,c6443f025b0ffdaf7adc4b7e5a2a198dc648b6012d6e895e3ef68e25eadd1f1a,selected document ids intentionally excluded
formal_train,qh_4bb9e62323f079e0,B0,1.0,0.7457912185292984,VERIFIED_FROM_RELEASE,paper_results/per_query_minimal/formal_train_per_query.jsonl,876a16d098e1da3f642ef70854cbc985bae5f9e3,c6443f025b0ffdaf7adc4b7e5a2a198dc648b6012d6e895e3ef68e25eadd1f1a,selected document ids intentionally excluded
formal_train,qh_4bb9e62323f079e0,D0,1.0,0.7457912185292984,VERIFIED_FROM_RELEASE,paper_results/per_query_minimal/formal_train_per_query.jsonl,876a16d098e1da3f642ef70854cbc985bae5f9e3,c6443f025b0ffdaf7adc4b7e5a2a198dc648b6012d6e895e3ef68e25eadd1f1a,selected document ids intentionally excluded
formal_train,qh_4bb9e62323f079e0,D1,1.0,0.7457912185292984,VERIFIED_FROM_RELEASE,paper_results/per_query_minimal/formal_train_per_query.jsonl,876a16d098e1da3f642ef70854cbc985bae5f9e3,c6443f025b0ffdaf7adc4b7e5a2a198dc648b6012d6e895e3ef68e25eadd1f1a,selected document ids intentionally excluded
formal_train,qh_4bb9e62323f079e0,D2,1.0,0.7457912185292984,VERIFIED_FROM_RELEASE,paper_results/per_query_minimal/formal_train_per_query.jsonl,876a16d098e1da3f642ef70854cbc985bae5f9e3,c6443f025b0ffdaf7adc4b7e5a2a198dc648b6012d6e895e3ef68e25eadd1f1a,selected document ids intentionally excluded
formal_train,qh_4bb9e62323f079e0,D3,1.0,0.6479396238941381,VERIFIED_FROM_RELEASE,paper_results/per_query_minimal/formal_train_per_query.jsonl,876a16d098e1da3f642ef70854cbc985bae5f9e3,c6443f025b0ffdaf7adc4b7e5a2a198dc648b6012d6e895e3ef68e25eadd1f1a,selected document ids intentionally excluded
formal_train,qh_649caeffff4401a4,B0,1.0,0.6489315753318465,VERIFIED_FROM_RELEASE,paper_results/per_query_minimal/formal_train_per_query.jsonl,876a16d098e1da3f642ef70854cbc985bae5f9e3,c6443f025b0ffdaf7adc4b7e5a2a198dc648b6012d6e895e3ef68e25eadd1f1a,selected document ids intentionally excluded
formal_train,qh_649caeffff4401a4,D0,1.0,0.5637884576902256,VERIFIED_FROM_RELEASE,paper_results/per_query_minimal/formal_train_per_query.jsonl,876a16d098e1da3f642ef70854cbc985bae5f9e3,c6443f025b0ffdaf7adc4b7e5a2a198dc648b6012d6e895e3ef68e25eadd1f1a,selected document ids intentionally excluded
formal_train,qh_649caeffff4401a4,D1,1.0,0.5637884576902256,VERIFIED_FROM_RELEASE,paper_results/per_query_minimal/formal_train_per_query.jsonl,876a16d098e1da3f642ef70854cbc985bae5f9e3,c6443f025b0ffdaf7adc4b7e5a2a198dc648b6012d6e895e3ef68e25eadd1f1a,selected document ids intentionally excluded
formal_train,qh_649caeffff4401a4,D2,1.0,0.6489315753318465,VERIFIED_FROM_RELEASE,paper_results/per_query_minimal/formal_train_per_query.jsonl,876a16d098e1da3f642ef70854cbc985bae5f9e3,c6443f025b0ffdaf7adc4b7e5a2a198dc648b6012d6e895e3ef68e25eadd1f1a,selected document ids intentionally excluded
formal_train,qh_649caeffff4401a4,D3,1.0,0.6489315753318465,VERIFIED_FROM_RELEASE,paper_results/per_query_minimal/formal_train_per_query.jsonl,876a16d098e1da3f642ef70854cbc985bae5f9e3,c6443f025b0ffdaf7adc4b7e5a2a198dc648b6012d6e895e3ef68e25eadd1f1a,selected document ids intentionally excluded
formal_train,qh_cb3ff988ba26ffeb,B0,1.0,0.4537425745411855,VERIFIED_FROM_RELEASE,paper_results/per_query_minimal/formal_train_per_query.jsonl,876a16d098e1da3f642ef70854cbc985bae5f9e3,c6443f025b0ffdaf7adc4b7e5a2a198dc648b6012d6e895e3ef68e25eadd1f1a,selected document ids intentionally excluded
formal_train,qh_cb3ff988ba26ffeb,D0,1.0,0.22009176629808017,VERIFIED_FROM_RELEASE,paper_results/per_query_minimal/formal_train_per_query.jsonl,876a16d098e1da3f642ef70854cbc985bae5f9e3,c6443f025b0ffdaf7adc4b7e5a2a198dc648b6012d6e895e3ef68e25eadd1f1a,selected document ids intentionally excluded
formal_train,qh_cb3ff988ba26ffeb,D1,1.0,0.22009176629808017,VERIFIED_FROM_RELEASE,paper_results/per_query_minimal/formal_train_per_query.jsonl,876a16d098e1da3f642ef70854cbc985bae5f9e3,c6443f025b0ffdaf7adc4b7e5a2a198dc648b6012d6e895e3ef68e25eadd1f1a,selected document ids intentionally excluded
formal_train,qh_cb3ff988ba26ffeb,D2,1.0,0.46900009332067477,VERIFIED_FROM_RELEASE,paper_results/per_query_minimal/formal_train_per_query.jsonl,876a16d098e1da3f642ef70854cbc985bae5f9e3,c6443f025b0ffdaf7adc4b7e5a2a198dc648b6012d6e895e3ef68e25eadd1f1a,selected document ids intentionally excluded
formal_train,qh_cb3ff988ba26ffeb,D3,1.0,0.46900009332067477,VERIFIED_FROM_RELEASE,paper_results/per_query_minimal/formal_train_per_query.jsonl,876a16d098e1da3f642ef70854cbc985bae5f9e3,c6443f025b0ffdaf7adc4b7e5a2a198dc648b6012d6e895e3ef68e25eadd1f1a,selected document ids intentionally excluded
formal_train,qh_2327a8b081e21a2f,B0,0.75,0.6489315753318465,VERIFIED_FROM_RELEASE,paper_results/per_query_minimal/formal_train_per_query.jsonl,876a16d098e1da3f642ef70854cbc985bae5f9e3,c6443f025b0ffdaf7adc4b7e5a2a198dc648b6012d6e895e3ef68e25eadd1f1a,selected document ids intentionally excluded
formal_train,qh_2327a8b081e21a2f,D0,1.0,0.6489315753318465,VERIFIED_FROM_RELEASE,paper_results/per_query_minimal/formal_train_per_query.jsonl,876a16d098e1da3f642ef70854cbc985bae5f9e3,c6443f025b0ffdaf7adc4b7e5a2a198dc648b6012d6e895e3ef68e25eadd1f1a,selected document ids intentionally excluded
formal_train,qh_2327a8b081e21a2f,D1,1.0,0.6489315753318465,VERIFIED_FROM_RELEASE,paper_results/per_query_minimal/formal_train_per_query.jsonl,876a16d098e1da3f642ef70854cbc985bae5f9e3,c6443f025b0ffdaf7adc4b7e5a2a198dc648b6012d6e895e3ef68e25eadd1f1a,selected document ids intentionally excluded
formal_train,qh_2327a8b081e21a2f,D2,0.75,0.6489315753318465,VERIFIED_FROM_RELEASE,paper_results/per_query_minimal/formal_train_per_query.jsonl,876a16d098e1da3f642ef70854cbc985bae5f9e3,c6443f025b0ffdaf7adc4b7e5a2a198dc648b6012d6e895e3ef68e25eadd1f1a,selected document ids intentionally excluded
formal_train,qh_2327a8b081e21a2f,D3,0.75,0.6489315753318465,VERIFIED_FROM_RELEASE,paper_results/per_query_minimal/formal_train_per_query.jsonl,876a16d098e1da3f642ef70854cbc985bae5f9e3,c6443f025b0ffdaf7adc4b7e5a2a198dc648b6012d6e895e3ef68e25eadd1f1a,selected document ids intentionally excluded
formal_train,qh_2e9dfa0c13d76800,B0,0.8,0.6489315753318465,VERIFIED_FROM_RELEASE,paper_results/per_query_minimal/formal_train_per_query.jsonl,876a16d098e1da3f642ef70854cbc985bae5f9e3,c6443f025b0ffdaf7adc4b7e5a2a198dc648b6012d6e895e3ef68e25eadd1f1a,selected document ids intentionally excluded
formal_train,qh_2e9dfa0c13d76800,D0,0.8,0.6489315753318465,VERIFIED_FROM_RELEASE,paper_results/per_query_minimal/formal_train_per_query.jsonl,876a16d098e1da3f642ef70854cbc985bae5f9e3,c6443f025b0ffdaf7adc4b7e5a2a198dc648b6012d6e895e3ef68e25eadd1f1a,selected document ids intentionally excluded
formal_train,qh_2e9dfa0c13d76800,D1,0.8,0.6489315753318465,VERIFIED_FROM_RELEASE,paper_results/per_query_minimal/formal_train_per_query.jsonl,876a16d098e1da3f642ef70854cbc985bae5f9e3,c6443f025b0ffdaf7adc4b7e5a2a198dc648b6012d6e895e3ef68e25eadd1f1a,selected document ids intentionally excluded
formal_train,qh_2e9dfa0c13d76800,D2,0.8,0.6489315753318465,VERIFIED_FROM_RELEASE,paper_results/per_query_minimal/formal_train_per_query.jsonl,876a16d098e1da3f642ef70854cbc985bae5f9e3,c6443f025b0ffdaf7adc4b7e5a2a198dc648b6012d6e895e3ef68e25eadd1f1a,selected document ids intentionally excluded
formal_train,qh_2e9dfa0c13d76800,D3,0.8,0.6489315753318465,VERIFIED_FROM_RELEASE,paper_results/per_query_minimal/formal_train_per_query.jsonl,876a16d098e1da3f642ef70854cbc985bae5f9e3,c6443f025b0ffdaf7adc4b7e5a2a198dc648b6012d6e895e3ef68e25eadd1f1a,selected document ids intentionally excluded
formal_train,qh_4c547c2c737782ac,B0,0.6666666666666666,0.6489315753318465,VERIFIED_FROM_RELEASE,paper_results/per_query_minimal/formal_train_per_query.jsonl,876a16d098e1da3f642ef70854cbc985bae5f9e3,c6443f025b0ffdaf7adc4b7e5a2a198dc648b6012d6e895e3ef68e25eadd1f1a,selected document ids intentionally excluded
formal_train,qh_4c547c2c737782ac,D0,1.0,0.6489315753318465,VERIFIED_FROM_RELEASE,paper_results/per_query_minimal/formal_train_per_query.jsonl,876a16d098e1da3f642ef70854cbc985bae5f9e3,c6443f025b0ffdaf7adc4b7e5a2a198dc648b6012d6e895e3ef68e25eadd1f1a,selected document ids intentionally excluded
formal_train,qh_4c547c2c737782ac,D1,0.6666666666666666,0.6489315753318465,VERIFIED_FROM_RELEASE,paper_results/per_query_minimal/formal_train_per_query.jsonl,876a16d098e1da3f642ef70854cbc985bae5f9e3,c6443f025b0ffdaf7adc4b7e5a2a198dc648b6012d6e895e3ef68e25eadd1f1a,selected document ids intentionally excluded
formal_train,qh_4c547c2c737782ac,D2,0.6666666666666666,0.6489315753318465,VERIFIED_FROM_RELEASE,paper_results/per_query_minimal/formal_train_per_query.jsonl,876a16d098e1da3f642ef70854cbc985bae5f9e3,c6443f025b0ffdaf7adc4b7e5a2a198dc648b6012d6e895e3ef68e25eadd1f1a,selected document ids intentionally excluded
formal_train,qh_4c547c2c737782ac,D3,0.6666666666666666,0.6489315753318465,VERIFIED_FROM_RELEASE,paper_results/per_query_minimal/formal_train_per_query.jsonl,876a16d098e1da3f642ef70854cbc985bae5f9e3,c6443f025b0ffdaf7adc4b7e5a2a198dc648b6012d6e895e3ef68e25eadd1f1a,selected document ids intentionally excluded
formal_train,qh_99cf2844679cf128,B0,1.0,0.7457912185292984,VERIFIED_FROM_RELEASE,paper_results/per_query_minimal/formal_train_per_query.jsonl,876a16d098e1da3f642ef70854cbc985bae5f9e3,c6443f025b0ffdaf7adc4b7e5a2a198dc648b6012d6e895e3ef68e25eadd1f1a,selected document ids intentionally excluded
formal_train,qh_99cf2844679cf128,D0,1.0,0.7457912185292984,VERIFIED_FROM_RELEASE,paper_results/per_query_minimal/formal_train_per_query.jsonl,876a16d098e1da3f642ef70854cbc985bae5f9e3,c6443f025b0ffdaf7adc4b7e5a2a198dc648b6012d6e895e3ef68e25eadd1f1a,selected document ids intentionally excluded
formal_train,qh_99cf2844679cf128,D1,1.0,0.7457912185292984,VERIFIED_FROM_RELEASE,paper_results/per_query_minimal/formal_train_per_query.jsonl,876a16d098e1da3f642ef70854cbc985bae5f9e3,c6443f025b0ffdaf7adc4b7e5a2a198dc648b6012d6e895e3ef68e25eadd1f1a,selected document ids intentionally excluded
formal_train,qh_99cf2844679cf128,D2,1.0,0.7457912185292984,VERIFIED_FROM_RELEASE,paper_results/per_query_minimal/formal_train_per_query.jsonl,876a16d098e1da3f642ef70854cbc985bae5f9e3,c6443f025b0ffdaf7adc4b7e5a2a198dc648b6012d6e895e3ef68e25eadd1f1a,selected document ids intentionally excluded
formal_train,qh_99cf2844679cf128,D3,1.0,0.7457912185292984,VERIFIED_FROM_RELEASE,paper_results/per_query_minimal/formal_train_per_query.jsonl,876a16d098e1da3f642ef70854cbc985bae5f9e3,c6443f025b0ffdaf7adc4b7e5a2a198dc648b6012d6e895e3ef68e25eadd1f1a,selected document ids intentionally excluded
formal_train,qh_b4e8b3f7af2af77b,B0,0.8,0.6489315753318465,VERIFIED_FROM_RELEASE,paper_results/per_query_minimal/formal_train_per_query.jsonl,876a16d098e1da3f642ef70854cbc985bae5f9e3,c6443f025b0ffdaf7adc4b7e5a2a198dc648b6012d6e895e3ef68e25eadd1f1a,selected document ids intentionally excluded
formal_train,qh_b4e8b3f7af2af77b,D0,0.8,0.5541432109622958,VERIFIED_FROM_RELEASE,paper_results/per_query_minimal/formal_train_per_query.jsonl,876a16d098e1da3f642ef70854cbc985bae5f9e3,c6443f025b0ffdaf7adc4b7e5a2a198dc648b6012d6e895e3ef68e25eadd1f1a,selected document ids intentionally excluded
formal_train,qh_b4e8b3f7af2af77b,D1,0.8,0.6489315753318465,VERIFIED_FROM_RELEASE,paper_results/per_query_minimal/formal_train_per_query.jsonl,876a16d098e1da3f642ef70854cbc985bae5f9e3,c6443f025b0ffdaf7adc4b7e5a2a198dc648b6012d6e895e3ef68e25eadd1f1a,selected document ids intentionally excluded
formal_train,qh_b4e8b3f7af2af77b,D2,0.8,0.6489315753318465,VERIFIED_FROM_RELEASE,paper_results/per_query_minimal/formal_train_per_query.jsonl,876a16d098e1da3f642ef70854cbc985bae5f9e3,c6443f025b0ffdaf7adc4b7e5a2a198dc648b6012d6e895e3ef68e25eadd1f1a,selected document ids intentionally excluded
formal_train,qh_b4e8b3f7af2af77b,D3,0.8,0.6489315753318465,VERIFIED_FROM_RELEASE,paper_results/per_query_minimal/formal_train_per_query.jsonl,876a16d098e1da3f642ef70854cbc985bae5f9e3,c6443f025b0ffdaf7adc4b7e5a2a198dc648b6012d6e895e3ef68e25eadd1f1a,selected document ids intentionally excluded
formal_train,qh_6ec0a9019e153d0f,B0,0.6666666666666666,0.6930221935231562,VERIFIED_FROM_RELEASE,paper_results/per_query_minimal/formal_train_per_query.jsonl,876a16d098e1da3f642ef70854cbc985bae5f9e3,c6443f025b0ffdaf7adc4b7e5a2a198dc648b6012d6e895e3ef68e25eadd1f1a,selected document ids intentionally excluded
formal_train,qh_6ec0a9019e153d0f,D0,0.6666666666666666,0.6930221935231562,VERIFIED_FROM_RELEASE,paper_results/per_query_minimal/formal_train_per_query.jsonl,876a16d098e1da3f642ef70854cbc985bae5f9e3,c6443f025b0ffdaf7adc4b7e5a2a198dc648b6012d6e895e3ef68e25eadd1f1a,selected document ids intentionally excluded
formal_train,qh_6ec0a9019e153d0f,D1,0.6666666666666666,0.6930221935231562,VERIFIED_FROM_RELEASE,paper_results/per_query_minimal/formal_train_per_query.jsonl,876a16d098e1da3f642ef70854cbc985bae5f9e3,c6443f025b0ffdaf7adc4b7e5a2a198dc648b6012d6e895e3ef68e25eadd1f1a,selected document ids intentionally excluded
formal_train,qh_6ec0a9019e153d0f,D2,0.6666666666666666,0.6930221935231562,VERIFIED_FROM_RELEASE,paper_results/per_query_minimal/formal_train_per_query.jsonl,876a16d098e1da3f642ef70854cbc985bae5f9e3,c6443f025b0ffdaf7adc4b7e5a2a198dc648b6012d6e895e3ef68e25eadd1f1a,selected document ids intentionally excluded
formal_train,qh_6ec0a9019e153d0f,D3,0.6666666666666666,0.6930221935231562,VERIFIED_FROM_RELEASE,paper_results/per_query_minimal/formal_train_per_query.jsonl,876a16d098e1da3f642ef70854cbc985bae5f9e3,c6443f025b0ffdaf7adc4b7e5a2a198dc648b6012d6e895e3ef68e25eadd1f1a,selected document ids intentionally excluded
formal_train,qh_885efb70e02fd1ae,B0,1.0,0.6489315753318465,VERIFIED_FROM_RELEASE,paper_results/per_query_minimal/formal_train_per_query.jsonl,876a16d098e1da3f642ef70854cbc985bae5f9e3,c6443f025b0ffdaf7adc4b7e5a2a198dc648b6012d6e895e3ef68e25eadd1f1a,selected document ids intentionally excluded
formal_train,qh_885efb70e02fd1ae,D0,1.0,0.6489315753318465,VERIFIED_FROM_RELEASE,paper_results/per_query_minimal/formal_train_per_query.jsonl,876a16d098e1da3f642ef70854cbc985bae5f9e3,c6443f025b0ffdaf7adc4b7e5a2a198dc648b6012d6e895e3ef68e25eadd1f1a,selected document ids intentionally excluded
formal_train,qh_885efb70e02fd1ae,D1,1.0,0.6489315753318465,VERIFIED_FROM_RELEASE,paper_results/per_query_minimal/formal_train_per_query.jsonl,876a16d098e1da3f642ef70854cbc985bae5f9e3,c6443f025b0ffdaf7adc4b7e5a2a198dc648b6012d6e895e3ef68e25eadd1f1a,selected document ids intentionally excluded
formal_train,qh_885efb70e02fd1ae,D2,1.0,0.6489315753318465,VERIFIED_FROM_RELEASE,paper_results/per_query_minimal/formal_train_per_query.jsonl,876a16d098e1da3f642ef70854cbc985bae5f9e3,c6443f025b0ffdaf7adc4b7e5a2a198dc648b6012d6e895e3ef68e25eadd1f1a,selected document ids intentionally excluded
formal_train,qh_885efb70e02fd1ae,D3,1.0,0.6489315753318465,VERIFIED_FROM_RELEASE,paper_results/per_query_minimal/formal_train_per_query.jsonl,876a16d098e1da3f642ef70854cbc985bae5f9e3,c6443f025b0ffdaf7adc4b7e5a2a198dc648b6012d6e895e3ef68e25eadd1f1a,selected document ids intentionally excluded
formal_train,qh_1d8e2b76dc2b162d,B0,0.6666666666666666,0.8104616303452685,VERIFIED_FROM_RELEASE,paper_results/per_query_minimal/formal_train_per_query.jsonl,876a16d098e1da3f642ef70854cbc985bae5f9e3,c6443f025b0ffdaf7adc4b7e5a2a198dc648b6012d6e895e3ef68e25eadd1f1a,selected document ids intentionally excluded
formal_train,qh_1d8e2b76dc2b162d,D0,1.0,0.6730234638881232,VERIFIED_FROM_RELEASE,paper_results/per_query_minimal/formal_train_per_query.jsonl,876a16d098e1da3f642ef70854cbc985bae5f9e3,c6443f025b0ffdaf7adc4b7e5a2a198dc648b6012d6e895e3ef68e25eadd1f1a,selected document ids intentionally excluded
formal_train,qh_1d8e2b76dc2b162d,D1,1.0,0.6370339733570292,VERIFIED_FROM_RELEASE,paper_results/per_query_minimal/formal_train_per_query.jsonl,876a16d098e1da3f642ef70854cbc985bae5f9e3,c6443f025b0ffdaf7adc4b7e5a2a198dc648b6012d6e895e3ef68e25eadd1f1a,selected document ids intentionally excluded
formal_train,qh_1d8e2b76dc2b162d,D2,0.6666666666666666,0.8104616303452685,VERIFIED_FROM_RELEASE,paper_results/per_query_minimal/formal_train_per_query.jsonl,876a16d098e1da3f642ef70854cbc985bae5f9e3,c6443f025b0ffdaf7adc4b7e5a2a198dc648b6012d6e895e3ef68e25eadd1f1a,selected document ids intentionally excluded
formal_train,qh_1d8e2b76dc2b162d,D3,0.6666666666666666,0.8104616303452685,VERIFIED_FROM_RELEASE,paper_results/per_query_minimal/formal_train_per_query.jsonl,876a16d098e1da3f642ef70854cbc985bae5f9e3,c6443f025b0ffdaf7adc4b7e5a2a198dc648b6012d6e895e3ef68e25eadd1f1a,selected document ids intentionally excluded
formal_train,qh_0f6ad5d75d90498f,B0,1.0,0.6489315753318465,VERIFIED_FROM_RELEASE,paper_results/per_query_minimal/formal_train_per_query.jsonl,876a16d098e1da3f642ef70854cbc985bae5f9e3,c6443f025b0ffdaf7adc4b7e5a2a198dc648b6012d6e895e3ef68e25eadd1f1a,selected document ids intentionally excluded
formal_train,qh_0f6ad5d75d90498f,D0,1.0,0.40002324830925196,VERIFIED_FROM_RELEASE,paper_results/per_query_minimal/formal_train_per_query.jsonl,876a16d098e1da3f642ef70854cbc985bae5f9e3,c6443f025b0ffdaf7adc4b7e5a2a198dc648b6012d6e895e3ef68e25eadd1f1a,selected document ids intentionally excluded
formal_train,qh_0f6ad5d75d90498f,D1,1.0,0.40002324830925196,VERIFIED_FROM_RELEASE,paper_results/per_query_minimal/formal_train_per_query.jsonl,876a16d098e1da3f642ef70854cbc985bae5f9e3,c6443f025b0ffdaf7adc4b7e5a2a198dc648b6012d6e895e3ef68e25eadd1f1a,selected document ids intentionally excluded
formal_train,qh_0f6ad5d75d90498f,D2,1.0,0.4537425745411855,VERIFIED_FROM_RELEASE,paper_results/per_query_minimal/formal_train_per_query.jsonl,876a16d098e1da3f642ef70854cbc985bae5f9e3,c6443f025b0ffdaf7adc4b7e5a2a198dc648b6012d6e895e3ef68e25eadd1f1a,selected document ids intentionally excluded
formal_train,qh_0f6ad5d75d90498f,D3,1.0,0.4537425745411855,VERIFIED_FROM_RELEASE,paper_results/per_query_minimal/formal_train_per_query.jsonl,876a16d098e1da3f642ef70854cbc985bae5f9e3,c6443f025b0ffdaf7adc4b7e5a2a198dc648b6012d6e895e3ef68e25eadd1f1a,selected document ids intentionally excluded
formal_train,qh_b80c4a4197f6d826,B0,0.75,0.6489315753318465,VERIFIED_FROM_RELEASE,paper_results/per_query_minimal/formal_train_per_query.jsonl,876a16d098e1da3f642ef70854cbc985bae5f9e3,c6443f025b0ffdaf7adc4b7e5a2a198dc648b6012d6e895e3ef68e25eadd1f1a,selected document ids intentionally excluded
formal_train,qh_b80c4a4197f6d826,D0,1.0,0.6489315753318465,VERIFIED_FROM_RELEASE,paper_results/per_query_minimal/formal_train_per_query.jsonl,876a16d098e1da3f642ef70854cbc985bae5f9e3,c6443f025b0ffdaf7adc4b7e5a2a198dc648b6012d6e895e3ef68e25eadd1f1a,selected document ids intentionally excluded
formal_train,qh_b80c4a4197f6d826,D1,1.0,0.6489315753318465,VERIFIED_FROM_RELEASE,paper_results/per_query_minimal/formal_train_per_query.jsonl,876a16d098e1da3f642ef70854cbc985bae5f9e3,c6443f025b0ffdaf7adc4b7e5a2a198dc648b6012d6e895e3ef68e25eadd1f1a,selected document ids intentionally excluded
formal_train,qh_b80c4a4197f6d826,D2,0.75,0.6489315753318465,VERIFIED_FROM_RELEASE,paper_results/per_query_minimal/formal_train_per_query.jsonl,876a16d098e1da3f642ef70854cbc985bae5f9e3,c6443f025b0ffdaf7adc4b7e5a2a198dc648b6012d6e895e3ef68e25eadd1f1a,selected document ids intentionally excluded
formal_train,qh_b80c4a4197f6d826,D3,0.75,0.6489315753318465,VERIFIED_FROM_RELEASE,paper_results/per_query_minimal/formal_train_per_query.jsonl,876a16d098e1da3f642ef70854cbc985bae5f9e3,c6443f025b0ffdaf7adc4b7e5a2a198dc648b6012d6e895e3ef68e25eadd1f1a,selected document ids intentionally excluded
formal_train,qh_16d308abf0214c8e,B0,1.0,0.6489315753318465,VERIFIED_FROM_RELEASE,paper_results/per_query_minimal/formal_train_per_query.jsonl,876a16d098e1da3f642ef70854cbc985bae5f9e3,c6443f025b0ffdaf7adc4b7e5a2a198dc648b6012d6e895e3ef68e25eadd1f1a,selected document ids intentionally excluded
formal_train,qh_16d308abf0214c8e,D0,1.0,0.6489315753318465,VERIFIED_FROM_RELEASE,paper_results/per_query_minimal/formal_train_per_query.jsonl,876a16d098e1da3f642ef70854cbc985bae5f9e3,c6443f025b0ffdaf7adc4b7e5a2a198dc648b6012d6e895e3ef68e25eadd1f1a,selected document ids intentionally excluded
formal_train,qh_16d308abf0214c8e,D1,1.0,0.6489315753318465,VERIFIED_FROM_RELEASE,paper_results/per_query_minimal/formal_train_per_query.jsonl,876a16d098e1da3f642ef70854cbc985bae5f9e3,c6443f025b0ffdaf7adc4b7e5a2a198dc648b6012d6e895e3ef68e25eadd1f1a,selected document ids intentionally excluded
formal_train,qh_16d308abf0214c8e,D2,1.0,0.6489315753318465,VERIFIED_FROM_RELEASE,paper_results/per_query_minimal/formal_train_per_query.jsonl,876a16d098e1da3f642ef70854cbc985bae5f9e3,c6443f025b0ffdaf7adc4b7e5a2a198dc648b6012d6e895e3ef68e25eadd1f1a,selected document ids intentionally excluded
formal_train,qh_16d308abf0214c8e,D3,1.0,0.6489315753318465,VERIFIED_FROM_RELEASE,paper_results/per_query_minimal/formal_train_per_query.jsonl,876a16d098e1da3f642ef70854cbc985bae5f9e3,c6443f025b0ffdaf7adc4b7e5a2a198dc648b6012d6e895e3ef68e25eadd1f1a,selected document ids intentionally excluded
formal_train,qh_5f6da013cd77478e,B0,0.75,0.6489315753318465,VERIFIED_FROM_RELEASE,paper_results/per_query_minimal/formal_train_per_query.jsonl,876a16d098e1da3f642ef70854cbc985bae5f9e3,c6443f025b0ffdaf7adc4b7e5a2a198dc648b6012d6e895e3ef68e25eadd1f1a,selected document ids intentionally excluded
formal_train,qh_5f6da013cd77478e,D0,0.75,0.510069131458292,VERIFIED_FROM_RELEASE,paper_results/per_query_minimal/formal_train_per_query.jsonl,876a16d098e1da3f642ef70854cbc985bae5f9e3,c6443f025b0ffdaf7adc4b7e5a2a198dc648b6012d6e895e3ef68e25eadd1f1a,selected document ids intentionally excluded
formal_train,qh_5f6da013cd77478e,D1,0.75,0.5388856921828065,VERIFIED_FROM_RELEASE,paper_results/per_query_minimal/formal_train_per_query.jsonl,876a16d098e1da3f642ef70854cbc985bae5f9e3,c6443f025b0ffdaf7adc4b7e5a2a198dc648b6012d6e895e3ef68e25eadd1f1a,selected document ids intentionally excluded
formal_train,qh_5f6da013cd77478e,D2,0.75,0.6489315753318465,VERIFIED_FROM_RELEASE,paper_results/per_query_minimal/formal_train_per_query.jsonl,876a16d098e1da3f642ef70854cbc985bae5f9e3,c6443f025b0ffdaf7adc4b7e5a2a198dc648b6012d6e895e3ef68e25eadd1f1a,selected document ids intentionally excluded
formal_train,qh_5f6da013cd77478e,D3,0.75,0.6489315753318465,VERIFIED_FROM_RELEASE,paper_results/per_query_minimal/formal_train_per_query.jsonl,876a16d098e1da3f642ef70854cbc985bae5f9e3,c6443f025b0ffdaf7adc4b7e5a2a198dc648b6012d6e895e3ef68e25eadd1f1a,selected document ids intentionally excluded
formal_train,qh_ee449b877d4b54e1,B0,1.0,0.830419897363192,VERIFIED_FROM_RELEASE,paper_results/per_query_minimal/formal_train_per_query.jsonl,876a16d098e1da3f642ef70854cbc985bae5f9e3,c6443f025b0ffdaf7adc4b7e5a2a198dc648b6012d6e895e3ef68e25eadd1f1a,selected document ids intentionally excluded
formal_train,qh_ee449b877d4b54e1,D0,1.0,0.7860137352654726,VERIFIED_FROM_RELEASE,paper_results/per_query_minimal/formal_train_per_query.jsonl,876a16d098e1da3f642ef70854cbc985bae5f9e3,c6443f025b0ffdaf7adc4b7e5a2a198dc648b6012d6e895e3ef68e25eadd1f1a,selected document ids intentionally excluded
formal_train,qh_ee449b877d4b54e1,D1,1.0,0.7860137352654726,VERIFIED_FROM_RELEASE,paper_results/per_query_minimal/formal_train_per_query.jsonl,876a16d098e1da3f642ef70854cbc985bae5f9e3,c6443f025b0ffdaf7adc4b7e5a2a198dc648b6012d6e895e3ef68e25eadd1f1a,selected document ids intentionally excluded
formal_train,qh_ee449b877d4b54e1,D2,1.0,0.830419897363192,VERIFIED_FROM_RELEASE,paper_results/per_query_minimal/formal_train_per_query.jsonl,876a16d098e1da3f642ef70854cbc985bae5f9e3,c6443f025b0ffdaf7adc4b7e5a2a198dc648b6012d6e895e3ef68e25eadd1f1a,selected document ids intentionally excluded
formal_train,qh_ee449b877d4b54e1,D3,1.0,0.830419897363192,VERIFIED_FROM_RELEASE,paper_results/per_query_minimal/formal_train_per_query.jsonl,876a16d098e1da3f642ef70854cbc985bae5f9e3,c6443f025b0ffdaf7adc4b7e5a2a198dc648b6012d6e895e3ef68e25eadd1f1a,selected document ids intentionally excluded
formal_train,qh_82e9f09b80eeda27,B0,1.0,0.7457912185292984,VERIFIED_FROM_RELEASE,paper_results/per_query_minimal/formal_train_per_query.jsonl,876a16d098e1da3f642ef70854cbc985bae5f9e3,c6443f025b0ffdaf7adc4b7e5a2a198dc648b6012d6e895e3ef68e25eadd1f1a,selected document ids intentionally excluded
formal_train,qh_82e9f09b80eeda27,D0,1.0,0.5862021414044021,VERIFIED_FROM_RELEASE,paper_results/per_query_minimal/formal_train_per_query.jsonl,876a16d098e1da3f642ef70854cbc985bae5f9e3,c6443f025b0ffdaf7adc4b7e5a2a198dc648b6012d6e895e3ef68e25eadd1f1a,selected document ids intentionally excluded
formal_train,qh_82e9f09b80eeda27,D1,1.0,0.6479396238941381,VERIFIED_FROM_RELEASE,paper_results/per_query_minimal/formal_train_per_query.jsonl,876a16d098e1da3f642ef70854cbc985bae5f9e3,c6443f025b0ffdaf7adc4b7e5a2a198dc648b6012d6e895e3ef68e25eadd1f1a,selected document ids intentionally excluded
formal_train,qh_82e9f09b80eeda27,D2,1.0,0.7457912185292984,VERIFIED_FROM_RELEASE,paper_results/per_query_minimal/formal_train_per_query.jsonl,876a16d098e1da3f642ef70854cbc985bae5f9e3,c6443f025b0ffdaf7adc4b7e5a2a198dc648b6012d6e895e3ef68e25eadd1f1a,selected document ids intentionally excluded
formal_train,qh_82e9f09b80eeda27,D3,1.0,0.7457912185292984,VERIFIED_FROM_RELEASE,paper_results/per_query_minimal/formal_train_per_query.jsonl,876a16d098e1da3f642ef70854cbc985bae5f9e3,c6443f025b0ffdaf7adc4b7e5a2a198dc648b6012d6e895e3ef68e25eadd1f1a,selected document ids intentionally excluded
formal_train,qh_39dc545c5fd662d6,B0,1.0,0.6489315753318465,VERIFIED_FROM_RELEASE,paper_results/per_query_minimal/formal_train_per_query.jsonl,876a16d098e1da3f642ef70854cbc985bae5f9e3,c6443f025b0ffdaf7adc4b7e5a2a198dc648b6012d6e895e3ef68e25eadd1f1a,selected document ids intentionally excluded
formal_train,qh_39dc545c5fd662d6,D0,1.0,0.6489315753318465,VERIFIED_FROM_RELEASE,paper_results/per_query_minimal/formal_train_per_query.jsonl,876a16d098e1da3f642ef70854cbc985bae5f9e3,c6443f025b0ffdaf7adc4b7e5a2a198dc648b6012d6e895e3ef68e25eadd1f1a,selected document ids intentionally excluded
formal_train,qh_39dc545c5fd662d6,D1,1.0,0.6489315753318465,VERIFIED_FROM_RELEASE,paper_results/per_query_minimal/formal_train_per_query.jsonl,876a16d098e1da3f642ef70854cbc985bae5f9e3,c6443f025b0ffdaf7adc4b7e5a2a198dc648b6012d6e895e3ef68e25eadd1f1a,selected document ids intentionally excluded
formal_train,qh_39dc545c5fd662d6,D2,1.0,0.6489315753318465,VERIFIED_FROM_RELEASE,paper_results/per_query_minimal/formal_train_per_query.jsonl,876a16d098e1da3f642ef70854cbc985bae5f9e3,c6443f025b0ffdaf7adc4b7e5a2a198dc648b6012d6e895e3ef68e25eadd1f1a,selected document ids intentionally excluded
formal_train,qh_39dc545c5fd662d6,D3,1.0,0.6489315753318465,VERIFIED_FROM_RELEASE,paper_results/per_query_minimal/formal_train_per_query.jsonl,876a16d098e1da3f642ef70854cbc985bae5f9e3,c6443f025b0ffdaf7adc4b7e5a2a198dc648b6012d6e895e3ef68e25eadd1f1a,selected document ids intentionally excluded
formal_train,qh_e04dea69877a8545,B0,1.0,0.8104616303452685,VERIFIED_FROM_RELEASE,paper_results/per_query_minimal/formal_train_per_query.jsonl,876a16d098e1da3f642ef70854cbc985bae5f9e3,c6443f025b0ffdaf7adc4b7e5a2a198dc648b6012d6e895e3ef68e25eadd1f1a,selected document ids intentionally excluded
formal_train,qh_e04dea69877a8545,D0,1.0,0.8104616303452685,VERIFIED_FROM_RELEASE,paper_results/per_query_minimal/formal_train_per_query.jsonl,876a16d098e1da3f642ef70854cbc985bae5f9e3,c6443f025b0ffdaf7adc4b7e5a2a198dc648b6012d6e895e3ef68e25eadd1f1a,selected document ids intentionally excluded
formal_train,qh_e04dea69877a8545,D1,1.0,0.8104616303452685,VERIFIED_FROM_RELEASE,paper_results/per_query_minimal/formal_train_per_query.jsonl,876a16d098e1da3f642ef70854cbc985bae5f9e3,c6443f025b0ffdaf7adc4b7e5a2a198dc648b6012d6e895e3ef68e25eadd1f1a,selected document ids intentionally excluded
formal_train,qh_e04dea69877a8545,D2,1.0,0.8104616303452685,VERIFIED_FROM_RELEASE,paper_results/per_query_minimal/formal_train_per_query.jsonl,876a16d098e1da3f642ef70854cbc985bae5f9e3,c6443f025b0ffdaf7adc4b7e5a2a198dc648b6012d6e895e3ef68e25eadd1f1a,selected document ids intentionally excluded
formal_train,qh_e04dea69877a8545,D3,1.0,0.8104616303452685,VERIFIED_FROM_RELEASE,paper_results/per_query_minimal/formal_train_per_query.jsonl,876a16d098e1da3f642ef70854cbc985bae5f9e3,c6443f025b0ffdaf7adc4b7e5a2a198dc648b6012d6e895e3ef68e25eadd1f1a,selected document ids intentionally excluded
formal_train,qh_0528d27a21647aad,B0,0.75,0.6489315753318465,VERIFIED_FROM_RELEASE,paper_results/per_query_minimal/formal_train_per_query.jsonl,876a16d098e1da3f642ef70854cbc985bae5f9e3,c6443f025b0ffdaf7adc4b7e5a2a198dc648b6012d6e895e3ef68e25eadd1f1a,selected document ids intentionally excluded
formal_train,qh_0528d27a21647aad,D0,0.75,0.6489315753318465,VERIFIED_FROM_RELEASE,paper_results/per_query_minimal/formal_train_per_query.jsonl,876a16d098e1da3f642ef70854cbc985bae5f9e3,c6443f025b0ffdaf7adc4b7e5a2a198dc648b6012d6e895e3ef68e25eadd1f1a,selected document ids intentionally excluded
formal_train,qh_0528d27a21647aad,D1,0.75,0.6489315753318465,VERIFIED_FROM_RELEASE,paper_results/per_query_minimal/formal_train_per_query.jsonl,876a16d098e1da3f642ef70854cbc985bae5f9e3,c6443f025b0ffdaf7adc4b7e5a2a198dc648b6012d6e895e3ef68e25eadd1f1a,selected document ids intentionally excluded
formal_train,qh_0528d27a21647aad,D2,0.75,0.6489315753318465,VERIFIED_FROM_RELEASE,paper_results/per_query_minimal/formal_train_per_query.jsonl,876a16d098e1da3f642ef70854cbc985bae5f9e3,c6443f025b0ffdaf7adc4b7e5a2a198dc648b6012d6e895e3ef68e25eadd1f1a,selected document ids intentionally excluded
formal_train,qh_0528d27a21647aad,D3,0.75,0.6489315753318465,VERIFIED_FROM_RELEASE,paper_results/per_query_minimal/formal_train_per_query.jsonl,876a16d098e1da3f642ef70854cbc985bae5f9e3,c6443f025b0ffdaf7adc4b7e5a2a198dc648b6012d6e895e3ef68e25eadd1f1a,selected document ids intentionally excluded
formal_train,qh_6903dc5eff9488c2,B0,1.0,0.6489315753318465,VERIFIED_FROM_RELEASE,paper_results/per_query_minimal/formal_train_per_query.jsonl,876a16d098e1da3f642ef70854cbc985bae5f9e3,c6443f025b0ffdaf7adc4b7e5a2a198dc648b6012d6e895e3ef68e25eadd1f1a,selected document ids intentionally excluded
formal_train,qh_6903dc5eff9488c2,D0,1.0,0.6489315753318465,VERIFIED_FROM_RELEASE,paper_results/per_query_minimal/formal_train_per_query.jsonl,876a16d098e1da3f642ef70854cbc985bae5f9e3,c6443f025b0ffdaf7adc4b7e5a2a198dc648b6012d6e895e3ef68e25eadd1f1a,selected document ids intentionally excluded
formal_train,qh_6903dc5eff9488c2,D1,1.0,0.6489315753318465,VERIFIED_FROM_RELEASE,paper_results/per_query_minimal/formal_train_per_query.jsonl,876a16d098e1da3f642ef70854cbc985bae5f9e3,c6443f025b0ffdaf7adc4b7e5a2a198dc648b6012d6e895e3ef68e25eadd1f1a,selected document ids intentionally excluded
formal_train,qh_6903dc5eff9488c2,D2,1.0,0.6489315753318465,VERIFIED_FROM_RELEASE,paper_results/per_query_minimal/formal_train_per_query.jsonl,876a16d098e1da3f642ef70854cbc985bae5f9e3,c6443f025b0ffdaf7adc4b7e5a2a198dc648b6012d6e895e3ef68e25eadd1f1a,selected document ids intentionally excluded
formal_train,qh_6903dc5eff9488c2,D3,1.0,0.6489315753318465,VERIFIED_FROM_RELEASE,paper_results/per_query_minimal/formal_train_per_query.jsonl,876a16d098e1da3f642ef70854cbc985bae5f9e3,c6443f025b0ffdaf7adc4b7e5a2a198dc648b6012d6e895e3ef68e25eadd1f1a,selected document ids intentionally excluded
formal_train,qh_d295b3152c2d9f03,B0,1.0,0.7457912185292984,VERIFIED_FROM_RELEASE,paper_results/per_query_minimal/formal_train_per_query.jsonl,876a16d098e1da3f642ef70854cbc985bae5f9e3,c6443f025b0ffdaf7adc4b7e5a2a198dc648b6012d6e895e3ef68e25eadd1f1a,selected document ids intentionally excluded
formal_train,qh_d295b3152c2d9f03,D0,1.0,0.7457912185292984,VERIFIED_FROM_RELEASE,paper_results/per_query_minimal/formal_train_per_query.jsonl,876a16d098e1da3f642ef70854cbc985bae5f9e3,c6443f025b0ffdaf7adc4b7e5a2a198dc648b6012d6e895e3ef68e25eadd1f1a,selected document ids intentionally excluded
formal_train,qh_d295b3152c2d9f03,D1,1.0,0.7457912185292984,VERIFIED_FROM_RELEASE,paper_results/per_query_minimal/formal_train_per_query.jsonl,876a16d098e1da3f642ef70854cbc985bae5f9e3,c6443f025b0ffdaf7adc4b7e5a2a198dc648b6012d6e895e3ef68e25eadd1f1a,selected document ids intentionally excluded
formal_train,qh_d295b3152c2d9f03,D2,1.0,0.7457912185292984,VERIFIED_FROM_RELEASE,paper_results/per_query_minimal/formal_train_per_query.jsonl,876a16d098e1da3f642ef70854cbc985bae5f9e3,c6443f025b0ffdaf7adc4b7e5a2a198dc648b6012d6e895e3ef68e25eadd1f1a,selected document ids intentionally excluded
formal_train,qh_d295b3152c2d9f03,D3,1.0,0.7457912185292984,VERIFIED_FROM_RELEASE,paper_results/per_query_minimal/formal_train_per_query.jsonl,876a16d098e1da3f642ef70854cbc985bae5f9e3,c6443f025b0ffdaf7adc4b7e5a2a198dc648b6012d6e895e3ef68e25eadd1f1a,selected document ids intentionally excluded
formal_train,qh_c7c0683e3661cfea,B0,0.6,0.6489315753318465,VERIFIED_FROM_RELEASE,paper_results/per_query_minimal/formal_train_per_query.jsonl,876a16d098e1da3f642ef70854cbc985bae5f9e3,c6443f025b0ffdaf7adc4b7e5a2a198dc648b6012d6e895e3ef68e25eadd1f1a,selected document ids intentionally excluded
formal_train,qh_c7c0683e3661cfea,D0,0.8,0.6489315753318465,VERIFIED_FROM_RELEASE,paper_results/per_query_minimal/formal_train_per_query.jsonl,876a16d098e1da3f642ef70854cbc985bae5f9e3,c6443f025b0ffdaf7adc4b7e5a2a198dc648b6012d6e895e3ef68e25eadd1f1a,selected document ids intentionally excluded
formal_train,qh_c7c0683e3661cfea,D1,0.8,0.6489315753318465,VERIFIED_FROM_RELEASE,paper_results/per_query_minimal/formal_train_per_query.jsonl,876a16d098e1da3f642ef70854cbc985bae5f9e3,c6443f025b0ffdaf7adc4b7e5a2a198dc648b6012d6e895e3ef68e25eadd1f1a,selected document ids intentionally excluded
formal_train,qh_c7c0683e3661cfea,D2,0.6,0.6489315753318465,VERIFIED_FROM_RELEASE,paper_results/per_query_minimal/formal_train_per_query.jsonl,876a16d098e1da3f642ef70854cbc985bae5f9e3,c6443f025b0ffdaf7adc4b7e5a2a198dc648b6012d6e895e3ef68e25eadd1f1a,selected document ids intentionally excluded
formal_train,qh_c7c0683e3661cfea,D3,0.6,0.6489315753318465,VERIFIED_FROM_RELEASE,paper_results/per_query_minimal/formal_train_per_query.jsonl,876a16d098e1da3f642ef70854cbc985bae5f9e3,c6443f025b0ffdaf7adc4b7e5a2a198dc648b6012d6e895e3ef68e25eadd1f1a,selected document ids intentionally excluded
formal_train,qh_1b134f7859cfffa7,B0,1.0,0.6489315753318465,VERIFIED_FROM_RELEASE,paper_results/per_query_minimal/formal_train_per_query.jsonl,876a16d098e1da3f642ef70854cbc985bae5f9e3,c6443f025b0ffdaf7adc4b7e5a2a198dc648b6012d6e895e3ef68e25eadd1f1a,selected document ids intentionally excluded
formal_train,qh_1b134f7859cfffa7,D0,1.0,0.6489315753318465,VERIFIED_FROM_RELEASE,paper_results/per_query_minimal/formal_train_per_query.jsonl,876a16d098e1da3f642ef70854cbc985bae5f9e3,c6443f025b0ffdaf7adc4b7e5a2a198dc648b6012d6e895e3ef68e25eadd1f1a,selected document ids intentionally excluded
formal_train,qh_1b134f7859cfffa7,D1,1.0,0.6489315753318465,VERIFIED_FROM_RELEASE,paper_results/per_query_minimal/formal_train_per_query.jsonl,876a16d098e1da3f642ef70854cbc985bae5f9e3,c6443f025b0ffdaf7adc4b7e5a2a198dc648b6012d6e895e3ef68e25eadd1f1a,selected document ids intentionally excluded
formal_train,qh_1b134f7859cfffa7,D2,1.0,0.6489315753318465,VERIFIED_FROM_RELEASE,paper_results/per_query_minimal/formal_train_per_query.jsonl,876a16d098e1da3f642ef70854cbc985bae5f9e3,c6443f025b0ffdaf7adc4b7e5a2a198dc648b6012d6e895e3ef68e25eadd1f1a,selected document ids intentionally excluded
formal_train,qh_1b134f7859cfffa7,D3,1.0,0.6489315753318465,VERIFIED_FROM_RELEASE,paper_results/per_query_minimal/formal_train_per_query.jsonl,876a16d098e1da3f642ef70854cbc985bae5f9e3,c6443f025b0ffdaf7adc4b7e5a2a198dc648b6012d6e895e3ef68e25eadd1f1a,selected document ids intentionally excluded
formal_train,qh_f948662c29bf547a,B0,1.0,0.6489315753318465,VERIFIED_FROM_RELEASE,paper_results/per_query_minimal/formal_train_per_query.jsonl,876a16d098e1da3f642ef70854cbc985bae5f9e3,c6443f025b0ffdaf7adc4b7e5a2a198dc648b6012d6e895e3ef68e25eadd1f1a,selected document ids intentionally excluded
formal_train,qh_f948662c29bf547a,D0,1.0,0.6489315753318465,VERIFIED_FROM_RELEASE,paper_results/per_query_minimal/formal_train_per_query.jsonl,876a16d098e1da3f642ef70854cbc985bae5f9e3,c6443f025b0ffdaf7adc4b7e5a2a198dc648b6012d6e895e3ef68e25eadd1f1a,selected document ids intentionally excluded
formal_train,qh_f948662c29bf547a,D1,1.0,0.6489315753318465,VERIFIED_FROM_RELEASE,paper_results/per_query_minimal/formal_train_per_query.jsonl,876a16d098e1da3f642ef70854cbc985bae5f9e3,c6443f025b0ffdaf7adc4b7e5a2a198dc648b6012d6e895e3ef68e25eadd1f1a,selected document ids intentionally excluded
formal_train,qh_f948662c29bf547a,D2,1.0,0.6489315753318465,VERIFIED_FROM_RELEASE,paper_results/per_query_minimal/formal_train_per_query.jsonl,876a16d098e1da3f642ef70854cbc985bae5f9e3,c6443f025b0ffdaf7adc4b7e5a2a198dc648b6012d6e895e3ef68e25eadd1f1a,selected document ids intentionally excluded
formal_train,qh_f948662c29bf547a,D3,0.75,0.6489315753318465,VERIFIED_FROM_RELEASE,paper_results/per_query_minimal/formal_train_per_query.jsonl,876a16d098e1da3f642ef70854cbc985bae5f9e3,c6443f025b0ffdaf7adc4b7e5a2a198dc648b6012d6e895e3ef68e25eadd1f1a,selected document ids intentionally excluded
formal_train,qh_6e450a100ae7afdd,B0,1.0,0.4288398090337664,VERIFIED_FROM_RELEASE,paper_results/per_query_minimal/formal_train_per_query.jsonl,876a16d098e1da3f642ef70854cbc985bae5f9e3,c6443f025b0ffdaf7adc4b7e5a2a198dc648b6012d6e895e3ef68e25eadd1f1a,selected document ids intentionally excluded
formal_train,qh_6e450a100ae7afdd,D0,1.0,0.510069131458292,VERIFIED_FROM_RELEASE,paper_results/per_query_minimal/formal_train_per_query.jsonl,876a16d098e1da3f642ef70854cbc985bae5f9e3,c6443f025b0ffdaf7adc4b7e5a2a198dc648b6012d6e895e3ef68e25eadd1f1a,selected document ids intentionally excluded
formal_train,qh_6e450a100ae7afdd,D1,1.0,0.510069131458292,VERIFIED_FROM_RELEASE,paper_results/per_query_minimal/formal_train_per_query.jsonl,876a16d098e1da3f642ef70854cbc985bae5f9e3,c6443f025b0ffdaf7adc4b7e5a2a198dc648b6012d6e895e3ef68e25eadd1f1a,selected document ids intentionally excluded
formal_train,qh_6e450a100ae7afdd,D2,1.0,0.4288398090337664,VERIFIED_FROM_RELEASE,paper_results/per_query_minimal/formal_train_per_query.jsonl,876a16d098e1da3f642ef70854cbc985bae5f9e3,c6443f025b0ffdaf7adc4b7e5a2a198dc648b6012d6e895e3ef68e25eadd1f1a,selected document ids intentionally excluded
formal_train,qh_6e450a100ae7afdd,D3,1.0,0.4288398090337664,VERIFIED_FROM_RELEASE,paper_results/per_query_minimal/formal_train_per_query.jsonl,876a16d098e1da3f642ef70854cbc985bae5f9e3,c6443f025b0ffdaf7adc4b7e5a2a198dc648b6012d6e895e3ef68e25eadd1f1a,selected document ids intentionally excluded
formal_train,qh_ca59294d3a1a8809,B0,0.6,0.6730234638881232,VERIFIED_FROM_RELEASE,paper_results/per_query_minimal/formal_train_per_query.jsonl,876a16d098e1da3f642ef70854cbc985bae5f9e3,c6443f025b0ffdaf7adc4b7e5a2a198dc648b6012d6e895e3ef68e25eadd1f1a,selected document ids intentionally excluded
formal_train,qh_ca59294d3a1a8809,D0,0.6,0.4995958068998837,VERIFIED_FROM_RELEASE,paper_results/per_query_minimal/formal_train_per_query.jsonl,876a16d098e1da3f642ef70854cbc985bae5f9e3,c6443f025b0ffdaf7adc4b7e5a2a198dc648b6012d6e895e3ef68e25eadd1f1a,selected document ids intentionally excluded
formal_train,qh_ca59294d3a1a8809,D1,0.4,0.5666867828578933,VERIFIED_FROM_RELEASE,paper_results/per_query_minimal/formal_train_per_query.jsonl,876a16d098e1da3f642ef70854cbc985bae5f9e3,c6443f025b0ffdaf7adc4b7e5a2a198dc648b6012d6e895e3ef68e25eadd1f1a,selected document ids intentionally excluded
formal_train,qh_ca59294d3a1a8809,D2,0.6,0.6730234638881232,VERIFIED_FROM_RELEASE,paper_results/per_query_minimal/formal_train_per_query.jsonl,876a16d098e1da3f642ef70854cbc985bae5f9e3,c6443f025b0ffdaf7adc4b7e5a2a198dc648b6012d6e895e3ef68e25eadd1f1a,selected document ids intentionally excluded
formal_train,qh_ca59294d3a1a8809,D3,0.6,0.6730234638881232,VERIFIED_FROM_RELEASE,paper_results/per_query_minimal/formal_train_per_query.jsonl,876a16d098e1da3f642ef70854cbc985bae5f9e3,c6443f025b0ffdaf7adc4b7e5a2a198dc648b6012d6e895e3ef68e25eadd1f1a,selected document ids intentionally excluded
formal_train,qh_f26015e1dffcd306,B0,0.5,0.1312050775123418,VERIFIED_FROM_RELEASE,paper_results/per_query_minimal/formal_train_per_query.jsonl,876a16d098e1da3f642ef70854cbc985bae5f9e3,c6443f025b0ffdaf7adc4b7e5a2a198dc648b6012d6e895e3ef68e25eadd1f1a,selected document ids intentionally excluded
formal_train,qh_f26015e1dffcd306,D0,1.0,0.3391602052736162,VERIFIED_FROM_RELEASE,paper_results/per_query_minimal/formal_train_per_query.jsonl,876a16d098e1da3f642ef70854cbc985bae5f9e3,c6443f025b0ffdaf7adc4b7e5a2a198dc648b6012d6e895e3ef68e25eadd1f1a,selected document ids intentionally excluded
formal_train,qh_f26015e1dffcd306,D1,0.5,0.3391602052736162,VERIFIED_FROM_RELEASE,paper_results/per_query_minimal/formal_train_per_query.jsonl,876a16d098e1da3f642ef70854cbc985bae5f9e3,c6443f025b0ffdaf7adc4b7e5a2a198dc648b6012d6e895e3ef68e25eadd1f1a,selected document ids intentionally excluded
formal_train,qh_f26015e1dffcd306,D2,0.5,0.1312050775123418,VERIFIED_FROM_RELEASE,paper_results/per_query_minimal/formal_train_per_query.jsonl,876a16d098e1da3f642ef70854cbc985bae5f9e3,c6443f025b0ffdaf7adc4b7e5a2a198dc648b6012d6e895e3ef68e25eadd1f1a,selected document ids intentionally excluded
formal_train,qh_f26015e1dffcd306,D3,0.5,0.1312050775123418,VERIFIED_FROM_RELEASE,paper_results/per_query_minimal/formal_train_per_query.jsonl,876a16d098e1da3f642ef70854cbc985bae5f9e3,c6443f025b0ffdaf7adc4b7e5a2a198dc648b6012d6e895e3ef68e25eadd1f1a,selected document ids intentionally excluded
formal_train,qh_839df174d8600d99,B0,0.6666666666666666,0.6920788373899057,VERIFIED_FROM_RELEASE,paper_results/per_query_minimal/formal_train_per_query.jsonl,876a16d098e1da3f642ef70854cbc985bae5f9e3,c6443f025b0ffdaf7adc4b7e5a2a198dc648b6012d6e895e3ef68e25eadd1f1a,selected document ids intentionally excluded
formal_train,qh_839df174d8600d99,D0,1.0,0.6730234638881232,VERIFIED_FROM_RELEASE,paper_results/per_query_minimal/formal_train_per_query.jsonl,876a16d098e1da3f642ef70854cbc985bae5f9e3,c6443f025b0ffdaf7adc4b7e5a2a198dc648b6012d6e895e3ef68e25eadd1f1a,selected document ids intentionally excluded
formal_train,qh_839df174d8600d99,D1,1.0,0.6370339733570292,VERIFIED_FROM_RELEASE,paper_results/per_query_minimal/formal_train_per_query.jsonl,876a16d098e1da3f642ef70854cbc985bae5f9e3,c6443f025b0ffdaf7adc4b7e5a2a198dc648b6012d6e895e3ef68e25eadd1f1a,selected document ids intentionally excluded
formal_train,qh_839df174d8600d99,D2,0.6666666666666666,0.6920788373899057,VERIFIED_FROM_RELEASE,paper_results/per_query_minimal/formal_train_per_query.jsonl,876a16d098e1da3f642ef70854cbc985bae5f9e3,c6443f025b0ffdaf7adc4b7e5a2a198dc648b6012d6e895e3ef68e25eadd1f1a,selected document ids intentionally excluded
formal_train,qh_839df174d8600d99,D3,0.6666666666666666,0.6920788373899057,VERIFIED_FROM_RELEASE,paper_results/per_query_minimal/formal_train_per_query.jsonl,876a16d098e1da3f642ef70854cbc985bae5f9e3,c6443f025b0ffdaf7adc4b7e5a2a198dc648b6012d6e895e3ef68e25eadd1f1a,selected document ids intentionally excluded
formal_train,qh_de03b0fb594a7f83,B0,1.0,0.7457912185292984,VERIFIED_FROM_RELEASE,paper_results/per_query_minimal/formal_train_per_query.jsonl,876a16d098e1da3f642ef70854cbc985bae5f9e3,c6443f025b0ffdaf7adc4b7e5a2a198dc648b6012d6e895e3ef68e25eadd1f1a,selected document ids intentionally excluded
formal_train,qh_de03b0fb594a7f83,D0,1.0,0.7457912185292984,VERIFIED_FROM_RELEASE,paper_results/per_query_minimal/formal_train_per_query.jsonl,876a16d098e1da3f642ef70854cbc985bae5f9e3,c6443f025b0ffdaf7adc4b7e5a2a198dc648b6012d6e895e3ef68e25eadd1f1a,selected document ids intentionally excluded
formal_train,qh_de03b0fb594a7f83,D1,1.0,0.7457912185292984,VERIFIED_FROM_RELEASE,paper_results/per_query_minimal/formal_train_per_query.jsonl,876a16d098e1da3f642ef70854cbc985bae5f9e3,c6443f025b0ffdaf7adc4b7e5a2a198dc648b6012d6e895e3ef68e25eadd1f1a,selected document ids intentionally excluded
formal_train,qh_de03b0fb594a7f83,D2,1.0,0.7457912185292984,VERIFIED_FROM_RELEASE,paper_results/per_query_minimal/formal_train_per_query.jsonl,876a16d098e1da3f642ef70854cbc985bae5f9e3,c6443f025b0ffdaf7adc4b7e5a2a198dc648b6012d6e895e3ef68e25eadd1f1a,selected document ids intentionally excluded
formal_train,qh_de03b0fb594a7f83,D3,1.0,0.7457912185292984,VERIFIED_FROM_RELEASE,paper_results/per_query_minimal/formal_train_per_query.jsonl,876a16d098e1da3f642ef70854cbc985bae5f9e3,c6443f025b0ffdaf7adc4b7e5a2a198dc648b6012d6e895e3ef68e25eadd1f1a,selected document ids intentionally excluded
formal_train,qh_5467a3edf23ca1b8,B0,1.0,0.5012658353418872,VERIFIED_FROM_RELEASE,paper_results/per_query_minimal/formal_train_per_query.jsonl,876a16d098e1da3f642ef70854cbc985bae5f9e3,c6443f025b0ffdaf7adc4b7e5a2a198dc648b6012d6e895e3ef68e25eadd1f1a,selected document ids intentionally excluded
formal_train,qh_5467a3edf23ca1b8,D0,1.0,1.0,VERIFIED_FROM_RELEASE,paper_results/per_query_minimal/formal_train_per_query.jsonl,876a16d098e1da3f642ef70854cbc985bae5f9e3,c6443f025b0ffdaf7adc4b7e5a2a198dc648b6012d6e895e3ef68e25eadd1f1a,selected document ids intentionally excluded
formal_train,qh_5467a3edf23ca1b8,D1,1.0,0.8503449055347546,VERIFIED_FROM_RELEASE,paper_results/per_query_minimal/formal_train_per_query.jsonl,876a16d098e1da3f642ef70854cbc985bae5f9e3,c6443f025b0ffdaf7adc4b7e5a2a198dc648b6012d6e895e3ef68e25eadd1f1a,selected document ids intentionally excluded
formal_train,qh_5467a3edf23ca1b8,D2,1.0,0.5012658353418872,VERIFIED_FROM_RELEASE,paper_results/per_query_minimal/formal_train_per_query.jsonl,876a16d098e1da3f642ef70854cbc985bae5f9e3,c6443f025b0ffdaf7adc4b7e5a2a198dc648b6012d6e895e3ef68e25eadd1f1a,selected document ids intentionally excluded
formal_train,qh_5467a3edf23ca1b8,D3,1.0,0.5012658353418872,VERIFIED_FROM_RELEASE,paper_results/per_query_minimal/formal_train_per_query.jsonl,876a16d098e1da3f642ef70854cbc985bae5f9e3,c6443f025b0ffdaf7adc4b7e5a2a198dc648b6012d6e895e3ef68e25eadd1f1a,selected document ids intentionally excluded
formal_train,qh_818706c3671fc1c0,B0,1.0,0.6489315753318465,VERIFIED_FROM_RELEASE,paper_results/per_query_minimal/formal_train_per_query.jsonl,876a16d098e1da3f642ef70854cbc985bae5f9e3,c6443f025b0ffdaf7adc4b7e5a2a198dc648b6012d6e895e3ef68e25eadd1f1a,selected document ids intentionally excluded
formal_train,qh_818706c3671fc1c0,D0,1.0,0.6489315753318465,VERIFIED_FROM_RELEASE,paper_results/per_query_minimal/formal_train_per_query.jsonl,876a16d098e1da3f642ef70854cbc985bae5f9e3,c6443f025b0ffdaf7adc4b7e5a2a198dc648b6012d6e895e3ef68e25eadd1f1a,selected document ids intentionally excluded
formal_train,qh_818706c3671fc1c0,D1,1.0,0.6489315753318465,VERIFIED_FROM_RELEASE,paper_results/per_query_minimal/formal_train_per_query.jsonl,876a16d098e1da3f642ef70854cbc985bae5f9e3,c6443f025b0ffdaf7adc4b7e5a2a198dc648b6012d6e895e3ef68e25eadd1f1a,selected document ids intentionally excluded
formal_train,qh_818706c3671fc1c0,D2,1.0,0.6489315753318465,VERIFIED_FROM_RELEASE,paper_results/per_query_minimal/formal_train_per_query.jsonl,876a16d098e1da3f642ef70854cbc985bae5f9e3,c6443f025b0ffdaf7adc4b7e5a2a198dc648b6012d6e895e3ef68e25eadd1f1a,selected document ids intentionally excluded
formal_train,qh_818706c3671fc1c0,D3,1.0,0.6489315753318465,VERIFIED_FROM_RELEASE,paper_results/per_query_minimal/formal_train_per_query.jsonl,876a16d098e1da3f642ef70854cbc985bae5f9e3,c6443f025b0ffdaf7adc4b7e5a2a198dc648b6012d6e895e3ef68e25eadd1f1a,selected document ids intentionally excluded
formal_train,qh_6e736fe531789798,B0,1.0,0.7457912185292984,VERIFIED_FROM_RELEASE,paper_results/per_query_minimal/formal_train_per_query.jsonl,876a16d098e1da3f642ef70854cbc985bae5f9e3,c6443f025b0ffdaf7adc4b7e5a2a198dc648b6012d6e895e3ef68e25eadd1f1a,selected document ids intentionally excluded
formal_train,qh_6e736fe531789798,D0,1.0,0.7457912185292984,VERIFIED_FROM_RELEASE,paper_results/per_query_minimal/formal_train_per_query.jsonl,876a16d098e1da3f642ef70854cbc985bae5f9e3,c6443f025b0ffdaf7adc4b7e5a2a198dc648b6012d6e895e3ef68e25eadd1f1a,selected document ids intentionally excluded
formal_train,qh_6e736fe531789798,D1,1.0,0.7457912185292984,VERIFIED_FROM_RELEASE,paper_results/per_query_minimal/formal_train_per_query.jsonl,876a16d098e1da3f642ef70854cbc985bae5f9e3,c6443f025b0ffdaf7adc4b7e5a2a198dc648b6012d6e895e3ef68e25eadd1f1a,selected document ids intentionally excluded
formal_train,qh_6e736fe531789798,D2,1.0,0.7457912185292984,VERIFIED_FROM_RELEASE,paper_results/per_query_minimal/formal_train_per_query.jsonl,876a16d098e1da3f642ef70854cbc985bae5f9e3,c6443f025b0ffdaf7adc4b7e5a2a198dc648b6012d6e895e3ef68e25eadd1f1a,selected document ids intentionally excluded
formal_train,qh_6e736fe531789798,D3,1.0,0.7457912185292984,VERIFIED_FROM_RELEASE,paper_results/per_query_minimal/formal_train_per_query.jsonl,876a16d098e1da3f642ef70854cbc985bae5f9e3,c6443f025b0ffdaf7adc4b7e5a2a198dc648b6012d6e895e3ef68e25eadd1f1a,selected document ids intentionally excluded
formal_train,qh_df07df64a2b80928,B0,0.3333333333333333,0.7457912185292984,VERIFIED_FROM_RELEASE,paper_results/per_query_minimal/formal_train_per_query.jsonl,876a16d098e1da3f642ef70854cbc985bae5f9e3,c6443f025b0ffdaf7adc4b7e5a2a198dc648b6012d6e895e3ef68e25eadd1f1a,selected document ids intentionally excluded
formal_train,qh_df07df64a2b80928,D0,0.3333333333333333,0.7457912185292984,VERIFIED_FROM_RELEASE,paper_results/per_query_minimal/formal_train_per_query.jsonl,876a16d098e1da3f642ef70854cbc985bae5f9e3,c6443f025b0ffdaf7adc4b7e5a2a198dc648b6012d6e895e3ef68e25eadd1f1a,selected document ids intentionally excluded
formal_train,qh_df07df64a2b80928,D1,0.3333333333333333,0.7457912185292984,VERIFIED_FROM_RELEASE,paper_results/per_query_minimal/formal_train_per_query.jsonl,876a16d098e1da3f642ef70854cbc985bae5f9e3,c6443f025b0ffdaf7adc4b7e5a2a198dc648b6012d6e895e3ef68e25eadd1f1a,selected document ids intentionally excluded
formal_train,qh_df07df64a2b80928,D2,0.3333333333333333,0.7457912185292984,VERIFIED_FROM_RELEASE,paper_results/per_query_minimal/formal_train_per_query.jsonl,876a16d098e1da3f642ef70854cbc985bae5f9e3,c6443f025b0ffdaf7adc4b7e5a2a198dc648b6012d6e895e3ef68e25eadd1f1a,selected document ids intentionally excluded
formal_train,qh_df07df64a2b80928,D3,0.3333333333333333,0.7457912185292984,VERIFIED_FROM_RELEASE,paper_results/per_query_minimal/formal_train_per_query.jsonl,876a16d098e1da3f642ef70854cbc985bae5f9e3,c6443f025b0ffdaf7adc4b7e5a2a198dc648b6012d6e895e3ef68e25eadd1f1a,selected document ids intentionally excluded
formal_train,qh_cd8d1fc92e58d6eb,B0,0.5,0.510069131458292,VERIFIED_FROM_RELEASE,paper_results/per_query_minimal/formal_train_per_query.jsonl,876a16d098e1da3f642ef70854cbc985bae5f9e3,c6443f025b0ffdaf7adc4b7e5a2a198dc648b6012d6e895e3ef68e25eadd1f1a,selected document ids intentionally excluded
formal_train,qh_cd8d1fc92e58d6eb,D0,1.0,0.510069131458292,VERIFIED_FROM_RELEASE,paper_results/per_query_minimal/formal_train_per_query.jsonl,876a16d098e1da3f642ef70854cbc985bae5f9e3,c6443f025b0ffdaf7adc4b7e5a2a198dc648b6012d6e895e3ef68e25eadd1f1a,selected document ids intentionally excluded
formal_train,qh_cd8d1fc92e58d6eb,D1,1.0,0.510069131458292,VERIFIED_FROM_RELEASE,paper_results/per_query_minimal/formal_train_per_query.jsonl,876a16d098e1da3f642ef70854cbc985bae5f9e3,c6443f025b0ffdaf7adc4b7e5a2a198dc648b6012d6e895e3ef68e25eadd1f1a,selected document ids intentionally excluded
formal_train,qh_cd8d1fc92e58d6eb,D2,0.5,0.6489315753318465,VERIFIED_FROM_RELEASE,paper_results/per_query_minimal/formal_train_per_query.jsonl,876a16d098e1da3f642ef70854cbc985bae5f9e3,c6443f025b0ffdaf7adc4b7e5a2a198dc648b6012d6e895e3ef68e25eadd1f1a,selected document ids intentionally excluded
formal_train,qh_cd8d1fc92e58d6eb,D3,0.5,0.510069131458292,VERIFIED_FROM_RELEASE,paper_results/per_query_minimal/formal_train_per_query.jsonl,876a16d098e1da3f642ef70854cbc985bae5f9e3,c6443f025b0ffdaf7adc4b7e5a2a198dc648b6012d6e895e3ef68e25eadd1f1a,selected document ids intentionally excluded
formal_train,qh_3244632ad882ecb0,B0,1.0,0.6309297535714574,VERIFIED_FROM_RELEASE,paper_results/per_query_minimal/formal_train_per_query.jsonl,876a16d098e1da3f642ef70854cbc985bae5f9e3,c6443f025b0ffdaf7adc4b7e5a2a198dc648b6012d6e895e3ef68e25eadd1f1a,selected document ids intentionally excluded
formal_train,qh_3244632ad882ecb0,D0,1.0,1.0,VERIFIED_FROM_RELEASE,paper_results/per_query_minimal/formal_train_per_query.jsonl,876a16d098e1da3f642ef70854cbc985bae5f9e3,c6443f025b0ffdaf7adc4b7e5a2a198dc648b6012d6e895e3ef68e25eadd1f1a,selected document ids intentionally excluded
formal_train,qh_3244632ad882ecb0,D1,1.0,1.0,VERIFIED_FROM_RELEASE,paper_results/per_query_minimal/formal_train_per_query.jsonl,876a16d098e1da3f642ef70854cbc985bae5f9e3,c6443f025b0ffdaf7adc4b7e5a2a198dc648b6012d6e895e3ef68e25eadd1f1a,selected document ids intentionally excluded
formal_train,qh_3244632ad882ecb0,D2,1.0,0.6309297535714574,VERIFIED_FROM_RELEASE,paper_results/per_query_minimal/formal_train_per_query.jsonl,876a16d098e1da3f642ef70854cbc985bae5f9e3,c6443f025b0ffdaf7adc4b7e5a2a198dc648b6012d6e895e3ef68e25eadd1f1a,selected document ids intentionally excluded
formal_train,qh_3244632ad882ecb0,D3,1.0,0.6309297535714574,VERIFIED_FROM_RELEASE,paper_results/per_query_minimal/formal_train_per_query.jsonl,876a16d098e1da3f642ef70854cbc985bae5f9e3,c6443f025b0ffdaf7adc4b7e5a2a198dc648b6012d6e895e3ef68e25eadd1f1a,selected document ids intentionally excluded
formal_train,qh_69a08a28ef3bb576,B0,1.0,0.6930221935231562,VERIFIED_FROM_RELEASE,paper_results/per_query_minimal/formal_train_per_query.jsonl,876a16d098e1da3f642ef70854cbc985bae5f9e3,c6443f025b0ffdaf7adc4b7e5a2a198dc648b6012d6e895e3ef68e25eadd1f1a,selected document ids intentionally excluded
formal_train,qh_69a08a28ef3bb576,D0,1.0,0.6930221935231562,VERIFIED_FROM_RELEASE,paper_results/per_query_minimal/formal_train_per_query.jsonl,876a16d098e1da3f642ef70854cbc985bae5f9e3,c6443f025b0ffdaf7adc4b7e5a2a198dc648b6012d6e895e3ef68e25eadd1f1a,selected document ids intentionally excluded
formal_train,qh_69a08a28ef3bb576,D1,1.0,0.6930221935231562,VERIFIED_FROM_RELEASE,paper_results/per_query_minimal/formal_train_per_query.jsonl,876a16d098e1da3f642ef70854cbc985bae5f9e3,c6443f025b0ffdaf7adc4b7e5a2a198dc648b6012d6e895e3ef68e25eadd1f1a,selected document ids intentionally excluded
formal_train,qh_69a08a28ef3bb576,D2,1.0,0.6930221935231562,VERIFIED_FROM_RELEASE,paper_results/per_query_minimal/formal_train_per_query.jsonl,876a16d098e1da3f642ef70854cbc985bae5f9e3,c6443f025b0ffdaf7adc4b7e5a2a198dc648b6012d6e895e3ef68e25eadd1f1a,selected document ids intentionally excluded
formal_train,qh_69a08a28ef3bb576,D3,1.0,0.6930221935231562,VERIFIED_FROM_RELEASE,paper_results/per_query_minimal/formal_train_per_query.jsonl,876a16d098e1da3f642ef70854cbc985bae5f9e3,c6443f025b0ffdaf7adc4b7e5a2a198dc648b6012d6e895e3ef68e25eadd1f1a,selected document ids intentionally excluded
formal_train,qh_da0defd01372c615,B0,1.0,0.6489315753318465,VERIFIED_FROM_RELEASE,paper_results/per_query_minimal/formal_train_per_query.jsonl,876a16d098e1da3f642ef70854cbc985bae5f9e3,c6443f025b0ffdaf7adc4b7e5a2a198dc648b6012d6e895e3ef68e25eadd1f1a,selected document ids intentionally excluded
formal_train,qh_da0defd01372c615,D0,1.0,0.510069131458292,VERIFIED_FROM_RELEASE,paper_results/per_query_minimal/formal_train_per_query.jsonl,876a16d098e1da3f642ef70854cbc985bae5f9e3,c6443f025b0ffdaf7adc4b7e5a2a198dc648b6012d6e895e3ef68e25eadd1f1a,selected document ids intentionally excluded
formal_train,qh_da0defd01372c615,D1,1.0,0.5541432109622958,VERIFIED_FROM_RELEASE,paper_results/per_query_minimal/formal_train_per_query.jsonl,876a16d098e1da3f642ef70854cbc985bae5f9e3,c6443f025b0ffdaf7adc4b7e5a2a198dc648b6012d6e895e3ef68e25eadd1f1a,selected document ids intentionally excluded
formal_train,qh_da0defd01372c615,D2,1.0,0.6489315753318465,VERIFIED_FROM_RELEASE,paper_results/per_query_minimal/formal_train_per_query.jsonl,876a16d098e1da3f642ef70854cbc985bae5f9e3,c6443f025b0ffdaf7adc4b7e5a2a198dc648b6012d6e895e3ef68e25eadd1f1a,selected document ids intentionally excluded
formal_train,qh_da0defd01372c615,D3,1.0,0.6489315753318465,VERIFIED_FROM_RELEASE,paper_results/per_query_minimal/formal_train_per_query.jsonl,876a16d098e1da3f642ef70854cbc985bae5f9e3,c6443f025b0ffdaf7adc4b7e5a2a198dc648b6012d6e895e3ef68e25eadd1f1a,selected document ids intentionally excluded
formal_train,qh_6447b2513103ff03,B0,1.0,0.23719771276929622,VERIFIED_FROM_RELEASE,paper_results/per_query_minimal/formal_train_per_query.jsonl,876a16d098e1da3f642ef70854cbc985bae5f9e3,c6443f025b0ffdaf7adc4b7e5a2a198dc648b6012d6e895e3ef68e25eadd1f1a,selected document ids intentionally excluded
formal_train,qh_6447b2513103ff03,D0,1.0,0.6131471927654584,VERIFIED_FROM_RELEASE,paper_results/per_query_minimal/formal_train_per_query.jsonl,876a16d098e1da3f642ef70854cbc985bae5f9e3,c6443f025b0ffdaf7adc4b7e5a2a198dc648b6012d6e895e3ef68e25eadd1f1a,selected document ids intentionally excluded
formal_train,qh_6447b2513103ff03,D1,1.0,0.6131471927654584,VERIFIED_FROM_RELEASE,paper_results/per_query_minimal/formal_train_per_query.jsonl,876a16d098e1da3f642ef70854cbc985bae5f9e3,c6443f025b0ffdaf7adc4b7e5a2a198dc648b6012d6e895e3ef68e25eadd1f1a,selected document ids intentionally excluded
formal_train,qh_6447b2513103ff03,D2,0.0,0.0,VERIFIED_FROM_RELEASE,paper_results/per_query_minimal/formal_train_per_query.jsonl,876a16d098e1da3f642ef70854cbc985bae5f9e3,c6443f025b0ffdaf7adc4b7e5a2a198dc648b6012d6e895e3ef68e25eadd1f1a,selected document ids intentionally excluded
formal_train,qh_6447b2513103ff03,D3,0.0,0.0,VERIFIED_FROM_RELEASE,paper_results/per_query_minimal/formal_train_per_query.jsonl,876a16d098e1da3f642ef70854cbc985bae5f9e3,c6443f025b0ffdaf7adc4b7e5a2a198dc648b6012d6e895e3ef68e25eadd1f1a,selected document ids intentionally excluded
formal_train,qh_6cc5d935f756d102,B0,0.75,0.6930221935231562,VERIFIED_FROM_RELEASE,paper_results/per_query_minimal/formal_train_per_query.jsonl,876a16d098e1da3f642ef70854cbc985bae5f9e3,c6443f025b0ffdaf7adc4b7e5a2a198dc648b6012d6e895e3ef68e25eadd1f1a,selected document ids intentionally excluded
formal_train,qh_6cc5d935f756d102,D0,0.75,0.6930221935231562,VERIFIED_FROM_RELEASE,paper_results/per_query_minimal/formal_train_per_query.jsonl,876a16d098e1da3f642ef70854cbc985bae5f9e3,c6443f025b0ffdaf7adc4b7e5a2a198dc648b6012d6e895e3ef68e25eadd1f1a,selected document ids intentionally excluded
formal_train,qh_6cc5d935f756d102,D1,0.75,0.6930221935231562,VERIFIED_FROM_RELEASE,paper_results/per_query_minimal/formal_train_per_query.jsonl,876a16d098e1da3f642ef70854cbc985bae5f9e3,c6443f025b0ffdaf7adc4b7e5a2a198dc648b6012d6e895e3ef68e25eadd1f1a,selected document ids intentionally excluded
formal_train,qh_6cc5d935f756d102,D2,0.75,0.6930221935231562,VERIFIED_FROM_RELEASE,paper_results/per_query_minimal/formal_train_per_query.jsonl,876a16d098e1da3f642ef70854cbc985bae5f9e3,c6443f025b0ffdaf7adc4b7e5a2a198dc648b6012d6e895e3ef68e25eadd1f1a,selected document ids intentionally excluded
formal_train,qh_6cc5d935f756d102,D3,0.75,0.6930221935231562,VERIFIED_FROM_RELEASE,paper_results/per_query_minimal/formal_train_per_query.jsonl,876a16d098e1da3f642ef70854cbc985bae5f9e3,c6443f025b0ffdaf7adc4b7e5a2a198dc648b6012d6e895e3ef68e25eadd1f1a,selected document ids intentionally excluded
formal_train,qh_04793e0747f0b56d,B0,1.0,0.6489315753318465,VERIFIED_FROM_RELEASE,paper_results/per_query_minimal/formal_train_per_query.jsonl,876a16d098e1da3f642ef70854cbc985bae5f9e3,c6443f025b0ffdaf7adc4b7e5a2a198dc648b6012d6e895e3ef68e25eadd1f1a,selected document ids intentionally excluded
formal_train,qh_04793e0747f0b56d,D0,1.0,0.6489315753318465,VERIFIED_FROM_RELEASE,paper_results/per_query_minimal/formal_train_per_query.jsonl,876a16d098e1da3f642ef70854cbc985bae5f9e3,c6443f025b0ffdaf7adc4b7e5a2a198dc648b6012d6e895e3ef68e25eadd1f1a,selected document ids intentionally excluded
formal_train,qh_04793e0747f0b56d,D1,1.0,0.6489315753318465,VERIFIED_FROM_RELEASE,paper_results/per_query_minimal/formal_train_per_query.jsonl,876a16d098e1da3f642ef70854cbc985bae5f9e3,c6443f025b0ffdaf7adc4b7e5a2a198dc648b6012d6e895e3ef68e25eadd1f1a,selected document ids intentionally excluded
formal_train,qh_04793e0747f0b56d,D2,1.0,0.6489315753318465,VERIFIED_FROM_RELEASE,paper_results/per_query_minimal/formal_train_per_query.jsonl,876a16d098e1da3f642ef70854cbc985bae5f9e3,c6443f025b0ffdaf7adc4b7e5a2a198dc648b6012d6e895e3ef68e25eadd1f1a,selected document ids intentionally excluded
formal_train,qh_04793e0747f0b56d,D3,1.0,0.6489315753318465,VERIFIED_FROM_RELEASE,paper_results/per_query_minimal/formal_train_per_query.jsonl,876a16d098e1da3f642ef70854cbc985bae5f9e3,c6443f025b0ffdaf7adc4b7e5a2a198dc648b6012d6e895e3ef68e25eadd1f1a,selected document ids intentionally excluded
formal_train,qh_9d3e3de1f42bafed,B0,1.0,0.7457912185292984,VERIFIED_FROM_RELEASE,paper_results/per_query_minimal/formal_train_per_query.jsonl,876a16d098e1da3f642ef70854cbc985bae5f9e3,c6443f025b0ffdaf7adc4b7e5a2a198dc648b6012d6e895e3ef68e25eadd1f1a,selected document ids intentionally excluded
formal_train,qh_9d3e3de1f42bafed,D0,1.0,0.6368547259115425,VERIFIED_FROM_RELEASE,paper_results/per_query_minimal/formal_train_per_query.jsonl,876a16d098e1da3f642ef70854cbc985bae5f9e3,c6443f025b0ffdaf7adc4b7e5a2a198dc648b6012d6e895e3ef68e25eadd1f1a,selected document ids intentionally excluded
formal_train,qh_9d3e3de1f42bafed,D1,1.0,0.6479396238941381,VERIFIED_FROM_RELEASE,paper_results/per_query_minimal/formal_train_per_query.jsonl,876a16d098e1da3f642ef70854cbc985bae5f9e3,c6443f025b0ffdaf7adc4b7e5a2a198dc648b6012d6e895e3ef68e25eadd1f1a,selected document ids intentionally excluded
formal_train,qh_9d3e3de1f42bafed,D2,1.0,0.7457912185292984,VERIFIED_FROM_RELEASE,paper_results/per_query_minimal/formal_train_per_query.jsonl,876a16d098e1da3f642ef70854cbc985bae5f9e3,c6443f025b0ffdaf7adc4b7e5a2a198dc648b6012d6e895e3ef68e25eadd1f1a,selected document ids intentionally excluded
formal_train,qh_9d3e3de1f42bafed,D3,1.0,0.7457912185292984,VERIFIED_FROM_RELEASE,paper_results/per_query_minimal/formal_train_per_query.jsonl,876a16d098e1da3f642ef70854cbc985bae5f9e3,c6443f025b0ffdaf7adc4b7e5a2a198dc648b6012d6e895e3ef68e25eadd1f1a,selected document ids intentionally excluded
formal_train,qh_2caad707491be567,B0,1.0,0.5087403079104242,VERIFIED_FROM_RELEASE,paper_results/per_query_minimal/formal_train_per_query.jsonl,876a16d098e1da3f642ef70854cbc985bae5f9e3,c6443f025b0ffdaf7adc4b7e5a2a198dc648b6012d6e895e3ef68e25eadd1f1a,selected document ids intentionally excluded
formal_train,qh_2caad707491be567,D0,1.0,0.47036528278595796,VERIFIED_FROM_RELEASE,paper_results/per_query_minimal/formal_train_per_query.jsonl,876a16d098e1da3f642ef70854cbc985bae5f9e3,c6443f025b0ffdaf7adc4b7e5a2a198dc648b6012d6e895e3ef68e25eadd1f1a,selected document ids intentionally excluded
formal_train,qh_2caad707491be567,D1,1.0,0.47036528278595796,VERIFIED_FROM_RELEASE,paper_results/per_query_minimal/formal_train_per_query.jsonl,876a16d098e1da3f642ef70854cbc985bae5f9e3,c6443f025b0ffdaf7adc4b7e5a2a198dc648b6012d6e895e3ef68e25eadd1f1a,selected document ids intentionally excluded
formal_train,qh_2caad707491be567,D2,1.0,0.5087403079104242,VERIFIED_FROM_RELEASE,paper_results/per_query_minimal/formal_train_per_query.jsonl,876a16d098e1da3f642ef70854cbc985bae5f9e3,c6443f025b0ffdaf7adc4b7e5a2a198dc648b6012d6e895e3ef68e25eadd1f1a,selected document ids intentionally excluded
formal_train,qh_2caad707491be567,D3,1.0,0.5087403079104242,VERIFIED_FROM_RELEASE,paper_results/per_query_minimal/formal_train_per_query.jsonl,876a16d098e1da3f642ef70854cbc985bae5f9e3,c6443f025b0ffdaf7adc4b7e5a2a198dc648b6012d6e895e3ef68e25eadd1f1a,selected document ids intentionally excluded
formal_train,qh_552315d749dc0bb6,B0,0.6,0.6020941629041774,VERIFIED_FROM_RELEASE,paper_results/per_query_minimal/formal_train_per_query.jsonl,876a16d098e1da3f642ef70854cbc985bae5f9e3,c6443f025b0ffdaf7adc4b7e5a2a198dc648b6012d6e895e3ef68e25eadd1f1a,selected document ids intentionally excluded
formal_train,qh_552315d749dc0bb6,D0,0.8,0.5754994188159136,VERIFIED_FROM_RELEASE,paper_results/per_query_minimal/formal_train_per_query.jsonl,876a16d098e1da3f642ef70854cbc985bae5f9e3,c6443f025b0ffdaf7adc4b7e5a2a198dc648b6012d6e895e3ef68e25eadd1f1a,selected document ids intentionally excluded
formal_train,qh_552315d749dc0bb6,D1,0.8,0.5447249629530072,VERIFIED_FROM_RELEASE,paper_results/per_query_minimal/formal_train_per_query.jsonl,876a16d098e1da3f642ef70854cbc985bae5f9e3,c6443f025b0ffdaf7adc4b7e5a2a198dc648b6012d6e895e3ef68e25eadd1f1a,selected document ids intentionally excluded
formal_train,qh_552315d749dc0bb6,D2,0.6,0.591793585310856,VERIFIED_FROM_RELEASE,paper_results/per_query_minimal/formal_train_per_query.jsonl,876a16d098e1da3f642ef70854cbc985bae5f9e3,c6443f025b0ffdaf7adc4b7e5a2a198dc648b6012d6e895e3ef68e25eadd1f1a,selected document ids intentionally excluded
formal_train,qh_552315d749dc0bb6,D3,0.6,0.591793585310856,VERIFIED_FROM_RELEASE,paper_results/per_query_minimal/formal_train_per_query.jsonl,876a16d098e1da3f642ef70854cbc985bae5f9e3,c6443f025b0ffdaf7adc4b7e5a2a198dc648b6012d6e895e3ef68e25eadd1f1a,selected document ids intentionally excluded
formal_train,qh_cce4e47fe1bc6d4c,B0,0.3333333333333333,0.4772656487866462,VERIFIED_FROM_RELEASE,paper_results/per_query_minimal/formal_train_per_query.jsonl,876a16d098e1da3f642ef70854cbc985bae5f9e3,c6443f025b0ffdaf7adc4b7e5a2a198dc648b6012d6e895e3ef68e25eadd1f1a,selected document ids intentionally excluded
formal_train,qh_cce4e47fe1bc6d4c,D0,1.0,0.5390031312763821,VERIFIED_FROM_RELEASE,paper_results/per_query_minimal/formal_train_per_query.jsonl,876a16d098e1da3f642ef70854cbc985bae5f9e3,c6443f025b0ffdaf7adc4b7e5a2a198dc648b6012d6e895e3ef68e25eadd1f1a,selected document ids intentionally excluded
formal_train,qh_cce4e47fe1bc6d4c,D1,0.6666666666666666,0.4125317798925535,VERIFIED_FROM_RELEASE,paper_results/per_query_minimal/formal_train_per_query.jsonl,876a16d098e1da3f642ef70854cbc985bae5f9e3,c6443f025b0ffdaf7adc4b7e5a2a198dc648b6012d6e895e3ef68e25eadd1f1a,selected document ids intentionally excluded
formal_train,qh_cce4e47fe1bc6d4c,D2,0.3333333333333333,0.3618791953854131,VERIFIED_FROM_RELEASE,paper_results/per_query_minimal/formal_train_per_query.jsonl,876a16d098e1da3f642ef70854cbc985bae5f9e3,c6443f025b0ffdaf7adc4b7e5a2a198dc648b6012d6e895e3ef68e25eadd1f1a,selected document ids intentionally excluded
formal_train,qh_cce4e47fe1bc6d4c,D3,0.3333333333333333,0.3618791953854131,VERIFIED_FROM_RELEASE,paper_results/per_query_minimal/formal_train_per_query.jsonl,876a16d098e1da3f642ef70854cbc985bae5f9e3,c6443f025b0ffdaf7adc4b7e5a2a198dc648b6012d6e895e3ef68e25eadd1f1a,selected document ids intentionally excluded
formal_train,qh_b732ad5ceb677ee5,B0,1.0,0.44409732781325567,VERIFIED_FROM_RELEASE,paper_results/per_query_minimal/formal_train_per_query.jsonl,876a16d098e1da3f642ef70854cbc985bae5f9e3,c6443f025b0ffdaf7adc4b7e5a2a198dc648b6012d6e895e3ef68e25eadd1f1a,selected document ids intentionally excluded
formal_train,qh_b732ad5ceb677ee5,D0,1.0,0.40002324830925196,VERIFIED_FROM_RELEASE,paper_results/per_query_minimal/formal_train_per_query.jsonl,876a16d098e1da3f642ef70854cbc985bae5f9e3,c6443f025b0ffdaf7adc4b7e5a2a198dc648b6012d6e895e3ef68e25eadd1f1a,selected document ids intentionally excluded
formal_train,qh_b732ad5ceb677ee5,D1,1.0,0.40002324830925196,VERIFIED_FROM_RELEASE,paper_results/per_query_minimal/formal_train_per_query.jsonl,876a16d098e1da3f642ef70854cbc985bae5f9e3,c6443f025b0ffdaf7adc4b7e5a2a198dc648b6012d6e895e3ef68e25eadd1f1a,selected document ids intentionally excluded
formal_train,qh_b732ad5ceb677ee5,D2,1.0,0.44409732781325567,VERIFIED_FROM_RELEASE,paper_results/per_query_minimal/formal_train_per_query.jsonl,876a16d098e1da3f642ef70854cbc985bae5f9e3,c6443f025b0ffdaf7adc4b7e5a2a198dc648b6012d6e895e3ef68e25eadd1f1a,selected document ids intentionally excluded
formal_train,qh_b732ad5ceb677ee5,D3,1.0,0.44409732781325567,VERIFIED_FROM_RELEASE,paper_results/per_query_minimal/formal_train_per_query.jsonl,876a16d098e1da3f642ef70854cbc985bae5f9e3,c6443f025b0ffdaf7adc4b7e5a2a198dc648b6012d6e895e3ef68e25eadd1f1a,selected document ids intentionally excluded
formal_train,qh_d60ad0717fbe4588,B0,0.5,0.6489315753318465,VERIFIED_FROM_RELEASE,paper_results/per_query_minimal/formal_train_per_query.jsonl,876a16d098e1da3f642ef70854cbc985bae5f9e3,c6443f025b0ffdaf7adc4b7e5a2a198dc648b6012d6e895e3ef68e25eadd1f1a,selected document ids intentionally excluded
formal_train,qh_d60ad0717fbe4588,D0,1.0,0.6489315753318465,VERIFIED_FROM_RELEASE,paper_results/per_query_minimal/formal_train_per_query.jsonl,876a16d098e1da3f642ef70854cbc985bae5f9e3,c6443f025b0ffdaf7adc4b7e5a2a198dc648b6012d6e895e3ef68e25eadd1f1a,selected document ids intentionally excluded
formal_train,qh_d60ad0717fbe4588,D1,1.0,0.6489315753318465,VERIFIED_FROM_RELEASE,paper_results/per_query_minimal/formal_train_per_query.jsonl,876a16d098e1da3f642ef70854cbc985bae5f9e3,c6443f025b0ffdaf7adc4b7e5a2a198dc648b6012d6e895e3ef68e25eadd1f1a,selected document ids intentionally excluded
formal_train,qh_d60ad0717fbe4588,D2,0.5,0.6489315753318465,VERIFIED_FROM_RELEASE,paper_results/per_query_minimal/formal_train_per_query.jsonl,876a16d098e1da3f642ef70854cbc985bae5f9e3,c6443f025b0ffdaf7adc4b7e5a2a198dc648b6012d6e895e3ef68e25eadd1f1a,selected document ids intentionally excluded
formal_train,qh_d60ad0717fbe4588,D3,0.5,0.6489315753318465,VERIFIED_FROM_RELEASE,paper_results/per_query_minimal/formal_train_per_query.jsonl,876a16d098e1da3f642ef70854cbc985bae5f9e3,c6443f025b0ffdaf7adc4b7e5a2a198dc648b6012d6e895e3ef68e25eadd1f1a,selected document ids intentionally excluded
formal_train,qh_fbc4b2a04d24a76e,B0,1.0,0.6489315753318465,VERIFIED_FROM_RELEASE,paper_results/per_query_minimal/formal_train_per_query.jsonl,876a16d098e1da3f642ef70854cbc985bae5f9e3,c6443f025b0ffdaf7adc4b7e5a2a198dc648b6012d6e895e3ef68e25eadd1f1a,selected document ids intentionally excluded
formal_train,qh_fbc4b2a04d24a76e,D0,1.0,0.6489315753318465,VERIFIED_FROM_RELEASE,paper_results/per_query_minimal/formal_train_per_query.jsonl,876a16d098e1da3f642ef70854cbc985bae5f9e3,c6443f025b0ffdaf7adc4b7e5a2a198dc648b6012d6e895e3ef68e25eadd1f1a,selected document ids intentionally excluded
formal_train,qh_fbc4b2a04d24a76e,D1,1.0,0.6489315753318465,VERIFIED_FROM_RELEASE,paper_results/per_query_minimal/formal_train_per_query.jsonl,876a16d098e1da3f642ef70854cbc985bae5f9e3,c6443f025b0ffdaf7adc4b7e5a2a198dc648b6012d6e895e3ef68e25eadd1f1a,selected document ids intentionally excluded
formal_train,qh_fbc4b2a04d24a76e,D2,1.0,0.6489315753318465,VERIFIED_FROM_RELEASE,paper_results/per_query_minimal/formal_train_per_query.jsonl,876a16d098e1da3f642ef70854cbc985bae5f9e3,c6443f025b0ffdaf7adc4b7e5a2a198dc648b6012d6e895e3ef68e25eadd1f1a,selected document ids intentionally excluded
formal_train,qh_fbc4b2a04d24a76e,D3,1.0,0.6489315753318465,VERIFIED_FROM_RELEASE,paper_results/per_query_minimal/formal_train_per_query.jsonl,876a16d098e1da3f642ef70854cbc985bae5f9e3,c6443f025b0ffdaf7adc4b7e5a2a198dc648b6012d6e895e3ef68e25eadd1f1a,selected document ids intentionally excluded
formal_train,qh_6857632aff1c675d,B0,1.0,0.6489315753318465,VERIFIED_FROM_RELEASE,paper_results/per_query_minimal/formal_train_per_query.jsonl,876a16d098e1da3f642ef70854cbc985bae5f9e3,c6443f025b0ffdaf7adc4b7e5a2a198dc648b6012d6e895e3ef68e25eadd1f1a,selected document ids intentionally excluded
formal_train,qh_6857632aff1c675d,D0,1.0,0.510069131458292,VERIFIED_FROM_RELEASE,paper_results/per_query_minimal/formal_train_per_query.jsonl,876a16d098e1da3f642ef70854cbc985bae5f9e3,c6443f025b0ffdaf7adc4b7e5a2a198dc648b6012d6e895e3ef68e25eadd1f1a,selected document ids intentionally excluded
formal_train,qh_6857632aff1c675d,D1,1.0,0.510069131458292,VERIFIED_FROM_RELEASE,paper_results/per_query_minimal/formal_train_per_query.jsonl,876a16d098e1da3f642ef70854cbc985bae5f9e3,c6443f025b0ffdaf7adc4b7e5a2a198dc648b6012d6e895e3ef68e25eadd1f1a,selected document ids intentionally excluded
formal_train,qh_6857632aff1c675d,D2,1.0,0.6489315753318465,VERIFIED_FROM_RELEASE,paper_results/per_query_minimal/formal_train_per_query.jsonl,876a16d098e1da3f642ef70854cbc985bae5f9e3,c6443f025b0ffdaf7adc4b7e5a2a198dc648b6012d6e895e3ef68e25eadd1f1a,selected document ids intentionally excluded
formal_train,qh_6857632aff1c675d,D3,1.0,0.6489315753318465,VERIFIED_FROM_RELEASE,paper_results/per_query_minimal/formal_train_per_query.jsonl,876a16d098e1da3f642ef70854cbc985bae5f9e3,c6443f025b0ffdaf7adc4b7e5a2a198dc648b6012d6e895e3ef68e25eadd1f1a,selected document ids intentionally excluded
formal_train,qh_cc7028b5ce8ddb26,B0,1.0,0.5388856921828065,VERIFIED_FROM_RELEASE,paper_results/per_query_minimal/formal_train_per_query.jsonl,876a16d098e1da3f642ef70854cbc985bae5f9e3,c6443f025b0ffdaf7adc4b7e5a2a198dc648b6012d6e895e3ef68e25eadd1f1a,selected document ids intentionally excluded
formal_train,qh_cc7028b5ce8ddb26,D0,1.0,0.30523488393970116,VERIFIED_FROM_RELEASE,paper_results/per_query_minimal/formal_train_per_query.jsonl,876a16d098e1da3f642ef70854cbc985bae5f9e3,c6443f025b0ffdaf7adc4b7e5a2a198dc648b6012d6e895e3ef68e25eadd1f1a,selected document ids intentionally excluded
formal_train,qh_cc7028b5ce8ddb26,D1,1.0,0.4537425745411855,VERIFIED_FROM_RELEASE,paper_results/per_query_minimal/formal_train_per_query.jsonl,876a16d098e1da3f642ef70854cbc985bae5f9e3,c6443f025b0ffdaf7adc4b7e5a2a198dc648b6012d6e895e3ef68e25eadd1f1a,selected document ids intentionally excluded
formal_train,qh_cc7028b5ce8ddb26,D2,1.0,0.5388856921828065,VERIFIED_FROM_RELEASE,paper_results/per_query_minimal/formal_train_per_query.jsonl,876a16d098e1da3f642ef70854cbc985bae5f9e3,c6443f025b0ffdaf7adc4b7e5a2a198dc648b6012d6e895e3ef68e25eadd1f1a,selected document ids intentionally excluded
formal_train,qh_cc7028b5ce8ddb26,D3,1.0,0.5388856921828065,VERIFIED_FROM_RELEASE,paper_results/per_query_minimal/formal_train_per_query.jsonl,876a16d098e1da3f642ef70854cbc985bae5f9e3,c6443f025b0ffdaf7adc4b7e5a2a198dc648b6012d6e895e3ef68e25eadd1f1a,selected document ids intentionally excluded
formal_train,qh_5344555fc0a41627,B0,1.0,0.6489315753318465,VERIFIED_FROM_RELEASE,paper_results/per_query_minimal/formal_train_per_query.jsonl,876a16d098e1da3f642ef70854cbc985bae5f9e3,c6443f025b0ffdaf7adc4b7e5a2a198dc648b6012d6e895e3ef68e25eadd1f1a,selected document ids intentionally excluded
formal_train,qh_5344555fc0a41627,D0,1.0,0.6489315753318465,VERIFIED_FROM_RELEASE,paper_results/per_query_minimal/formal_train_per_query.jsonl,876a16d098e1da3f642ef70854cbc985bae5f9e3,c6443f025b0ffdaf7adc4b7e5a2a198dc648b6012d6e895e3ef68e25eadd1f1a,selected document ids intentionally excluded
formal_train,qh_5344555fc0a41627,D1,1.0,0.6489315753318465,VERIFIED_FROM_RELEASE,paper_results/per_query_minimal/formal_train_per_query.jsonl,876a16d098e1da3f642ef70854cbc985bae5f9e3,c6443f025b0ffdaf7adc4b7e5a2a198dc648b6012d6e895e3ef68e25eadd1f1a,selected document ids intentionally excluded
formal_train,qh_5344555fc0a41627,D2,1.0,0.6489315753318465,VERIFIED_FROM_RELEASE,paper_results/per_query_minimal/formal_train_per_query.jsonl,876a16d098e1da3f642ef70854cbc985bae5f9e3,c6443f025b0ffdaf7adc4b7e5a2a198dc648b6012d6e895e3ef68e25eadd1f1a,selected document ids intentionally excluded
formal_train,qh_5344555fc0a41627,D3,1.0,0.6489315753318465,VERIFIED_FROM_RELEASE,paper_results/per_query_minimal/formal_train_per_query.jsonl,876a16d098e1da3f642ef70854cbc985bae5f9e3,c6443f025b0ffdaf7adc4b7e5a2a198dc648b6012d6e895e3ef68e25eadd1f1a,selected document ids intentionally excluded
formal_train,qh_103355a6173c5d65,B0,1.0,0.6489315753318465,VERIFIED_FROM_RELEASE,paper_results/per_query_minimal/formal_train_per_query.jsonl,876a16d098e1da3f642ef70854cbc985bae5f9e3,c6443f025b0ffdaf7adc4b7e5a2a198dc648b6012d6e895e3ef68e25eadd1f1a,selected document ids intentionally excluded
formal_train,qh_103355a6173c5d65,D0,1.0,0.6489315753318465,VERIFIED_FROM_RELEASE,paper_results/per_query_minimal/formal_train_per_query.jsonl,876a16d098e1da3f642ef70854cbc985bae5f9e3,c6443f025b0ffdaf7adc4b7e5a2a198dc648b6012d6e895e3ef68e25eadd1f1a,selected document ids intentionally excluded
formal_train,qh_103355a6173c5d65,D1,1.0,0.6489315753318465,VERIFIED_FROM_RELEASE,paper_results/per_query_minimal/formal_train_per_query.jsonl,876a16d098e1da3f642ef70854cbc985bae5f9e3,c6443f025b0ffdaf7adc4b7e5a2a198dc648b6012d6e895e3ef68e25eadd1f1a,selected document ids intentionally excluded
formal_train,qh_103355a6173c5d65,D2,1.0,0.6489315753318465,VERIFIED_FROM_RELEASE,paper_results/per_query_minimal/formal_train_per_query.jsonl,876a16d098e1da3f642ef70854cbc985bae5f9e3,c6443f025b0ffdaf7adc4b7e5a2a198dc648b6012d6e895e3ef68e25eadd1f1a,selected document ids intentionally excluded
formal_train,qh_103355a6173c5d65,D3,1.0,0.6489315753318465,VERIFIED_FROM_RELEASE,paper_results/per_query_minimal/formal_train_per_query.jsonl,876a16d098e1da3f642ef70854cbc985bae5f9e3,c6443f025b0ffdaf7adc4b7e5a2a198dc648b6012d6e895e3ef68e25eadd1f1a,selected document ids intentionally excluded
formal_train,qh_d216c5a8916ae20c,B0,0.3333333333333333,0.6489315753318465,VERIFIED_FROM_RELEASE,paper_results/per_query_minimal/formal_train_per_query.jsonl,876a16d098e1da3f642ef70854cbc985bae5f9e3,c6443f025b0ffdaf7adc4b7e5a2a198dc648b6012d6e895e3ef68e25eadd1f1a,selected document ids intentionally excluded
formal_train,qh_d216c5a8916ae20c,D0,0.6666666666666666,0.6489315753318465,VERIFIED_FROM_RELEASE,paper_results/per_query_minimal/formal_train_per_query.jsonl,876a16d098e1da3f642ef70854cbc985bae5f9e3,c6443f025b0ffdaf7adc4b7e5a2a198dc648b6012d6e895e3ef68e25eadd1f1a,selected document ids intentionally excluded
formal_train,qh_d216c5a8916ae20c,D1,0.6666666666666666,0.6489315753318465,VERIFIED_FROM_RELEASE,paper_results/per_query_minimal/formal_train_per_query.jsonl,876a16d098e1da3f642ef70854cbc985bae5f9e3,c6443f025b0ffdaf7adc4b7e5a2a198dc648b6012d6e895e3ef68e25eadd1f1a,selected document ids intentionally excluded
formal_train,qh_d216c5a8916ae20c,D2,0.3333333333333333,0.6489315753318465,VERIFIED_FROM_RELEASE,paper_results/per_query_minimal/formal_train_per_query.jsonl,876a16d098e1da3f642ef70854cbc985bae5f9e3,c6443f025b0ffdaf7adc4b7e5a2a198dc648b6012d6e895e3ef68e25eadd1f1a,selected document ids intentionally excluded
formal_train,qh_d216c5a8916ae20c,D3,0.3333333333333333,0.6489315753318465,VERIFIED_FROM_RELEASE,paper_results/per_query_minimal/formal_train_per_query.jsonl,876a16d098e1da3f642ef70854cbc985bae5f9e3,c6443f025b0ffdaf7adc4b7e5a2a198dc648b6012d6e895e3ef68e25eadd1f1a,selected document ids intentionally excluded
formal_train,qh_a3c69681e6656afd,B0,1.0,0.24738635904833423,VERIFIED_FROM_RELEASE,paper_results/per_query_minimal/formal_train_per_query.jsonl,876a16d098e1da3f642ef70854cbc985bae5f9e3,c6443f025b0ffdaf7adc4b7e5a2a198dc648b6012d6e895e3ef68e25eadd1f1a,selected document ids intentionally excluded
formal_train,qh_a3c69681e6656afd,D0,1.0,0.3026024134988135,VERIFIED_FROM_RELEASE,paper_results/per_query_minimal/formal_train_per_query.jsonl,876a16d098e1da3f642ef70854cbc985bae5f9e3,c6443f025b0ffdaf7adc4b7e5a2a198dc648b6012d6e895e3ef68e25eadd1f1a,selected document ids intentionally excluded
formal_train,qh_a3c69681e6656afd,D1,1.0,0.3026024134988135,VERIFIED_FROM_RELEASE,paper_results/per_query_minimal/formal_train_per_query.jsonl,876a16d098e1da3f642ef70854cbc985bae5f9e3,c6443f025b0ffdaf7adc4b7e5a2a198dc648b6012d6e895e3ef68e25eadd1f1a,selected document ids intentionally excluded
formal_train,qh_a3c69681e6656afd,D2,1.0,0.24738635904833423,VERIFIED_FROM_RELEASE,paper_results/per_query_minimal/formal_train_per_query.jsonl,876a16d098e1da3f642ef70854cbc985bae5f9e3,c6443f025b0ffdaf7adc4b7e5a2a198dc648b6012d6e895e3ef68e25eadd1f1a,selected document ids intentionally excluded
formal_train,qh_a3c69681e6656afd,D3,1.0,0.24738635904833423,VERIFIED_FROM_RELEASE,paper_results/per_query_minimal/formal_train_per_query.jsonl,876a16d098e1da3f642ef70854cbc985bae5f9e3,c6443f025b0ffdaf7adc4b7e5a2a198dc648b6012d6e895e3ef68e25eadd1f1a,selected document ids intentionally excluded
formal_train,qh_a6f6ee0512e15b67,B0,1.0,0.7457912185292984,VERIFIED_FROM_RELEASE,paper_results/per_query_minimal/formal_train_per_query.jsonl,876a16d098e1da3f642ef70854cbc985bae5f9e3,c6443f025b0ffdaf7adc4b7e5a2a198dc648b6012d6e895e3ef68e25eadd1f1a,selected document ids intentionally excluded
formal_train,qh_a6f6ee0512e15b67,D0,1.0,0.7457912185292984,VERIFIED_FROM_RELEASE,paper_results/per_query_minimal/formal_train_per_query.jsonl,876a16d098e1da3f642ef70854cbc985bae5f9e3,c6443f025b0ffdaf7adc4b7e5a2a198dc648b6012d6e895e3ef68e25eadd1f1a,selected document ids intentionally excluded
formal_train,qh_a6f6ee0512e15b67,D1,1.0,0.7457912185292984,VERIFIED_FROM_RELEASE,paper_results/per_query_minimal/formal_train_per_query.jsonl,876a16d098e1da3f642ef70854cbc985bae5f9e3,c6443f025b0ffdaf7adc4b7e5a2a198dc648b6012d6e895e3ef68e25eadd1f1a,selected document ids intentionally excluded
formal_train,qh_a6f6ee0512e15b67,D2,1.0,0.7457912185292984,VERIFIED_FROM_RELEASE,paper_results/per_query_minimal/formal_train_per_query.jsonl,876a16d098e1da3f642ef70854cbc985bae5f9e3,c6443f025b0ffdaf7adc4b7e5a2a198dc648b6012d6e895e3ef68e25eadd1f1a,selected document ids intentionally excluded
formal_train,qh_a6f6ee0512e15b67,D3,1.0,0.7457912185292984,VERIFIED_FROM_RELEASE,paper_results/per_query_minimal/formal_train_per_query.jsonl,876a16d098e1da3f642ef70854cbc985bae5f9e3,c6443f025b0ffdaf7adc4b7e5a2a198dc648b6012d6e895e3ef68e25eadd1f1a,selected document ids intentionally excluded
formal_train,qh_eab0bf35f5d7adea,B0,1.0,0.6489315753318465,VERIFIED_FROM_RELEASE,paper_results/per_query_minimal/formal_train_per_query.jsonl,876a16d098e1da3f642ef70854cbc985bae5f9e3,c6443f025b0ffdaf7adc4b7e5a2a198dc648b6012d6e895e3ef68e25eadd1f1a,selected document ids intentionally excluded
formal_train,qh_eab0bf35f5d7adea,D0,1.0,0.6489315753318465,VERIFIED_FROM_RELEASE,paper_results/per_query_minimal/formal_train_per_query.jsonl,876a16d098e1da3f642ef70854cbc985bae5f9e3,c6443f025b0ffdaf7adc4b7e5a2a198dc648b6012d6e895e3ef68e25eadd1f1a,selected document ids intentionally excluded
formal_train,qh_eab0bf35f5d7adea,D1,1.0,0.6489315753318465,VERIFIED_FROM_RELEASE,paper_results/per_query_minimal/formal_train_per_query.jsonl,876a16d098e1da3f642ef70854cbc985bae5f9e3,c6443f025b0ffdaf7adc4b7e5a2a198dc648b6012d6e895e3ef68e25eadd1f1a,selected document ids intentionally excluded
formal_train,qh_eab0bf35f5d7adea,D2,1.0,0.6489315753318465,VERIFIED_FROM_RELEASE,paper_results/per_query_minimal/formal_train_per_query.jsonl,876a16d098e1da3f642ef70854cbc985bae5f9e3,c6443f025b0ffdaf7adc4b7e5a2a198dc648b6012d6e895e3ef68e25eadd1f1a,selected document ids intentionally excluded
formal_train,qh_eab0bf35f5d7adea,D3,1.0,0.6489315753318465,VERIFIED_FROM_RELEASE,paper_results/per_query_minimal/formal_train_per_query.jsonl,876a16d098e1da3f642ef70854cbc985bae5f9e3,c6443f025b0ffdaf7adc4b7e5a2a198dc648b6012d6e895e3ef68e25eadd1f1a,selected document ids intentionally excluded
formal_train,qh_d943b03c9327a500,B0,1.0,0.6930221935231562,VERIFIED_FROM_RELEASE,paper_results/per_query_minimal/formal_train_per_query.jsonl,876a16d098e1da3f642ef70854cbc985bae5f9e3,c6443f025b0ffdaf7adc4b7e5a2a198dc648b6012d6e895e3ef68e25eadd1f1a,selected document ids intentionally excluded
formal_train,qh_d943b03c9327a500,D0,1.0,0.6930221935231562,VERIFIED_FROM_RELEASE,paper_results/per_query_minimal/formal_train_per_query.jsonl,876a16d098e1da3f642ef70854cbc985bae5f9e3,c6443f025b0ffdaf7adc4b7e5a2a198dc648b6012d6e895e3ef68e25eadd1f1a,selected document ids intentionally excluded
formal_train,qh_d943b03c9327a500,D1,1.0,0.6930221935231562,VERIFIED_FROM_RELEASE,paper_results/per_query_minimal/formal_train_per_query.jsonl,876a16d098e1da3f642ef70854cbc985bae5f9e3,c6443f025b0ffdaf7adc4b7e5a2a198dc648b6012d6e895e3ef68e25eadd1f1a,selected document ids intentionally excluded
formal_train,qh_d943b03c9327a500,D2,1.0,0.6930221935231562,VERIFIED_FROM_RELEASE,paper_results/per_query_minimal/formal_train_per_query.jsonl,876a16d098e1da3f642ef70854cbc985bae5f9e3,c6443f025b0ffdaf7adc4b7e5a2a198dc648b6012d6e895e3ef68e25eadd1f1a,selected document ids intentionally excluded
formal_train,qh_d943b03c9327a500,D3,1.0,0.6930221935231562,VERIFIED_FROM_RELEASE,paper_results/per_query_minimal/formal_train_per_query.jsonl,876a16d098e1da3f642ef70854cbc985bae5f9e3,c6443f025b0ffdaf7adc4b7e5a2a198dc648b6012d6e895e3ef68e25eadd1f1a,selected document ids intentionally excluded
formal_train,qh_946287ff58d4bd87,B0,1.0,0.8104616303452685,VERIFIED_FROM_RELEASE,paper_results/per_query_minimal/formal_train_per_query.jsonl,876a16d098e1da3f642ef70854cbc985bae5f9e3,c6443f025b0ffdaf7adc4b7e5a2a198dc648b6012d6e895e3ef68e25eadd1f1a,selected document ids intentionally excluded
formal_train,qh_946287ff58d4bd87,D0,1.0,0.8104616303452685,VERIFIED_FROM_RELEASE,paper_results/per_query_minimal/formal_train_per_query.jsonl,876a16d098e1da3f642ef70854cbc985bae5f9e3,c6443f025b0ffdaf7adc4b7e5a2a198dc648b6012d6e895e3ef68e25eadd1f1a,selected document ids intentionally excluded
formal_train,qh_946287ff58d4bd87,D1,1.0,0.8104616303452685,VERIFIED_FROM_RELEASE,paper_results/per_query_minimal/formal_train_per_query.jsonl,876a16d098e1da3f642ef70854cbc985bae5f9e3,c6443f025b0ffdaf7adc4b7e5a2a198dc648b6012d6e895e3ef68e25eadd1f1a,selected document ids intentionally excluded
formal_train,qh_946287ff58d4bd87,D2,1.0,0.8104616303452685,VERIFIED_FROM_RELEASE,paper_results/per_query_minimal/formal_train_per_query.jsonl,876a16d098e1da3f642ef70854cbc985bae5f9e3,c6443f025b0ffdaf7adc4b7e5a2a198dc648b6012d6e895e3ef68e25eadd1f1a,selected document ids intentionally excluded
formal_train,qh_946287ff58d4bd87,D3,1.0,0.6730234638881232,VERIFIED_FROM_RELEASE,paper_results/per_query_minimal/formal_train_per_query.jsonl,876a16d098e1da3f642ef70854cbc985bae5f9e3,c6443f025b0ffdaf7adc4b7e5a2a198dc648b6012d6e895e3ef68e25eadd1f1a,selected document ids intentionally excluded
formal_train,qh_947771e2d076e580,B0,0.75,0.48835054676924167,VERIFIED_FROM_RELEASE,paper_results/per_query_minimal/formal_train_per_query.jsonl,876a16d098e1da3f642ef70854cbc985bae5f9e3,c6443f025b0ffdaf7adc4b7e5a2a198dc648b6012d6e895e3ef68e25eadd1f1a,selected document ids intentionally excluded
formal_train,qh_947771e2d076e580,D0,1.0,0.4125317798925535,VERIFIED_FROM_RELEASE,paper_results/per_query_minimal/formal_train_per_query.jsonl,876a16d098e1da3f642ef70854cbc985bae5f9e3,c6443f025b0ffdaf7adc4b7e5a2a198dc648b6012d6e895e3ef68e25eadd1f1a,selected document ids intentionally excluded
formal_train,qh_947771e2d076e580,D1,0.75,0.3507942974028176,VERIFIED_FROM_RELEASE,paper_results/per_query_minimal/formal_train_per_query.jsonl,876a16d098e1da3f642ef70854cbc985bae5f9e3,c6443f025b0ffdaf7adc4b7e5a2a198dc648b6012d6e895e3ef68e25eadd1f1a,selected document ids intentionally excluded
formal_train,qh_947771e2d076e580,D2,0.75,0.5214682725103095,VERIFIED_FROM_RELEASE,paper_results/per_query_minimal/formal_train_per_query.jsonl,876a16d098e1da3f642ef70854cbc985bae5f9e3,c6443f025b0ffdaf7adc4b7e5a2a198dc648b6012d6e895e3ef68e25eadd1f1a,selected document ids intentionally excluded
formal_train,qh_947771e2d076e580,D3,0.75,0.5214682725103095,VERIFIED_FROM_RELEASE,paper_results/per_query_minimal/formal_train_per_query.jsonl,876a16d098e1da3f642ef70854cbc985bae5f9e3,c6443f025b0ffdaf7adc4b7e5a2a198dc648b6012d6e895e3ef68e25eadd1f1a,selected document ids intentionally excluded
formal_train,qh_6b572711cf900c48,B0,0.75,0.8104616303452685,VERIFIED_FROM_RELEASE,paper_results/per_query_minimal/formal_train_per_query.jsonl,876a16d098e1da3f642ef70854cbc985bae5f9e3,c6443f025b0ffdaf7adc4b7e5a2a198dc648b6012d6e895e3ef68e25eadd1f1a,selected document ids intentionally excluded
formal_train,qh_6b572711cf900c48,D0,0.75,0.8104616303452685,VERIFIED_FROM_RELEASE,paper_results/per_query_minimal/formal_train_per_query.jsonl,876a16d098e1da3f642ef70854cbc985bae5f9e3,c6443f025b0ffdaf7adc4b7e5a2a198dc648b6012d6e895e3ef68e25eadd1f1a,selected document ids intentionally excluded
formal_train,qh_6b572711cf900c48,D1,0.75,0.8104616303452685,VERIFIED_FROM_RELEASE,paper_results/per_query_minimal/formal_train_per_query.jsonl,876a16d098e1da3f642ef70854cbc985bae5f9e3,c6443f025b0ffdaf7adc4b7e5a2a198dc648b6012d6e895e3ef68e25eadd1f1a,selected document ids intentionally excluded
formal_train,qh_6b572711cf900c48,D2,0.75,0.8104616303452685,VERIFIED_FROM_RELEASE,paper_results/per_query_minimal/formal_train_per_query.jsonl,876a16d098e1da3f642ef70854cbc985bae5f9e3,c6443f025b0ffdaf7adc4b7e5a2a198dc648b6012d6e895e3ef68e25eadd1f1a,selected document ids intentionally excluded
formal_train,qh_6b572711cf900c48,D3,0.75,0.8104616303452685,VERIFIED_FROM_RELEASE,paper_results/per_query_minimal/formal_train_per_query.jsonl,876a16d098e1da3f642ef70854cbc985bae5f9e3,c6443f025b0ffdaf7adc4b7e5a2a198dc648b6012d6e895e3ef68e25eadd1f1a,selected document ids intentionally excluded
formal_train,qh_0201e1e88fa247ba,B0,1.0,0.6489315753318465,VERIFIED_FROM_RELEASE,paper_results/per_query_minimal/formal_train_per_query.jsonl,876a16d098e1da3f642ef70854cbc985bae5f9e3,c6443f025b0ffdaf7adc4b7e5a2a198dc648b6012d6e895e3ef68e25eadd1f1a,selected document ids intentionally excluded
formal_train,qh_0201e1e88fa247ba,D0,1.0,0.6489315753318465,VERIFIED_FROM_RELEASE,paper_results/per_query_minimal/formal_train_per_query.jsonl,876a16d098e1da3f642ef70854cbc985bae5f9e3,c6443f025b0ffdaf7adc4b7e5a2a198dc648b6012d6e895e3ef68e25eadd1f1a,selected document ids intentionally excluded
formal_train,qh_0201e1e88fa247ba,D1,1.0,0.6489315753318465,VERIFIED_FROM_RELEASE,paper_results/per_query_minimal/formal_train_per_query.jsonl,876a16d098e1da3f642ef70854cbc985bae5f9e3,c6443f025b0ffdaf7adc4b7e5a2a198dc648b6012d6e895e3ef68e25eadd1f1a,selected document ids intentionally excluded
formal_train,qh_0201e1e88fa247ba,D2,1.0,0.6489315753318465,VERIFIED_FROM_RELEASE,paper_results/per_query_minimal/formal_train_per_query.jsonl,876a16d098e1da3f642ef70854cbc985bae5f9e3,c6443f025b0ffdaf7adc4b7e5a2a198dc648b6012d6e895e3ef68e25eadd1f1a,selected document ids intentionally excluded
formal_train,qh_0201e1e88fa247ba,D3,1.0,0.6489315753318465,VERIFIED_FROM_RELEASE,paper_results/per_query_minimal/formal_train_per_query.jsonl,876a16d098e1da3f642ef70854cbc985bae5f9e3,c6443f025b0ffdaf7adc4b7e5a2a198dc648b6012d6e895e3ef68e25eadd1f1a,selected document ids intentionally excluded
formal_train,qh_b2a075ab5dc92808,B0,0.6666666666666666,0.6489315753318465,VERIFIED_FROM_RELEASE,paper_results/per_query_minimal/formal_train_per_query.jsonl,876a16d098e1da3f642ef70854cbc985bae5f9e3,c6443f025b0ffdaf7adc4b7e5a2a198dc648b6012d6e895e3ef68e25eadd1f1a,selected document ids intentionally excluded
formal_train,qh_b2a075ab5dc92808,D0,1.0,0.510069131458292,VERIFIED_FROM_RELEASE,paper_results/per_query_minimal/formal_train_per_query.jsonl,876a16d098e1da3f642ef70854cbc985bae5f9e3,c6443f025b0ffdaf7adc4b7e5a2a198dc648b6012d6e895e3ef68e25eadd1f1a,selected document ids intentionally excluded
formal_train,qh_b2a075ab5dc92808,D1,0.6666666666666666,0.510069131458292,VERIFIED_FROM_RELEASE,paper_results/per_query_minimal/formal_train_per_query.jsonl,876a16d098e1da3f642ef70854cbc985bae5f9e3,c6443f025b0ffdaf7adc4b7e5a2a198dc648b6012d6e895e3ef68e25eadd1f1a,selected document ids intentionally excluded
formal_train,qh_b2a075ab5dc92808,D2,0.6666666666666666,0.6489315753318465,VERIFIED_FROM_RELEASE,paper_results/per_query_minimal/formal_train_per_query.jsonl,876a16d098e1da3f642ef70854cbc985bae5f9e3,c6443f025b0ffdaf7adc4b7e5a2a198dc648b6012d6e895e3ef68e25eadd1f1a,selected document ids intentionally excluded
formal_train,qh_b2a075ab5dc92808,D3,0.6666666666666666,0.6489315753318465,VERIFIED_FROM_RELEASE,paper_results/per_query_minimal/formal_train_per_query.jsonl,876a16d098e1da3f642ef70854cbc985bae5f9e3,c6443f025b0ffdaf7adc4b7e5a2a198dc648b6012d6e895e3ef68e25eadd1f1a,selected document ids intentionally excluded
formal_train,qh_67bfd43adcf2abdc,B0,0.75,0.6489315753318465,VERIFIED_FROM_RELEASE,paper_results/per_query_minimal/formal_train_per_query.jsonl,876a16d098e1da3f642ef70854cbc985bae5f9e3,c6443f025b0ffdaf7adc4b7e5a2a198dc648b6012d6e895e3ef68e25eadd1f1a,selected document ids intentionally excluded
formal_train,qh_67bfd43adcf2abdc,D0,1.0,0.6489315753318465,VERIFIED_FROM_RELEASE,paper_results/per_query_minimal/formal_train_per_query.jsonl,876a16d098e1da3f642ef70854cbc985bae5f9e3,c6443f025b0ffdaf7adc4b7e5a2a198dc648b6012d6e895e3ef68e25eadd1f1a,selected document ids intentionally excluded
formal_train,qh_67bfd43adcf2abdc,D1,1.0,0.6489315753318465,VERIFIED_FROM_RELEASE,paper_results/per_query_minimal/formal_train_per_query.jsonl,876a16d098e1da3f642ef70854cbc985bae5f9e3,c6443f025b0ffdaf7adc4b7e5a2a198dc648b6012d6e895e3ef68e25eadd1f1a,selected document ids intentionally excluded
formal_train,qh_67bfd43adcf2abdc,D2,1.0,0.6489315753318465,VERIFIED_FROM_RELEASE,paper_results/per_query_minimal/formal_train_per_query.jsonl,876a16d098e1da3f642ef70854cbc985bae5f9e3,c6443f025b0ffdaf7adc4b7e5a2a198dc648b6012d6e895e3ef68e25eadd1f1a,selected document ids intentionally excluded
formal_train,qh_67bfd43adcf2abdc,D3,1.0,0.6489315753318465,VERIFIED_FROM_RELEASE,paper_results/per_query_minimal/formal_train_per_query.jsonl,876a16d098e1da3f642ef70854cbc985bae5f9e3,c6443f025b0ffdaf7adc4b7e5a2a198dc648b6012d6e895e3ef68e25eadd1f1a,selected document ids intentionally excluded
formal_train,qh_043186aef0b295ec,B0,1.0,0.6489315753318465,VERIFIED_FROM_RELEASE,paper_results/per_query_minimal/formal_train_per_query.jsonl,876a16d098e1da3f642ef70854cbc985bae5f9e3,c6443f025b0ffdaf7adc4b7e5a2a198dc648b6012d6e895e3ef68e25eadd1f1a,selected document ids intentionally excluded
formal_train,qh_043186aef0b295ec,D0,1.0,0.6489315753318465,VERIFIED_FROM_RELEASE,paper_results/per_query_minimal/formal_train_per_query.jsonl,876a16d098e1da3f642ef70854cbc985bae5f9e3,c6443f025b0ffdaf7adc4b7e5a2a198dc648b6012d6e895e3ef68e25eadd1f1a,selected document ids intentionally excluded
formal_train,qh_043186aef0b295ec,D1,1.0,0.6489315753318465,VERIFIED_FROM_RELEASE,paper_results/per_query_minimal/formal_train_per_query.jsonl,876a16d098e1da3f642ef70854cbc985bae5f9e3,c6443f025b0ffdaf7adc4b7e5a2a198dc648b6012d6e895e3ef68e25eadd1f1a,selected document ids intentionally excluded
formal_train,qh_043186aef0b295ec,D2,1.0,0.6489315753318465,VERIFIED_FROM_RELEASE,paper_results/per_query_minimal/formal_train_per_query.jsonl,876a16d098e1da3f642ef70854cbc985bae5f9e3,c6443f025b0ffdaf7adc4b7e5a2a198dc648b6012d6e895e3ef68e25eadd1f1a,selected document ids intentionally excluded
formal_train,qh_043186aef0b295ec,D3,1.0,0.6489315753318465,VERIFIED_FROM_RELEASE,paper_results/per_query_minimal/formal_train_per_query.jsonl,876a16d098e1da3f642ef70854cbc985bae5f9e3,c6443f025b0ffdaf7adc4b7e5a2a198dc648b6012d6e895e3ef68e25eadd1f1a,selected document ids intentionally excluded
formal_train,qh_d81faafd3dd65cbb,B0,0.6666666666666666,0.6930221935231562,VERIFIED_FROM_RELEASE,paper_results/per_query_minimal/formal_train_per_query.jsonl,876a16d098e1da3f642ef70854cbc985bae5f9e3,c6443f025b0ffdaf7adc4b7e5a2a198dc648b6012d6e895e3ef68e25eadd1f1a,selected document ids intentionally excluded
formal_train,qh_d81faafd3dd65cbb,D0,0.6666666666666666,0.6930221935231562,VERIFIED_FROM_RELEASE,paper_results/per_query_minimal/formal_train_per_query.jsonl,876a16d098e1da3f642ef70854cbc985bae5f9e3,c6443f025b0ffdaf7adc4b7e5a2a198dc648b6012d6e895e3ef68e25eadd1f1a,selected document ids intentionally excluded
formal_train,qh_d81faafd3dd65cbb,D1,0.6666666666666666,0.6930221935231562,VERIFIED_FROM_RELEASE,paper_results/per_query_minimal/formal_train_per_query.jsonl,876a16d098e1da3f642ef70854cbc985bae5f9e3,c6443f025b0ffdaf7adc4b7e5a2a198dc648b6012d6e895e3ef68e25eadd1f1a,selected document ids intentionally excluded
formal_train,qh_d81faafd3dd65cbb,D2,0.6666666666666666,0.6930221935231562,VERIFIED_FROM_RELEASE,paper_results/per_query_minimal/formal_train_per_query.jsonl,876a16d098e1da3f642ef70854cbc985bae5f9e3,c6443f025b0ffdaf7adc4b7e5a2a198dc648b6012d6e895e3ef68e25eadd1f1a,selected document ids intentionally excluded
formal_train,qh_d81faafd3dd65cbb,D3,0.6666666666666666,0.6930221935231562,VERIFIED_FROM_RELEASE,paper_results/per_query_minimal/formal_train_per_query.jsonl,876a16d098e1da3f642ef70854cbc985bae5f9e3,c6443f025b0ffdaf7adc4b7e5a2a198dc648b6012d6e895e3ef68e25eadd1f1a,selected document ids intentionally excluded
formal_train,qh_034de13bd24b03c1,B0,1.0,0.7457912185292984,VERIFIED_FROM_RELEASE,paper_results/per_query_minimal/formal_train_per_query.jsonl,876a16d098e1da3f642ef70854cbc985bae5f9e3,c6443f025b0ffdaf7adc4b7e5a2a198dc648b6012d6e895e3ef68e25eadd1f1a,selected document ids intentionally excluded
formal_train,qh_034de13bd24b03c1,D0,1.0,0.7457912185292984,VERIFIED_FROM_RELEASE,paper_results/per_query_minimal/formal_train_per_query.jsonl,876a16d098e1da3f642ef70854cbc985bae5f9e3,c6443f025b0ffdaf7adc4b7e5a2a198dc648b6012d6e895e3ef68e25eadd1f1a,selected document ids intentionally excluded
formal_train,qh_034de13bd24b03c1,D1,1.0,0.7457912185292984,VERIFIED_FROM_RELEASE,paper_results/per_query_minimal/formal_train_per_query.jsonl,876a16d098e1da3f642ef70854cbc985bae5f9e3,c6443f025b0ffdaf7adc4b7e5a2a198dc648b6012d6e895e3ef68e25eadd1f1a,selected document ids intentionally excluded
formal_train,qh_034de13bd24b03c1,D2,1.0,0.7457912185292984,VERIFIED_FROM_RELEASE,paper_results/per_query_minimal/formal_train_per_query.jsonl,876a16d098e1da3f642ef70854cbc985bae5f9e3,c6443f025b0ffdaf7adc4b7e5a2a198dc648b6012d6e895e3ef68e25eadd1f1a,selected document ids intentionally excluded
formal_train,qh_034de13bd24b03c1,D3,1.0,0.7457912185292984,VERIFIED_FROM_RELEASE,paper_results/per_query_minimal/formal_train_per_query.jsonl,876a16d098e1da3f642ef70854cbc985bae5f9e3,c6443f025b0ffdaf7adc4b7e5a2a198dc648b6012d6e895e3ef68e25eadd1f1a,selected document ids intentionally excluded
formal_train,qh_90087101f4bd441c,B0,1.0,0.6489315753318465,VERIFIED_FROM_RELEASE,paper_results/per_query_minimal/formal_train_per_query.jsonl,876a16d098e1da3f642ef70854cbc985bae5f9e3,c6443f025b0ffdaf7adc4b7e5a2a198dc648b6012d6e895e3ef68e25eadd1f1a,selected document ids intentionally excluded
formal_train,qh_90087101f4bd441c,D0,1.0,0.40002324830925196,VERIFIED_FROM_RELEASE,paper_results/per_query_minimal/formal_train_per_query.jsonl,876a16d098e1da3f642ef70854cbc985bae5f9e3,c6443f025b0ffdaf7adc4b7e5a2a198dc648b6012d6e895e3ef68e25eadd1f1a,selected document ids intentionally excluded
formal_train,qh_90087101f4bd441c,D1,1.0,0.40002324830925196,VERIFIED_FROM_RELEASE,paper_results/per_query_minimal/formal_train_per_query.jsonl,876a16d098e1da3f642ef70854cbc985bae5f9e3,c6443f025b0ffdaf7adc4b7e5a2a198dc648b6012d6e895e3ef68e25eadd1f1a,selected document ids intentionally excluded
formal_train,qh_90087101f4bd441c,D2,1.0,0.6489315753318465,VERIFIED_FROM_RELEASE,paper_results/per_query_minimal/formal_train_per_query.jsonl,876a16d098e1da3f642ef70854cbc985bae5f9e3,c6443f025b0ffdaf7adc4b7e5a2a198dc648b6012d6e895e3ef68e25eadd1f1a,selected document ids intentionally excluded
formal_train,qh_90087101f4bd441c,D3,1.0,0.6489315753318465,VERIFIED_FROM_RELEASE,paper_results/per_query_minimal/formal_train_per_query.jsonl,876a16d098e1da3f642ef70854cbc985bae5f9e3,c6443f025b0ffdaf7adc4b7e5a2a198dc648b6012d6e895e3ef68e25eadd1f1a,selected document ids intentionally excluded
formal_train,qh_4684b04573a51ff7,B0,0.5,0.47036528278595796,VERIFIED_FROM_RELEASE,paper_results/per_query_minimal/formal_train_per_query.jsonl,876a16d098e1da3f642ef70854cbc985bae5f9e3,c6443f025b0ffdaf7adc4b7e5a2a198dc648b6012d6e895e3ef68e25eadd1f1a,selected document ids intentionally excluded
formal_train,qh_4684b04573a51ff7,D0,0.5,0.3391602052736162,VERIFIED_FROM_RELEASE,paper_results/per_query_minimal/formal_train_per_query.jsonl,876a16d098e1da3f642ef70854cbc985bae5f9e3,c6443f025b0ffdaf7adc4b7e5a2a198dc648b6012d6e895e3ef68e25eadd1f1a,selected document ids intentionally excluded
formal_train,qh_4684b04573a51ff7,D1,0.5,0.3391602052736162,VERIFIED_FROM_RELEASE,paper_results/per_query_minimal/formal_train_per_query.jsonl,876a16d098e1da3f642ef70854cbc985bae5f9e3,c6443f025b0ffdaf7adc4b7e5a2a198dc648b6012d6e895e3ef68e25eadd1f1a,selected document ids intentionally excluded
formal_train,qh_4684b04573a51ff7,D2,0.5,0.47036528278595796,VERIFIED_FROM_RELEASE,paper_results/per_query_minimal/formal_train_per_query.jsonl,876a16d098e1da3f642ef70854cbc985bae5f9e3,c6443f025b0ffdaf7adc4b7e5a2a198dc648b6012d6e895e3ef68e25eadd1f1a,selected document ids intentionally excluded
formal_train,qh_4684b04573a51ff7,D3,0.5,0.47036528278595796,VERIFIED_FROM_RELEASE,paper_results/per_query_minimal/formal_train_per_query.jsonl,876a16d098e1da3f642ef70854cbc985bae5f9e3,c6443f025b0ffdaf7adc4b7e5a2a198dc648b6012d6e895e3ef68e25eadd1f1a,selected document ids intentionally excluded
formal_train,qh_b604fdff059624e0,B0,0.75,0.6489315753318465,VERIFIED_FROM_RELEASE,paper_results/per_query_minimal/formal_train_per_query.jsonl,876a16d098e1da3f642ef70854cbc985bae5f9e3,c6443f025b0ffdaf7adc4b7e5a2a198dc648b6012d6e895e3ef68e25eadd1f1a,selected document ids intentionally excluded
formal_train,qh_b604fdff059624e0,D0,1.0,0.6489315753318465,VERIFIED_FROM_RELEASE,paper_results/per_query_minimal/formal_train_per_query.jsonl,876a16d098e1da3f642ef70854cbc985bae5f9e3,c6443f025b0ffdaf7adc4b7e5a2a198dc648b6012d6e895e3ef68e25eadd1f1a,selected document ids intentionally excluded
formal_train,qh_b604fdff059624e0,D1,1.0,0.6489315753318465,VERIFIED_FROM_RELEASE,paper_results/per_query_minimal/formal_train_per_query.jsonl,876a16d098e1da3f642ef70854cbc985bae5f9e3,c6443f025b0ffdaf7adc4b7e5a2a198dc648b6012d6e895e3ef68e25eadd1f1a,selected document ids intentionally excluded
formal_train,qh_b604fdff059624e0,D2,0.75,0.6489315753318465,VERIFIED_FROM_RELEASE,paper_results/per_query_minimal/formal_train_per_query.jsonl,876a16d098e1da3f642ef70854cbc985bae5f9e3,c6443f025b0ffdaf7adc4b7e5a2a198dc648b6012d6e895e3ef68e25eadd1f1a,selected document ids intentionally excluded
formal_train,qh_b604fdff059624e0,D3,0.75,0.6489315753318465,VERIFIED_FROM_RELEASE,paper_results/per_query_minimal/formal_train_per_query.jsonl,876a16d098e1da3f642ef70854cbc985bae5f9e3,c6443f025b0ffdaf7adc4b7e5a2a198dc648b6012d6e895e3ef68e25eadd1f1a,selected document ids intentionally excluded
formal_train,qh_d7ddaa38c466957e,B0,1.0,0.7618870795651185,VERIFIED_FROM_RELEASE,paper_results/per_query_minimal/formal_train_per_query.jsonl,876a16d098e1da3f642ef70854cbc985bae5f9e3,c6443f025b0ffdaf7adc4b7e5a2a198dc648b6012d6e895e3ef68e25eadd1f1a,selected document ids intentionally excluded
formal_train,qh_d7ddaa38c466957e,D0,1.0,0.7409096387260824,VERIFIED_FROM_RELEASE,paper_results/per_query_minimal/formal_train_per_query.jsonl,876a16d098e1da3f642ef70854cbc985bae5f9e3,c6443f025b0ffdaf7adc4b7e5a2a198dc648b6012d6e895e3ef68e25eadd1f1a,selected document ids intentionally excluded
formal_train,qh_d7ddaa38c466957e,D1,1.0,0.7409096387260824,VERIFIED_FROM_RELEASE,paper_results/per_query_minimal/formal_train_per_query.jsonl,876a16d098e1da3f642ef70854cbc985bae5f9e3,c6443f025b0ffdaf7adc4b7e5a2a198dc648b6012d6e895e3ef68e25eadd1f1a,selected document ids intentionally excluded
formal_train,qh_d7ddaa38c466957e,D2,1.0,0.7618870795651185,VERIFIED_FROM_RELEASE,paper_results/per_query_minimal/formal_train_per_query.jsonl,876a16d098e1da3f642ef70854cbc985bae5f9e3,c6443f025b0ffdaf7adc4b7e5a2a198dc648b6012d6e895e3ef68e25eadd1f1a,selected document ids intentionally excluded
formal_train,qh_d7ddaa38c466957e,D3,1.0,0.7618870795651185,VERIFIED_FROM_RELEASE,paper_results/per_query_minimal/formal_train_per_query.jsonl,876a16d098e1da3f642ef70854cbc985bae5f9e3,c6443f025b0ffdaf7adc4b7e5a2a198dc648b6012d6e895e3ef68e25eadd1f1a,selected document ids intentionally excluded
formal_train,qh_46f2f97dc8d69069,B0,0.75,0.6489315753318465,VERIFIED_FROM_RELEASE,paper_results/per_query_minimal/formal_train_per_query.jsonl,876a16d098e1da3f642ef70854cbc985bae5f9e3,c6443f025b0ffdaf7adc4b7e5a2a198dc648b6012d6e895e3ef68e25eadd1f1a,selected document ids intentionally excluded
formal_train,qh_46f2f97dc8d69069,D0,1.0,0.6489315753318465,VERIFIED_FROM_RELEASE,paper_results/per_query_minimal/formal_train_per_query.jsonl,876a16d098e1da3f642ef70854cbc985bae5f9e3,c6443f025b0ffdaf7adc4b7e5a2a198dc648b6012d6e895e3ef68e25eadd1f1a,selected document ids intentionally excluded
formal_train,qh_46f2f97dc8d69069,D1,0.75,0.6489315753318465,VERIFIED_FROM_RELEASE,paper_results/per_query_minimal/formal_train_per_query.jsonl,876a16d098e1da3f642ef70854cbc985bae5f9e3,c6443f025b0ffdaf7adc4b7e5a2a198dc648b6012d6e895e3ef68e25eadd1f1a,selected document ids intentionally excluded
formal_train,qh_46f2f97dc8d69069,D2,0.75,0.6489315753318465,VERIFIED_FROM_RELEASE,paper_results/per_query_minimal/formal_train_per_query.jsonl,876a16d098e1da3f642ef70854cbc985bae5f9e3,c6443f025b0ffdaf7adc4b7e5a2a198dc648b6012d6e895e3ef68e25eadd1f1a,selected document ids intentionally excluded
formal_train,qh_46f2f97dc8d69069,D3,0.75,0.6489315753318465,VERIFIED_FROM_RELEASE,paper_results/per_query_minimal/formal_train_per_query.jsonl,876a16d098e1da3f642ef70854cbc985bae5f9e3,c6443f025b0ffdaf7adc4b7e5a2a198dc648b6012d6e895e3ef68e25eadd1f1a,selected document ids intentionally excluded
formal_train,qh_3c37e0e9c4939348,B0,1.0,0.7457912185292984,VERIFIED_FROM_RELEASE,paper_results/per_query_minimal/formal_train_per_query.jsonl,876a16d098e1da3f642ef70854cbc985bae5f9e3,c6443f025b0ffdaf7adc4b7e5a2a198dc648b6012d6e895e3ef68e25eadd1f1a,selected document ids intentionally excluded
formal_train,qh_3c37e0e9c4939348,D0,1.0,0.7457912185292984,VERIFIED_FROM_RELEASE,paper_results/per_query_minimal/formal_train_per_query.jsonl,876a16d098e1da3f642ef70854cbc985bae5f9e3,c6443f025b0ffdaf7adc4b7e5a2a198dc648b6012d6e895e3ef68e25eadd1f1a,selected document ids intentionally excluded
formal_train,qh_3c37e0e9c4939348,D1,1.0,0.7457912185292984,VERIFIED_FROM_RELEASE,paper_results/per_query_minimal/formal_train_per_query.jsonl,876a16d098e1da3f642ef70854cbc985bae5f9e3,c6443f025b0ffdaf7adc4b7e5a2a198dc648b6012d6e895e3ef68e25eadd1f1a,selected document ids intentionally excluded
formal_train,qh_3c37e0e9c4939348,D2,1.0,0.7457912185292984,VERIFIED_FROM_RELEASE,paper_results/per_query_minimal/formal_train_per_query.jsonl,876a16d098e1da3f642ef70854cbc985bae5f9e3,c6443f025b0ffdaf7adc4b7e5a2a198dc648b6012d6e895e3ef68e25eadd1f1a,selected document ids intentionally excluded
formal_train,qh_3c37e0e9c4939348,D3,1.0,0.7457912185292984,VERIFIED_FROM_RELEASE,paper_results/per_query_minimal/formal_train_per_query.jsonl,876a16d098e1da3f642ef70854cbc985bae5f9e3,c6443f025b0ffdaf7adc4b7e5a2a198dc648b6012d6e895e3ef68e25eadd1f1a,selected document ids intentionally excluded
formal_train,qh_61935dd482f1c3b4,B0,1.0,0.8104616303452685,VERIFIED_FROM_RELEASE,paper_results/per_query_minimal/formal_train_per_query.jsonl,876a16d098e1da3f642ef70854cbc985bae5f9e3,c6443f025b0ffdaf7adc4b7e5a2a198dc648b6012d6e895e3ef68e25eadd1f1a,selected document ids intentionally excluded
formal_train,qh_61935dd482f1c3b4,D0,1.0,0.5546406709327603,VERIFIED_FROM_RELEASE,paper_results/per_query_minimal/formal_train_per_query.jsonl,876a16d098e1da3f642ef70854cbc985bae5f9e3,c6443f025b0ffdaf7adc4b7e5a2a198dc648b6012d6e895e3ef68e25eadd1f1a,selected document ids intentionally excluded
formal_train,qh_61935dd482f1c3b4,D1,1.0,0.8104616303452685,VERIFIED_FROM_RELEASE,paper_results/per_query_minimal/formal_train_per_query.jsonl,876a16d098e1da3f642ef70854cbc985bae5f9e3,c6443f025b0ffdaf7adc4b7e5a2a198dc648b6012d6e895e3ef68e25eadd1f1a,selected document ids intentionally excluded
formal_train,qh_61935dd482f1c3b4,D2,0.75,0.7041249493150388,VERIFIED_FROM_RELEASE,paper_results/per_query_minimal/formal_train_per_query.jsonl,876a16d098e1da3f642ef70854cbc985bae5f9e3,c6443f025b0ffdaf7adc4b7e5a2a198dc648b6012d6e895e3ef68e25eadd1f1a,selected document ids intentionally excluded
formal_train,qh_61935dd482f1c3b4,D3,1.0,0.7041249493150388,VERIFIED_FROM_RELEASE,paper_results/per_query_minimal/formal_train_per_query.jsonl,876a16d098e1da3f642ef70854cbc985bae5f9e3,c6443f025b0ffdaf7adc4b7e5a2a198dc648b6012d6e895e3ef68e25eadd1f1a,selected document ids intentionally excluded
formal_train,qh_d25f360cf318bc4d,B0,1.0,0.6489315753318465,VERIFIED_FROM_RELEASE,paper_results/per_query_minimal/formal_train_per_query.jsonl,876a16d098e1da3f642ef70854cbc985bae5f9e3,c6443f025b0ffdaf7adc4b7e5a2a198dc648b6012d6e895e3ef68e25eadd1f1a,selected document ids intentionally excluded
formal_train,qh_d25f360cf318bc4d,D0,1.0,0.510069131458292,VERIFIED_FROM_RELEASE,paper_results/per_query_minimal/formal_train_per_query.jsonl,876a16d098e1da3f642ef70854cbc985bae5f9e3,c6443f025b0ffdaf7adc4b7e5a2a198dc648b6012d6e895e3ef68e25eadd1f1a,selected document ids intentionally excluded
formal_train,qh_d25f360cf318bc4d,D1,1.0,0.510069131458292,VERIFIED_FROM_RELEASE,paper_results/per_query_minimal/formal_train_per_query.jsonl,876a16d098e1da3f642ef70854cbc985bae5f9e3,c6443f025b0ffdaf7adc4b7e5a2a198dc648b6012d6e895e3ef68e25eadd1f1a,selected document ids intentionally excluded
formal_train,qh_d25f360cf318bc4d,D2,1.0,0.6489315753318465,VERIFIED_FROM_RELEASE,paper_results/per_query_minimal/formal_train_per_query.jsonl,876a16d098e1da3f642ef70854cbc985bae5f9e3,c6443f025b0ffdaf7adc4b7e5a2a198dc648b6012d6e895e3ef68e25eadd1f1a,selected document ids intentionally excluded
formal_train,qh_d25f360cf318bc4d,D3,1.0,0.6489315753318465,VERIFIED_FROM_RELEASE,paper_results/per_query_minimal/formal_train_per_query.jsonl,876a16d098e1da3f642ef70854cbc985bae5f9e3,c6443f025b0ffdaf7adc4b7e5a2a198dc648b6012d6e895e3ef68e25eadd1f1a,selected document ids intentionally excluded
formal_train,qh_33d4d427ae84c28a,B0,1.0,0.7041249493150388,VERIFIED_FROM_RELEASE,paper_results/per_query_minimal/formal_train_per_query.jsonl,876a16d098e1da3f642ef70854cbc985bae5f9e3,c6443f025b0ffdaf7adc4b7e5a2a198dc648b6012d6e895e3ef68e25eadd1f1a,selected document ids intentionally excluded
formal_train,qh_33d4d427ae84c28a,D0,1.0,0.2748763329142909,VERIFIED_FROM_RELEASE,paper_results/per_query_minimal/formal_train_per_query.jsonl,876a16d098e1da3f642ef70854cbc985bae5f9e3,c6443f025b0ffdaf7adc4b7e5a2a198dc648b6012d6e895e3ef68e25eadd1f1a,selected document ids intentionally excluded
formal_train,qh_33d4d427ae84c28a,D1,1.0,0.2748763329142909,VERIFIED_FROM_RELEASE,paper_results/per_query_minimal/formal_train_per_query.jsonl,876a16d098e1da3f642ef70854cbc985bae5f9e3,c6443f025b0ffdaf7adc4b7e5a2a198dc648b6012d6e895e3ef68e25eadd1f1a,selected document ids intentionally excluded
formal_train,qh_33d4d427ae84c28a,D2,1.0,0.7041249493150388,VERIFIED_FROM_RELEASE,paper_results/per_query_minimal/formal_train_per_query.jsonl,876a16d098e1da3f642ef70854cbc985bae5f9e3,c6443f025b0ffdaf7adc4b7e5a2a198dc648b6012d6e895e3ef68e25eadd1f1a,selected document ids intentionally excluded
formal_train,qh_33d4d427ae84c28a,D3,1.0,0.7041249493150388,VERIFIED_FROM_RELEASE,paper_results/per_query_minimal/formal_train_per_query.jsonl,876a16d098e1da3f642ef70854cbc985bae5f9e3,c6443f025b0ffdaf7adc4b7e5a2a198dc648b6012d6e895e3ef68e25eadd1f1a,selected document ids intentionally excluded
formal_train,qh_9a1736f6e8d20ddd,B0,1.0,0.6489315753318465,VERIFIED_FROM_RELEASE,paper_results/per_query_minimal/formal_train_per_query.jsonl,876a16d098e1da3f642ef70854cbc985bae5f9e3,c6443f025b0ffdaf7adc4b7e5a2a198dc648b6012d6e895e3ef68e25eadd1f1a,selected document ids intentionally excluded
formal_train,qh_9a1736f6e8d20ddd,D0,1.0,0.6489315753318465,VERIFIED_FROM_RELEASE,paper_results/per_query_minimal/formal_train_per_query.jsonl,876a16d098e1da3f642ef70854cbc985bae5f9e3,c6443f025b0ffdaf7adc4b7e5a2a198dc648b6012d6e895e3ef68e25eadd1f1a,selected document ids intentionally excluded
formal_train,qh_9a1736f6e8d20ddd,D1,1.0,0.6489315753318465,VERIFIED_FROM_RELEASE,paper_results/per_query_minimal/formal_train_per_query.jsonl,876a16d098e1da3f642ef70854cbc985bae5f9e3,c6443f025b0ffdaf7adc4b7e5a2a198dc648b6012d6e895e3ef68e25eadd1f1a,selected document ids intentionally excluded
formal_train,qh_9a1736f6e8d20ddd,D2,1.0,0.6489315753318465,VERIFIED_FROM_RELEASE,paper_results/per_query_minimal/formal_train_per_query.jsonl,876a16d098e1da3f642ef70854cbc985bae5f9e3,c6443f025b0ffdaf7adc4b7e5a2a198dc648b6012d6e895e3ef68e25eadd1f1a,selected document ids intentionally excluded
formal_train,qh_9a1736f6e8d20ddd,D3,1.0,0.6489315753318465,VERIFIED_FROM_RELEASE,paper_results/per_query_minimal/formal_train_per_query.jsonl,876a16d098e1da3f642ef70854cbc985bae5f9e3,c6443f025b0ffdaf7adc4b7e5a2a198dc648b6012d6e895e3ef68e25eadd1f1a,selected document ids intentionally excluded
formal_train,qh_351904954285b3ac,B0,1.0,0.6489315753318465,VERIFIED_FROM_RELEASE,paper_results/per_query_minimal/formal_train_per_query.jsonl,876a16d098e1da3f642ef70854cbc985bae5f9e3,c6443f025b0ffdaf7adc4b7e5a2a198dc648b6012d6e895e3ef68e25eadd1f1a,selected document ids intentionally excluded
formal_train,qh_351904954285b3ac,D0,1.0,0.6489315753318465,VERIFIED_FROM_RELEASE,paper_results/per_query_minimal/formal_train_per_query.jsonl,876a16d098e1da3f642ef70854cbc985bae5f9e3,c6443f025b0ffdaf7adc4b7e5a2a198dc648b6012d6e895e3ef68e25eadd1f1a,selected document ids intentionally excluded
formal_train,qh_351904954285b3ac,D1,1.0,0.6489315753318465,VERIFIED_FROM_RELEASE,paper_results/per_query_minimal/formal_train_per_query.jsonl,876a16d098e1da3f642ef70854cbc985bae5f9e3,c6443f025b0ffdaf7adc4b7e5a2a198dc648b6012d6e895e3ef68e25eadd1f1a,selected document ids intentionally excluded
formal_train,qh_351904954285b3ac,D2,0.8,0.6489315753318465,VERIFIED_FROM_RELEASE,paper_results/per_query_minimal/formal_train_per_query.jsonl,876a16d098e1da3f642ef70854cbc985bae5f9e3,c6443f025b0ffdaf7adc4b7e5a2a198dc648b6012d6e895e3ef68e25eadd1f1a,selected document ids intentionally excluded
formal_train,qh_351904954285b3ac,D3,1.0,0.6489315753318465,VERIFIED_FROM_RELEASE,paper_results/per_query_minimal/formal_train_per_query.jsonl,876a16d098e1da3f642ef70854cbc985bae5f9e3,c6443f025b0ffdaf7adc4b7e5a2a198dc648b6012d6e895e3ef68e25eadd1f1a,selected document ids intentionally excluded
formal_train,qh_b26f2ffd2a980c6d,B0,1.0,0.6489315753318465,VERIFIED_FROM_RELEASE,paper_results/per_query_minimal/formal_train_per_query.jsonl,876a16d098e1da3f642ef70854cbc985bae5f9e3,c6443f025b0ffdaf7adc4b7e5a2a198dc648b6012d6e895e3ef68e25eadd1f1a,selected document ids intentionally excluded
formal_train,qh_b26f2ffd2a980c6d,D0,1.0,0.6489315753318465,VERIFIED_FROM_RELEASE,paper_results/per_query_minimal/formal_train_per_query.jsonl,876a16d098e1da3f642ef70854cbc985bae5f9e3,c6443f025b0ffdaf7adc4b7e5a2a198dc648b6012d6e895e3ef68e25eadd1f1a,selected document ids intentionally excluded
formal_train,qh_b26f2ffd2a980c6d,D1,1.0,0.6489315753318465,VERIFIED_FROM_RELEASE,paper_results/per_query_minimal/formal_train_per_query.jsonl,876a16d098e1da3f642ef70854cbc985bae5f9e3,c6443f025b0ffdaf7adc4b7e5a2a198dc648b6012d6e895e3ef68e25eadd1f1a,selected document ids intentionally excluded
formal_train,qh_b26f2ffd2a980c6d,D2,1.0,0.6489315753318465,VERIFIED_FROM_RELEASE,paper_results/per_query_minimal/formal_train_per_query.jsonl,876a16d098e1da3f642ef70854cbc985bae5f9e3,c6443f025b0ffdaf7adc4b7e5a2a198dc648b6012d6e895e3ef68e25eadd1f1a,selected document ids intentionally excluded
formal_train,qh_b26f2ffd2a980c6d,D3,1.0,0.6489315753318465,VERIFIED_FROM_RELEASE,paper_results/per_query_minimal/formal_train_per_query.jsonl,876a16d098e1da3f642ef70854cbc985bae5f9e3,c6443f025b0ffdaf7adc4b7e5a2a198dc648b6012d6e895e3ef68e25eadd1f1a,selected document ids intentionally excluded
formal_train,qh_dae0c8eb896e8405,B0,1.0,0.6489315753318465,VERIFIED_FROM_RELEASE,paper_results/per_query_minimal/formal_train_per_query.jsonl,876a16d098e1da3f642ef70854cbc985bae5f9e3,c6443f025b0ffdaf7adc4b7e5a2a198dc648b6012d6e895e3ef68e25eadd1f1a,selected document ids intentionally excluded
formal_train,qh_dae0c8eb896e8405,D0,1.0,0.6489315753318465,VERIFIED_FROM_RELEASE,paper_results/per_query_minimal/formal_train_per_query.jsonl,876a16d098e1da3f642ef70854cbc985bae5f9e3,c6443f025b0ffdaf7adc4b7e5a2a198dc648b6012d6e895e3ef68e25eadd1f1a,selected document ids intentionally excluded
formal_train,qh_dae0c8eb896e8405,D1,1.0,0.6489315753318465,VERIFIED_FROM_RELEASE,paper_results/per_query_minimal/formal_train_per_query.jsonl,876a16d098e1da3f642ef70854cbc985bae5f9e3,c6443f025b0ffdaf7adc4b7e5a2a198dc648b6012d6e895e3ef68e25eadd1f1a,selected document ids intentionally excluded
formal_train,qh_dae0c8eb896e8405,D2,1.0,0.6489315753318465,VERIFIED_FROM_RELEASE,paper_results/per_query_minimal/formal_train_per_query.jsonl,876a16d098e1da3f642ef70854cbc985bae5f9e3,c6443f025b0ffdaf7adc4b7e5a2a198dc648b6012d6e895e3ef68e25eadd1f1a,selected document ids intentionally excluded
formal_train,qh_dae0c8eb896e8405,D3,1.0,0.6489315753318465,VERIFIED_FROM_RELEASE,paper_results/per_query_minimal/formal_train_per_query.jsonl,876a16d098e1da3f642ef70854cbc985bae5f9e3,c6443f025b0ffdaf7adc4b7e5a2a198dc648b6012d6e895e3ef68e25eadd1f1a,selected document ids intentionally excluded
formal_train,qh_63f88c1898467ee4,B0,0.8,0.6489315753318465,VERIFIED_FROM_RELEASE,paper_results/per_query_minimal/formal_train_per_query.jsonl,876a16d098e1da3f642ef70854cbc985bae5f9e3,c6443f025b0ffdaf7adc4b7e5a2a198dc648b6012d6e895e3ef68e25eadd1f1a,selected document ids intentionally excluded
formal_train,qh_63f88c1898467ee4,D0,1.0,0.6489315753318465,VERIFIED_FROM_RELEASE,paper_results/per_query_minimal/formal_train_per_query.jsonl,876a16d098e1da3f642ef70854cbc985bae5f9e3,c6443f025b0ffdaf7adc4b7e5a2a198dc648b6012d6e895e3ef68e25eadd1f1a,selected document ids intentionally excluded
formal_train,qh_63f88c1898467ee4,D1,1.0,0.6489315753318465,VERIFIED_FROM_RELEASE,paper_results/per_query_minimal/formal_train_per_query.jsonl,876a16d098e1da3f642ef70854cbc985bae5f9e3,c6443f025b0ffdaf7adc4b7e5a2a198dc648b6012d6e895e3ef68e25eadd1f1a,selected document ids intentionally excluded
formal_train,qh_63f88c1898467ee4,D2,1.0,0.6489315753318465,VERIFIED_FROM_RELEASE,paper_results/per_query_minimal/formal_train_per_query.jsonl,876a16d098e1da3f642ef70854cbc985bae5f9e3,c6443f025b0ffdaf7adc4b7e5a2a198dc648b6012d6e895e3ef68e25eadd1f1a,selected document ids intentionally excluded
formal_train,qh_63f88c1898467ee4,D3,1.0,0.6489315753318465,VERIFIED_FROM_RELEASE,paper_results/per_query_minimal/formal_train_per_query.jsonl,876a16d098e1da3f642ef70854cbc985bae5f9e3,c6443f025b0ffdaf7adc4b7e5a2a198dc648b6012d6e895e3ef68e25eadd1f1a,selected document ids intentionally excluded
formal_train,qh_7a9bd4e5b9629d9e,B0,1.0,0.6489315753318465,VERIFIED_FROM_RELEASE,paper_results/per_query_minimal/formal_train_per_query.jsonl,876a16d098e1da3f642ef70854cbc985bae5f9e3,c6443f025b0ffdaf7adc4b7e5a2a198dc648b6012d6e895e3ef68e25eadd1f1a,selected document ids intentionally excluded
formal_train,qh_7a9bd4e5b9629d9e,D0,1.0,0.6489315753318465,VERIFIED_FROM_RELEASE,paper_results/per_query_minimal/formal_train_per_query.jsonl,876a16d098e1da3f642ef70854cbc985bae5f9e3,c6443f025b0ffdaf7adc4b7e5a2a198dc648b6012d6e895e3ef68e25eadd1f1a,selected document ids intentionally excluded
formal_train,qh_7a9bd4e5b9629d9e,D1,1.0,0.6489315753318465,VERIFIED_FROM_RELEASE,paper_results/per_query_minimal/formal_train_per_query.jsonl,876a16d098e1da3f642ef70854cbc985bae5f9e3,c6443f025b0ffdaf7adc4b7e5a2a198dc648b6012d6e895e3ef68e25eadd1f1a,selected document ids intentionally excluded
formal_train,qh_7a9bd4e5b9629d9e,D2,1.0,0.6489315753318465,VERIFIED_FROM_RELEASE,paper_results/per_query_minimal/formal_train_per_query.jsonl,876a16d098e1da3f642ef70854cbc985bae5f9e3,c6443f025b0ffdaf7adc4b7e5a2a198dc648b6012d6e895e3ef68e25eadd1f1a,selected document ids intentionally excluded
formal_train,qh_7a9bd4e5b9629d9e,D3,1.0,0.6489315753318465,VERIFIED_FROM_RELEASE,paper_results/per_query_minimal/formal_train_per_query.jsonl,876a16d098e1da3f642ef70854cbc985bae5f9e3,c6443f025b0ffdaf7adc4b7e5a2a198dc648b6012d6e895e3ef68e25eadd1f1a,selected document ids intentionally excluded
formal_train,qh_ee6821d0044fc03f,B0,0.6666666666666666,0.6489315753318465,VERIFIED_FROM_RELEASE,paper_results/per_query_minimal/formal_train_per_query.jsonl,876a16d098e1da3f642ef70854cbc985bae5f9e3,c6443f025b0ffdaf7adc4b7e5a2a198dc648b6012d6e895e3ef68e25eadd1f1a,selected document ids intentionally excluded
formal_train,qh_ee6821d0044fc03f,D0,1.0,0.6489315753318465,VERIFIED_FROM_RELEASE,paper_results/per_query_minimal/formal_train_per_query.jsonl,876a16d098e1da3f642ef70854cbc985bae5f9e3,c6443f025b0ffdaf7adc4b7e5a2a198dc648b6012d6e895e3ef68e25eadd1f1a,selected document ids intentionally excluded
formal_train,qh_ee6821d0044fc03f,D1,1.0,0.6489315753318465,VERIFIED_FROM_RELEASE,paper_results/per_query_minimal/formal_train_per_query.jsonl,876a16d098e1da3f642ef70854cbc985bae5f9e3,c6443f025b0ffdaf7adc4b7e5a2a198dc648b6012d6e895e3ef68e25eadd1f1a,selected document ids intentionally excluded
formal_train,qh_ee6821d0044fc03f,D2,1.0,0.6489315753318465,VERIFIED_FROM_RELEASE,paper_results/per_query_minimal/formal_train_per_query.jsonl,876a16d098e1da3f642ef70854cbc985bae5f9e3,c6443f025b0ffdaf7adc4b7e5a2a198dc648b6012d6e895e3ef68e25eadd1f1a,selected document ids intentionally excluded
formal_train,qh_ee6821d0044fc03f,D3,1.0,0.6489315753318465,VERIFIED_FROM_RELEASE,paper_results/per_query_minimal/formal_train_per_query.jsonl,876a16d098e1da3f642ef70854cbc985bae5f9e3,c6443f025b0ffdaf7adc4b7e5a2a198dc648b6012d6e895e3ef68e25eadd1f1a,selected document ids intentionally excluded
formal_train,qh_d80909aa51b0292f,B0,1.0,0.6489315753318465,VERIFIED_FROM_RELEASE,paper_results/per_query_minimal/formal_train_per_query.jsonl,876a16d098e1da3f642ef70854cbc985bae5f9e3,c6443f025b0ffdaf7adc4b7e5a2a198dc648b6012d6e895e3ef68e25eadd1f1a,selected document ids intentionally excluded
formal_train,qh_d80909aa51b0292f,D0,1.0,0.6489315753318465,VERIFIED_FROM_RELEASE,paper_results/per_query_minimal/formal_train_per_query.jsonl,876a16d098e1da3f642ef70854cbc985bae5f9e3,c6443f025b0ffdaf7adc4b7e5a2a198dc648b6012d6e895e3ef68e25eadd1f1a,selected document ids intentionally excluded
formal_train,qh_d80909aa51b0292f,D1,1.0,0.6489315753318465,VERIFIED_FROM_RELEASE,paper_results/per_query_minimal/formal_train_per_query.jsonl,876a16d098e1da3f642ef70854cbc985bae5f9e3,c6443f025b0ffdaf7adc4b7e5a2a198dc648b6012d6e895e3ef68e25eadd1f1a,selected document ids intentionally excluded
formal_train,qh_d80909aa51b0292f,D2,1.0,0.6489315753318465,VERIFIED_FROM_RELEASE,paper_results/per_query_minimal/formal_train_per_query.jsonl,876a16d098e1da3f642ef70854cbc985bae5f9e3,c6443f025b0ffdaf7adc4b7e5a2a198dc648b6012d6e895e3ef68e25eadd1f1a,selected document ids intentionally excluded
formal_train,qh_d80909aa51b0292f,D3,1.0,0.6489315753318465,VERIFIED_FROM_RELEASE,paper_results/per_query_minimal/formal_train_per_query.jsonl,876a16d098e1da3f642ef70854cbc985bae5f9e3,c6443f025b0ffdaf7adc4b7e5a2a198dc648b6012d6e895e3ef68e25eadd1f1a,selected document ids intentionally excluded
formal_train,qh_da02ce0dd61df322,B0,1.0,0.8104616303452685,VERIFIED_FROM_RELEASE,paper_results/per_query_minimal/formal_train_per_query.jsonl,876a16d098e1da3f642ef70854cbc985bae5f9e3,c6443f025b0ffdaf7adc4b7e5a2a198dc648b6012d6e895e3ef68e25eadd1f1a,selected document ids intentionally excluded
formal_train,qh_da02ce0dd61df322,D0,1.0,0.8104616303452685,VERIFIED_FROM_RELEASE,paper_results/per_query_minimal/formal_train_per_query.jsonl,876a16d098e1da3f642ef70854cbc985bae5f9e3,c6443f025b0ffdaf7adc4b7e5a2a198dc648b6012d6e895e3ef68e25eadd1f1a,selected document ids intentionally excluded
formal_train,qh_da02ce0dd61df322,D1,1.0,0.8104616303452685,VERIFIED_FROM_RELEASE,paper_results/per_query_minimal/formal_train_per_query.jsonl,876a16d098e1da3f642ef70854cbc985bae5f9e3,c6443f025b0ffdaf7adc4b7e5a2a198dc648b6012d6e895e3ef68e25eadd1f1a,selected document ids intentionally excluded
formal_train,qh_da02ce0dd61df322,D2,1.0,0.8104616303452685,VERIFIED_FROM_RELEASE,paper_results/per_query_minimal/formal_train_per_query.jsonl,876a16d098e1da3f642ef70854cbc985bae5f9e3,c6443f025b0ffdaf7adc4b7e5a2a198dc648b6012d6e895e3ef68e25eadd1f1a,selected document ids intentionally excluded
formal_train,qh_da02ce0dd61df322,D3,1.0,0.8104616303452685,VERIFIED_FROM_RELEASE,paper_results/per_query_minimal/formal_train_per_query.jsonl,876a16d098e1da3f642ef70854cbc985bae5f9e3,c6443f025b0ffdaf7adc4b7e5a2a198dc648b6012d6e895e3ef68e25eadd1f1a,selected document ids intentionally excluded
formal_train,qh_90a80d852fe3e8e4,B0,0.5,0.7457912185292984,VERIFIED_FROM_RELEASE,paper_results/per_query_minimal/formal_train_per_query.jsonl,876a16d098e1da3f642ef70854cbc985bae5f9e3,c6443f025b0ffdaf7adc4b7e5a2a198dc648b6012d6e895e3ef68e25eadd1f1a,selected document ids intentionally excluded
formal_train,qh_90a80d852fe3e8e4,D0,0.5,0.45973079002057354,VERIFIED_FROM_RELEASE,paper_results/per_query_minimal/formal_train_per_query.jsonl,876a16d098e1da3f642ef70854cbc985bae5f9e3,c6443f025b0ffdaf7adc4b7e5a2a198dc648b6012d6e895e3ef68e25eadd1f1a,selected document ids intentionally excluded
formal_train,qh_90a80d852fe3e8e4,D1,0.5,0.45973079002057354,VERIFIED_FROM_RELEASE,paper_results/per_query_minimal/formal_train_per_query.jsonl,876a16d098e1da3f642ef70854cbc985bae5f9e3,c6443f025b0ffdaf7adc4b7e5a2a198dc648b6012d6e895e3ef68e25eadd1f1a,selected document ids intentionally excluded
formal_train,qh_90a80d852fe3e8e4,D2,0.5,0.45973079002057354,VERIFIED_FROM_RELEASE,paper_results/per_query_minimal/formal_train_per_query.jsonl,876a16d098e1da3f642ef70854cbc985bae5f9e3,c6443f025b0ffdaf7adc4b7e5a2a198dc648b6012d6e895e3ef68e25eadd1f1a,selected document ids intentionally excluded
formal_train,qh_90a80d852fe3e8e4,D3,0.5,0.45973079002057354,VERIFIED_FROM_RELEASE,paper_results/per_query_minimal/formal_train_per_query.jsonl,876a16d098e1da3f642ef70854cbc985bae5f9e3,c6443f025b0ffdaf7adc4b7e5a2a198dc648b6012d6e895e3ef68e25eadd1f1a,selected document ids intentionally excluded
formal_train,qh_95c56b4946adce23,B0,1.0,0.6489315753318465,VERIFIED_FROM_RELEASE,paper_results/per_query_minimal/formal_train_per_query.jsonl,876a16d098e1da3f642ef70854cbc985bae5f9e3,c6443f025b0ffdaf7adc4b7e5a2a198dc648b6012d6e895e3ef68e25eadd1f1a,selected document ids intentionally excluded
formal_train,qh_95c56b4946adce23,D0,1.0,0.6489315753318465,VERIFIED_FROM_RELEASE,paper_results/per_query_minimal/formal_train_per_query.jsonl,876a16d098e1da3f642ef70854cbc985bae5f9e3,c6443f025b0ffdaf7adc4b7e5a2a198dc648b6012d6e895e3ef68e25eadd1f1a,selected document ids intentionally excluded
formal_train,qh_95c56b4946adce23,D1,1.0,0.6489315753318465,VERIFIED_FROM_RELEASE,paper_results/per_query_minimal/formal_train_per_query.jsonl,876a16d098e1da3f642ef70854cbc985bae5f9e3,c6443f025b0ffdaf7adc4b7e5a2a198dc648b6012d6e895e3ef68e25eadd1f1a,selected document ids intentionally excluded
formal_train,qh_95c56b4946adce23,D2,1.0,0.6489315753318465,VERIFIED_FROM_RELEASE,paper_results/per_query_minimal/formal_train_per_query.jsonl,876a16d098e1da3f642ef70854cbc985bae5f9e3,c6443f025b0ffdaf7adc4b7e5a2a198dc648b6012d6e895e3ef68e25eadd1f1a,selected document ids intentionally excluded
formal_train,qh_95c56b4946adce23,D3,1.0,0.6489315753318465,VERIFIED_FROM_RELEASE,paper_results/per_query_minimal/formal_train_per_query.jsonl,876a16d098e1da3f642ef70854cbc985bae5f9e3,c6443f025b0ffdaf7adc4b7e5a2a198dc648b6012d6e895e3ef68e25eadd1f1a,selected document ids intentionally excluded
formal_train,qh_67526f47cd891dcd,B0,1.0,0.5541432109622958,VERIFIED_FROM_RELEASE,paper_results/per_query_minimal/formal_train_per_query.jsonl,876a16d098e1da3f642ef70854cbc985bae5f9e3,c6443f025b0ffdaf7adc4b7e5a2a198dc648b6012d6e895e3ef68e25eadd1f1a,selected document ids intentionally excluded
formal_train,qh_67526f47cd891dcd,D0,1.0,0.40002324830925196,VERIFIED_FROM_RELEASE,paper_results/per_query_minimal/formal_train_per_query.jsonl,876a16d098e1da3f642ef70854cbc985bae5f9e3,c6443f025b0ffdaf7adc4b7e5a2a198dc648b6012d6e895e3ef68e25eadd1f1a,selected document ids intentionally excluded
formal_train,qh_67526f47cd891dcd,D1,1.0,0.40002324830925196,VERIFIED_FROM_RELEASE,paper_results/per_query_minimal/formal_train_per_query.jsonl,876a16d098e1da3f642ef70854cbc985bae5f9e3,c6443f025b0ffdaf7adc4b7e5a2a198dc648b6012d6e895e3ef68e25eadd1f1a,selected document ids intentionally excluded
formal_train,qh_67526f47cd891dcd,D2,1.0,0.5388856921828065,VERIFIED_FROM_RELEASE,paper_results/per_query_minimal/formal_train_per_query.jsonl,876a16d098e1da3f642ef70854cbc985bae5f9e3,c6443f025b0ffdaf7adc4b7e5a2a198dc648b6012d6e895e3ef68e25eadd1f1a,selected document ids intentionally excluded
formal_train,qh_67526f47cd891dcd,D3,1.0,0.5388856921828065,VERIFIED_FROM_RELEASE,paper_results/per_query_minimal/formal_train_per_query.jsonl,876a16d098e1da3f642ef70854cbc985bae5f9e3,c6443f025b0ffdaf7adc4b7e5a2a198dc648b6012d6e895e3ef68e25eadd1f1a,selected document ids intentionally excluded
formal_train,qh_0e96b7652055ccc2,B0,1.0,0.6489315753318465,VERIFIED_FROM_RELEASE,paper_results/per_query_minimal/formal_train_per_query.jsonl,876a16d098e1da3f642ef70854cbc985bae5f9e3,c6443f025b0ffdaf7adc4b7e5a2a198dc648b6012d6e895e3ef68e25eadd1f1a,selected document ids intentionally excluded
formal_train,qh_0e96b7652055ccc2,D0,1.0,0.510069131458292,VERIFIED_FROM_RELEASE,paper_results/per_query_minimal/formal_train_per_query.jsonl,876a16d098e1da3f642ef70854cbc985bae5f9e3,c6443f025b0ffdaf7adc4b7e5a2a198dc648b6012d6e895e3ef68e25eadd1f1a,selected document ids intentionally excluded
formal_train,qh_0e96b7652055ccc2,D1,1.0,0.510069131458292,VERIFIED_FROM_RELEASE,paper_results/per_query_minimal/formal_train_per_query.jsonl,876a16d098e1da3f642ef70854cbc985bae5f9e3,c6443f025b0ffdaf7adc4b7e5a2a198dc648b6012d6e895e3ef68e25eadd1f1a,selected document ids intentionally excluded
formal_train,qh_0e96b7652055ccc2,D2,1.0,0.6489315753318465,VERIFIED_FROM_RELEASE,paper_results/per_query_minimal/formal_train_per_query.jsonl,876a16d098e1da3f642ef70854cbc985bae5f9e3,c6443f025b0ffdaf7adc4b7e5a2a198dc648b6012d6e895e3ef68e25eadd1f1a,selected document ids intentionally excluded
formal_train,qh_0e96b7652055ccc2,D3,1.0,0.6489315753318465,VERIFIED_FROM_RELEASE,paper_results/per_query_minimal/formal_train_per_query.jsonl,876a16d098e1da3f642ef70854cbc985bae5f9e3,c6443f025b0ffdaf7adc4b7e5a2a198dc648b6012d6e895e3ef68e25eadd1f1a,selected document ids intentionally excluded
formal_train,qh_393f4e7ff9df518f,B0,0.6666666666666666,0.5585075862632192,VERIFIED_FROM_RELEASE,paper_results/per_query_minimal/formal_train_per_query.jsonl,876a16d098e1da3f642ef70854cbc985bae5f9e3,c6443f025b0ffdaf7adc4b7e5a2a198dc648b6012d6e895e3ef68e25eadd1f1a,selected document ids intentionally excluded
formal_train,qh_393f4e7ff9df518f,D0,0.6666666666666666,0.3903800499921017,VERIFIED_FROM_RELEASE,paper_results/per_query_minimal/formal_train_per_query.jsonl,876a16d098e1da3f642ef70854cbc985bae5f9e3,c6443f025b0ffdaf7adc4b7e5a2a198dc648b6012d6e895e3ef68e25eadd1f1a,selected document ids intentionally excluded
formal_train,qh_393f4e7ff9df518f,D1,0.6666666666666666,0.3903800499921017,VERIFIED_FROM_RELEASE,paper_results/per_query_minimal/formal_train_per_query.jsonl,876a16d098e1da3f642ef70854cbc985bae5f9e3,c6443f025b0ffdaf7adc4b7e5a2a198dc648b6012d6e895e3ef68e25eadd1f1a,selected document ids intentionally excluded
formal_train,qh_393f4e7ff9df518f,D2,0.6666666666666666,0.3903800499921017,VERIFIED_FROM_RELEASE,paper_results/per_query_minimal/formal_train_per_query.jsonl,876a16d098e1da3f642ef70854cbc985bae5f9e3,c6443f025b0ffdaf7adc4b7e5a2a198dc648b6012d6e895e3ef68e25eadd1f1a,selected document ids intentionally excluded
formal_train,qh_393f4e7ff9df518f,D3,0.6666666666666666,0.3903800499921017,VERIFIED_FROM_RELEASE,paper_results/per_query_minimal/formal_train_per_query.jsonl,876a16d098e1da3f642ef70854cbc985bae5f9e3,c6443f025b0ffdaf7adc4b7e5a2a198dc648b6012d6e895e3ef68e25eadd1f1a,selected document ids intentionally excluded
formal_train,qh_28e8632331dbd0ec,B0,0.5,0.3026024134988135,VERIFIED_FROM_RELEASE,paper_results/per_query_minimal/formal_train_per_query.jsonl,876a16d098e1da3f642ef70854cbc985bae5f9e3,c6443f025b0ffdaf7adc4b7e5a2a198dc648b6012d6e895e3ef68e25eadd1f1a,selected document ids intentionally excluded
formal_train,qh_28e8632331dbd0ec,D0,1.0,0.3026024134988135,VERIFIED_FROM_RELEASE,paper_results/per_query_minimal/formal_train_per_query.jsonl,876a16d098e1da3f642ef70854cbc985bae5f9e3,c6443f025b0ffdaf7adc4b7e5a2a198dc648b6012d6e895e3ef68e25eadd1f1a,selected document ids intentionally excluded
formal_train,qh_28e8632331dbd0ec,D1,1.0,0.3026024134988135,VERIFIED_FROM_RELEASE,paper_results/per_query_minimal/formal_train_per_query.jsonl,876a16d098e1da3f642ef70854cbc985bae5f9e3,c6443f025b0ffdaf7adc4b7e5a2a198dc648b6012d6e895e3ef68e25eadd1f1a,selected document ids intentionally excluded
formal_train,qh_28e8632331dbd0ec,D2,0.5,0.3026024134988135,VERIFIED_FROM_RELEASE,paper_results/per_query_minimal/formal_train_per_query.jsonl,876a16d098e1da3f642ef70854cbc985bae5f9e3,c6443f025b0ffdaf7adc4b7e5a2a198dc648b6012d6e895e3ef68e25eadd1f1a,selected document ids intentionally excluded
formal_train,qh_28e8632331dbd0ec,D3,0.5,0.3026024134988135,VERIFIED_FROM_RELEASE,paper_results/per_query_minimal/formal_train_per_query.jsonl,876a16d098e1da3f642ef70854cbc985bae5f9e3,c6443f025b0ffdaf7adc4b7e5a2a198dc648b6012d6e895e3ef68e25eadd1f1a,selected document ids intentionally excluded
formal_train,qh_f4e145bf77b805bc,B0,1.0,0.6489315753318465,VERIFIED_FROM_RELEASE,paper_results/per_query_minimal/formal_train_per_query.jsonl,876a16d098e1da3f642ef70854cbc985bae5f9e3,c6443f025b0ffdaf7adc4b7e5a2a198dc648b6012d6e895e3ef68e25eadd1f1a,selected document ids intentionally excluded
formal_train,qh_f4e145bf77b805bc,D0,1.0,0.510069131458292,VERIFIED_FROM_RELEASE,paper_results/per_query_minimal/formal_train_per_query.jsonl,876a16d098e1da3f642ef70854cbc985bae5f9e3,c6443f025b0ffdaf7adc4b7e5a2a198dc648b6012d6e895e3ef68e25eadd1f1a,selected document ids intentionally excluded
formal_train,qh_f4e145bf77b805bc,D1,1.0,0.6489315753318465,VERIFIED_FROM_RELEASE,paper_results/per_query_minimal/formal_train_per_query.jsonl,876a16d098e1da3f642ef70854cbc985bae5f9e3,c6443f025b0ffdaf7adc4b7e5a2a198dc648b6012d6e895e3ef68e25eadd1f1a,selected document ids intentionally excluded
formal_train,qh_f4e145bf77b805bc,D2,1.0,0.6489315753318465,VERIFIED_FROM_RELEASE,paper_results/per_query_minimal/formal_train_per_query.jsonl,876a16d098e1da3f642ef70854cbc985bae5f9e3,c6443f025b0ffdaf7adc4b7e5a2a198dc648b6012d6e895e3ef68e25eadd1f1a,selected document ids intentionally excluded
formal_train,qh_f4e145bf77b805bc,D3,1.0,0.6489315753318465,VERIFIED_FROM_RELEASE,paper_results/per_query_minimal/formal_train_per_query.jsonl,876a16d098e1da3f642ef70854cbc985bae5f9e3,c6443f025b0ffdaf7adc4b7e5a2a198dc648b6012d6e895e3ef68e25eadd1f1a,selected document ids intentionally excluded
formal_train,qh_5bb28a40d13d4496,B0,0.5,0.38356636737133565,VERIFIED_FROM_RELEASE,paper_results/per_query_minimal/formal_train_per_query.jsonl,876a16d098e1da3f642ef70854cbc985bae5f9e3,c6443f025b0ffdaf7adc4b7e5a2a198dc648b6012d6e895e3ef68e25eadd1f1a,selected document ids intentionally excluded
formal_train,qh_5bb28a40d13d4496,D0,1.0,0.5531464700081438,VERIFIED_FROM_RELEASE,paper_results/per_query_minimal/formal_train_per_query.jsonl,876a16d098e1da3f642ef70854cbc985bae5f9e3,c6443f025b0ffdaf7adc4b7e5a2a198dc648b6012d6e895e3ef68e25eadd1f1a,selected document ids intentionally excluded
formal_train,qh_5bb28a40d13d4496,D1,1.0,0.5531464700081438,VERIFIED_FROM_RELEASE,paper_results/per_query_minimal/formal_train_per_query.jsonl,876a16d098e1da3f642ef70854cbc985bae5f9e3,c6443f025b0ffdaf7adc4b7e5a2a198dc648b6012d6e895e3ef68e25eadd1f1a,selected document ids intentionally excluded
formal_train,qh_5bb28a40d13d4496,D2,0.5,0.4852285551163227,VERIFIED_FROM_RELEASE,paper_results/per_query_minimal/formal_train_per_query.jsonl,876a16d098e1da3f642ef70854cbc985bae5f9e3,c6443f025b0ffdaf7adc4b7e5a2a198dc648b6012d6e895e3ef68e25eadd1f1a,selected document ids intentionally excluded
formal_train,qh_5bb28a40d13d4496,D3,0.5,0.5087403079104242,VERIFIED_FROM_RELEASE,paper_results/per_query_minimal/formal_train_per_query.jsonl,876a16d098e1da3f642ef70854cbc985bae5f9e3,c6443f025b0ffdaf7adc4b7e5a2a198dc648b6012d6e895e3ef68e25eadd1f1a,selected document ids intentionally excluded
formal_train,qh_fa44d4db369b9d35,B0,1.0,0.6309297535714574,VERIFIED_FROM_RELEASE,paper_results/per_query_minimal/formal_train_per_query.jsonl,876a16d098e1da3f642ef70854cbc985bae5f9e3,c6443f025b0ffdaf7adc4b7e5a2a198dc648b6012d6e895e3ef68e25eadd1f1a,selected document ids intentionally excluded
formal_train,qh_fa44d4db369b9d35,D0,1.0,1.0,VERIFIED_FROM_RELEASE,paper_results/per_query_minimal/formal_train_per_query.jsonl,876a16d098e1da3f642ef70854cbc985bae5f9e3,c6443f025b0ffdaf7adc4b7e5a2a198dc648b6012d6e895e3ef68e25eadd1f1a,selected document ids intentionally excluded
formal_train,qh_fa44d4db369b9d35,D1,1.0,1.0,VERIFIED_FROM_RELEASE,paper_results/per_query_minimal/formal_train_per_query.jsonl,876a16d098e1da3f642ef70854cbc985bae5f9e3,c6443f025b0ffdaf7adc4b7e5a2a198dc648b6012d6e895e3ef68e25eadd1f1a,selected document ids intentionally excluded
formal_train,qh_fa44d4db369b9d35,D2,1.0,0.6309297535714574,VERIFIED_FROM_RELEASE,paper_results/per_query_minimal/formal_train_per_query.jsonl,876a16d098e1da3f642ef70854cbc985bae5f9e3,c6443f025b0ffdaf7adc4b7e5a2a198dc648b6012d6e895e3ef68e25eadd1f1a,selected document ids intentionally excluded
formal_train,qh_fa44d4db369b9d35,D3,1.0,0.5,VERIFIED_FROM_RELEASE,paper_results/per_query_minimal/formal_train_per_query.jsonl,876a16d098e1da3f642ef70854cbc985bae5f9e3,c6443f025b0ffdaf7adc4b7e5a2a198dc648b6012d6e895e3ef68e25eadd1f1a,selected document ids intentionally excluded
formal_train,qh_67ac2762288d31b1,B0,1.0,0.3618791953854131,VERIFIED_FROM_RELEASE,paper_results/per_query_minimal/formal_train_per_query.jsonl,876a16d098e1da3f642ef70854cbc985bae5f9e3,c6443f025b0ffdaf7adc4b7e5a2a198dc648b6012d6e895e3ef68e25eadd1f1a,selected document ids intentionally excluded
formal_train,qh_67ac2762288d31b1,D0,1.0,0.3618791953854131,VERIFIED_FROM_RELEASE,paper_results/per_query_minimal/formal_train_per_query.jsonl,876a16d098e1da3f642ef70854cbc985bae5f9e3,c6443f025b0ffdaf7adc4b7e5a2a198dc648b6012d6e895e3ef68e25eadd1f1a,selected document ids intentionally excluded
formal_train,qh_67ac2762288d31b1,D1,1.0,0.3618791953854131,VERIFIED_FROM_RELEASE,paper_results/per_query_minimal/formal_train_per_query.jsonl,876a16d098e1da3f642ef70854cbc985bae5f9e3,c6443f025b0ffdaf7adc4b7e5a2a198dc648b6012d6e895e3ef68e25eadd1f1a,selected document ids intentionally excluded
formal_train,qh_67ac2762288d31b1,D2,1.0,0.4125317798925535,VERIFIED_FROM_RELEASE,paper_results/per_query_minimal/formal_train_per_query.jsonl,876a16d098e1da3f642ef70854cbc985bae5f9e3,c6443f025b0ffdaf7adc4b7e5a2a198dc648b6012d6e895e3ef68e25eadd1f1a,selected document ids intentionally excluded
formal_train,qh_67ac2762288d31b1,D3,1.0,0.4125317798925535,VERIFIED_FROM_RELEASE,paper_results/per_query_minimal/formal_train_per_query.jsonl,876a16d098e1da3f642ef70854cbc985bae5f9e3,c6443f025b0ffdaf7adc4b7e5a2a198dc648b6012d6e895e3ef68e25eadd1f1a,selected document ids intentionally excluded
formal_train,qh_dacc0f81580767b9,B0,1.0,0.6713860725233042,VERIFIED_FROM_RELEASE,paper_results/per_query_minimal/formal_train_per_query.jsonl,876a16d098e1da3f642ef70854cbc985bae5f9e3,c6443f025b0ffdaf7adc4b7e5a2a198dc648b6012d6e895e3ef68e25eadd1f1a,selected document ids intentionally excluded
formal_train,qh_dacc0f81580767b9,D0,1.0,0.4692787260227565,VERIFIED_FROM_RELEASE,paper_results/per_query_minimal/formal_train_per_query.jsonl,876a16d098e1da3f642ef70854cbc985bae5f9e3,c6443f025b0ffdaf7adc4b7e5a2a198dc648b6012d6e895e3ef68e25eadd1f1a,selected document ids intentionally excluded
formal_train,qh_dacc0f81580767b9,D1,1.0,0.4692787260227565,VERIFIED_FROM_RELEASE,paper_results/per_query_minimal/formal_train_per_query.jsonl,876a16d098e1da3f642ef70854cbc985bae5f9e3,c6443f025b0ffdaf7adc4b7e5a2a198dc648b6012d6e895e3ef68e25eadd1f1a,selected document ids intentionally excluded
formal_train,qh_dacc0f81580767b9,D2,1.0,0.7039180890341348,VERIFIED_FROM_RELEASE,paper_results/per_query_minimal/formal_train_per_query.jsonl,876a16d098e1da3f642ef70854cbc985bae5f9e3,c6443f025b0ffdaf7adc4b7e5a2a198dc648b6012d6e895e3ef68e25eadd1f1a,selected document ids intentionally excluded
formal_train,qh_dacc0f81580767b9,D3,1.0,0.2960819109658653,VERIFIED_FROM_RELEASE,paper_results/per_query_minimal/formal_train_per_query.jsonl,876a16d098e1da3f642ef70854cbc985bae5f9e3,c6443f025b0ffdaf7adc4b7e5a2a198dc648b6012d6e895e3ef68e25eadd1f1a,selected document ids intentionally excluded
formal_train,qh_96b0f65c157298ce,B0,1.0,0.6489315753318465,VERIFIED_FROM_RELEASE,paper_results/per_query_minimal/formal_train_per_query.jsonl,876a16d098e1da3f642ef70854cbc985bae5f9e3,c6443f025b0ffdaf7adc4b7e5a2a198dc648b6012d6e895e3ef68e25eadd1f1a,selected document ids intentionally excluded
formal_train,qh_96b0f65c157298ce,D0,1.0,0.6489315753318465,VERIFIED_FROM_RELEASE,paper_results/per_query_minimal/formal_train_per_query.jsonl,876a16d098e1da3f642ef70854cbc985bae5f9e3,c6443f025b0ffdaf7adc4b7e5a2a198dc648b6012d6e895e3ef68e25eadd1f1a,selected document ids intentionally excluded
formal_train,qh_96b0f65c157298ce,D1,1.0,0.6489315753318465,VERIFIED_FROM_RELEASE,paper_results/per_query_minimal/formal_train_per_query.jsonl,876a16d098e1da3f642ef70854cbc985bae5f9e3,c6443f025b0ffdaf7adc4b7e5a2a198dc648b6012d6e895e3ef68e25eadd1f1a,selected document ids intentionally excluded
formal_train,qh_96b0f65c157298ce,D2,1.0,0.6489315753318465,VERIFIED_FROM_RELEASE,paper_results/per_query_minimal/formal_train_per_query.jsonl,876a16d098e1da3f642ef70854cbc985bae5f9e3,c6443f025b0ffdaf7adc4b7e5a2a198dc648b6012d6e895e3ef68e25eadd1f1a,selected document ids intentionally excluded
formal_train,qh_96b0f65c157298ce,D3,1.0,0.6489315753318465,VERIFIED_FROM_RELEASE,paper_results/per_query_minimal/formal_train_per_query.jsonl,876a16d098e1da3f642ef70854cbc985bae5f9e3,c6443f025b0ffdaf7adc4b7e5a2a198dc648b6012d6e895e3ef68e25eadd1f1a,selected document ids intentionally excluded
formal_train,qh_8e6da4ec0664e8cd,B0,1.0,0.7457912185292984,VERIFIED_FROM_RELEASE,paper_results/per_query_minimal/formal_train_per_query.jsonl,876a16d098e1da3f642ef70854cbc985bae5f9e3,c6443f025b0ffdaf7adc4b7e5a2a198dc648b6012d6e895e3ef68e25eadd1f1a,selected document ids intentionally excluded
formal_train,qh_8e6da4ec0664e8cd,D0,1.0,0.7457912185292984,VERIFIED_FROM_RELEASE,paper_results/per_query_minimal/formal_train_per_query.jsonl,876a16d098e1da3f642ef70854cbc985bae5f9e3,c6443f025b0ffdaf7adc4b7e5a2a198dc648b6012d6e895e3ef68e25eadd1f1a,selected document ids intentionally excluded
formal_train,qh_8e6da4ec0664e8cd,D1,1.0,0.7457912185292984,VERIFIED_FROM_RELEASE,paper_results/per_query_minimal/formal_train_per_query.jsonl,876a16d098e1da3f642ef70854cbc985bae5f9e3,c6443f025b0ffdaf7adc4b7e5a2a198dc648b6012d6e895e3ef68e25eadd1f1a,selected document ids intentionally excluded
formal_train,qh_8e6da4ec0664e8cd,D2,1.0,0.7457912185292984,VERIFIED_FROM_RELEASE,paper_results/per_query_minimal/formal_train_per_query.jsonl,876a16d098e1da3f642ef70854cbc985bae5f9e3,c6443f025b0ffdaf7adc4b7e5a2a198dc648b6012d6e895e3ef68e25eadd1f1a,selected document ids intentionally excluded
formal_train,qh_8e6da4ec0664e8cd,D3,1.0,0.7457912185292984,VERIFIED_FROM_RELEASE,paper_results/per_query_minimal/formal_train_per_query.jsonl,876a16d098e1da3f642ef70854cbc985bae5f9e3,c6443f025b0ffdaf7adc4b7e5a2a198dc648b6012d6e895e3ef68e25eadd1f1a,selected document ids intentionally excluded
formal_train,qh_509a4080b3bb3fcf,B0,1.0,0.8104616303452685,VERIFIED_FROM_RELEASE,paper_results/per_query_minimal/formal_train_per_query.jsonl,876a16d098e1da3f642ef70854cbc985bae5f9e3,c6443f025b0ffdaf7adc4b7e5a2a198dc648b6012d6e895e3ef68e25eadd1f1a,selected document ids intentionally excluded
formal_train,qh_509a4080b3bb3fcf,D0,1.0,0.8104616303452685,VERIFIED_FROM_RELEASE,paper_results/per_query_minimal/formal_train_per_query.jsonl,876a16d098e1da3f642ef70854cbc985bae5f9e3,c6443f025b0ffdaf7adc4b7e5a2a198dc648b6012d6e895e3ef68e25eadd1f1a,selected document ids intentionally excluded
formal_train,qh_509a4080b3bb3fcf,D1,1.0,0.8104616303452685,VERIFIED_FROM_RELEASE,paper_results/per_query_minimal/formal_train_per_query.jsonl,876a16d098e1da3f642ef70854cbc985bae5f9e3,c6443f025b0ffdaf7adc4b7e5a2a198dc648b6012d6e895e3ef68e25eadd1f1a,selected document ids intentionally excluded
formal_train,qh_509a4080b3bb3fcf,D2,1.0,0.8104616303452685,VERIFIED_FROM_RELEASE,paper_results/per_query_minimal/formal_train_per_query.jsonl,876a16d098e1da3f642ef70854cbc985bae5f9e3,c6443f025b0ffdaf7adc4b7e5a2a198dc648b6012d6e895e3ef68e25eadd1f1a,selected document ids intentionally excluded
formal_train,qh_509a4080b3bb3fcf,D3,1.0,0.8104616303452685,VERIFIED_FROM_RELEASE,paper_results/per_query_minimal/formal_train_per_query.jsonl,876a16d098e1da3f642ef70854cbc985bae5f9e3,c6443f025b0ffdaf7adc4b7e5a2a198dc648b6012d6e895e3ef68e25eadd1f1a,selected document ids intentionally excluded
formal_train,qh_e2ca42c9c7580064,B0,1.0,0.6489315753318465,VERIFIED_FROM_RELEASE,paper_results/per_query_minimal/formal_train_per_query.jsonl,876a16d098e1da3f642ef70854cbc985bae5f9e3,c6443f025b0ffdaf7adc4b7e5a2a198dc648b6012d6e895e3ef68e25eadd1f1a,selected document ids intentionally excluded
formal_train,qh_e2ca42c9c7580064,D0,1.0,0.6489315753318465,VERIFIED_FROM_RELEASE,paper_results/per_query_minimal/formal_train_per_query.jsonl,876a16d098e1da3f642ef70854cbc985bae5f9e3,c6443f025b0ffdaf7adc4b7e5a2a198dc648b6012d6e895e3ef68e25eadd1f1a,selected document ids intentionally excluded
formal_train,qh_e2ca42c9c7580064,D1,1.0,0.6489315753318465,VERIFIED_FROM_RELEASE,paper_results/per_query_minimal/formal_train_per_query.jsonl,876a16d098e1da3f642ef70854cbc985bae5f9e3,c6443f025b0ffdaf7adc4b7e5a2a198dc648b6012d6e895e3ef68e25eadd1f1a,selected document ids intentionally excluded
formal_train,qh_e2ca42c9c7580064,D2,1.0,0.6489315753318465,VERIFIED_FROM_RELEASE,paper_results/per_query_minimal/formal_train_per_query.jsonl,876a16d098e1da3f642ef70854cbc985bae5f9e3,c6443f025b0ffdaf7adc4b7e5a2a198dc648b6012d6e895e3ef68e25eadd1f1a,selected document ids intentionally excluded
formal_train,qh_e2ca42c9c7580064,D3,1.0,0.6489315753318465,VERIFIED_FROM_RELEASE,paper_results/per_query_minimal/formal_train_per_query.jsonl,876a16d098e1da3f642ef70854cbc985bae5f9e3,c6443f025b0ffdaf7adc4b7e5a2a198dc648b6012d6e895e3ef68e25eadd1f1a,selected document ids intentionally excluded
formal_train,qh_6d6cac9f08a8a5f6,B0,1.0,0.6489315753318465,VERIFIED_FROM_RELEASE,paper_results/per_query_minimal/formal_train_per_query.jsonl,876a16d098e1da3f642ef70854cbc985bae5f9e3,c6443f025b0ffdaf7adc4b7e5a2a198dc648b6012d6e895e3ef68e25eadd1f1a,selected document ids intentionally excluded
formal_train,qh_6d6cac9f08a8a5f6,D0,1.0,0.6489315753318465,VERIFIED_FROM_RELEASE,paper_results/per_query_minimal/formal_train_per_query.jsonl,876a16d098e1da3f642ef70854cbc985bae5f9e3,c6443f025b0ffdaf7adc4b7e5a2a198dc648b6012d6e895e3ef68e25eadd1f1a,selected document ids intentionally excluded
formal_train,qh_6d6cac9f08a8a5f6,D1,1.0,0.6489315753318465,VERIFIED_FROM_RELEASE,paper_results/per_query_minimal/formal_train_per_query.jsonl,876a16d098e1da3f642ef70854cbc985bae5f9e3,c6443f025b0ffdaf7adc4b7e5a2a198dc648b6012d6e895e3ef68e25eadd1f1a,selected document ids intentionally excluded
formal_train,qh_6d6cac9f08a8a5f6,D2,1.0,0.6489315753318465,VERIFIED_FROM_RELEASE,paper_results/per_query_minimal/formal_train_per_query.jsonl,876a16d098e1da3f642ef70854cbc985bae5f9e3,c6443f025b0ffdaf7adc4b7e5a2a198dc648b6012d6e895e3ef68e25eadd1f1a,selected document ids intentionally excluded
formal_train,qh_6d6cac9f08a8a5f6,D3,1.0,0.6489315753318465,VERIFIED_FROM_RELEASE,paper_results/per_query_minimal/formal_train_per_query.jsonl,876a16d098e1da3f642ef70854cbc985bae5f9e3,c6443f025b0ffdaf7adc4b7e5a2a198dc648b6012d6e895e3ef68e25eadd1f1a,selected document ids intentionally excluded
formal_train,qh_15bd0980f6c58ddf,B0,1.0,0.6489315753318465,VERIFIED_FROM_RELEASE,paper_results/per_query_minimal/formal_train_per_query.jsonl,876a16d098e1da3f642ef70854cbc985bae5f9e3,c6443f025b0ffdaf7adc4b7e5a2a198dc648b6012d6e895e3ef68e25eadd1f1a,selected document ids intentionally excluded
formal_train,qh_15bd0980f6c58ddf,D0,1.0,0.6489315753318465,VERIFIED_FROM_RELEASE,paper_results/per_query_minimal/formal_train_per_query.jsonl,876a16d098e1da3f642ef70854cbc985bae5f9e3,c6443f025b0ffdaf7adc4b7e5a2a198dc648b6012d6e895e3ef68e25eadd1f1a,selected document ids intentionally excluded
formal_train,qh_15bd0980f6c58ddf,D1,1.0,0.6489315753318465,VERIFIED_FROM_RELEASE,paper_results/per_query_minimal/formal_train_per_query.jsonl,876a16d098e1da3f642ef70854cbc985bae5f9e3,c6443f025b0ffdaf7adc4b7e5a2a198dc648b6012d6e895e3ef68e25eadd1f1a,selected document ids intentionally excluded
formal_train,qh_15bd0980f6c58ddf,D2,1.0,0.6489315753318465,VERIFIED_FROM_RELEASE,paper_results/per_query_minimal/formal_train_per_query.jsonl,876a16d098e1da3f642ef70854cbc985bae5f9e3,c6443f025b0ffdaf7adc4b7e5a2a198dc648b6012d6e895e3ef68e25eadd1f1a,selected document ids intentionally excluded
formal_train,qh_15bd0980f6c58ddf,D3,1.0,0.6489315753318465,VERIFIED_FROM_RELEASE,paper_results/per_query_minimal/formal_train_per_query.jsonl,876a16d098e1da3f642ef70854cbc985bae5f9e3,c6443f025b0ffdaf7adc4b7e5a2a198dc648b6012d6e895e3ef68e25eadd1f1a,selected document ids intentionally excluded
formal_train,qh_94db2d349ea08aa3,B0,0.6666666666666666,0.510069131458292,VERIFIED_FROM_RELEASE,paper_results/per_query_minimal/formal_train_per_query.jsonl,876a16d098e1da3f642ef70854cbc985bae5f9e3,c6443f025b0ffdaf7adc4b7e5a2a198dc648b6012d6e895e3ef68e25eadd1f1a,selected document ids intentionally excluded
formal_train,qh_94db2d349ea08aa3,D0,0.6666666666666666,0.510069131458292,VERIFIED_FROM_RELEASE,paper_results/per_query_minimal/formal_train_per_query.jsonl,876a16d098e1da3f642ef70854cbc985bae5f9e3,c6443f025b0ffdaf7adc4b7e5a2a198dc648b6012d6e895e3ef68e25eadd1f1a,selected document ids intentionally excluded
formal_train,qh_94db2d349ea08aa3,D1,0.6666666666666666,0.510069131458292,VERIFIED_FROM_RELEASE,paper_results/per_query_minimal/formal_train_per_query.jsonl,876a16d098e1da3f642ef70854cbc985bae5f9e3,c6443f025b0ffdaf7adc4b7e5a2a198dc648b6012d6e895e3ef68e25eadd1f1a,selected document ids intentionally excluded
formal_train,qh_94db2d349ea08aa3,D2,0.6666666666666666,0.5388856921828065,VERIFIED_FROM_RELEASE,paper_results/per_query_minimal/formal_train_per_query.jsonl,876a16d098e1da3f642ef70854cbc985bae5f9e3,c6443f025b0ffdaf7adc4b7e5a2a198dc648b6012d6e895e3ef68e25eadd1f1a,selected document ids intentionally excluded
formal_train,qh_94db2d349ea08aa3,D3,0.6666666666666666,0.5388856921828065,VERIFIED_FROM_RELEASE,paper_results/per_query_minimal/formal_train_per_query.jsonl,876a16d098e1da3f642ef70854cbc985bae5f9e3,c6443f025b0ffdaf7adc4b7e5a2a198dc648b6012d6e895e3ef68e25eadd1f1a,selected document ids intentionally excluded
formal_train,qh_25f7cd3071903429,B0,1.0,0.6489315753318465,VERIFIED_FROM_RELEASE,paper_results/per_query_minimal/formal_train_per_query.jsonl,876a16d098e1da3f642ef70854cbc985bae5f9e3,c6443f025b0ffdaf7adc4b7e5a2a198dc648b6012d6e895e3ef68e25eadd1f1a,selected document ids intentionally excluded
formal_train,qh_25f7cd3071903429,D0,1.0,0.6489315753318465,VERIFIED_FROM_RELEASE,paper_results/per_query_minimal/formal_train_per_query.jsonl,876a16d098e1da3f642ef70854cbc985bae5f9e3,c6443f025b0ffdaf7adc4b7e5a2a198dc648b6012d6e895e3ef68e25eadd1f1a,selected document ids intentionally excluded
formal_train,qh_25f7cd3071903429,D1,1.0,0.6489315753318465,VERIFIED_FROM_RELEASE,paper_results/per_query_minimal/formal_train_per_query.jsonl,876a16d098e1da3f642ef70854cbc985bae5f9e3,c6443f025b0ffdaf7adc4b7e5a2a198dc648b6012d6e895e3ef68e25eadd1f1a,selected document ids intentionally excluded
formal_train,qh_25f7cd3071903429,D2,1.0,0.6489315753318465,VERIFIED_FROM_RELEASE,paper_results/per_query_minimal/formal_train_per_query.jsonl,876a16d098e1da3f642ef70854cbc985bae5f9e3,c6443f025b0ffdaf7adc4b7e5a2a198dc648b6012d6e895e3ef68e25eadd1f1a,selected document ids intentionally excluded
formal_train,qh_25f7cd3071903429,D3,1.0,0.6489315753318465,VERIFIED_FROM_RELEASE,paper_results/per_query_minimal/formal_train_per_query.jsonl,876a16d098e1da3f642ef70854cbc985bae5f9e3,c6443f025b0ffdaf7adc4b7e5a2a198dc648b6012d6e895e3ef68e25eadd1f1a,selected document ids intentionally excluded
formal_train,qh_4bc97601d56001fa,B0,1.0,0.6489315753318465,VERIFIED_FROM_RELEASE,paper_results/per_query_minimal/formal_train_per_query.jsonl,876a16d098e1da3f642ef70854cbc985bae5f9e3,c6443f025b0ffdaf7adc4b7e5a2a198dc648b6012d6e895e3ef68e25eadd1f1a,selected document ids intentionally excluded
formal_train,qh_4bc97601d56001fa,D0,1.0,0.6489315753318465,VERIFIED_FROM_RELEASE,paper_results/per_query_minimal/formal_train_per_query.jsonl,876a16d098e1da3f642ef70854cbc985bae5f9e3,c6443f025b0ffdaf7adc4b7e5a2a198dc648b6012d6e895e3ef68e25eadd1f1a,selected document ids intentionally excluded
formal_train,qh_4bc97601d56001fa,D1,1.0,0.6489315753318465,VERIFIED_FROM_RELEASE,paper_results/per_query_minimal/formal_train_per_query.jsonl,876a16d098e1da3f642ef70854cbc985bae5f9e3,c6443f025b0ffdaf7adc4b7e5a2a198dc648b6012d6e895e3ef68e25eadd1f1a,selected document ids intentionally excluded
formal_train,qh_4bc97601d56001fa,D2,1.0,0.6489315753318465,VERIFIED_FROM_RELEASE,paper_results/per_query_minimal/formal_train_per_query.jsonl,876a16d098e1da3f642ef70854cbc985bae5f9e3,c6443f025b0ffdaf7adc4b7e5a2a198dc648b6012d6e895e3ef68e25eadd1f1a,selected document ids intentionally excluded
formal_train,qh_4bc97601d56001fa,D3,1.0,0.6489315753318465,VERIFIED_FROM_RELEASE,paper_results/per_query_minimal/formal_train_per_query.jsonl,876a16d098e1da3f642ef70854cbc985bae5f9e3,c6443f025b0ffdaf7adc4b7e5a2a198dc648b6012d6e895e3ef68e25eadd1f1a,selected document ids intentionally excluded
formal_train,qh_581edd4b4a389fc6,B0,1.0,0.6489315753318465,VERIFIED_FROM_RELEASE,paper_results/per_query_minimal/formal_train_per_query.jsonl,876a16d098e1da3f642ef70854cbc985bae5f9e3,c6443f025b0ffdaf7adc4b7e5a2a198dc648b6012d6e895e3ef68e25eadd1f1a,selected document ids intentionally excluded
formal_train,qh_581edd4b4a389fc6,D0,1.0,0.6489315753318465,VERIFIED_FROM_RELEASE,paper_results/per_query_minimal/formal_train_per_query.jsonl,876a16d098e1da3f642ef70854cbc985bae5f9e3,c6443f025b0ffdaf7adc4b7e5a2a198dc648b6012d6e895e3ef68e25eadd1f1a,selected document ids intentionally excluded
formal_train,qh_581edd4b4a389fc6,D1,1.0,0.6489315753318465,VERIFIED_FROM_RELEASE,paper_results/per_query_minimal/formal_train_per_query.jsonl,876a16d098e1da3f642ef70854cbc985bae5f9e3,c6443f025b0ffdaf7adc4b7e5a2a198dc648b6012d6e895e3ef68e25eadd1f1a,selected document ids intentionally excluded
formal_train,qh_581edd4b4a389fc6,D2,1.0,0.5541432109622958,VERIFIED_FROM_RELEASE,paper_results/per_query_minimal/formal_train_per_query.jsonl,876a16d098e1da3f642ef70854cbc985bae5f9e3,c6443f025b0ffdaf7adc4b7e5a2a198dc648b6012d6e895e3ef68e25eadd1f1a,selected document ids intentionally excluded
formal_train,qh_581edd4b4a389fc6,D3,1.0,0.5541432109622958,VERIFIED_FROM_RELEASE,paper_results/per_query_minimal/formal_train_per_query.jsonl,876a16d098e1da3f642ef70854cbc985bae5f9e3,c6443f025b0ffdaf7adc4b7e5a2a198dc648b6012d6e895e3ef68e25eadd1f1a,selected document ids intentionally excluded
formal_train,qh_44316f3d39274be2,B0,1.0,0.41528076708874123,VERIFIED_FROM_RELEASE,paper_results/per_query_minimal/formal_train_per_query.jsonl,876a16d098e1da3f642ef70854cbc985bae5f9e3,c6443f025b0ffdaf7adc4b7e5a2a198dc648b6012d6e895e3ef68e25eadd1f1a,selected document ids intentionally excluded
formal_train,qh_44316f3d39274be2,D0,1.0,0.30523488393970116,VERIFIED_FROM_RELEASE,paper_results/per_query_minimal/formal_train_per_query.jsonl,876a16d098e1da3f642ef70854cbc985bae5f9e3,c6443f025b0ffdaf7adc4b7e5a2a198dc648b6012d6e895e3ef68e25eadd1f1a,selected document ids intentionally excluded
formal_train,qh_44316f3d39274be2,D1,1.0,0.30523488393970116,VERIFIED_FROM_RELEASE,paper_results/per_query_minimal/formal_train_per_query.jsonl,876a16d098e1da3f642ef70854cbc985bae5f9e3,c6443f025b0ffdaf7adc4b7e5a2a198dc648b6012d6e895e3ef68e25eadd1f1a,selected document ids intentionally excluded
formal_train,qh_44316f3d39274be2,D2,1.0,0.4537425745411855,VERIFIED_FROM_RELEASE,paper_results/per_query_minimal/formal_train_per_query.jsonl,876a16d098e1da3f642ef70854cbc985bae5f9e3,c6443f025b0ffdaf7adc4b7e5a2a198dc648b6012d6e895e3ef68e25eadd1f1a,selected document ids intentionally excluded
formal_train,qh_44316f3d39274be2,D3,1.0,0.42492601381667106,VERIFIED_FROM_RELEASE,paper_results/per_query_minimal/formal_train_per_query.jsonl,876a16d098e1da3f642ef70854cbc985bae5f9e3,c6443f025b0ffdaf7adc4b7e5a2a198dc648b6012d6e895e3ef68e25eadd1f1a,selected document ids intentionally excluded
formal_train,qh_a0884992c62b6a52,B0,1.0,0.6105858728157117,VERIFIED_FROM_RELEASE,paper_results/per_query_minimal/formal_train_per_query.jsonl,876a16d098e1da3f642ef70854cbc985bae5f9e3,c6443f025b0ffdaf7adc4b7e5a2a198dc648b6012d6e895e3ef68e25eadd1f1a,selected document ids intentionally excluded
formal_train,qh_a0884992c62b6a52,D0,1.0,0.419665006636777,VERIFIED_FROM_RELEASE,paper_results/per_query_minimal/formal_train_per_query.jsonl,876a16d098e1da3f642ef70854cbc985bae5f9e3,c6443f025b0ffdaf7adc4b7e5a2a198dc648b6012d6e895e3ef68e25eadd1f1a,selected document ids intentionally excluded
formal_train,qh_a0884992c62b6a52,D1,1.0,0.419665006636777,VERIFIED_FROM_RELEASE,paper_results/per_query_minimal/formal_train_per_query.jsonl,876a16d098e1da3f642ef70854cbc985bae5f9e3,c6443f025b0ffdaf7adc4b7e5a2a198dc648b6012d6e895e3ef68e25eadd1f1a,selected document ids intentionally excluded
formal_train,qh_a0884992c62b6a52,D2,1.0,0.6448244864271548,VERIFIED_FROM_RELEASE,paper_results/per_query_minimal/formal_train_per_query.jsonl,876a16d098e1da3f642ef70854cbc985bae5f9e3,c6443f025b0ffdaf7adc4b7e5a2a198dc648b6012d6e895e3ef68e25eadd1f1a,selected document ids intentionally excluded
formal_train,qh_a0884992c62b6a52,D3,1.0,0.6448244864271548,VERIFIED_FROM_RELEASE,paper_results/per_query_minimal/formal_train_per_query.jsonl,876a16d098e1da3f642ef70854cbc985bae5f9e3,c6443f025b0ffdaf7adc4b7e5a2a198dc648b6012d6e895e3ef68e25eadd1f1a,selected document ids intentionally excluded
formal_train,qh_6332da14fc221e50,B0,1.0,0.7457912185292984,VERIFIED_FROM_RELEASE,paper_results/per_query_minimal/formal_train_per_query.jsonl,876a16d098e1da3f642ef70854cbc985bae5f9e3,c6443f025b0ffdaf7adc4b7e5a2a198dc648b6012d6e895e3ef68e25eadd1f1a,selected document ids intentionally excluded
formal_train,qh_6332da14fc221e50,D0,1.0,0.45973079002057354,VERIFIED_FROM_RELEASE,paper_results/per_query_minimal/formal_train_per_query.jsonl,876a16d098e1da3f642ef70854cbc985bae5f9e3,c6443f025b0ffdaf7adc4b7e5a2a198dc648b6012d6e895e3ef68e25eadd1f1a,selected document ids intentionally excluded
formal_train,qh_6332da14fc221e50,D1,1.0,0.45973079002057354,VERIFIED_FROM_RELEASE,paper_results/per_query_minimal/formal_train_per_query.jsonl,876a16d098e1da3f642ef70854cbc985bae5f9e3,c6443f025b0ffdaf7adc4b7e5a2a198dc648b6012d6e895e3ef68e25eadd1f1a,selected document ids intentionally excluded
formal_train,qh_6332da14fc221e50,D2,1.0,0.7457912185292984,VERIFIED_FROM_RELEASE,paper_results/per_query_minimal/formal_train_per_query.jsonl,876a16d098e1da3f642ef70854cbc985bae5f9e3,c6443f025b0ffdaf7adc4b7e5a2a198dc648b6012d6e895e3ef68e25eadd1f1a,selected document ids intentionally excluded
formal_train,qh_6332da14fc221e50,D3,1.0,0.7457912185292984,VERIFIED_FROM_RELEASE,paper_results/per_query_minimal/formal_train_per_query.jsonl,876a16d098e1da3f642ef70854cbc985bae5f9e3,c6443f025b0ffdaf7adc4b7e5a2a198dc648b6012d6e895e3ef68e25eadd1f1a,selected document ids intentionally excluded
formal_train,qh_a809fa468c5016c5,B0,1.0,0.5388856921828065,VERIFIED_FROM_RELEASE,paper_results/per_query_minimal/formal_train_per_query.jsonl,876a16d098e1da3f642ef70854cbc985bae5f9e3,c6443f025b0ffdaf7adc4b7e5a2a198dc648b6012d6e895e3ef68e25eadd1f1a,selected document ids intentionally excluded
formal_train,qh_a809fa468c5016c5,D0,1.0,0.510069131458292,VERIFIED_FROM_RELEASE,paper_results/per_query_minimal/formal_train_per_query.jsonl,876a16d098e1da3f642ef70854cbc985bae5f9e3,c6443f025b0ffdaf7adc4b7e5a2a198dc648b6012d6e895e3ef68e25eadd1f1a,selected document ids intentionally excluded
formal_train,qh_a809fa468c5016c5,D1,1.0,0.510069131458292,VERIFIED_FROM_RELEASE,paper_results/per_query_minimal/formal_train_per_query.jsonl,876a16d098e1da3f642ef70854cbc985bae5f9e3,c6443f025b0ffdaf7adc4b7e5a2a198dc648b6012d6e895e3ef68e25eadd1f1a,selected document ids intentionally excluded
formal_train,qh_a809fa468c5016c5,D2,1.0,0.5388856921828065,VERIFIED_FROM_RELEASE,paper_results/per_query_minimal/formal_train_per_query.jsonl,876a16d098e1da3f642ef70854cbc985bae5f9e3,c6443f025b0ffdaf7adc4b7e5a2a198dc648b6012d6e895e3ef68e25eadd1f1a,selected document ids intentionally excluded
formal_train,qh_a809fa468c5016c5,D3,1.0,0.5388856921828065,VERIFIED_FROM_RELEASE,paper_results/per_query_minimal/formal_train_per_query.jsonl,876a16d098e1da3f642ef70854cbc985bae5f9e3,c6443f025b0ffdaf7adc4b7e5a2a198dc648b6012d6e895e3ef68e25eadd1f1a,selected document ids intentionally excluded
formal_train,qh_8de9ccf874536e5f,B0,1.0,0.6489315753318465,VERIFIED_FROM_RELEASE,paper_results/per_query_minimal/formal_train_per_query.jsonl,876a16d098e1da3f642ef70854cbc985bae5f9e3,c6443f025b0ffdaf7adc4b7e5a2a198dc648b6012d6e895e3ef68e25eadd1f1a,selected document ids intentionally excluded
formal_train,qh_8de9ccf874536e5f,D0,1.0,0.6489315753318465,VERIFIED_FROM_RELEASE,paper_results/per_query_minimal/formal_train_per_query.jsonl,876a16d098e1da3f642ef70854cbc985bae5f9e3,c6443f025b0ffdaf7adc4b7e5a2a198dc648b6012d6e895e3ef68e25eadd1f1a,selected document ids intentionally excluded
formal_train,qh_8de9ccf874536e5f,D1,1.0,0.6489315753318465,VERIFIED_FROM_RELEASE,paper_results/per_query_minimal/formal_train_per_query.jsonl,876a16d098e1da3f642ef70854cbc985bae5f9e3,c6443f025b0ffdaf7adc4b7e5a2a198dc648b6012d6e895e3ef68e25eadd1f1a,selected document ids intentionally excluded
formal_train,qh_8de9ccf874536e5f,D2,1.0,0.6489315753318465,VERIFIED_FROM_RELEASE,paper_results/per_query_minimal/formal_train_per_query.jsonl,876a16d098e1da3f642ef70854cbc985bae5f9e3,c6443f025b0ffdaf7adc4b7e5a2a198dc648b6012d6e895e3ef68e25eadd1f1a,selected document ids intentionally excluded
formal_train,qh_8de9ccf874536e5f,D3,1.0,0.6489315753318465,VERIFIED_FROM_RELEASE,paper_results/per_query_minimal/formal_train_per_query.jsonl,876a16d098e1da3f642ef70854cbc985bae5f9e3,c6443f025b0ffdaf7adc4b7e5a2a198dc648b6012d6e895e3ef68e25eadd1f1a,selected document ids intentionally excluded
formal_train,qh_0464ba4d65cab8c8,B0,0.6666666666666666,0.6489315753318465,VERIFIED_FROM_RELEASE,paper_results/per_query_minimal/formal_train_per_query.jsonl,876a16d098e1da3f642ef70854cbc985bae5f9e3,c6443f025b0ffdaf7adc4b7e5a2a198dc648b6012d6e895e3ef68e25eadd1f1a,selected document ids intentionally excluded
formal_train,qh_0464ba4d65cab8c8,D0,1.0,0.6489315753318465,VERIFIED_FROM_RELEASE,paper_results/per_query_minimal/formal_train_per_query.jsonl,876a16d098e1da3f642ef70854cbc985bae5f9e3,c6443f025b0ffdaf7adc4b7e5a2a198dc648b6012d6e895e3ef68e25eadd1f1a,selected document ids intentionally excluded
formal_train,qh_0464ba4d65cab8c8,D1,0.6666666666666666,0.6489315753318465,VERIFIED_FROM_RELEASE,paper_results/per_query_minimal/formal_train_per_query.jsonl,876a16d098e1da3f642ef70854cbc985bae5f9e3,c6443f025b0ffdaf7adc4b7e5a2a198dc648b6012d6e895e3ef68e25eadd1f1a,selected document ids intentionally excluded
formal_train,qh_0464ba4d65cab8c8,D2,0.6666666666666666,0.6489315753318465,VERIFIED_FROM_RELEASE,paper_results/per_query_minimal/formal_train_per_query.jsonl,876a16d098e1da3f642ef70854cbc985bae5f9e3,c6443f025b0ffdaf7adc4b7e5a2a198dc648b6012d6e895e3ef68e25eadd1f1a,selected document ids intentionally excluded
formal_train,qh_0464ba4d65cab8c8,D3,0.6666666666666666,0.6489315753318465,VERIFIED_FROM_RELEASE,paper_results/per_query_minimal/formal_train_per_query.jsonl,876a16d098e1da3f642ef70854cbc985bae5f9e3,c6443f025b0ffdaf7adc4b7e5a2a198dc648b6012d6e895e3ef68e25eadd1f1a,selected document ids intentionally excluded
formal_train,qh_46dcf3d9910eab97,B0,0.6666666666666666,0.7457912185292984,VERIFIED_FROM_RELEASE,paper_results/per_query_minimal/formal_train_per_query.jsonl,876a16d098e1da3f642ef70854cbc985bae5f9e3,c6443f025b0ffdaf7adc4b7e5a2a198dc648b6012d6e895e3ef68e25eadd1f1a,selected document ids intentionally excluded
formal_train,qh_46dcf3d9910eab97,D0,0.6666666666666666,0.7457912185292984,VERIFIED_FROM_RELEASE,paper_results/per_query_minimal/formal_train_per_query.jsonl,876a16d098e1da3f642ef70854cbc985bae5f9e3,c6443f025b0ffdaf7adc4b7e5a2a198dc648b6012d6e895e3ef68e25eadd1f1a,selected document ids intentionally excluded
formal_train,qh_46dcf3d9910eab97,D1,0.6666666666666666,0.7457912185292984,VERIFIED_FROM_RELEASE,paper_results/per_query_minimal/formal_train_per_query.jsonl,876a16d098e1da3f642ef70854cbc985bae5f9e3,c6443f025b0ffdaf7adc4b7e5a2a198dc648b6012d6e895e3ef68e25eadd1f1a,selected document ids intentionally excluded
formal_train,qh_46dcf3d9910eab97,D2,0.6666666666666666,0.7457912185292984,VERIFIED_FROM_RELEASE,paper_results/per_query_minimal/formal_train_per_query.jsonl,876a16d098e1da3f642ef70854cbc985bae5f9e3,c6443f025b0ffdaf7adc4b7e5a2a198dc648b6012d6e895e3ef68e25eadd1f1a,selected document ids intentionally excluded
formal_train,qh_46dcf3d9910eab97,D3,0.6666666666666666,0.7457912185292984,VERIFIED_FROM_RELEASE,paper_results/per_query_minimal/formal_train_per_query.jsonl,876a16d098e1da3f642ef70854cbc985bae5f9e3,c6443f025b0ffdaf7adc4b7e5a2a198dc648b6012d6e895e3ef68e25eadd1f1a,selected document ids intentionally excluded
formal_train,qh_b1eada2b07b7ffc8,B0,0.6666666666666666,0.8854598815714875,VERIFIED_FROM_RELEASE,paper_results/per_query_minimal/formal_train_per_query.jsonl,876a16d098e1da3f642ef70854cbc985bae5f9e3,c6443f025b0ffdaf7adc4b7e5a2a198dc648b6012d6e895e3ef68e25eadd1f1a,selected document ids intentionally excluded
formal_train,qh_b1eada2b07b7ffc8,D0,0.6666666666666666,0.6508205185601091,VERIFIED_FROM_RELEASE,paper_results/per_query_minimal/formal_train_per_query.jsonl,876a16d098e1da3f642ef70854cbc985bae5f9e3,c6443f025b0ffdaf7adc4b7e5a2a198dc648b6012d6e895e3ef68e25eadd1f1a,selected document ids intentionally excluded
formal_train,qh_b1eada2b07b7ffc8,D1,0.6666666666666666,0.6508205185601091,VERIFIED_FROM_RELEASE,paper_results/per_query_minimal/formal_train_per_query.jsonl,876a16d098e1da3f642ef70854cbc985bae5f9e3,c6443f025b0ffdaf7adc4b7e5a2a198dc648b6012d6e895e3ef68e25eadd1f1a,selected document ids intentionally excluded
formal_train,qh_b1eada2b07b7ffc8,D2,0.6666666666666666,0.8854598815714875,VERIFIED_FROM_RELEASE,paper_results/per_query_minimal/formal_train_per_query.jsonl,876a16d098e1da3f642ef70854cbc985bae5f9e3,c6443f025b0ffdaf7adc4b7e5a2a198dc648b6012d6e895e3ef68e25eadd1f1a,selected document ids intentionally excluded
formal_train,qh_b1eada2b07b7ffc8,D3,0.6666666666666666,0.6713860725233042,VERIFIED_FROM_RELEASE,paper_results/per_query_minimal/formal_train_per_query.jsonl,876a16d098e1da3f642ef70854cbc985bae5f9e3,c6443f025b0ffdaf7adc4b7e5a2a198dc648b6012d6e895e3ef68e25eadd1f1a,selected document ids intentionally excluded
formal_train,qh_d57ebe7970b2f2c5,B0,0.75,0.6489315753318465,VERIFIED_FROM_RELEASE,paper_results/per_query_minimal/formal_train_per_query.jsonl,876a16d098e1da3f642ef70854cbc985bae5f9e3,c6443f025b0ffdaf7adc4b7e5a2a198dc648b6012d6e895e3ef68e25eadd1f1a,selected document ids intentionally excluded
formal_train,qh_d57ebe7970b2f2c5,D0,1.0,0.6489315753318465,VERIFIED_FROM_RELEASE,paper_results/per_query_minimal/formal_train_per_query.jsonl,876a16d098e1da3f642ef70854cbc985bae5f9e3,c6443f025b0ffdaf7adc4b7e5a2a198dc648b6012d6e895e3ef68e25eadd1f1a,selected document ids intentionally excluded
formal_train,qh_d57ebe7970b2f2c5,D1,0.75,0.6489315753318465,VERIFIED_FROM_RELEASE,paper_results/per_query_minimal/formal_train_per_query.jsonl,876a16d098e1da3f642ef70854cbc985bae5f9e3,c6443f025b0ffdaf7adc4b7e5a2a198dc648b6012d6e895e3ef68e25eadd1f1a,selected document ids intentionally excluded
formal_train,qh_d57ebe7970b2f2c5,D2,0.75,0.6489315753318465,VERIFIED_FROM_RELEASE,paper_results/per_query_minimal/formal_train_per_query.jsonl,876a16d098e1da3f642ef70854cbc985bae5f9e3,c6443f025b0ffdaf7adc4b7e5a2a198dc648b6012d6e895e3ef68e25eadd1f1a,selected document ids intentionally excluded
formal_train,qh_d57ebe7970b2f2c5,D3,0.75,0.6489315753318465,VERIFIED_FROM_RELEASE,paper_results/per_query_minimal/formal_train_per_query.jsonl,876a16d098e1da3f642ef70854cbc985bae5f9e3,c6443f025b0ffdaf7adc4b7e5a2a198dc648b6012d6e895e3ef68e25eadd1f1a,selected document ids intentionally excluded
formal_train,qh_8d7af0b4f5e3f4ba,B0,1.0,0.6368547259115425,VERIFIED_FROM_RELEASE,paper_results/per_query_minimal/formal_train_per_query.jsonl,876a16d098e1da3f642ef70854cbc985bae5f9e3,c6443f025b0ffdaf7adc4b7e5a2a198dc648b6012d6e895e3ef68e25eadd1f1a,selected document ids intentionally excluded
formal_train,qh_8d7af0b4f5e3f4ba,D0,1.0,0.6193198671454698,VERIFIED_FROM_RELEASE,paper_results/per_query_minimal/formal_train_per_query.jsonl,876a16d098e1da3f642ef70854cbc985bae5f9e3,c6443f025b0ffdaf7adc4b7e5a2a198dc648b6012d6e895e3ef68e25eadd1f1a,selected document ids intentionally excluded
formal_train,qh_8d7af0b4f5e3f4ba,D1,1.0,0.6193198671454698,VERIFIED_FROM_RELEASE,paper_results/per_query_minimal/formal_train_per_query.jsonl,876a16d098e1da3f642ef70854cbc985bae5f9e3,c6443f025b0ffdaf7adc4b7e5a2a198dc648b6012d6e895e3ef68e25eadd1f1a,selected document ids intentionally excluded
formal_train,qh_8d7af0b4f5e3f4ba,D2,0.5,0.4928485157616413,VERIFIED_FROM_RELEASE,paper_results/per_query_minimal/formal_train_per_query.jsonl,876a16d098e1da3f642ef70854cbc985bae5f9e3,c6443f025b0ffdaf7adc4b7e5a2a198dc648b6012d6e895e3ef68e25eadd1f1a,selected document ids intentionally excluded
formal_train,qh_8d7af0b4f5e3f4ba,D3,0.5,0.4928485157616413,VERIFIED_FROM_RELEASE,paper_results/per_query_minimal/formal_train_per_query.jsonl,876a16d098e1da3f642ef70854cbc985bae5f9e3,c6443f025b0ffdaf7adc4b7e5a2a198dc648b6012d6e895e3ef68e25eadd1f1a,selected document ids intentionally excluded
formal_train,qh_74a10cc81c7a6845,B0,1.0,0.6489315753318465,VERIFIED_FROM_RELEASE,paper_results/per_query_minimal/formal_train_per_query.jsonl,876a16d098e1da3f642ef70854cbc985bae5f9e3,c6443f025b0ffdaf7adc4b7e5a2a198dc648b6012d6e895e3ef68e25eadd1f1a,selected document ids intentionally excluded
formal_train,qh_74a10cc81c7a6845,D0,1.0,0.510069131458292,VERIFIED_FROM_RELEASE,paper_results/per_query_minimal/formal_train_per_query.jsonl,876a16d098e1da3f642ef70854cbc985bae5f9e3,c6443f025b0ffdaf7adc4b7e5a2a198dc648b6012d6e895e3ef68e25eadd1f1a,selected document ids intentionally excluded
formal_train,qh_74a10cc81c7a6845,D1,1.0,0.510069131458292,VERIFIED_FROM_RELEASE,paper_results/per_query_minimal/formal_train_per_query.jsonl,876a16d098e1da3f642ef70854cbc985bae5f9e3,c6443f025b0ffdaf7adc4b7e5a2a198dc648b6012d6e895e3ef68e25eadd1f1a,selected document ids intentionally excluded
formal_train,qh_74a10cc81c7a6845,D2,1.0,0.6489315753318465,VERIFIED_FROM_RELEASE,paper_results/per_query_minimal/formal_train_per_query.jsonl,876a16d098e1da3f642ef70854cbc985bae5f9e3,c6443f025b0ffdaf7adc4b7e5a2a198dc648b6012d6e895e3ef68e25eadd1f1a,selected document ids intentionally excluded
formal_train,qh_74a10cc81c7a6845,D3,1.0,0.6489315753318465,VERIFIED_FROM_RELEASE,paper_results/per_query_minimal/formal_train_per_query.jsonl,876a16d098e1da3f642ef70854cbc985bae5f9e3,c6443f025b0ffdaf7adc4b7e5a2a198dc648b6012d6e895e3ef68e25eadd1f1a,selected document ids intentionally excluded
formal_train,qh_b394e1781804a3fa,B0,1.0,0.7457912185292984,VERIFIED_FROM_RELEASE,paper_results/per_query_minimal/formal_train_per_query.jsonl,876a16d098e1da3f642ef70854cbc985bae5f9e3,c6443f025b0ffdaf7adc4b7e5a2a198dc648b6012d6e895e3ef68e25eadd1f1a,selected document ids intentionally excluded
formal_train,qh_b394e1781804a3fa,D0,1.0,0.6479396238941381,VERIFIED_FROM_RELEASE,paper_results/per_query_minimal/formal_train_per_query.jsonl,876a16d098e1da3f642ef70854cbc985bae5f9e3,c6443f025b0ffdaf7adc4b7e5a2a198dc648b6012d6e895e3ef68e25eadd1f1a,selected document ids intentionally excluded
formal_train,qh_b394e1781804a3fa,D1,1.0,0.6479396238941381,VERIFIED_FROM_RELEASE,paper_results/per_query_minimal/formal_train_per_query.jsonl,876a16d098e1da3f642ef70854cbc985bae5f9e3,c6443f025b0ffdaf7adc4b7e5a2a198dc648b6012d6e895e3ef68e25eadd1f1a,selected document ids intentionally excluded
formal_train,qh_b394e1781804a3fa,D2,1.0,0.7457912185292984,VERIFIED_FROM_RELEASE,paper_results/per_query_minimal/formal_train_per_query.jsonl,876a16d098e1da3f642ef70854cbc985bae5f9e3,c6443f025b0ffdaf7adc4b7e5a2a198dc648b6012d6e895e3ef68e25eadd1f1a,selected document ids intentionally excluded
formal_train,qh_b394e1781804a3fa,D3,1.0,0.7457912185292984,VERIFIED_FROM_RELEASE,paper_results/per_query_minimal/formal_train_per_query.jsonl,876a16d098e1da3f642ef70854cbc985bae5f9e3,c6443f025b0ffdaf7adc4b7e5a2a198dc648b6012d6e895e3ef68e25eadd1f1a,selected document ids intentionally excluded
formal_train,qh_74cde6d7c74a2892,B0,0.6666666666666666,0.6489315753318465,VERIFIED_FROM_RELEASE,paper_results/per_query_minimal/formal_train_per_query.jsonl,876a16d098e1da3f642ef70854cbc985bae5f9e3,c6443f025b0ffdaf7adc4b7e5a2a198dc648b6012d6e895e3ef68e25eadd1f1a,selected document ids intentionally excluded
formal_train,qh_74cde6d7c74a2892,D0,1.0,0.6489315753318465,VERIFIED_FROM_RELEASE,paper_results/per_query_minimal/formal_train_per_query.jsonl,876a16d098e1da3f642ef70854cbc985bae5f9e3,c6443f025b0ffdaf7adc4b7e5a2a198dc648b6012d6e895e3ef68e25eadd1f1a,selected document ids intentionally excluded
formal_train,qh_74cde6d7c74a2892,D1,1.0,0.6489315753318465,VERIFIED_FROM_RELEASE,paper_results/per_query_minimal/formal_train_per_query.jsonl,876a16d098e1da3f642ef70854cbc985bae5f9e3,c6443f025b0ffdaf7adc4b7e5a2a198dc648b6012d6e895e3ef68e25eadd1f1a,selected document ids intentionally excluded
formal_train,qh_74cde6d7c74a2892,D2,1.0,0.6489315753318465,VERIFIED_FROM_RELEASE,paper_results/per_query_minimal/formal_train_per_query.jsonl,876a16d098e1da3f642ef70854cbc985bae5f9e3,c6443f025b0ffdaf7adc4b7e5a2a198dc648b6012d6e895e3ef68e25eadd1f1a,selected document ids intentionally excluded
formal_train,qh_74cde6d7c74a2892,D3,1.0,0.6489315753318465,VERIFIED_FROM_RELEASE,paper_results/per_query_minimal/formal_train_per_query.jsonl,876a16d098e1da3f642ef70854cbc985bae5f9e3,c6443f025b0ffdaf7adc4b7e5a2a198dc648b6012d6e895e3ef68e25eadd1f1a,selected document ids intentionally excluded
formal_train,qh_3f90ceecb6304175,B0,0.3333333333333333,0.8687949224876583,VERIFIED_FROM_RELEASE,paper_results/per_query_minimal/formal_train_per_query.jsonl,876a16d098e1da3f642ef70854cbc985bae5f9e3,c6443f025b0ffdaf7adc4b7e5a2a198dc648b6012d6e895e3ef68e25eadd1f1a,selected document ids intentionally excluded
formal_train,qh_3f90ceecb6304175,D0,0.3333333333333333,0.8539316501572936,VERIFIED_FROM_RELEASE,paper_results/per_query_minimal/formal_train_per_query.jsonl,876a16d098e1da3f642ef70854cbc985bae5f9e3,c6443f025b0ffdaf7adc4b7e5a2a198dc648b6012d6e895e3ef68e25eadd1f1a,selected document ids intentionally excluded
formal_train,qh_3f90ceecb6304175,D1,0.3333333333333333,0.8539316501572936,VERIFIED_FROM_RELEASE,paper_results/per_query_minimal/formal_train_per_query.jsonl,876a16d098e1da3f642ef70854cbc985bae5f9e3,c6443f025b0ffdaf7adc4b7e5a2a198dc648b6012d6e895e3ef68e25eadd1f1a,selected document ids intentionally excluded
formal_train,qh_3f90ceecb6304175,D2,0.3333333333333333,0.8687949224876583,VERIFIED_FROM_RELEASE,paper_results/per_query_minimal/formal_train_per_query.jsonl,876a16d098e1da3f642ef70854cbc985bae5f9e3,c6443f025b0ffdaf7adc4b7e5a2a198dc648b6012d6e895e3ef68e25eadd1f1a,selected document ids intentionally excluded
formal_train,qh_3f90ceecb6304175,D3,0.3333333333333333,0.8687949224876583,VERIFIED_FROM_RELEASE,paper_results/per_query_minimal/formal_train_per_query.jsonl,876a16d098e1da3f642ef70854cbc985bae5f9e3,c6443f025b0ffdaf7adc4b7e5a2a198dc648b6012d6e895e3ef68e25eadd1f1a,selected document ids intentionally excluded
formal_train,qh_a5d8318d3823bc42,B0,0.5,1.0,VERIFIED_FROM_RELEASE,paper_results/per_query_minimal/formal_train_per_query.jsonl,876a16d098e1da3f642ef70854cbc985bae5f9e3,c6443f025b0ffdaf7adc4b7e5a2a198dc648b6012d6e895e3ef68e25eadd1f1a,selected document ids intentionally excluded
formal_train,qh_a5d8318d3823bc42,D0,0.5,0.4692787260227565,VERIFIED_FROM_RELEASE,paper_results/per_query_minimal/formal_train_per_query.jsonl,876a16d098e1da3f642ef70854cbc985bae5f9e3,c6443f025b0ffdaf7adc4b7e5a2a198dc648b6012d6e895e3ef68e25eadd1f1a,selected document ids intentionally excluded
formal_train,qh_a5d8318d3823bc42,D1,0.5,0.4692787260227565,VERIFIED_FROM_RELEASE,paper_results/per_query_minimal/formal_train_per_query.jsonl,876a16d098e1da3f642ef70854cbc985bae5f9e3,c6443f025b0ffdaf7adc4b7e5a2a198dc648b6012d6e895e3ef68e25eadd1f1a,selected document ids intentionally excluded
formal_train,qh_a5d8318d3823bc42,D2,0.5,0.9674679834891694,VERIFIED_FROM_RELEASE,paper_results/per_query_minimal/formal_train_per_query.jsonl,876a16d098e1da3f642ef70854cbc985bae5f9e3,c6443f025b0ffdaf7adc4b7e5a2a198dc648b6012d6e895e3ef68e25eadd1f1a,selected document ids intentionally excluded
formal_train,qh_a5d8318d3823bc42,D3,0.5,1.0,VERIFIED_FROM_RELEASE,paper_results/per_query_minimal/formal_train_per_query.jsonl,876a16d098e1da3f642ef70854cbc985bae5f9e3,c6443f025b0ffdaf7adc4b7e5a2a198dc648b6012d6e895e3ef68e25eadd1f1a,selected document ids intentionally excluded
formal_train,qh_0bfb826ea1192c52,B0,1.0,0.6930221935231562,VERIFIED_FROM_RELEASE,paper_results/per_query_minimal/formal_train_per_query.jsonl,876a16d098e1da3f642ef70854cbc985bae5f9e3,c6443f025b0ffdaf7adc4b7e5a2a198dc648b6012d6e895e3ef68e25eadd1f1a,selected document ids intentionally excluded
formal_train,qh_0bfb826ea1192c52,D0,1.0,0.6930221935231562,VERIFIED_FROM_RELEASE,paper_results/per_query_minimal/formal_train_per_query.jsonl,876a16d098e1da3f642ef70854cbc985bae5f9e3,c6443f025b0ffdaf7adc4b7e5a2a198dc648b6012d6e895e3ef68e25eadd1f1a,selected document ids intentionally excluded
formal_train,qh_0bfb826ea1192c52,D1,1.0,0.6930221935231562,VERIFIED_FROM_RELEASE,paper_results/per_query_minimal/formal_train_per_query.jsonl,876a16d098e1da3f642ef70854cbc985bae5f9e3,c6443f025b0ffdaf7adc4b7e5a2a198dc648b6012d6e895e3ef68e25eadd1f1a,selected document ids intentionally excluded
formal_train,qh_0bfb826ea1192c52,D2,1.0,0.6930221935231562,VERIFIED_FROM_RELEASE,paper_results/per_query_minimal/formal_train_per_query.jsonl,876a16d098e1da3f642ef70854cbc985bae5f9e3,c6443f025b0ffdaf7adc4b7e5a2a198dc648b6012d6e895e3ef68e25eadd1f1a,selected document ids intentionally excluded
formal_train,qh_0bfb826ea1192c52,D3,1.0,0.6930221935231562,VERIFIED_FROM_RELEASE,paper_results/per_query_minimal/formal_train_per_query.jsonl,876a16d098e1da3f642ef70854cbc985bae5f9e3,c6443f025b0ffdaf7adc4b7e5a2a198dc648b6012d6e895e3ef68e25eadd1f1a,selected document ids intentionally excluded
formal_train,qh_064298db6985d795,B0,1.0,0.6930221935231562,VERIFIED_FROM_RELEASE,paper_results/per_query_minimal/formal_train_per_query.jsonl,876a16d098e1da3f642ef70854cbc985bae5f9e3,c6443f025b0ffdaf7adc4b7e5a2a198dc648b6012d6e895e3ef68e25eadd1f1a,selected document ids intentionally excluded
formal_train,qh_064298db6985d795,D0,1.0,0.23504554941448538,VERIFIED_FROM_RELEASE,paper_results/per_query_minimal/formal_train_per_query.jsonl,876a16d098e1da3f642ef70854cbc985bae5f9e3,c6443f025b0ffdaf7adc4b7e5a2a198dc648b6012d6e895e3ef68e25eadd1f1a,selected document ids intentionally excluded
formal_train,qh_064298db6985d795,D1,1.0,0.23504554941448538,VERIFIED_FROM_RELEASE,paper_results/per_query_minimal/formal_train_per_query.jsonl,876a16d098e1da3f642ef70854cbc985bae5f9e3,c6443f025b0ffdaf7adc4b7e5a2a198dc648b6012d6e895e3ef68e25eadd1f1a,selected document ids intentionally excluded
formal_train,qh_064298db6985d795,D2,1.0,0.4742708106036133,VERIFIED_FROM_RELEASE,paper_results/per_query_minimal/formal_train_per_query.jsonl,876a16d098e1da3f642ef70854cbc985bae5f9e3,c6443f025b0ffdaf7adc4b7e5a2a198dc648b6012d6e895e3ef68e25eadd1f1a,selected document ids intentionally excluded
formal_train,qh_064298db6985d795,D3,1.0,0.42720218824576445,VERIFIED_FROM_RELEASE,paper_results/per_query_minimal/formal_train_per_query.jsonl,876a16d098e1da3f642ef70854cbc985bae5f9e3,c6443f025b0ffdaf7adc4b7e5a2a198dc648b6012d6e895e3ef68e25eadd1f1a,selected document ids intentionally excluded
formal_train,qh_947d7f99db0d230e,B0,1.0,0.6489315753318465,VERIFIED_FROM_RELEASE,paper_results/per_query_minimal/formal_train_per_query.jsonl,876a16d098e1da3f642ef70854cbc985bae5f9e3,c6443f025b0ffdaf7adc4b7e5a2a198dc648b6012d6e895e3ef68e25eadd1f1a,selected document ids intentionally excluded
formal_train,qh_947d7f99db0d230e,D0,1.0,0.510069131458292,VERIFIED_FROM_RELEASE,paper_results/per_query_minimal/formal_train_per_query.jsonl,876a16d098e1da3f642ef70854cbc985bae5f9e3,c6443f025b0ffdaf7adc4b7e5a2a198dc648b6012d6e895e3ef68e25eadd1f1a,selected document ids intentionally excluded
formal_train,qh_947d7f99db0d230e,D1,1.0,0.510069131458292,VERIFIED_FROM_RELEASE,paper_results/per_query_minimal/formal_train_per_query.jsonl,876a16d098e1da3f642ef70854cbc985bae5f9e3,c6443f025b0ffdaf7adc4b7e5a2a198dc648b6012d6e895e3ef68e25eadd1f1a,selected document ids intentionally excluded
formal_train,qh_947d7f99db0d230e,D2,1.0,0.6489315753318465,VERIFIED_FROM_RELEASE,paper_results/per_query_minimal/formal_train_per_query.jsonl,876a16d098e1da3f642ef70854cbc985bae5f9e3,c6443f025b0ffdaf7adc4b7e5a2a198dc648b6012d6e895e3ef68e25eadd1f1a,selected document ids intentionally excluded
formal_train,qh_947d7f99db0d230e,D3,1.0,0.6489315753318465,VERIFIED_FROM_RELEASE,paper_results/per_query_minimal/formal_train_per_query.jsonl,876a16d098e1da3f642ef70854cbc985bae5f9e3,c6443f025b0ffdaf7adc4b7e5a2a198dc648b6012d6e895e3ef68e25eadd1f1a,selected document ids intentionally excluded
formal_train,qh_7e407d7dace522d3,B0,1.0,0.7457912185292984,VERIFIED_FROM_RELEASE,paper_results/per_query_minimal/formal_train_per_query.jsonl,876a16d098e1da3f642ef70854cbc985bae5f9e3,c6443f025b0ffdaf7adc4b7e5a2a198dc648b6012d6e895e3ef68e25eadd1f1a,selected document ids intentionally excluded
formal_train,qh_7e407d7dace522d3,D0,1.0,0.7457912185292984,VERIFIED_FROM_RELEASE,paper_results/per_query_minimal/formal_train_per_query.jsonl,876a16d098e1da3f642ef70854cbc985bae5f9e3,c6443f025b0ffdaf7adc4b7e5a2a198dc648b6012d6e895e3ef68e25eadd1f1a,selected document ids intentionally excluded
formal_train,qh_7e407d7dace522d3,D1,1.0,0.7457912185292984,VERIFIED_FROM_RELEASE,paper_results/per_query_minimal/formal_train_per_query.jsonl,876a16d098e1da3f642ef70854cbc985bae5f9e3,c6443f025b0ffdaf7adc4b7e5a2a198dc648b6012d6e895e3ef68e25eadd1f1a,selected document ids intentionally excluded
formal_train,qh_7e407d7dace522d3,D2,1.0,0.7457912185292984,VERIFIED_FROM_RELEASE,paper_results/per_query_minimal/formal_train_per_query.jsonl,876a16d098e1da3f642ef70854cbc985bae5f9e3,c6443f025b0ffdaf7adc4b7e5a2a198dc648b6012d6e895e3ef68e25eadd1f1a,selected document ids intentionally excluded
formal_train,qh_7e407d7dace522d3,D3,1.0,0.7457912185292984,VERIFIED_FROM_RELEASE,paper_results/per_query_minimal/formal_train_per_query.jsonl,876a16d098e1da3f642ef70854cbc985bae5f9e3,c6443f025b0ffdaf7adc4b7e5a2a198dc648b6012d6e895e3ef68e25eadd1f1a,selected document ids intentionally excluded
formal_train,qh_c71e36d6a50c8361,B0,1.0,0.6930221935231562,VERIFIED_FROM_RELEASE,paper_results/per_query_minimal/formal_train_per_query.jsonl,876a16d098e1da3f642ef70854cbc985bae5f9e3,c6443f025b0ffdaf7adc4b7e5a2a198dc648b6012d6e895e3ef68e25eadd1f1a,selected document ids intentionally excluded
formal_train,qh_c71e36d6a50c8361,D0,1.0,0.6930221935231562,VERIFIED_FROM_RELEASE,paper_results/per_query_minimal/formal_train_per_query.jsonl,876a16d098e1da3f642ef70854cbc985bae5f9e3,c6443f025b0ffdaf7adc4b7e5a2a198dc648b6012d6e895e3ef68e25eadd1f1a,selected document ids intentionally excluded
formal_train,qh_c71e36d6a50c8361,D1,1.0,0.6930221935231562,VERIFIED_FROM_RELEASE,paper_results/per_query_minimal/formal_train_per_query.jsonl,876a16d098e1da3f642ef70854cbc985bae5f9e3,c6443f025b0ffdaf7adc4b7e5a2a198dc648b6012d6e895e3ef68e25eadd1f1a,selected document ids intentionally excluded
formal_train,qh_c71e36d6a50c8361,D2,1.0,0.6930221935231562,VERIFIED_FROM_RELEASE,paper_results/per_query_minimal/formal_train_per_query.jsonl,876a16d098e1da3f642ef70854cbc985bae5f9e3,c6443f025b0ffdaf7adc4b7e5a2a198dc648b6012d6e895e3ef68e25eadd1f1a,selected document ids intentionally excluded
formal_train,qh_c71e36d6a50c8361,D3,1.0,0.6930221935231562,VERIFIED_FROM_RELEASE,paper_results/per_query_minimal/formal_train_per_query.jsonl,876a16d098e1da3f642ef70854cbc985bae5f9e3,c6443f025b0ffdaf7adc4b7e5a2a198dc648b6012d6e895e3ef68e25eadd1f1a,selected document ids intentionally excluded
formal_train,qh_d9a50fde23ae1d11,B0,1.0,0.34620964322385606,VERIFIED_FROM_RELEASE,paper_results/per_query_minimal/formal_train_per_query.jsonl,876a16d098e1da3f642ef70854cbc985bae5f9e3,c6443f025b0ffdaf7adc4b7e5a2a198dc648b6012d6e895e3ef68e25eadd1f1a,selected document ids intentionally excluded
formal_train,qh_d9a50fde23ae1d11,D0,1.0,0.3903800499921017,VERIFIED_FROM_RELEASE,paper_results/per_query_minimal/formal_train_per_query.jsonl,876a16d098e1da3f642ef70854cbc985bae5f9e3,c6443f025b0ffdaf7adc4b7e5a2a198dc648b6012d6e895e3ef68e25eadd1f1a,selected document ids intentionally excluded
formal_train,qh_d9a50fde23ae1d11,D1,1.0,0.3903800499921017,VERIFIED_FROM_RELEASE,paper_results/per_query_minimal/formal_train_per_query.jsonl,876a16d098e1da3f642ef70854cbc985bae5f9e3,c6443f025b0ffdaf7adc4b7e5a2a198dc648b6012d6e895e3ef68e25eadd1f1a,selected document ids intentionally excluded
formal_train,qh_d9a50fde23ae1d11,D2,1.0,0.19519002499605084,VERIFIED_FROM_RELEASE,paper_results/per_query_minimal/formal_train_per_query.jsonl,876a16d098e1da3f642ef70854cbc985bae5f9e3,c6443f025b0ffdaf7adc4b7e5a2a198dc648b6012d6e895e3ef68e25eadd1f1a,selected document ids intentionally excluded
formal_train,qh_d9a50fde23ae1d11,D3,1.0,0.34620964322385606,VERIFIED_FROM_RELEASE,paper_results/per_query_minimal/formal_train_per_query.jsonl,876a16d098e1da3f642ef70854cbc985bae5f9e3,c6443f025b0ffdaf7adc4b7e5a2a198dc648b6012d6e895e3ef68e25eadd1f1a,selected document ids intentionally excluded
formal_train,qh_062341c45c8dd286,B0,0.5,0.8318724637288825,VERIFIED_FROM_RELEASE,paper_results/per_query_minimal/formal_train_per_query.jsonl,876a16d098e1da3f642ef70854cbc985bae5f9e3,c6443f025b0ffdaf7adc4b7e5a2a198dc648b6012d6e895e3ef68e25eadd1f1a,selected document ids intentionally excluded
formal_train,qh_062341c45c8dd286,D0,1.0,0.6366824387328316,VERIFIED_FROM_RELEASE,paper_results/per_query_minimal/formal_train_per_query.jsonl,876a16d098e1da3f642ef70854cbc985bae5f9e3,c6443f025b0ffdaf7adc4b7e5a2a198dc648b6012d6e895e3ef68e25eadd1f1a,selected document ids intentionally excluded
formal_train,qh_062341c45c8dd286,D1,1.0,0.5585075862632192,VERIFIED_FROM_RELEASE,paper_results/per_query_minimal/formal_train_per_query.jsonl,876a16d098e1da3f642ef70854cbc985bae5f9e3,c6443f025b0ffdaf7adc4b7e5a2a198dc648b6012d6e895e3ef68e25eadd1f1a,selected document ids intentionally excluded
formal_train,qh_062341c45c8dd286,D2,0.5,0.8318724637288825,VERIFIED_FROM_RELEASE,paper_results/per_query_minimal/formal_train_per_query.jsonl,876a16d098e1da3f642ef70854cbc985bae5f9e3,c6443f025b0ffdaf7adc4b7e5a2a198dc648b6012d6e895e3ef68e25eadd1f1a,selected document ids intentionally excluded
formal_train,qh_062341c45c8dd286,D3,0.5,0.8318724637288825,VERIFIED_FROM_RELEASE,paper_results/per_query_minimal/formal_train_per_query.jsonl,876a16d098e1da3f642ef70854cbc985bae5f9e3,c6443f025b0ffdaf7adc4b7e5a2a198dc648b6012d6e895e3ef68e25eadd1f1a,selected document ids intentionally excluded
formal_train,qh_d43364df67bb170d,B0,0.6666666666666666,0.24952583878244933,VERIFIED_FROM_RELEASE,paper_results/per_query_minimal/formal_train_per_query.jsonl,876a16d098e1da3f642ef70854cbc985bae5f9e3,c6443f025b0ffdaf7adc4b7e5a2a198dc648b6012d6e895e3ef68e25eadd1f1a,selected document ids intentionally excluded
formal_train,qh_d43364df67bb170d,D0,0.6666666666666666,0.23504554941448538,VERIFIED_FROM_RELEASE,paper_results/per_query_minimal/formal_train_per_query.jsonl,876a16d098e1da3f642ef70854cbc985bae5f9e3,c6443f025b0ffdaf7adc4b7e5a2a198dc648b6012d6e895e3ef68e25eadd1f1a,selected document ids intentionally excluded
formal_train,qh_d43364df67bb170d,D1,0.6666666666666666,0.23504554941448538,VERIFIED_FROM_RELEASE,paper_results/per_query_minimal/formal_train_per_query.jsonl,876a16d098e1da3f642ef70854cbc985bae5f9e3,c6443f025b0ffdaf7adc4b7e5a2a198dc648b6012d6e895e3ef68e25eadd1f1a,selected document ids intentionally excluded
formal_train,qh_d43364df67bb170d,D2,0.6666666666666666,0.24952583878244933,VERIFIED_FROM_RELEASE,paper_results/per_query_minimal/formal_train_per_query.jsonl,876a16d098e1da3f642ef70854cbc985bae5f9e3,c6443f025b0ffdaf7adc4b7e5a2a198dc648b6012d6e895e3ef68e25eadd1f1a,selected document ids intentionally excluded
formal_train,qh_d43364df67bb170d,D3,0.6666666666666666,0.24952583878244933,VERIFIED_FROM_RELEASE,paper_results/per_query_minimal/formal_train_per_query.jsonl,876a16d098e1da3f642ef70854cbc985bae5f9e3,c6443f025b0ffdaf7adc4b7e5a2a198dc648b6012d6e895e3ef68e25eadd1f1a,selected document ids intentionally excluded
formal_train,qh_b1829bea3b1327f8,B0,1.0,0.6930221935231562,VERIFIED_FROM_RELEASE,paper_results/per_query_minimal/formal_train_per_query.jsonl,876a16d098e1da3f642ef70854cbc985bae5f9e3,c6443f025b0ffdaf7adc4b7e5a2a198dc648b6012d6e895e3ef68e25eadd1f1a,selected document ids intentionally excluded
formal_train,qh_b1829bea3b1327f8,D0,1.0,0.6930221935231562,VERIFIED_FROM_RELEASE,paper_results/per_query_minimal/formal_train_per_query.jsonl,876a16d098e1da3f642ef70854cbc985bae5f9e3,c6443f025b0ffdaf7adc4b7e5a2a198dc648b6012d6e895e3ef68e25eadd1f1a,selected document ids intentionally excluded
formal_train,qh_b1829bea3b1327f8,D1,1.0,0.6930221935231562,VERIFIED_FROM_RELEASE,paper_results/per_query_minimal/formal_train_per_query.jsonl,876a16d098e1da3f642ef70854cbc985bae5f9e3,c6443f025b0ffdaf7adc4b7e5a2a198dc648b6012d6e895e3ef68e25eadd1f1a,selected document ids intentionally excluded
formal_train,qh_b1829bea3b1327f8,D2,1.0,0.6930221935231562,VERIFIED_FROM_RELEASE,paper_results/per_query_minimal/formal_train_per_query.jsonl,876a16d098e1da3f642ef70854cbc985bae5f9e3,c6443f025b0ffdaf7adc4b7e5a2a198dc648b6012d6e895e3ef68e25eadd1f1a,selected document ids intentionally excluded
formal_train,qh_b1829bea3b1327f8,D3,1.0,0.6930221935231562,VERIFIED_FROM_RELEASE,paper_results/per_query_minimal/formal_train_per_query.jsonl,876a16d098e1da3f642ef70854cbc985bae5f9e3,c6443f025b0ffdaf7adc4b7e5a2a198dc648b6012d6e895e3ef68e25eadd1f1a,selected document ids intentionally excluded
formal_train,qh_94c7b434a24425af,B0,1.0,0.1815417925373527,VERIFIED_FROM_RELEASE,paper_results/per_query_minimal/formal_train_per_query.jsonl,876a16d098e1da3f642ef70854cbc985bae5f9e3,c6443f025b0ffdaf7adc4b7e5a2a198dc648b6012d6e895e3ef68e25eadd1f1a,selected document ids intentionally excluded
formal_train,qh_94c7b434a24425af,D0,1.0,0.4692787260227565,VERIFIED_FROM_RELEASE,paper_results/per_query_minimal/formal_train_per_query.jsonl,876a16d098e1da3f642ef70854cbc985bae5f9e3,c6443f025b0ffdaf7adc4b7e5a2a198dc648b6012d6e895e3ef68e25eadd1f1a,selected document ids intentionally excluded
formal_train,qh_94c7b434a24425af,D1,1.0,0.4692787260227565,VERIFIED_FROM_RELEASE,paper_results/per_query_minimal/formal_train_per_query.jsonl,876a16d098e1da3f642ef70854cbc985bae5f9e3,c6443f025b0ffdaf7adc4b7e5a2a198dc648b6012d6e895e3ef68e25eadd1f1a,selected document ids intentionally excluded
formal_train,qh_94c7b434a24425af,D2,0.0,0.0,VERIFIED_FROM_RELEASE,paper_results/per_query_minimal/formal_train_per_query.jsonl,876a16d098e1da3f642ef70854cbc985bae5f9e3,c6443f025b0ffdaf7adc4b7e5a2a198dc648b6012d6e895e3ef68e25eadd1f1a,selected document ids intentionally excluded
formal_train,qh_94c7b434a24425af,D3,0.0,0.0,VERIFIED_FROM_RELEASE,paper_results/per_query_minimal/formal_train_per_query.jsonl,876a16d098e1da3f642ef70854cbc985bae5f9e3,c6443f025b0ffdaf7adc4b7e5a2a198dc648b6012d6e895e3ef68e25eadd1f1a,selected document ids intentionally excluded
formal_train,qh_2a5e8bd242fb5307,B0,1.0,0.6930221935231562,VERIFIED_FROM_RELEASE,paper_results/per_query_minimal/formal_train_per_query.jsonl,876a16d098e1da3f642ef70854cbc985bae5f9e3,c6443f025b0ffdaf7adc4b7e5a2a198dc648b6012d6e895e3ef68e25eadd1f1a,selected document ids intentionally excluded
formal_train,qh_2a5e8bd242fb5307,D0,1.0,0.5447249629530072,VERIFIED_FROM_RELEASE,paper_results/per_query_minimal/formal_train_per_query.jsonl,876a16d098e1da3f642ef70854cbc985bae5f9e3,c6443f025b0ffdaf7adc4b7e5a2a198dc648b6012d6e895e3ef68e25eadd1f1a,selected document ids intentionally excluded
formal_train,qh_2a5e8bd242fb5307,D1,1.0,0.5447249629530072,VERIFIED_FROM_RELEASE,paper_results/per_query_minimal/formal_train_per_query.jsonl,876a16d098e1da3f642ef70854cbc985bae5f9e3,c6443f025b0ffdaf7adc4b7e5a2a198dc648b6012d6e895e3ef68e25eadd1f1a,selected document ids intentionally excluded
formal_train,qh_2a5e8bd242fb5307,D2,1.0,0.6930221935231562,VERIFIED_FROM_RELEASE,paper_results/per_query_minimal/formal_train_per_query.jsonl,876a16d098e1da3f642ef70854cbc985bae5f9e3,c6443f025b0ffdaf7adc4b7e5a2a198dc648b6012d6e895e3ef68e25eadd1f1a,selected document ids intentionally excluded
formal_train,qh_2a5e8bd242fb5307,D3,1.0,0.6930221935231562,VERIFIED_FROM_RELEASE,paper_results/per_query_minimal/formal_train_per_query.jsonl,876a16d098e1da3f642ef70854cbc985bae5f9e3,c6443f025b0ffdaf7adc4b7e5a2a198dc648b6012d6e895e3ef68e25eadd1f1a,selected document ids intentionally excluded
formal_train,qh_04b1171fa7b9cedc,B0,0.75,0.7751482523375256,VERIFIED_FROM_RELEASE,paper_results/per_query_minimal/formal_train_per_query.jsonl,876a16d098e1da3f642ef70854cbc985bae5f9e3,c6443f025b0ffdaf7adc4b7e5a2a198dc648b6012d6e895e3ef68e25eadd1f1a,selected document ids intentionally excluded
formal_train,qh_04b1171fa7b9cedc,D0,0.75,0.43292617940918415,VERIFIED_FROM_RELEASE,paper_results/per_query_minimal/formal_train_per_query.jsonl,876a16d098e1da3f642ef70854cbc985bae5f9e3,c6443f025b0ffdaf7adc4b7e5a2a198dc648b6012d6e895e3ef68e25eadd1f1a,selected document ids intentionally excluded
formal_train,qh_04b1171fa7b9cedc,D1,0.75,0.419665006636777,VERIFIED_FROM_RELEASE,paper_results/per_query_minimal/formal_train_per_query.jsonl,876a16d098e1da3f642ef70854cbc985bae5f9e3,c6443f025b0ffdaf7adc4b7e5a2a198dc648b6012d6e895e3ef68e25eadd1f1a,selected document ids intentionally excluded
formal_train,qh_04b1171fa7b9cedc,D2,0.75,0.6105858728157117,VERIFIED_FROM_RELEASE,paper_results/per_query_minimal/formal_train_per_query.jsonl,876a16d098e1da3f642ef70854cbc985bae5f9e3,c6443f025b0ffdaf7adc4b7e5a2a198dc648b6012d6e895e3ef68e25eadd1f1a,selected document ids intentionally excluded
formal_train,qh_04b1171fa7b9cedc,D3,0.75,0.7751482523375256,VERIFIED_FROM_RELEASE,paper_results/per_query_minimal/formal_train_per_query.jsonl,876a16d098e1da3f642ef70854cbc985bae5f9e3,c6443f025b0ffdaf7adc4b7e5a2a198dc648b6012d6e895e3ef68e25eadd1f1a,selected document ids intentionally excluded
formal_train,qh_727a37cf3dcb23a1,B0,0.6666666666666666,0.6489315753318465,VERIFIED_FROM_RELEASE,paper_results/per_query_minimal/formal_train_per_query.jsonl,876a16d098e1da3f642ef70854cbc985bae5f9e3,c6443f025b0ffdaf7adc4b7e5a2a198dc648b6012d6e895e3ef68e25eadd1f1a,selected document ids intentionally excluded
formal_train,qh_727a37cf3dcb23a1,D0,0.6666666666666666,0.510069131458292,VERIFIED_FROM_RELEASE,paper_results/per_query_minimal/formal_train_per_query.jsonl,876a16d098e1da3f642ef70854cbc985bae5f9e3,c6443f025b0ffdaf7adc4b7e5a2a198dc648b6012d6e895e3ef68e25eadd1f1a,selected document ids intentionally excluded
formal_train,qh_727a37cf3dcb23a1,D1,0.6666666666666666,0.6489315753318465,VERIFIED_FROM_RELEASE,paper_results/per_query_minimal/formal_train_per_query.jsonl,876a16d098e1da3f642ef70854cbc985bae5f9e3,c6443f025b0ffdaf7adc4b7e5a2a198dc648b6012d6e895e3ef68e25eadd1f1a,selected document ids intentionally excluded
formal_train,qh_727a37cf3dcb23a1,D2,0.6666666666666666,0.6489315753318465,VERIFIED_FROM_RELEASE,paper_results/per_query_minimal/formal_train_per_query.jsonl,876a16d098e1da3f642ef70854cbc985bae5f9e3,c6443f025b0ffdaf7adc4b7e5a2a198dc648b6012d6e895e3ef68e25eadd1f1a,selected document ids intentionally excluded
formal_train,qh_727a37cf3dcb23a1,D3,0.6666666666666666,0.6489315753318465,VERIFIED_FROM_RELEASE,paper_results/per_query_minimal/formal_train_per_query.jsonl,876a16d098e1da3f642ef70854cbc985bae5f9e3,c6443f025b0ffdaf7adc4b7e5a2a198dc648b6012d6e895e3ef68e25eadd1f1a,selected document ids intentionally excluded
formal_train,qh_b979e7c3b3d0e0b9,B0,1.0,0.7041249493150388,VERIFIED_FROM_RELEASE,paper_results/per_query_minimal/formal_train_per_query.jsonl,876a16d098e1da3f642ef70854cbc985bae5f9e3,c6443f025b0ffdaf7adc4b7e5a2a198dc648b6012d6e895e3ef68e25eadd1f1a,selected document ids intentionally excluded
formal_train,qh_b979e7c3b3d0e0b9,D0,1.0,0.4995958068998837,VERIFIED_FROM_RELEASE,paper_results/per_query_minimal/formal_train_per_query.jsonl,876a16d098e1da3f642ef70854cbc985bae5f9e3,c6443f025b0ffdaf7adc4b7e5a2a198dc648b6012d6e895e3ef68e25eadd1f1a,selected document ids intentionally excluded
formal_train,qh_b979e7c3b3d0e0b9,D1,1.0,0.4995958068998837,VERIFIED_FROM_RELEASE,paper_results/per_query_minimal/formal_train_per_query.jsonl,876a16d098e1da3f642ef70854cbc985bae5f9e3,c6443f025b0ffdaf7adc4b7e5a2a198dc648b6012d6e895e3ef68e25eadd1f1a,selected document ids intentionally excluded
formal_train,qh_b979e7c3b3d0e0b9,D2,1.0,0.6370339733570292,VERIFIED_FROM_RELEASE,paper_results/per_query_minimal/formal_train_per_query.jsonl,876a16d098e1da3f642ef70854cbc985bae5f9e3,c6443f025b0ffdaf7adc4b7e5a2a198dc648b6012d6e895e3ef68e25eadd1f1a,selected document ids intentionally excluded
formal_train,qh_b979e7c3b3d0e0b9,D3,1.0,0.6370339733570292,VERIFIED_FROM_RELEASE,paper_results/per_query_minimal/formal_train_per_query.jsonl,876a16d098e1da3f642ef70854cbc985bae5f9e3,c6443f025b0ffdaf7adc4b7e5a2a198dc648b6012d6e895e3ef68e25eadd1f1a,selected document ids intentionally excluded
formal_train,qh_7d5f52ead0af3b07,B0,1.0,0.6489315753318465,VERIFIED_FROM_RELEASE,paper_results/per_query_minimal/formal_train_per_query.jsonl,876a16d098e1da3f642ef70854cbc985bae5f9e3,c6443f025b0ffdaf7adc4b7e5a2a198dc648b6012d6e895e3ef68e25eadd1f1a,selected document ids intentionally excluded
formal_train,qh_7d5f52ead0af3b07,D0,1.0,0.6489315753318465,VERIFIED_FROM_RELEASE,paper_results/per_query_minimal/formal_train_per_query.jsonl,876a16d098e1da3f642ef70854cbc985bae5f9e3,c6443f025b0ffdaf7adc4b7e5a2a198dc648b6012d6e895e3ef68e25eadd1f1a,selected document ids intentionally excluded
formal_train,qh_7d5f52ead0af3b07,D1,1.0,0.6489315753318465,VERIFIED_FROM_RELEASE,paper_results/per_query_minimal/formal_train_per_query.jsonl,876a16d098e1da3f642ef70854cbc985bae5f9e3,c6443f025b0ffdaf7adc4b7e5a2a198dc648b6012d6e895e3ef68e25eadd1f1a,selected document ids intentionally excluded
formal_train,qh_7d5f52ead0af3b07,D2,1.0,0.6489315753318465,VERIFIED_FROM_RELEASE,paper_results/per_query_minimal/formal_train_per_query.jsonl,876a16d098e1da3f642ef70854cbc985bae5f9e3,c6443f025b0ffdaf7adc4b7e5a2a198dc648b6012d6e895e3ef68e25eadd1f1a,selected document ids intentionally excluded
formal_train,qh_7d5f52ead0af3b07,D3,1.0,0.6489315753318465,VERIFIED_FROM_RELEASE,paper_results/per_query_minimal/formal_train_per_query.jsonl,876a16d098e1da3f642ef70854cbc985bae5f9e3,c6443f025b0ffdaf7adc4b7e5a2a198dc648b6012d6e895e3ef68e25eadd1f1a,selected document ids intentionally excluded
formal_train,qh_6ebba4aaa1961aa3,B0,0.75,0.8104616303452685,VERIFIED_FROM_RELEASE,paper_results/per_query_minimal/formal_train_per_query.jsonl,876a16d098e1da3f642ef70854cbc985bae5f9e3,c6443f025b0ffdaf7adc4b7e5a2a198dc648b6012d6e895e3ef68e25eadd1f1a,selected document ids intentionally excluded
formal_train,qh_6ebba4aaa1961aa3,D0,0.75,0.8104616303452685,VERIFIED_FROM_RELEASE,paper_results/per_query_minimal/formal_train_per_query.jsonl,876a16d098e1da3f642ef70854cbc985bae5f9e3,c6443f025b0ffdaf7adc4b7e5a2a198dc648b6012d6e895e3ef68e25eadd1f1a,selected document ids intentionally excluded
formal_train,qh_6ebba4aaa1961aa3,D1,0.75,0.8104616303452685,VERIFIED_FROM_RELEASE,paper_results/per_query_minimal/formal_train_per_query.jsonl,876a16d098e1da3f642ef70854cbc985bae5f9e3,c6443f025b0ffdaf7adc4b7e5a2a198dc648b6012d6e895e3ef68e25eadd1f1a,selected document ids intentionally excluded
formal_train,qh_6ebba4aaa1961aa3,D2,0.75,0.7041249493150388,VERIFIED_FROM_RELEASE,paper_results/per_query_minimal/formal_train_per_query.jsonl,876a16d098e1da3f642ef70854cbc985bae5f9e3,c6443f025b0ffdaf7adc4b7e5a2a198dc648b6012d6e895e3ef68e25eadd1f1a,selected document ids intentionally excluded
formal_train,qh_6ebba4aaa1961aa3,D3,0.75,0.7041249493150388,VERIFIED_FROM_RELEASE,paper_results/per_query_minimal/formal_train_per_query.jsonl,876a16d098e1da3f642ef70854cbc985bae5f9e3,c6443f025b0ffdaf7adc4b7e5a2a198dc648b6012d6e895e3ef68e25eadd1f1a,selected document ids intentionally excluded
formal_train,qh_291d8b5a358765c2,B0,0.6666666666666666,0.8104616303452685,VERIFIED_FROM_RELEASE,paper_results/per_query_minimal/formal_train_per_query.jsonl,876a16d098e1da3f642ef70854cbc985bae5f9e3,c6443f025b0ffdaf7adc4b7e5a2a198dc648b6012d6e895e3ef68e25eadd1f1a,selected document ids intentionally excluded
formal_train,qh_291d8b5a358765c2,D0,0.6666666666666666,0.4995958068998837,VERIFIED_FROM_RELEASE,paper_results/per_query_minimal/formal_train_per_query.jsonl,876a16d098e1da3f642ef70854cbc985bae5f9e3,c6443f025b0ffdaf7adc4b7e5a2a198dc648b6012d6e895e3ef68e25eadd1f1a,selected document ids intentionally excluded
formal_train,qh_291d8b5a358765c2,D1,0.6666666666666666,0.4995958068998837,VERIFIED_FROM_RELEASE,paper_results/per_query_minimal/formal_train_per_query.jsonl,876a16d098e1da3f642ef70854cbc985bae5f9e3,c6443f025b0ffdaf7adc4b7e5a2a198dc648b6012d6e895e3ef68e25eadd1f1a,selected document ids intentionally excluded
formal_train,qh_291d8b5a358765c2,D2,0.6666666666666666,0.8104616303452685,VERIFIED_FROM_RELEASE,paper_results/per_query_minimal/formal_train_per_query.jsonl,876a16d098e1da3f642ef70854cbc985bae5f9e3,c6443f025b0ffdaf7adc4b7e5a2a198dc648b6012d6e895e3ef68e25eadd1f1a,selected document ids intentionally excluded
formal_train,qh_291d8b5a358765c2,D3,0.6666666666666666,0.8104616303452685,VERIFIED_FROM_RELEASE,paper_results/per_query_minimal/formal_train_per_query.jsonl,876a16d098e1da3f642ef70854cbc985bae5f9e3,c6443f025b0ffdaf7adc4b7e5a2a198dc648b6012d6e895e3ef68e25eadd1f1a,selected document ids intentionally excluded
formal_train,qh_3215a988760dcc68,B0,1.0,0.5388856921828065,VERIFIED_FROM_RELEASE,paper_results/per_query_minimal/formal_train_per_query.jsonl,876a16d098e1da3f642ef70854cbc985bae5f9e3,c6443f025b0ffdaf7adc4b7e5a2a198dc648b6012d6e895e3ef68e25eadd1f1a,selected document ids intentionally excluded
formal_train,qh_3215a988760dcc68,D0,1.0,0.5388856921828065,VERIFIED_FROM_RELEASE,paper_results/per_query_minimal/formal_train_per_query.jsonl,876a16d098e1da3f642ef70854cbc985bae5f9e3,c6443f025b0ffdaf7adc4b7e5a2a198dc648b6012d6e895e3ef68e25eadd1f1a,selected document ids intentionally excluded
formal_train,qh_3215a988760dcc68,D1,1.0,0.5388856921828065,VERIFIED_FROM_RELEASE,paper_results/per_query_minimal/formal_train_per_query.jsonl,876a16d098e1da3f642ef70854cbc985bae5f9e3,c6443f025b0ffdaf7adc4b7e5a2a198dc648b6012d6e895e3ef68e25eadd1f1a,selected document ids intentionally excluded
formal_train,qh_3215a988760dcc68,D2,0.8,0.6489315753318465,VERIFIED_FROM_RELEASE,paper_results/per_query_minimal/formal_train_per_query.jsonl,876a16d098e1da3f642ef70854cbc985bae5f9e3,c6443f025b0ffdaf7adc4b7e5a2a198dc648b6012d6e895e3ef68e25eadd1f1a,selected document ids intentionally excluded
formal_train,qh_3215a988760dcc68,D3,0.8,0.6489315753318465,VERIFIED_FROM_RELEASE,paper_results/per_query_minimal/formal_train_per_query.jsonl,876a16d098e1da3f642ef70854cbc985bae5f9e3,c6443f025b0ffdaf7adc4b7e5a2a198dc648b6012d6e895e3ef68e25eadd1f1a,selected document ids intentionally excluded
formal_train,qh_4ddb241e9038a384,B0,1.0,0.3340514446642156,VERIFIED_FROM_RELEASE,paper_results/per_query_minimal/formal_train_per_query.jsonl,876a16d098e1da3f642ef70854cbc985bae5f9e3,c6443f025b0ffdaf7adc4b7e5a2a198dc648b6012d6e895e3ef68e25eadd1f1a,selected document ids intentionally excluded
formal_train,qh_4ddb241e9038a384,D0,1.0,0.30523488393970116,VERIFIED_FROM_RELEASE,paper_results/per_query_minimal/formal_train_per_query.jsonl,876a16d098e1da3f642ef70854cbc985bae5f9e3,c6443f025b0ffdaf7adc4b7e5a2a198dc648b6012d6e895e3ef68e25eadd1f1a,selected document ids intentionally excluded
formal_train,qh_4ddb241e9038a384,D1,1.0,0.30523488393970116,VERIFIED_FROM_RELEASE,paper_results/per_query_minimal/formal_train_per_query.jsonl,876a16d098e1da3f642ef70854cbc985bae5f9e3,c6443f025b0ffdaf7adc4b7e5a2a198dc648b6012d6e895e3ef68e25eadd1f1a,selected document ids intentionally excluded
formal_train,qh_4ddb241e9038a384,D2,1.0,0.2899773651602119,VERIFIED_FROM_RELEASE,paper_results/per_query_minimal/formal_train_per_query.jsonl,876a16d098e1da3f642ef70854cbc985bae5f9e3,c6443f025b0ffdaf7adc4b7e5a2a198dc648b6012d6e895e3ef68e25eadd1f1a,selected document ids intentionally excluded
formal_train,qh_4ddb241e9038a384,D3,1.0,0.510069131458292,VERIFIED_FROM_RELEASE,paper_results/per_query_minimal/formal_train_per_query.jsonl,876a16d098e1da3f642ef70854cbc985bae5f9e3,c6443f025b0ffdaf7adc4b7e5a2a198dc648b6012d6e895e3ef68e25eadd1f1a,selected document ids intentionally excluded
formal_train,qh_e02250a8c7c10f20,B0,0.75,0.6930221935231562,VERIFIED_FROM_RELEASE,paper_results/per_query_minimal/formal_train_per_query.jsonl,876a16d098e1da3f642ef70854cbc985bae5f9e3,c6443f025b0ffdaf7adc4b7e5a2a198dc648b6012d6e895e3ef68e25eadd1f1a,selected document ids intentionally excluded
formal_train,qh_e02250a8c7c10f20,D0,1.0,0.6930221935231562,VERIFIED_FROM_RELEASE,paper_results/per_query_minimal/formal_train_per_query.jsonl,876a16d098e1da3f642ef70854cbc985bae5f9e3,c6443f025b0ffdaf7adc4b7e5a2a198dc648b6012d6e895e3ef68e25eadd1f1a,selected document ids intentionally excluded
formal_train,qh_e02250a8c7c10f20,D1,1.0,0.6930221935231562,VERIFIED_FROM_RELEASE,paper_results/per_query_minimal/formal_train_per_query.jsonl,876a16d098e1da3f642ef70854cbc985bae5f9e3,c6443f025b0ffdaf7adc4b7e5a2a198dc648b6012d6e895e3ef68e25eadd1f1a,selected document ids intentionally excluded
formal_train,qh_e02250a8c7c10f20,D2,0.75,0.6930221935231562,VERIFIED_FROM_RELEASE,paper_results/per_query_minimal/formal_train_per_query.jsonl,876a16d098e1da3f642ef70854cbc985bae5f9e3,c6443f025b0ffdaf7adc4b7e5a2a198dc648b6012d6e895e3ef68e25eadd1f1a,selected document ids intentionally excluded
formal_train,qh_e02250a8c7c10f20,D3,0.75,0.6930221935231562,VERIFIED_FROM_RELEASE,paper_results/per_query_minimal/formal_train_per_query.jsonl,876a16d098e1da3f642ef70854cbc985bae5f9e3,c6443f025b0ffdaf7adc4b7e5a2a198dc648b6012d6e895e3ef68e25eadd1f1a,selected document ids intentionally excluded
formal_train,qh_32acfa79586dfe56,B0,0.3333333333333333,0.7457912185292984,VERIFIED_FROM_RELEASE,paper_results/per_query_minimal/formal_train_per_query.jsonl,876a16d098e1da3f642ef70854cbc985bae5f9e3,c6443f025b0ffdaf7adc4b7e5a2a198dc648b6012d6e895e3ef68e25eadd1f1a,selected document ids intentionally excluded
formal_train,qh_32acfa79586dfe56,D0,0.6666666666666666,0.7457912185292984,VERIFIED_FROM_RELEASE,paper_results/per_query_minimal/formal_train_per_query.jsonl,876a16d098e1da3f642ef70854cbc985bae5f9e3,c6443f025b0ffdaf7adc4b7e5a2a198dc648b6012d6e895e3ef68e25eadd1f1a,selected document ids intentionally excluded
formal_train,qh_32acfa79586dfe56,D1,0.6666666666666666,0.7457912185292984,VERIFIED_FROM_RELEASE,paper_results/per_query_minimal/formal_train_per_query.jsonl,876a16d098e1da3f642ef70854cbc985bae5f9e3,c6443f025b0ffdaf7adc4b7e5a2a198dc648b6012d6e895e3ef68e25eadd1f1a,selected document ids intentionally excluded
formal_train,qh_32acfa79586dfe56,D2,0.3333333333333333,0.6368547259115425,VERIFIED_FROM_RELEASE,paper_results/per_query_minimal/formal_train_per_query.jsonl,876a16d098e1da3f642ef70854cbc985bae5f9e3,c6443f025b0ffdaf7adc4b7e5a2a198dc648b6012d6e895e3ef68e25eadd1f1a,selected document ids intentionally excluded
formal_train,qh_32acfa79586dfe56,D3,0.6666666666666666,0.7457912185292984,VERIFIED_FROM_RELEASE,paper_results/per_query_minimal/formal_train_per_query.jsonl,876a16d098e1da3f642ef70854cbc985bae5f9e3,c6443f025b0ffdaf7adc4b7e5a2a198dc648b6012d6e895e3ef68e25eadd1f1a,selected document ids intentionally excluded
formal_train,qh_3292f945f16cddb2,B0,1.0,0.7457912185292984,VERIFIED_FROM_RELEASE,paper_results/per_query_minimal/formal_train_per_query.jsonl,876a16d098e1da3f642ef70854cbc985bae5f9e3,c6443f025b0ffdaf7adc4b7e5a2a198dc648b6012d6e895e3ef68e25eadd1f1a,selected document ids intentionally excluded
formal_train,qh_3292f945f16cddb2,D0,1.0,0.7457912185292984,VERIFIED_FROM_RELEASE,paper_results/per_query_minimal/formal_train_per_query.jsonl,876a16d098e1da3f642ef70854cbc985bae5f9e3,c6443f025b0ffdaf7adc4b7e5a2a198dc648b6012d6e895e3ef68e25eadd1f1a,selected document ids intentionally excluded
formal_train,qh_3292f945f16cddb2,D1,1.0,0.7457912185292984,VERIFIED_FROM_RELEASE,paper_results/per_query_minimal/formal_train_per_query.jsonl,876a16d098e1da3f642ef70854cbc985bae5f9e3,c6443f025b0ffdaf7adc4b7e5a2a198dc648b6012d6e895e3ef68e25eadd1f1a,selected document ids intentionally excluded
formal_train,qh_3292f945f16cddb2,D2,0.6666666666666666,0.6193198671454698,VERIFIED_FROM_RELEASE,paper_results/per_query_minimal/formal_train_per_query.jsonl,876a16d098e1da3f642ef70854cbc985bae5f9e3,c6443f025b0ffdaf7adc4b7e5a2a198dc648b6012d6e895e3ef68e25eadd1f1a,selected document ids intentionally excluded
formal_train,qh_3292f945f16cddb2,D3,1.0,0.7457912185292984,VERIFIED_FROM_RELEASE,paper_results/per_query_minimal/formal_train_per_query.jsonl,876a16d098e1da3f642ef70854cbc985bae5f9e3,c6443f025b0ffdaf7adc4b7e5a2a198dc648b6012d6e895e3ef68e25eadd1f1a,selected document ids intentionally excluded
formal_train,qh_44ccd0d345eba19c,B0,1.0,0.6489315753318465,VERIFIED_FROM_RELEASE,paper_results/per_query_minimal/formal_train_per_query.jsonl,876a16d098e1da3f642ef70854cbc985bae5f9e3,c6443f025b0ffdaf7adc4b7e5a2a198dc648b6012d6e895e3ef68e25eadd1f1a,selected document ids intentionally excluded
formal_train,qh_44ccd0d345eba19c,D0,1.0,0.6489315753318465,VERIFIED_FROM_RELEASE,paper_results/per_query_minimal/formal_train_per_query.jsonl,876a16d098e1da3f642ef70854cbc985bae5f9e3,c6443f025b0ffdaf7adc4b7e5a2a198dc648b6012d6e895e3ef68e25eadd1f1a,selected document ids intentionally excluded
formal_train,qh_44ccd0d345eba19c,D1,1.0,0.6489315753318465,VERIFIED_FROM_RELEASE,paper_results/per_query_minimal/formal_train_per_query.jsonl,876a16d098e1da3f642ef70854cbc985bae5f9e3,c6443f025b0ffdaf7adc4b7e5a2a198dc648b6012d6e895e3ef68e25eadd1f1a,selected document ids intentionally excluded
formal_train,qh_44ccd0d345eba19c,D2,1.0,0.6489315753318465,VERIFIED_FROM_RELEASE,paper_results/per_query_minimal/formal_train_per_query.jsonl,876a16d098e1da3f642ef70854cbc985bae5f9e3,c6443f025b0ffdaf7adc4b7e5a2a198dc648b6012d6e895e3ef68e25eadd1f1a,selected document ids intentionally excluded
formal_train,qh_44ccd0d345eba19c,D3,1.0,0.6489315753318465,VERIFIED_FROM_RELEASE,paper_results/per_query_minimal/formal_train_per_query.jsonl,876a16d098e1da3f642ef70854cbc985bae5f9e3,c6443f025b0ffdaf7adc4b7e5a2a198dc648b6012d6e895e3ef68e25eadd1f1a,selected document ids intentionally excluded
formal_train,qh_8ff8c9d4e29048ca,B0,1.0,0.4537969323340283,VERIFIED_FROM_RELEASE,paper_results/per_query_minimal/formal_train_per_query.jsonl,876a16d098e1da3f642ef70854cbc985bae5f9e3,c6443f025b0ffdaf7adc4b7e5a2a198dc648b6012d6e895e3ef68e25eadd1f1a,selected document ids intentionally excluded
formal_train,qh_8ff8c9d4e29048ca,D0,1.0,0.23504554941448538,VERIFIED_FROM_RELEASE,paper_results/per_query_minimal/formal_train_per_query.jsonl,876a16d098e1da3f642ef70854cbc985bae5f9e3,c6443f025b0ffdaf7adc4b7e5a2a198dc648b6012d6e895e3ef68e25eadd1f1a,selected document ids intentionally excluded
formal_train,qh_8ff8c9d4e29048ca,D1,1.0,0.23504554941448538,VERIFIED_FROM_RELEASE,paper_results/per_query_minimal/formal_train_per_query.jsonl,876a16d098e1da3f642ef70854cbc985bae5f9e3,c6443f025b0ffdaf7adc4b7e5a2a198dc648b6012d6e895e3ef68e25eadd1f1a,selected document ids intentionally excluded
formal_train,qh_8ff8c9d4e29048ca,D2,1.0,0.4537969323340283,VERIFIED_FROM_RELEASE,paper_results/per_query_minimal/formal_train_per_query.jsonl,876a16d098e1da3f642ef70854cbc985bae5f9e3,c6443f025b0ffdaf7adc4b7e5a2a198dc648b6012d6e895e3ef68e25eadd1f1a,selected document ids intentionally excluded
formal_train,qh_8ff8c9d4e29048ca,D3,1.0,0.4537969323340283,VERIFIED_FROM_RELEASE,paper_results/per_query_minimal/formal_train_per_query.jsonl,876a16d098e1da3f642ef70854cbc985bae5f9e3,c6443f025b0ffdaf7adc4b7e5a2a198dc648b6012d6e895e3ef68e25eadd1f1a,selected document ids intentionally excluded
formal_train,qh_cf8d5f325944edc3,B0,0.5,0.5666867828578933,VERIFIED_FROM_RELEASE,paper_results/per_query_minimal/formal_train_per_query.jsonl,876a16d098e1da3f642ef70854cbc985bae5f9e3,c6443f025b0ffdaf7adc4b7e5a2a198dc648b6012d6e895e3ef68e25eadd1f1a,selected document ids intentionally excluded
formal_train,qh_cf8d5f325944edc3,D0,0.5,0.3812130139445208,VERIFIED_FROM_RELEASE,paper_results/per_query_minimal/formal_train_per_query.jsonl,876a16d098e1da3f642ef70854cbc985bae5f9e3,c6443f025b0ffdaf7adc4b7e5a2a198dc648b6012d6e895e3ef68e25eadd1f1a,selected document ids intentionally excluded
formal_train,qh_cf8d5f325944edc3,D1,0.5,0.3812130139445208,VERIFIED_FROM_RELEASE,paper_results/per_query_minimal/formal_train_per_query.jsonl,876a16d098e1da3f642ef70854cbc985bae5f9e3,c6443f025b0ffdaf7adc4b7e5a2a198dc648b6012d6e895e3ef68e25eadd1f1a,selected document ids intentionally excluded
formal_train,qh_cf8d5f325944edc3,D2,0.5,0.5666867828578933,VERIFIED_FROM_RELEASE,paper_results/per_query_minimal/formal_train_per_query.jsonl,876a16d098e1da3f642ef70854cbc985bae5f9e3,c6443f025b0ffdaf7adc4b7e5a2a198dc648b6012d6e895e3ef68e25eadd1f1a,selected document ids intentionally excluded
formal_train,qh_cf8d5f325944edc3,D3,0.5,0.5666867828578933,VERIFIED_FROM_RELEASE,paper_results/per_query_minimal/formal_train_per_query.jsonl,876a16d098e1da3f642ef70854cbc985bae5f9e3,c6443f025b0ffdaf7adc4b7e5a2a198dc648b6012d6e895e3ef68e25eadd1f1a,selected document ids intentionally excluded
formal_train,qh_7257041c1a9403dc,B0,0.75,0.6489315753318465,VERIFIED_FROM_RELEASE,paper_results/per_query_minimal/formal_train_per_query.jsonl,876a16d098e1da3f642ef70854cbc985bae5f9e3,c6443f025b0ffdaf7adc4b7e5a2a198dc648b6012d6e895e3ef68e25eadd1f1a,selected document ids intentionally excluded
formal_train,qh_7257041c1a9403dc,D0,1.0,0.6489315753318465,VERIFIED_FROM_RELEASE,paper_results/per_query_minimal/formal_train_per_query.jsonl,876a16d098e1da3f642ef70854cbc985bae5f9e3,c6443f025b0ffdaf7adc4b7e5a2a198dc648b6012d6e895e3ef68e25eadd1f1a,selected document ids intentionally excluded
formal_train,qh_7257041c1a9403dc,D1,1.0,0.6489315753318465,VERIFIED_FROM_RELEASE,paper_results/per_query_minimal/formal_train_per_query.jsonl,876a16d098e1da3f642ef70854cbc985bae5f9e3,c6443f025b0ffdaf7adc4b7e5a2a198dc648b6012d6e895e3ef68e25eadd1f1a,selected document ids intentionally excluded
formal_train,qh_7257041c1a9403dc,D2,0.75,0.6489315753318465,VERIFIED_FROM_RELEASE,paper_results/per_query_minimal/formal_train_per_query.jsonl,876a16d098e1da3f642ef70854cbc985bae5f9e3,c6443f025b0ffdaf7adc4b7e5a2a198dc648b6012d6e895e3ef68e25eadd1f1a,selected document ids intentionally excluded
formal_train,qh_7257041c1a9403dc,D3,0.75,0.6489315753318465,VERIFIED_FROM_RELEASE,paper_results/per_query_minimal/formal_train_per_query.jsonl,876a16d098e1da3f642ef70854cbc985bae5f9e3,c6443f025b0ffdaf7adc4b7e5a2a198dc648b6012d6e895e3ef68e25eadd1f1a,selected document ids intentionally excluded
formal_train,qh_c10cd5fc5c32d4d7,B0,0.6,0.6489315753318465,VERIFIED_FROM_RELEASE,paper_results/per_query_minimal/formal_train_per_query.jsonl,876a16d098e1da3f642ef70854cbc985bae5f9e3,c6443f025b0ffdaf7adc4b7e5a2a198dc648b6012d6e895e3ef68e25eadd1f1a,selected document ids intentionally excluded
formal_train,qh_c10cd5fc5c32d4d7,D0,1.0,0.6489315753318465,VERIFIED_FROM_RELEASE,paper_results/per_query_minimal/formal_train_per_query.jsonl,876a16d098e1da3f642ef70854cbc985bae5f9e3,c6443f025b0ffdaf7adc4b7e5a2a198dc648b6012d6e895e3ef68e25eadd1f1a,selected document ids intentionally excluded
formal_train,qh_c10cd5fc5c32d4d7,D1,0.6,0.6489315753318465,VERIFIED_FROM_RELEASE,paper_results/per_query_minimal/formal_train_per_query.jsonl,876a16d098e1da3f642ef70854cbc985bae5f9e3,c6443f025b0ffdaf7adc4b7e5a2a198dc648b6012d6e895e3ef68e25eadd1f1a,selected document ids intentionally excluded
formal_train,qh_c10cd5fc5c32d4d7,D2,0.6,0.6489315753318465,VERIFIED_FROM_RELEASE,paper_results/per_query_minimal/formal_train_per_query.jsonl,876a16d098e1da3f642ef70854cbc985bae5f9e3,c6443f025b0ffdaf7adc4b7e5a2a198dc648b6012d6e895e3ef68e25eadd1f1a,selected document ids intentionally excluded
formal_train,qh_c10cd5fc5c32d4d7,D3,0.6,0.6489315753318465,VERIFIED_FROM_RELEASE,paper_results/per_query_minimal/formal_train_per_query.jsonl,876a16d098e1da3f642ef70854cbc985bae5f9e3,c6443f025b0ffdaf7adc4b7e5a2a198dc648b6012d6e895e3ef68e25eadd1f1a,selected document ids intentionally excluded
formal_train,qh_f66dbc33137d517c,B0,1.0,0.3600546145772341,VERIFIED_FROM_RELEASE,paper_results/per_query_minimal/formal_train_per_query.jsonl,876a16d098e1da3f642ef70854cbc985bae5f9e3,c6443f025b0ffdaf7adc4b7e5a2a198dc648b6012d6e895e3ef68e25eadd1f1a,selected document ids intentionally excluded
formal_train,qh_f66dbc33137d517c,D0,1.0,0.3391602052736162,VERIFIED_FROM_RELEASE,paper_results/per_query_minimal/formal_train_per_query.jsonl,876a16d098e1da3f642ef70854cbc985bae5f9e3,c6443f025b0ffdaf7adc4b7e5a2a198dc648b6012d6e895e3ef68e25eadd1f1a,selected document ids intentionally excluded
formal_train,qh_f66dbc33137d517c,D1,1.0,0.3391602052736162,VERIFIED_FROM_RELEASE,paper_results/per_query_minimal/formal_train_per_query.jsonl,876a16d098e1da3f642ef70854cbc985bae5f9e3,c6443f025b0ffdaf7adc4b7e5a2a198dc648b6012d6e895e3ef68e25eadd1f1a,selected document ids intentionally excluded
formal_train,qh_f66dbc33137d517c,D2,1.0,0.31564845247951456,VERIFIED_FROM_RELEASE,paper_results/per_query_minimal/formal_train_per_query.jsonl,876a16d098e1da3f642ef70854cbc985bae5f9e3,c6443f025b0ffdaf7adc4b7e5a2a198dc648b6012d6e895e3ef68e25eadd1f1a,selected document ids intentionally excluded
formal_train,qh_f66dbc33137d517c,D3,1.0,0.4852285551163227,VERIFIED_FROM_RELEASE,paper_results/per_query_minimal/formal_train_per_query.jsonl,876a16d098e1da3f642ef70854cbc985bae5f9e3,c6443f025b0ffdaf7adc4b7e5a2a198dc648b6012d6e895e3ef68e25eadd1f1a,selected document ids intentionally excluded
formal_train,qh_5c2bf6914e8aef96,B0,1.0,0.5541432109622958,VERIFIED_FROM_RELEASE,paper_results/per_query_minimal/formal_train_per_query.jsonl,876a16d098e1da3f642ef70854cbc985bae5f9e3,c6443f025b0ffdaf7adc4b7e5a2a198dc648b6012d6e895e3ef68e25eadd1f1a,selected document ids intentionally excluded
formal_train,qh_5c2bf6914e8aef96,D0,1.0,0.40002324830925196,VERIFIED_FROM_RELEASE,paper_results/per_query_minimal/formal_train_per_query.jsonl,876a16d098e1da3f642ef70854cbc985bae5f9e3,c6443f025b0ffdaf7adc4b7e5a2a198dc648b6012d6e895e3ef68e25eadd1f1a,selected document ids intentionally excluded
formal_train,qh_5c2bf6914e8aef96,D1,1.0,0.5541432109622958,VERIFIED_FROM_RELEASE,paper_results/per_query_minimal/formal_train_per_query.jsonl,876a16d098e1da3f642ef70854cbc985bae5f9e3,c6443f025b0ffdaf7adc4b7e5a2a198dc648b6012d6e895e3ef68e25eadd1f1a,selected document ids intentionally excluded
formal_train,qh_5c2bf6914e8aef96,D2,1.0,0.5637884576902256,VERIFIED_FROM_RELEASE,paper_results/per_query_minimal/formal_train_per_query.jsonl,876a16d098e1da3f642ef70854cbc985bae5f9e3,c6443f025b0ffdaf7adc4b7e5a2a198dc648b6012d6e895e3ef68e25eadd1f1a,selected document ids intentionally excluded
formal_train,qh_5c2bf6914e8aef96,D3,1.0,0.5637884576902256,VERIFIED_FROM_RELEASE,paper_results/per_query_minimal/formal_train_per_query.jsonl,876a16d098e1da3f642ef70854cbc985bae5f9e3,c6443f025b0ffdaf7adc4b7e5a2a198dc648b6012d6e895e3ef68e25eadd1f1a,selected document ids intentionally excluded
formal_train,qh_9c90f9c81d579b7b,B0,0.3333333333333333,0.6489315753318465,VERIFIED_FROM_RELEASE,paper_results/per_query_minimal/formal_train_per_query.jsonl,876a16d098e1da3f642ef70854cbc985bae5f9e3,c6443f025b0ffdaf7adc4b7e5a2a198dc648b6012d6e895e3ef68e25eadd1f1a,selected document ids intentionally excluded
formal_train,qh_9c90f9c81d579b7b,D0,0.3333333333333333,0.510069131458292,VERIFIED_FROM_RELEASE,paper_results/per_query_minimal/formal_train_per_query.jsonl,876a16d098e1da3f642ef70854cbc985bae5f9e3,c6443f025b0ffdaf7adc4b7e5a2a198dc648b6012d6e895e3ef68e25eadd1f1a,selected document ids intentionally excluded
formal_train,qh_9c90f9c81d579b7b,D1,0.3333333333333333,0.510069131458292,VERIFIED_FROM_RELEASE,paper_results/per_query_minimal/formal_train_per_query.jsonl,876a16d098e1da3f642ef70854cbc985bae5f9e3,c6443f025b0ffdaf7adc4b7e5a2a198dc648b6012d6e895e3ef68e25eadd1f1a,selected document ids intentionally excluded
formal_train,qh_9c90f9c81d579b7b,D2,0.3333333333333333,0.5388856921828065,VERIFIED_FROM_RELEASE,paper_results/per_query_minimal/formal_train_per_query.jsonl,876a16d098e1da3f642ef70854cbc985bae5f9e3,c6443f025b0ffdaf7adc4b7e5a2a198dc648b6012d6e895e3ef68e25eadd1f1a,selected document ids intentionally excluded
formal_train,qh_9c90f9c81d579b7b,D3,0.3333333333333333,0.6489315753318465,VERIFIED_FROM_RELEASE,paper_results/per_query_minimal/formal_train_per_query.jsonl,876a16d098e1da3f642ef70854cbc985bae5f9e3,c6443f025b0ffdaf7adc4b7e5a2a198dc648b6012d6e895e3ef68e25eadd1f1a,selected document ids intentionally excluded
formal_train,qh_2d728101f10dc36a,B0,1.0,0.7457912185292984,VERIFIED_FROM_RELEASE,paper_results/per_query_minimal/formal_train_per_query.jsonl,876a16d098e1da3f642ef70854cbc985bae5f9e3,c6443f025b0ffdaf7adc4b7e5a2a198dc648b6012d6e895e3ef68e25eadd1f1a,selected document ids intentionally excluded
formal_train,qh_2d728101f10dc36a,D0,1.0,0.7457912185292984,VERIFIED_FROM_RELEASE,paper_results/per_query_minimal/formal_train_per_query.jsonl,876a16d098e1da3f642ef70854cbc985bae5f9e3,c6443f025b0ffdaf7adc4b7e5a2a198dc648b6012d6e895e3ef68e25eadd1f1a,selected document ids intentionally excluded
formal_train,qh_2d728101f10dc36a,D1,1.0,0.7457912185292984,VERIFIED_FROM_RELEASE,paper_results/per_query_minimal/formal_train_per_query.jsonl,876a16d098e1da3f642ef70854cbc985bae5f9e3,c6443f025b0ffdaf7adc4b7e5a2a198dc648b6012d6e895e3ef68e25eadd1f1a,selected document ids intentionally excluded
formal_train,qh_2d728101f10dc36a,D2,1.0,0.7457912185292984,VERIFIED_FROM_RELEASE,paper_results/per_query_minimal/formal_train_per_query.jsonl,876a16d098e1da3f642ef70854cbc985bae5f9e3,c6443f025b0ffdaf7adc4b7e5a2a198dc648b6012d6e895e3ef68e25eadd1f1a,selected document ids intentionally excluded
formal_train,qh_2d728101f10dc36a,D3,1.0,0.7457912185292984,VERIFIED_FROM_RELEASE,paper_results/per_query_minimal/formal_train_per_query.jsonl,876a16d098e1da3f642ef70854cbc985bae5f9e3,c6443f025b0ffdaf7adc4b7e5a2a198dc648b6012d6e895e3ef68e25eadd1f1a,selected document ids intentionally excluded
formal_train,qh_5d352b0c88c269de,B0,1.0,0.6489315753318465,VERIFIED_FROM_RELEASE,paper_results/per_query_minimal/formal_train_per_query.jsonl,876a16d098e1da3f642ef70854cbc985bae5f9e3,c6443f025b0ffdaf7adc4b7e5a2a198dc648b6012d6e895e3ef68e25eadd1f1a,selected document ids intentionally excluded
formal_train,qh_5d352b0c88c269de,D0,1.0,0.6489315753318465,VERIFIED_FROM_RELEASE,paper_results/per_query_minimal/formal_train_per_query.jsonl,876a16d098e1da3f642ef70854cbc985bae5f9e3,c6443f025b0ffdaf7adc4b7e5a2a198dc648b6012d6e895e3ef68e25eadd1f1a,selected document ids intentionally excluded
formal_train,qh_5d352b0c88c269de,D1,1.0,0.6489315753318465,VERIFIED_FROM_RELEASE,paper_results/per_query_minimal/formal_train_per_query.jsonl,876a16d098e1da3f642ef70854cbc985bae5f9e3,c6443f025b0ffdaf7adc4b7e5a2a198dc648b6012d6e895e3ef68e25eadd1f1a,selected document ids intentionally excluded
formal_train,qh_5d352b0c88c269de,D2,1.0,0.6489315753318465,VERIFIED_FROM_RELEASE,paper_results/per_query_minimal/formal_train_per_query.jsonl,876a16d098e1da3f642ef70854cbc985bae5f9e3,c6443f025b0ffdaf7adc4b7e5a2a198dc648b6012d6e895e3ef68e25eadd1f1a,selected document ids intentionally excluded
formal_train,qh_5d352b0c88c269de,D3,1.0,0.6489315753318465,VERIFIED_FROM_RELEASE,paper_results/per_query_minimal/formal_train_per_query.jsonl,876a16d098e1da3f642ef70854cbc985bae5f9e3,c6443f025b0ffdaf7adc4b7e5a2a198dc648b6012d6e895e3ef68e25eadd1f1a,selected document ids intentionally excluded
internal_blind,qh_2420e38066ab7177,B0,1.0,0.0,VERIFIED_FROM_RELEASE,paper_results/per_query_minimal/internal_blind_per_query.jsonl,876a16d098e1da3f642ef70854cbc985bae5f9e3,2e7f5e98a1a47f2f816626794db12486963cb2f00b416a9525cbdf8437e8f1e0,selected document ids intentionally excluded
internal_blind,qh_2420e38066ab7177,D0,1.0,0.16958010263680806,VERIFIED_FROM_RELEASE,paper_results/per_query_minimal/internal_blind_per_query.jsonl,876a16d098e1da3f642ef70854cbc985bae5f9e3,2e7f5e98a1a47f2f816626794db12486963cb2f00b416a9525cbdf8437e8f1e0,selected document ids intentionally excluded
internal_blind,qh_2420e38066ab7177,D1,1.0,0.13120507751234178,VERIFIED_FROM_RELEASE,paper_results/per_query_minimal/internal_blind_per_query.jsonl,876a16d098e1da3f642ef70854cbc985bae5f9e3,2e7f5e98a1a47f2f816626794db12486963cb2f00b416a9525cbdf8437e8f1e0,selected document ids intentionally excluded
internal_blind,qh_2420e38066ab7177,D2,1.0,0.16958010263680806,VERIFIED_FROM_RELEASE,paper_results/per_query_minimal/internal_blind_per_query.jsonl,876a16d098e1da3f642ef70854cbc985bae5f9e3,2e7f5e98a1a47f2f816626794db12486963cb2f00b416a9525cbdf8437e8f1e0,selected document ids intentionally excluded
internal_blind,qh_2420e38066ab7177,D3,1.0,0.16958010263680806,VERIFIED_FROM_RELEASE,paper_results/per_query_minimal/internal_blind_per_query.jsonl,876a16d098e1da3f642ef70854cbc985bae5f9e3,2e7f5e98a1a47f2f816626794db12486963cb2f00b416a9525cbdf8437e8f1e0,selected document ids intentionally excluded
internal_blind,qh_db003cf83e053067,B0,0.5,0.6489315753318465,VERIFIED_FROM_RELEASE,paper_results/per_query_minimal/internal_blind_per_query.jsonl,876a16d098e1da3f642ef70854cbc985bae5f9e3,2e7f5e98a1a47f2f816626794db12486963cb2f00b416a9525cbdf8437e8f1e0,selected document ids intentionally excluded
internal_blind,qh_db003cf83e053067,D0,1.0,0.6489315753318465,VERIFIED_FROM_RELEASE,paper_results/per_query_minimal/internal_blind_per_query.jsonl,876a16d098e1da3f642ef70854cbc985bae5f9e3,2e7f5e98a1a47f2f816626794db12486963cb2f00b416a9525cbdf8437e8f1e0,selected document ids intentionally excluded
internal_blind,qh_db003cf83e053067,D1,0.5,0.6489315753318465,VERIFIED_FROM_RELEASE,paper_results/per_query_minimal/internal_blind_per_query.jsonl,876a16d098e1da3f642ef70854cbc985bae5f9e3,2e7f5e98a1a47f2f816626794db12486963cb2f00b416a9525cbdf8437e8f1e0,selected document ids intentionally excluded
internal_blind,qh_db003cf83e053067,D2,1.0,0.6489315753318465,VERIFIED_FROM_RELEASE,paper_results/per_query_minimal/internal_blind_per_query.jsonl,876a16d098e1da3f642ef70854cbc985bae5f9e3,2e7f5e98a1a47f2f816626794db12486963cb2f00b416a9525cbdf8437e8f1e0,selected document ids intentionally excluded
internal_blind,qh_db003cf83e053067,D3,1.0,0.6489315753318465,VERIFIED_FROM_RELEASE,paper_results/per_query_minimal/internal_blind_per_query.jsonl,876a16d098e1da3f642ef70854cbc985bae5f9e3,2e7f5e98a1a47f2f816626794db12486963cb2f00b416a9525cbdf8437e8f1e0,selected document ids intentionally excluded
internal_blind,qh_5580f3ad58b1bb0f,B0,1.0,0.6489315753318465,VERIFIED_FROM_RELEASE,paper_results/per_query_minimal/internal_blind_per_query.jsonl,876a16d098e1da3f642ef70854cbc985bae5f9e3,2e7f5e98a1a47f2f816626794db12486963cb2f00b416a9525cbdf8437e8f1e0,selected document ids intentionally excluded
internal_blind,qh_5580f3ad58b1bb0f,D0,1.0,0.5100691314582919,VERIFIED_FROM_RELEASE,paper_results/per_query_minimal/internal_blind_per_query.jsonl,876a16d098e1da3f642ef70854cbc985bae5f9e3,2e7f5e98a1a47f2f816626794db12486963cb2f00b416a9525cbdf8437e8f1e0,selected document ids intentionally excluded
internal_blind,qh_5580f3ad58b1bb0f,D1,1.0,0.5100691314582919,VERIFIED_FROM_RELEASE,paper_results/per_query_minimal/internal_blind_per_query.jsonl,876a16d098e1da3f642ef70854cbc985bae5f9e3,2e7f5e98a1a47f2f816626794db12486963cb2f00b416a9525cbdf8437e8f1e0,selected document ids intentionally excluded
internal_blind,qh_5580f3ad58b1bb0f,D2,1.0,0.5100691314582919,VERIFIED_FROM_RELEASE,paper_results/per_query_minimal/internal_blind_per_query.jsonl,876a16d098e1da3f642ef70854cbc985bae5f9e3,2e7f5e98a1a47f2f816626794db12486963cb2f00b416a9525cbdf8437e8f1e0,selected document ids intentionally excluded
internal_blind,qh_5580f3ad58b1bb0f,D3,1.0,0.5100691314582919,VERIFIED_FROM_RELEASE,paper_results/per_query_minimal/internal_blind_per_query.jsonl,876a16d098e1da3f642ef70854cbc985bae5f9e3,2e7f5e98a1a47f2f816626794db12486963cb2f00b416a9525cbdf8437e8f1e0,selected document ids intentionally excluded
internal_blind,qh_c2891556c56dde3b,B0,1.0,0.5068697170781954,VERIFIED_FROM_RELEASE,paper_results/per_query_minimal/internal_blind_per_query.jsonl,876a16d098e1da3f642ef70854cbc985bae5f9e3,2e7f5e98a1a47f2f816626794db12486963cb2f00b416a9525cbdf8437e8f1e0,selected document ids intentionally excluded
internal_blind,qh_c2891556c56dde3b,D0,1.0,0.5443111074175403,VERIFIED_FROM_RELEASE,paper_results/per_query_minimal/internal_blind_per_query.jsonl,876a16d098e1da3f642ef70854cbc985bae5f9e3,2e7f5e98a1a47f2f816626794db12486963cb2f00b416a9525cbdf8437e8f1e0,selected document ids intentionally excluded
internal_blind,qh_c2891556c56dde3b,D1,1.0,0.39282185065980374,VERIFIED_FROM_RELEASE,paper_results/per_query_minimal/internal_blind_per_query.jsonl,876a16d098e1da3f642ef70854cbc985bae5f9e3,2e7f5e98a1a47f2f816626794db12486963cb2f00b416a9525cbdf8437e8f1e0,selected document ids intentionally excluded
internal_blind,qh_c2891556c56dde3b,D2,1.0,0.5559720139497708,VERIFIED_FROM_RELEASE,paper_results/per_query_minimal/internal_blind_per_query.jsonl,876a16d098e1da3f642ef70854cbc985bae5f9e3,2e7f5e98a1a47f2f816626794db12486963cb2f00b416a9525cbdf8437e8f1e0,selected document ids intentionally excluded
internal_blind,qh_c2891556c56dde3b,D3,1.0,0.5559720139497708,VERIFIED_FROM_RELEASE,paper_results/per_query_minimal/internal_blind_per_query.jsonl,876a16d098e1da3f642ef70854cbc985bae5f9e3,2e7f5e98a1a47f2f816626794db12486963cb2f00b416a9525cbdf8437e8f1e0,selected document ids intentionally excluded
internal_blind,qh_35fd8f53333c5c00,B0,1.0,0.5417460673714918,VERIFIED_FROM_RELEASE,paper_results/per_query_minimal/internal_blind_per_query.jsonl,876a16d098e1da3f642ef70854cbc985bae5f9e3,2e7f5e98a1a47f2f816626794db12486963cb2f00b416a9525cbdf8437e8f1e0,selected document ids intentionally excluded
internal_blind,qh_35fd8f53333c5c00,D0,1.0,0.4855608598581514,VERIFIED_FROM_RELEASE,paper_results/per_query_minimal/internal_blind_per_query.jsonl,876a16d098e1da3f642ef70854cbc985bae5f9e3,2e7f5e98a1a47f2f816626794db12486963cb2f00b416a9525cbdf8437e8f1e0,selected document ids intentionally excluded
internal_blind,qh_35fd8f53333c5c00,D1,1.0,0.4855608598581514,VERIFIED_FROM_RELEASE,paper_results/per_query_minimal/internal_blind_per_query.jsonl,876a16d098e1da3f642ef70854cbc985bae5f9e3,2e7f5e98a1a47f2f816626794db12486963cb2f00b416a9525cbdf8437e8f1e0,selected document ids intentionally excluded
internal_blind,qh_35fd8f53333c5c00,D2,1.0,0.4855608598581514,VERIFIED_FROM_RELEASE,paper_results/per_query_minimal/internal_blind_per_query.jsonl,876a16d098e1da3f642ef70854cbc985bae5f9e3,2e7f5e98a1a47f2f816626794db12486963cb2f00b416a9525cbdf8437e8f1e0,selected document ids intentionally excluded
internal_blind,qh_35fd8f53333c5c00,D3,1.0,0.4855608598581514,VERIFIED_FROM_RELEASE,paper_results/per_query_minimal/internal_blind_per_query.jsonl,876a16d098e1da3f642ef70854cbc985bae5f9e3,2e7f5e98a1a47f2f816626794db12486963cb2f00b416a9525cbdf8437e8f1e0,selected document ids intentionally excluded
internal_blind,qh_bc5bc7add4be5135,B0,1.0,0.8104616303452686,VERIFIED_FROM_RELEASE,paper_results/per_query_minimal/internal_blind_per_query.jsonl,876a16d098e1da3f642ef70854cbc985bae5f9e3,2e7f5e98a1a47f2f816626794db12486963cb2f00b416a9525cbdf8437e8f1e0,selected document ids intentionally excluded
internal_blind,qh_bc5bc7add4be5135,D0,1.0,0.7041249493150388,VERIFIED_FROM_RELEASE,paper_results/per_query_minimal/internal_blind_per_query.jsonl,876a16d098e1da3f642ef70854cbc985bae5f9e3,2e7f5e98a1a47f2f816626794db12486963cb2f00b416a9525cbdf8437e8f1e0,selected document ids intentionally excluded
internal_blind,qh_bc5bc7add4be5135,D1,1.0,0.8104616303452686,VERIFIED_FROM_RELEASE,paper_results/per_query_minimal/internal_blind_per_query.jsonl,876a16d098e1da3f642ef70854cbc985bae5f9e3,2e7f5e98a1a47f2f816626794db12486963cb2f00b416a9525cbdf8437e8f1e0,selected document ids intentionally excluded
internal_blind,qh_bc5bc7add4be5135,D2,1.0,0.6920788373899057,VERIFIED_FROM_RELEASE,paper_results/per_query_minimal/internal_blind_per_query.jsonl,876a16d098e1da3f642ef70854cbc985bae5f9e3,2e7f5e98a1a47f2f816626794db12486963cb2f00b416a9525cbdf8437e8f1e0,selected document ids intentionally excluded
internal_blind,qh_bc5bc7add4be5135,D3,1.0,0.6920788373899057,VERIFIED_FROM_RELEASE,paper_results/per_query_minimal/internal_blind_per_query.jsonl,876a16d098e1da3f642ef70854cbc985bae5f9e3,2e7f5e98a1a47f2f816626794db12486963cb2f00b416a9525cbdf8437e8f1e0,selected document ids intentionally excluded
internal_blind,qh_02d3d021332fb6d8,B0,1.0,0.5128985332719418,VERIFIED_FROM_RELEASE,paper_results/per_query_minimal/internal_blind_per_query.jsonl,876a16d098e1da3f642ef70854cbc985bae5f9e3,2e7f5e98a1a47f2f816626794db12486963cb2f00b416a9525cbdf8437e8f1e0,selected document ids intentionally excluded
internal_blind,qh_02d3d021332fb6d8,D0,1.0,0.4716461459172305,VERIFIED_FROM_RELEASE,paper_results/per_query_minimal/internal_blind_per_query.jsonl,876a16d098e1da3f642ef70854cbc985bae5f9e3,2e7f5e98a1a47f2f816626794db12486963cb2f00b416a9525cbdf8437e8f1e0,selected document ids intentionally excluded
internal_blind,qh_02d3d021332fb6d8,D1,1.0,0.5128985332719418,VERIFIED_FROM_RELEASE,paper_results/per_query_minimal/internal_blind_per_query.jsonl,876a16d098e1da3f642ef70854cbc985bae5f9e3,2e7f5e98a1a47f2f816626794db12486963cb2f00b416a9525cbdf8437e8f1e0,selected document ids intentionally excluded
internal_blind,qh_02d3d021332fb6d8,D2,1.0,0.4354494964156359,VERIFIED_FROM_RELEASE,paper_results/per_query_minimal/internal_blind_per_query.jsonl,876a16d098e1da3f642ef70854cbc985bae5f9e3,2e7f5e98a1a47f2f816626794db12486963cb2f00b416a9525cbdf8437e8f1e0,selected document ids intentionally excluded
internal_blind,qh_02d3d021332fb6d8,D3,1.0,0.503552165293567,VERIFIED_FROM_RELEASE,paper_results/per_query_minimal/internal_blind_per_query.jsonl,876a16d098e1da3f642ef70854cbc985bae5f9e3,2e7f5e98a1a47f2f816626794db12486963cb2f00b416a9525cbdf8437e8f1e0,selected document ids intentionally excluded
internal_blind,qh_de2d17b2d3ed9270,B0,1.0,1.0,VERIFIED_FROM_RELEASE,paper_results/per_query_minimal/internal_blind_per_query.jsonl,876a16d098e1da3f642ef70854cbc985bae5f9e3,2e7f5e98a1a47f2f816626794db12486963cb2f00b416a9525cbdf8437e8f1e0,selected document ids intentionally excluded
internal_blind,qh_de2d17b2d3ed9270,D0,1.0,0.6309297535714575,VERIFIED_FROM_RELEASE,paper_results/per_query_minimal/internal_blind_per_query.jsonl,876a16d098e1da3f642ef70854cbc985bae5f9e3,2e7f5e98a1a47f2f816626794db12486963cb2f00b416a9525cbdf8437e8f1e0,selected document ids intentionally excluded
internal_blind,qh_de2d17b2d3ed9270,D1,1.0,0.6309297535714575,VERIFIED_FROM_RELEASE,paper_results/per_query_minimal/internal_blind_per_query.jsonl,876a16d098e1da3f642ef70854cbc985bae5f9e3,2e7f5e98a1a47f2f816626794db12486963cb2f00b416a9525cbdf8437e8f1e0,selected document ids intentionally excluded
internal_blind,qh_de2d17b2d3ed9270,D2,1.0,1.0,VERIFIED_FROM_RELEASE,paper_results/per_query_minimal/internal_blind_per_query.jsonl,876a16d098e1da3f642ef70854cbc985bae5f9e3,2e7f5e98a1a47f2f816626794db12486963cb2f00b416a9525cbdf8437e8f1e0,selected document ids intentionally excluded
internal_blind,qh_de2d17b2d3ed9270,D3,1.0,0.6309297535714575,VERIFIED_FROM_RELEASE,paper_results/per_query_minimal/internal_blind_per_query.jsonl,876a16d098e1da3f642ef70854cbc985bae5f9e3,2e7f5e98a1a47f2f816626794db12486963cb2f00b416a9525cbdf8437e8f1e0,selected document ids intentionally excluded
internal_blind,qh_607e374bf744d9cd,B0,1.0,1.0,VERIFIED_FROM_RELEASE,paper_results/per_query_minimal/internal_blind_per_query.jsonl,876a16d098e1da3f642ef70854cbc985bae5f9e3,2e7f5e98a1a47f2f816626794db12486963cb2f00b416a9525cbdf8437e8f1e0,selected document ids intentionally excluded
internal_blind,qh_607e374bf744d9cd,D0,1.0,0.5,VERIFIED_FROM_RELEASE,paper_results/per_query_minimal/internal_blind_per_query.jsonl,876a16d098e1da3f642ef70854cbc985bae5f9e3,2e7f5e98a1a47f2f816626794db12486963cb2f00b416a9525cbdf8437e8f1e0,selected document ids intentionally excluded
internal_blind,qh_607e374bf744d9cd,D1,1.0,1.0,VERIFIED_FROM_RELEASE,paper_results/per_query_minimal/internal_blind_per_query.jsonl,876a16d098e1da3f642ef70854cbc985bae5f9e3,2e7f5e98a1a47f2f816626794db12486963cb2f00b416a9525cbdf8437e8f1e0,selected document ids intentionally excluded
internal_blind,qh_607e374bf744d9cd,D2,1.0,0.5,VERIFIED_FROM_RELEASE,paper_results/per_query_minimal/internal_blind_per_query.jsonl,876a16d098e1da3f642ef70854cbc985bae5f9e3,2e7f5e98a1a47f2f816626794db12486963cb2f00b416a9525cbdf8437e8f1e0,selected document ids intentionally excluded
internal_blind,qh_607e374bf744d9cd,D3,1.0,1.0,VERIFIED_FROM_RELEASE,paper_results/per_query_minimal/internal_blind_per_query.jsonl,876a16d098e1da3f642ef70854cbc985bae5f9e3,2e7f5e98a1a47f2f816626794db12486963cb2f00b416a9525cbdf8437e8f1e0,selected document ids intentionally excluded
internal_blind,qh_6bf67516e2bc703c,B0,1.0,0.6489315753318465,VERIFIED_FROM_RELEASE,paper_results/per_query_minimal/internal_blind_per_query.jsonl,876a16d098e1da3f642ef70854cbc985bae5f9e3,2e7f5e98a1a47f2f816626794db12486963cb2f00b416a9525cbdf8437e8f1e0,selected document ids intentionally excluded
internal_blind,qh_6bf67516e2bc703c,D0,1.0,0.6489315753318465,VERIFIED_FROM_RELEASE,paper_results/per_query_minimal/internal_blind_per_query.jsonl,876a16d098e1da3f642ef70854cbc985bae5f9e3,2e7f5e98a1a47f2f816626794db12486963cb2f00b416a9525cbdf8437e8f1e0,selected document ids intentionally excluded
internal_blind,qh_6bf67516e2bc703c,D1,1.0,0.6489315753318465,VERIFIED_FROM_RELEASE,paper_results/per_query_minimal/internal_blind_per_query.jsonl,876a16d098e1da3f642ef70854cbc985bae5f9e3,2e7f5e98a1a47f2f816626794db12486963cb2f00b416a9525cbdf8437e8f1e0,selected document ids intentionally excluded
internal_blind,qh_6bf67516e2bc703c,D2,1.0,0.4288398090337664,VERIFIED_FROM_RELEASE,paper_results/per_query_minimal/internal_blind_per_query.jsonl,876a16d098e1da3f642ef70854cbc985bae5f9e3,2e7f5e98a1a47f2f816626794db12486963cb2f00b416a9525cbdf8437e8f1e0,selected document ids intentionally excluded
internal_blind,qh_6bf67516e2bc703c,D3,1.0,0.4288398090337664,VERIFIED_FROM_RELEASE,paper_results/per_query_minimal/internal_blind_per_query.jsonl,876a16d098e1da3f642ef70854cbc985bae5f9e3,2e7f5e98a1a47f2f816626794db12486963cb2f00b416a9525cbdf8437e8f1e0,selected document ids intentionally excluded
internal_blind,qh_09f19158e09b8bec,B0,1.0,0.8104616303452686,VERIFIED_FROM_RELEASE,paper_results/per_query_minimal/internal_blind_per_query.jsonl,876a16d098e1da3f642ef70854cbc985bae5f9e3,2e7f5e98a1a47f2f816626794db12486963cb2f00b416a9525cbdf8437e8f1e0,selected document ids intentionally excluded
internal_blind,qh_09f19158e09b8bec,D0,1.0,0.8104616303452686,VERIFIED_FROM_RELEASE,paper_results/per_query_minimal/internal_blind_per_query.jsonl,876a16d098e1da3f642ef70854cbc985bae5f9e3,2e7f5e98a1a47f2f816626794db12486963cb2f00b416a9525cbdf8437e8f1e0,selected document ids intentionally excluded
internal_blind,qh_09f19158e09b8bec,D1,1.0,0.8104616303452686,VERIFIED_FROM_RELEASE,paper_results/per_query_minimal/internal_blind_per_query.jsonl,876a16d098e1da3f642ef70854cbc985bae5f9e3,2e7f5e98a1a47f2f816626794db12486963cb2f00b416a9525cbdf8437e8f1e0,selected document ids intentionally excluded
internal_blind,qh_09f19158e09b8bec,D2,1.0,0.8104616303452686,VERIFIED_FROM_RELEASE,paper_results/per_query_minimal/internal_blind_per_query.jsonl,876a16d098e1da3f642ef70854cbc985bae5f9e3,2e7f5e98a1a47f2f816626794db12486963cb2f00b416a9525cbdf8437e8f1e0,selected document ids intentionally excluded
internal_blind,qh_09f19158e09b8bec,D3,1.0,0.8104616303452686,VERIFIED_FROM_RELEASE,paper_results/per_query_minimal/internal_blind_per_query.jsonl,876a16d098e1da3f642ef70854cbc985bae5f9e3,2e7f5e98a1a47f2f816626794db12486963cb2f00b416a9525cbdf8437e8f1e0,selected document ids intentionally excluded
internal_blind,qh_310deafcbaf6c691,B0,1.0,0.4571744938144508,VERIFIED_FROM_RELEASE,paper_results/per_query_minimal/internal_blind_per_query.jsonl,876a16d098e1da3f642ef70854cbc985bae5f9e3,2e7f5e98a1a47f2f816626794db12486963cb2f00b416a9525cbdf8437e8f1e0,selected document ids intentionally excluded
internal_blind,qh_310deafcbaf6c691,D0,1.0,0.5704291822780648,VERIFIED_FROM_RELEASE,paper_results/per_query_minimal/internal_blind_per_query.jsonl,876a16d098e1da3f642ef70854cbc985bae5f9e3,2e7f5e98a1a47f2f816626794db12486963cb2f00b416a9525cbdf8437e8f1e0,selected document ids intentionally excluded
internal_blind,qh_310deafcbaf6c691,D1,1.0,0.5704291822780648,VERIFIED_FROM_RELEASE,paper_results/per_query_minimal/internal_blind_per_query.jsonl,876a16d098e1da3f642ef70854cbc985bae5f9e3,2e7f5e98a1a47f2f816626794db12486963cb2f00b416a9525cbdf8437e8f1e0,selected document ids intentionally excluded
internal_blind,qh_310deafcbaf6c691,D2,1.0,0.3857187411312907,VERIFIED_FROM_RELEASE,paper_results/per_query_minimal/internal_blind_per_query.jsonl,876a16d098e1da3f642ef70854cbc985bae5f9e3,2e7f5e98a1a47f2f816626794db12486963cb2f00b416a9525cbdf8437e8f1e0,selected document ids intentionally excluded
internal_blind,qh_310deafcbaf6c691,D3,1.0,0.3857187411312907,VERIFIED_FROM_RELEASE,paper_results/per_query_minimal/internal_blind_per_query.jsonl,876a16d098e1da3f642ef70854cbc985bae5f9e3,2e7f5e98a1a47f2f816626794db12486963cb2f00b416a9525cbdf8437e8f1e0,selected document ids intentionally excluded
internal_blind,qh_3b5a7b8e61968b1d,B0,1.0,0.787702056960637,VERIFIED_FROM_RELEASE,paper_results/per_query_minimal/internal_blind_per_query.jsonl,876a16d098e1da3f642ef70854cbc985bae5f9e3,2e7f5e98a1a47f2f816626794db12486963cb2f00b416a9525cbdf8437e8f1e0,selected document ids intentionally excluded
internal_blind,qh_3b5a7b8e61968b1d,D0,1.0,0.8318724637288826,VERIFIED_FROM_RELEASE,paper_results/per_query_minimal/internal_blind_per_query.jsonl,876a16d098e1da3f642ef70854cbc985bae5f9e3,2e7f5e98a1a47f2f816626794db12486963cb2f00b416a9525cbdf8437e8f1e0,selected document ids intentionally excluded
internal_blind,qh_3b5a7b8e61968b1d,D1,1.0,0.6366824387328317,VERIFIED_FROM_RELEASE,paper_results/per_query_minimal/internal_blind_per_query.jsonl,876a16d098e1da3f642ef70854cbc985bae5f9e3,2e7f5e98a1a47f2f816626794db12486963cb2f00b416a9525cbdf8437e8f1e0,selected document ids intentionally excluded
internal_blind,qh_3b5a7b8e61968b1d,D2,1.0,0.787702056960637,VERIFIED_FROM_RELEASE,paper_results/per_query_minimal/internal_blind_per_query.jsonl,876a16d098e1da3f642ef70854cbc985bae5f9e3,2e7f5e98a1a47f2f816626794db12486963cb2f00b416a9525cbdf8437e8f1e0,selected document ids intentionally excluded
internal_blind,qh_3b5a7b8e61968b1d,D3,1.0,0.6366824387328317,VERIFIED_FROM_RELEASE,paper_results/per_query_minimal/internal_blind_per_query.jsonl,876a16d098e1da3f642ef70854cbc985bae5f9e3,2e7f5e98a1a47f2f816626794db12486963cb2f00b416a9525cbdf8437e8f1e0,selected document ids intentionally excluded
internal_blind,qh_e026f617c7f9cbdd,B0,0.75,0.5119039880789703,VERIFIED_FROM_RELEASE,paper_results/per_query_minimal/internal_blind_per_query.jsonl,876a16d098e1da3f642ef70854cbc985bae5f9e3,2e7f5e98a1a47f2f816626794db12486963cb2f00b416a9525cbdf8437e8f1e0,selected document ids intentionally excluded
internal_blind,qh_e026f617c7f9cbdd,D0,0.75,0.601008512276725,VERIFIED_FROM_RELEASE,paper_results/per_query_minimal/internal_blind_per_query.jsonl,876a16d098e1da3f642ef70854cbc985bae5f9e3,2e7f5e98a1a47f2f816626794db12486963cb2f00b416a9525cbdf8437e8f1e0,selected document ids intentionally excluded
internal_blind,qh_e026f617c7f9cbdd,D1,0.75,0.5119039880789703,VERIFIED_FROM_RELEASE,paper_results/per_query_minimal/internal_blind_per_query.jsonl,876a16d098e1da3f642ef70854cbc985bae5f9e3,2e7f5e98a1a47f2f816626794db12486963cb2f00b416a9525cbdf8437e8f1e0,selected document ids intentionally excluded
internal_blind,qh_e026f617c7f9cbdd,D2,0.75,0.6046876227133933,VERIFIED_FROM_RELEASE,paper_results/per_query_minimal/internal_blind_per_query.jsonl,876a16d098e1da3f642ef70854cbc985bae5f9e3,2e7f5e98a1a47f2f816626794db12486963cb2f00b416a9525cbdf8437e8f1e0,selected document ids intentionally excluded
internal_blind,qh_e026f617c7f9cbdd,D3,0.75,0.6046876227133933,VERIFIED_FROM_RELEASE,paper_results/per_query_minimal/internal_blind_per_query.jsonl,876a16d098e1da3f642ef70854cbc985bae5f9e3,2e7f5e98a1a47f2f816626794db12486963cb2f00b416a9525cbdf8437e8f1e0,selected document ids intentionally excluded
internal_blind,qh_7b9cf60f52f8b6f6,B0,1.0,0.4484577378357201,VERIFIED_FROM_RELEASE,paper_results/per_query_minimal/internal_blind_per_query.jsonl,876a16d098e1da3f642ef70854cbc985bae5f9e3,2e7f5e98a1a47f2f816626794db12486963cb2f00b416a9525cbdf8437e8f1e0,selected document ids intentionally excluded
internal_blind,qh_7b9cf60f52f8b6f6,D0,1.0,0.46663328073817417,VERIFIED_FROM_RELEASE,paper_results/per_query_minimal/internal_blind_per_query.jsonl,876a16d098e1da3f642ef70854cbc985bae5f9e3,2e7f5e98a1a47f2f816626794db12486963cb2f00b416a9525cbdf8437e8f1e0,selected document ids intentionally excluded
internal_blind,qh_7b9cf60f52f8b6f6,D1,1.0,0.5498079394995267,VERIFIED_FROM_RELEASE,paper_results/per_query_minimal/internal_blind_per_query.jsonl,876a16d098e1da3f642ef70854cbc985bae5f9e3,2e7f5e98a1a47f2f816626794db12486963cb2f00b416a9525cbdf8437e8f1e0,selected document ids intentionally excluded
internal_blind,qh_7b9cf60f52f8b6f6,D2,1.0,0.5287758723745503,VERIFIED_FROM_RELEASE,paper_results/per_query_minimal/internal_blind_per_query.jsonl,876a16d098e1da3f642ef70854cbc985bae5f9e3,2e7f5e98a1a47f2f816626794db12486963cb2f00b416a9525cbdf8437e8f1e0,selected document ids intentionally excluded
internal_blind,qh_7b9cf60f52f8b6f6,D3,1.0,0.4694898049606965,VERIFIED_FROM_RELEASE,paper_results/per_query_minimal/internal_blind_per_query.jsonl,876a16d098e1da3f642ef70854cbc985bae5f9e3,2e7f5e98a1a47f2f816626794db12486963cb2f00b416a9525cbdf8437e8f1e0,selected document ids intentionally excluded
internal_blind,qh_0128d757b0fcfbe5,B0,1.0,0.5570020051490507,VERIFIED_FROM_RELEASE,paper_results/per_query_minimal/internal_blind_per_query.jsonl,876a16d098e1da3f642ef70854cbc985bae5f9e3,2e7f5e98a1a47f2f816626794db12486963cb2f00b416a9525cbdf8437e8f1e0,selected document ids intentionally excluded
internal_blind,qh_0128d757b0fcfbe5,D0,1.0,0.5687322979923864,VERIFIED_FROM_RELEASE,paper_results/per_query_minimal/internal_blind_per_query.jsonl,876a16d098e1da3f642ef70854cbc985bae5f9e3,2e7f5e98a1a47f2f816626794db12486963cb2f00b416a9525cbdf8437e8f1e0,selected document ids intentionally excluded
internal_blind,qh_0128d757b0fcfbe5,D1,1.0,0.5908870599115219,VERIFIED_FROM_RELEASE,paper_results/per_query_minimal/internal_blind_per_query.jsonl,876a16d098e1da3f642ef70854cbc985bae5f9e3,2e7f5e98a1a47f2f816626794db12486963cb2f00b416a9525cbdf8437e8f1e0,selected document ids intentionally excluded
internal_blind,qh_0128d757b0fcfbe5,D2,1.0,0.5908870599115219,VERIFIED_FROM_RELEASE,paper_results/per_query_minimal/internal_blind_per_query.jsonl,876a16d098e1da3f642ef70854cbc985bae5f9e3,2e7f5e98a1a47f2f816626794db12486963cb2f00b416a9525cbdf8437e8f1e0,selected document ids intentionally excluded
internal_blind,qh_0128d757b0fcfbe5,D3,1.0,0.5908870599115219,VERIFIED_FROM_RELEASE,paper_results/per_query_minimal/internal_blind_per_query.jsonl,876a16d098e1da3f642ef70854cbc985bae5f9e3,2e7f5e98a1a47f2f816626794db12486963cb2f00b416a9525cbdf8437e8f1e0,selected document ids intentionally excluded
internal_blind,qh_6d7c0a6f1ae98daf,B0,1.0,0.6489315753318465,VERIFIED_FROM_RELEASE,paper_results/per_query_minimal/internal_blind_per_query.jsonl,876a16d098e1da3f642ef70854cbc985bae5f9e3,2e7f5e98a1a47f2f816626794db12486963cb2f00b416a9525cbdf8437e8f1e0,selected document ids intentionally excluded
internal_blind,qh_6d7c0a6f1ae98daf,D0,1.0,0.493164369836443,VERIFIED_FROM_RELEASE,paper_results/per_query_minimal/internal_blind_per_query.jsonl,876a16d098e1da3f642ef70854cbc985bae5f9e3,2e7f5e98a1a47f2f816626794db12486963cb2f00b416a9525cbdf8437e8f1e0,selected document ids intentionally excluded
internal_blind,qh_6d7c0a6f1ae98daf,D1,1.0,0.493164369836443,VERIFIED_FROM_RELEASE,paper_results/per_query_minimal/internal_blind_per_query.jsonl,876a16d098e1da3f642ef70854cbc985bae5f9e3,2e7f5e98a1a47f2f816626794db12486963cb2f00b416a9525cbdf8437e8f1e0,selected document ids intentionally excluded
internal_blind,qh_6d7c0a6f1ae98daf,D2,1.0,0.5921694969040991,VERIFIED_FROM_RELEASE,paper_results/per_query_minimal/internal_blind_per_query.jsonl,876a16d098e1da3f642ef70854cbc985bae5f9e3,2e7f5e98a1a47f2f816626794db12486963cb2f00b416a9525cbdf8437e8f1e0,selected document ids intentionally excluded
internal_blind,qh_6d7c0a6f1ae98daf,D3,1.0,0.5921694969040991,VERIFIED_FROM_RELEASE,paper_results/per_query_minimal/internal_blind_per_query.jsonl,876a16d098e1da3f642ef70854cbc985bae5f9e3,2e7f5e98a1a47f2f816626794db12486963cb2f00b416a9525cbdf8437e8f1e0,selected document ids intentionally excluded
internal_blind,qh_4249ee5e065f03bb,B0,1.0,0.5136969948755129,VERIFIED_FROM_RELEASE,paper_results/per_query_minimal/internal_blind_per_query.jsonl,876a16d098e1da3f642ef70854cbc985bae5f9e3,2e7f5e98a1a47f2f816626794db12486963cb2f00b416a9525cbdf8437e8f1e0,selected document ids intentionally excluded
internal_blind,qh_4249ee5e065f03bb,D0,1.0,0.4216760034877121,VERIFIED_FROM_RELEASE,paper_results/per_query_minimal/internal_blind_per_query.jsonl,876a16d098e1da3f642ef70854cbc985bae5f9e3,2e7f5e98a1a47f2f816626794db12486963cb2f00b416a9525cbdf8437e8f1e0,selected document ids intentionally excluded
internal_blind,qh_4249ee5e065f03bb,D1,1.0,0.44082175950694374,VERIFIED_FROM_RELEASE,paper_results/per_query_minimal/internal_blind_per_query.jsonl,876a16d098e1da3f642ef70854cbc985bae5f9e3,2e7f5e98a1a47f2f816626794db12486963cb2f00b416a9525cbdf8437e8f1e0,selected document ids intentionally excluded
internal_blind,qh_4249ee5e065f03bb,D2,1.0,0.5761477611682824,VERIFIED_FROM_RELEASE,paper_results/per_query_minimal/internal_blind_per_query.jsonl,876a16d098e1da3f642ef70854cbc985bae5f9e3,2e7f5e98a1a47f2f816626794db12486963cb2f00b416a9525cbdf8437e8f1e0,selected document ids intentionally excluded
internal_blind,qh_4249ee5e065f03bb,D3,1.0,0.5761477611682824,VERIFIED_FROM_RELEASE,paper_results/per_query_minimal/internal_blind_per_query.jsonl,876a16d098e1da3f642ef70854cbc985bae5f9e3,2e7f5e98a1a47f2f816626794db12486963cb2f00b416a9525cbdf8437e8f1e0,selected document ids intentionally excluded
internal_blind,qh_a22bb0210585fe14,B0,1.0,0.7043094254137643,VERIFIED_FROM_RELEASE,paper_results/per_query_minimal/internal_blind_per_query.jsonl,876a16d098e1da3f642ef70854cbc985bae5f9e3,2e7f5e98a1a47f2f816626794db12486963cb2f00b416a9525cbdf8437e8f1e0,selected document ids intentionally excluded
internal_blind,qh_a22bb0210585fe14,D0,1.0,0.7043094254137643,VERIFIED_FROM_RELEASE,paper_results/per_query_minimal/internal_blind_per_query.jsonl,876a16d098e1da3f642ef70854cbc985bae5f9e3,2e7f5e98a1a47f2f816626794db12486963cb2f00b416a9525cbdf8437e8f1e0,selected document ids intentionally excluded
internal_blind,qh_a22bb0210585fe14,D1,1.0,0.7043094254137643,VERIFIED_FROM_RELEASE,paper_results/per_query_minimal/internal_blind_per_query.jsonl,876a16d098e1da3f642ef70854cbc985bae5f9e3,2e7f5e98a1a47f2f816626794db12486963cb2f00b416a9525cbdf8437e8f1e0,selected document ids intentionally excluded
internal_blind,qh_a22bb0210585fe14,D2,1.0,0.7043094254137643,VERIFIED_FROM_RELEASE,paper_results/per_query_minimal/internal_blind_per_query.jsonl,876a16d098e1da3f642ef70854cbc985bae5f9e3,2e7f5e98a1a47f2f816626794db12486963cb2f00b416a9525cbdf8437e8f1e0,selected document ids intentionally excluded
internal_blind,qh_a22bb0210585fe14,D3,1.0,0.5161381046154747,VERIFIED_FROM_RELEASE,paper_results/per_query_minimal/internal_blind_per_query.jsonl,876a16d098e1da3f642ef70854cbc985bae5f9e3,2e7f5e98a1a47f2f816626794db12486963cb2f00b416a9525cbdf8437e8f1e0,selected document ids intentionally excluded
internal_blind,qh_ef18067e21548eef,B0,0.5,0.6309297535714575,VERIFIED_FROM_RELEASE,paper_results/per_query_minimal/internal_blind_per_query.jsonl,876a16d098e1da3f642ef70854cbc985bae5f9e3,2e7f5e98a1a47f2f816626794db12486963cb2f00b416a9525cbdf8437e8f1e0,selected document ids intentionally excluded
internal_blind,qh_ef18067e21548eef,D0,1.0,0.6309297535714575,VERIFIED_FROM_RELEASE,paper_results/per_query_minimal/internal_blind_per_query.jsonl,876a16d098e1da3f642ef70854cbc985bae5f9e3,2e7f5e98a1a47f2f816626794db12486963cb2f00b416a9525cbdf8437e8f1e0,selected document ids intentionally excluded
internal_blind,qh_ef18067e21548eef,D1,0.5,0.6309297535714575,VERIFIED_FROM_RELEASE,paper_results/per_query_minimal/internal_blind_per_query.jsonl,876a16d098e1da3f642ef70854cbc985bae5f9e3,2e7f5e98a1a47f2f816626794db12486963cb2f00b416a9525cbdf8437e8f1e0,selected document ids intentionally excluded
internal_blind,qh_ef18067e21548eef,D2,1.0,0.6309297535714575,VERIFIED_FROM_RELEASE,paper_results/per_query_minimal/internal_blind_per_query.jsonl,876a16d098e1da3f642ef70854cbc985bae5f9e3,2e7f5e98a1a47f2f816626794db12486963cb2f00b416a9525cbdf8437e8f1e0,selected document ids intentionally excluded
internal_blind,qh_ef18067e21548eef,D3,0.5,1.0,VERIFIED_FROM_RELEASE,paper_results/per_query_minimal/internal_blind_per_query.jsonl,876a16d098e1da3f642ef70854cbc985bae5f9e3,2e7f5e98a1a47f2f816626794db12486963cb2f00b416a9525cbdf8437e8f1e0,selected document ids intentionally excluded
internal_blind,qh_44d951e9bd24cf59,B0,1.0,0.8472196115914239,VERIFIED_FROM_RELEASE,paper_results/per_query_minimal/internal_blind_per_query.jsonl,876a16d098e1da3f642ef70854cbc985bae5f9e3,2e7f5e98a1a47f2f816626794db12486963cb2f00b416a9525cbdf8437e8f1e0,selected document ids intentionally excluded
internal_blind,qh_44d951e9bd24cf59,D0,1.0,0.8472196115914239,VERIFIED_FROM_RELEASE,paper_results/per_query_minimal/internal_blind_per_query.jsonl,876a16d098e1da3f642ef70854cbc985bae5f9e3,2e7f5e98a1a47f2f816626794db12486963cb2f00b416a9525cbdf8437e8f1e0,selected document ids intentionally excluded
internal_blind,qh_44d951e9bd24cf59,D1,1.0,0.723467640971886,VERIFIED_FROM_RELEASE,paper_results/per_query_minimal/internal_blind_per_query.jsonl,876a16d098e1da3f642ef70854cbc985bae5f9e3,2e7f5e98a1a47f2f816626794db12486963cb2f00b416a9525cbdf8437e8f1e0,selected document ids intentionally excluded
internal_blind,qh_44d951e9bd24cf59,D2,1.0,0.6123081261630571,VERIFIED_FROM_RELEASE,paper_results/per_query_minimal/internal_blind_per_query.jsonl,876a16d098e1da3f642ef70854cbc985bae5f9e3,2e7f5e98a1a47f2f816626794db12486963cb2f00b416a9525cbdf8437e8f1e0,selected document ids intentionally excluded
internal_blind,qh_44d951e9bd24cf59,D3,1.0,0.6123081261630571,VERIFIED_FROM_RELEASE,paper_results/per_query_minimal/internal_blind_per_query.jsonl,876a16d098e1da3f642ef70854cbc985bae5f9e3,2e7f5e98a1a47f2f816626794db12486963cb2f00b416a9525cbdf8437e8f1e0,selected document ids intentionally excluded
internal_blind,qh_1a6085c9aa01e97a,B0,1.0,0.4288398090337664,VERIFIED_FROM_RELEASE,paper_results/per_query_minimal/internal_blind_per_query.jsonl,876a16d098e1da3f642ef70854cbc985bae5f9e3,2e7f5e98a1a47f2f816626794db12486963cb2f00b416a9525cbdf8437e8f1e0,selected document ids intentionally excluded
internal_blind,qh_1a6085c9aa01e97a,D0,1.0,0.4288398090337664,VERIFIED_FROM_RELEASE,paper_results/per_query_minimal/internal_blind_per_query.jsonl,876a16d098e1da3f642ef70854cbc985bae5f9e3,2e7f5e98a1a47f2f816626794db12486963cb2f00b416a9525cbdf8437e8f1e0,selected document ids intentionally excluded
internal_blind,qh_1a6085c9aa01e97a,D1,1.0,0.5100691314582919,VERIFIED_FROM_RELEASE,paper_results/per_query_minimal/internal_blind_per_query.jsonl,876a16d098e1da3f642ef70854cbc985bae5f9e3,2e7f5e98a1a47f2f816626794db12486963cb2f00b416a9525cbdf8437e8f1e0,selected document ids intentionally excluded
internal_blind,qh_1a6085c9aa01e97a,D2,1.0,0.5100691314582919,VERIFIED_FROM_RELEASE,paper_results/per_query_minimal/internal_blind_per_query.jsonl,876a16d098e1da3f642ef70854cbc985bae5f9e3,2e7f5e98a1a47f2f816626794db12486963cb2f00b416a9525cbdf8437e8f1e0,selected document ids intentionally excluded
internal_blind,qh_1a6085c9aa01e97a,D3,1.0,0.5100691314582919,VERIFIED_FROM_RELEASE,paper_results/per_query_minimal/internal_blind_per_query.jsonl,876a16d098e1da3f642ef70854cbc985bae5f9e3,2e7f5e98a1a47f2f816626794db12486963cb2f00b416a9525cbdf8437e8f1e0,selected document ids intentionally excluded
internal_blind,qh_181f2f324a036a2b,B0,1.0,0.5842273861585909,VERIFIED_FROM_RELEASE,paper_results/per_query_minimal/internal_blind_per_query.jsonl,876a16d098e1da3f642ef70854cbc985bae5f9e3,2e7f5e98a1a47f2f816626794db12486963cb2f00b416a9525cbdf8437e8f1e0,selected document ids intentionally excluded
internal_blind,qh_181f2f324a036a2b,D0,1.0,0.5709662133861838,VERIFIED_FROM_RELEASE,paper_results/per_query_minimal/internal_blind_per_query.jsonl,876a16d098e1da3f642ef70854cbc985bae5f9e3,2e7f5e98a1a47f2f816626794db12486963cb2f00b416a9525cbdf8437e8f1e0,selected document ids intentionally excluded
internal_blind,qh_181f2f324a036a2b,D1,1.0,0.6238470455881189,VERIFIED_FROM_RELEASE,paper_results/per_query_minimal/internal_blind_per_query.jsonl,876a16d098e1da3f642ef70854cbc985bae5f9e3,2e7f5e98a1a47f2f816626794db12486963cb2f00b416a9525cbdf8437e8f1e0,selected document ids intentionally excluded
internal_blind,qh_181f2f324a036a2b,D2,1.0,0.6238470455881189,VERIFIED_FROM_RELEASE,paper_results/per_query_minimal/internal_blind_per_query.jsonl,876a16d098e1da3f642ef70854cbc985bae5f9e3,2e7f5e98a1a47f2f816626794db12486963cb2f00b416a9525cbdf8437e8f1e0,selected document ids intentionally excluded
internal_blind,qh_181f2f324a036a2b,D3,1.0,0.5709662133861838,VERIFIED_FROM_RELEASE,paper_results/per_query_minimal/internal_blind_per_query.jsonl,876a16d098e1da3f642ef70854cbc985bae5f9e3,2e7f5e98a1a47f2f816626794db12486963cb2f00b416a9525cbdf8437e8f1e0,selected document ids intentionally excluded
internal_blind,qh_48e9c3366203215e,B0,1.0,0.25584686552670244,VERIFIED_FROM_RELEASE,paper_results/per_query_minimal/internal_blind_per_query.jsonl,876a16d098e1da3f642ef70854cbc985bae5f9e3,2e7f5e98a1a47f2f816626794db12486963cb2f00b416a9525cbdf8437e8f1e0,selected document ids intentionally excluded
internal_blind,qh_48e9c3366203215e,D0,1.0,0.21341637058200158,VERIFIED_FROM_RELEASE,paper_results/per_query_minimal/internal_blind_per_query.jsonl,876a16d098e1da3f642ef70854cbc985bae5f9e3,2e7f5e98a1a47f2f816626794db12486963cb2f00b416a9525cbdf8437e8f1e0,selected document ids intentionally excluded
internal_blind,qh_48e9c3366203215e,D1,1.0,0.22670224297694638,VERIFIED_FROM_RELEASE,paper_results/per_query_minimal/internal_blind_per_query.jsonl,876a16d098e1da3f642ef70854cbc985bae5f9e3,2e7f5e98a1a47f2f816626794db12486963cb2f00b416a9525cbdf8437e8f1e0,selected document ids intentionally excluded
internal_blind,qh_48e9c3366203215e,D2,1.0,0.4482586511586827,VERIFIED_FROM_RELEASE,paper_results/per_query_minimal/internal_blind_per_query.jsonl,876a16d098e1da3f642ef70854cbc985bae5f9e3,2e7f5e98a1a47f2f816626794db12486963cb2f00b416a9525cbdf8437e8f1e0,selected document ids intentionally excluded
internal_blind,qh_48e9c3366203215e,D3,1.0,0.4482586511586827,VERIFIED_FROM_RELEASE,paper_results/per_query_minimal/internal_blind_per_query.jsonl,876a16d098e1da3f642ef70854cbc985bae5f9e3,2e7f5e98a1a47f2f816626794db12486963cb2f00b416a9525cbdf8437e8f1e0,selected document ids intentionally excluded
internal_blind,qh_80bd9191e811ef23,B0,1.0,0.6485005116042648,VERIFIED_FROM_RELEASE,paper_results/per_query_minimal/internal_blind_per_query.jsonl,876a16d098e1da3f642ef70854cbc985bae5f9e3,2e7f5e98a1a47f2f816626794db12486963cb2f00b416a9525cbdf8437e8f1e0,selected document ids intentionally excluded
internal_blind,qh_80bd9191e811ef23,D0,1.0,0.47815086369258675,VERIFIED_FROM_RELEASE,paper_results/per_query_minimal/internal_blind_per_query.jsonl,876a16d098e1da3f642ef70854cbc985bae5f9e3,2e7f5e98a1a47f2f816626794db12486963cb2f00b416a9525cbdf8437e8f1e0,selected document ids intentionally excluded
internal_blind,qh_80bd9191e811ef23,D1,1.0,0.5881472048611796,VERIFIED_FROM_RELEASE,paper_results/per_query_minimal/internal_blind_per_query.jsonl,876a16d098e1da3f642ef70854cbc985bae5f9e3,2e7f5e98a1a47f2f816626794db12486963cb2f00b416a9525cbdf8437e8f1e0,selected document ids intentionally excluded
internal_blind,qh_80bd9191e811ef23,D2,1.0,0.5428068956126282,VERIFIED_FROM_RELEASE,paper_results/per_query_minimal/internal_blind_per_query.jsonl,876a16d098e1da3f642ef70854cbc985bae5f9e3,2e7f5e98a1a47f2f816626794db12486963cb2f00b416a9525cbdf8437e8f1e0,selected document ids intentionally excluded
internal_blind,qh_80bd9191e811ef23,D3,1.0,0.5428068956126282,VERIFIED_FROM_RELEASE,paper_results/per_query_minimal/internal_blind_per_query.jsonl,876a16d098e1da3f642ef70854cbc985bae5f9e3,2e7f5e98a1a47f2f816626794db12486963cb2f00b416a9525cbdf8437e8f1e0,selected document ids intentionally excluded
internal_blind,qh_3d73b9581bf1c22a,B0,1.0,0.787702056960637,VERIFIED_FROM_RELEASE,paper_results/per_query_minimal/internal_blind_per_query.jsonl,876a16d098e1da3f642ef70854cbc985bae5f9e3,2e7f5e98a1a47f2f816626794db12486963cb2f00b416a9525cbdf8437e8f1e0,selected document ids intentionally excluded
internal_blind,qh_3d73b9581bf1c22a,D0,1.0,0.787702056960637,VERIFIED_FROM_RELEASE,paper_results/per_query_minimal/internal_blind_per_query.jsonl,876a16d098e1da3f642ef70854cbc985bae5f9e3,2e7f5e98a1a47f2f816626794db12486963cb2f00b416a9525cbdf8437e8f1e0,selected document ids intentionally excluded
internal_blind,qh_3d73b9581bf1c22a,D1,1.0,0.787702056960637,VERIFIED_FROM_RELEASE,paper_results/per_query_minimal/internal_blind_per_query.jsonl,876a16d098e1da3f642ef70854cbc985bae5f9e3,2e7f5e98a1a47f2f816626794db12486963cb2f00b416a9525cbdf8437e8f1e0,selected document ids intentionally excluded
internal_blind,qh_3d73b9581bf1c22a,D2,1.0,0.6366824387328317,VERIFIED_FROM_RELEASE,paper_results/per_query_minimal/internal_blind_per_query.jsonl,876a16d098e1da3f642ef70854cbc985bae5f9e3,2e7f5e98a1a47f2f816626794db12486963cb2f00b416a9525cbdf8437e8f1e0,selected document ids intentionally excluded
internal_blind,qh_3d73b9581bf1c22a,D3,1.0,0.6366824387328317,VERIFIED_FROM_RELEASE,paper_results/per_query_minimal/internal_blind_per_query.jsonl,876a16d098e1da3f642ef70854cbc985bae5f9e3,2e7f5e98a1a47f2f816626794db12486963cb2f00b416a9525cbdf8437e8f1e0,selected document ids intentionally excluded
internal_blind,qh_88cf05ed86741492,B0,0.5,0.6489315753318465,VERIFIED_FROM_RELEASE,paper_results/per_query_minimal/internal_blind_per_query.jsonl,876a16d098e1da3f642ef70854cbc985bae5f9e3,2e7f5e98a1a47f2f816626794db12486963cb2f00b416a9525cbdf8437e8f1e0,selected document ids intentionally excluded
internal_blind,qh_88cf05ed86741492,D0,1.0,0.6489315753318465,VERIFIED_FROM_RELEASE,paper_results/per_query_minimal/internal_blind_per_query.jsonl,876a16d098e1da3f642ef70854cbc985bae5f9e3,2e7f5e98a1a47f2f816626794db12486963cb2f00b416a9525cbdf8437e8f1e0,selected document ids intentionally excluded
internal_blind,qh_88cf05ed86741492,D1,0.5,0.6489315753318465,VERIFIED_FROM_RELEASE,paper_results/per_query_minimal/internal_blind_per_query.jsonl,876a16d098e1da3f642ef70854cbc985bae5f9e3,2e7f5e98a1a47f2f816626794db12486963cb2f00b416a9525cbdf8437e8f1e0,selected document ids intentionally excluded
internal_blind,qh_88cf05ed86741492,D2,0.5,0.5921694969040991,VERIFIED_FROM_RELEASE,paper_results/per_query_minimal/internal_blind_per_query.jsonl,876a16d098e1da3f642ef70854cbc985bae5f9e3,2e7f5e98a1a47f2f816626794db12486963cb2f00b416a9525cbdf8437e8f1e0,selected document ids intentionally excluded
internal_blind,qh_88cf05ed86741492,D3,0.5,0.41980044773708297,VERIFIED_FROM_RELEASE,paper_results/per_query_minimal/internal_blind_per_query.jsonl,876a16d098e1da3f642ef70854cbc985bae5f9e3,2e7f5e98a1a47f2f816626794db12486963cb2f00b416a9525cbdf8437e8f1e0,selected document ids intentionally excluded
internal_blind,qh_4c5d7c062d75dae7,B0,1.0,1.0,VERIFIED_FROM_RELEASE,paper_results/per_query_minimal/internal_blind_per_query.jsonl,876a16d098e1da3f642ef70854cbc985bae5f9e3,2e7f5e98a1a47f2f816626794db12486963cb2f00b416a9525cbdf8437e8f1e0,selected document ids intentionally excluded
internal_blind,qh_4c5d7c062d75dae7,D0,1.0,0.7653606369886217,VERIFIED_FROM_RELEASE,paper_results/per_query_minimal/internal_blind_per_query.jsonl,876a16d098e1da3f642ef70854cbc985bae5f9e3,2e7f5e98a1a47f2f816626794db12486963cb2f00b416a9525cbdf8437e8f1e0,selected document ids intentionally excluded
internal_blind,qh_4c5d7c062d75dae7,D1,1.0,0.8529278650606567,VERIFIED_FROM_RELEASE,paper_results/per_query_minimal/internal_blind_per_query.jsonl,876a16d098e1da3f642ef70854cbc985bae5f9e3,2e7f5e98a1a47f2f816626794db12486963cb2f00b416a9525cbdf8437e8f1e0,selected document ids intentionally excluded
internal_blind,qh_4c5d7c062d75dae7,D2,1.0,1.0,VERIFIED_FROM_RELEASE,paper_results/per_query_minimal/internal_blind_per_query.jsonl,876a16d098e1da3f642ef70854cbc985bae5f9e3,2e7f5e98a1a47f2f816626794db12486963cb2f00b416a9525cbdf8437e8f1e0,selected document ids intentionally excluded
internal_blind,qh_4c5d7c062d75dae7,D3,1.0,0.8529278650606567,VERIFIED_FROM_RELEASE,paper_results/per_query_minimal/internal_blind_per_query.jsonl,876a16d098e1da3f642ef70854cbc985bae5f9e3,2e7f5e98a1a47f2f816626794db12486963cb2f00b416a9525cbdf8437e8f1e0,selected document ids intentionally excluded
internal_blind,qh_f981eab25e726252,B0,0.6666666666666666,0.7112419893418643,VERIFIED_FROM_RELEASE,paper_results/per_query_minimal/internal_blind_per_query.jsonl,876a16d098e1da3f642ef70854cbc985bae5f9e3,2e7f5e98a1a47f2f816626794db12486963cb2f00b416a9525cbdf8437e8f1e0,selected document ids intentionally excluded
internal_blind,qh_f981eab25e726252,D0,1.0,0.23982753477153432,VERIFIED_FROM_RELEASE,paper_results/per_query_minimal/internal_blind_per_query.jsonl,876a16d098e1da3f642ef70854cbc985bae5f9e3,2e7f5e98a1a47f2f816626794db12486963cb2f00b416a9525cbdf8437e8f1e0,selected document ids intentionally excluded
internal_blind,qh_f981eab25e726252,D1,1.0,0.6043081596499814,VERIFIED_FROM_RELEASE,paper_results/per_query_minimal/internal_blind_per_query.jsonl,876a16d098e1da3f642ef70854cbc985bae5f9e3,2e7f5e98a1a47f2f816626794db12486963cb2f00b416a9525cbdf8437e8f1e0,selected document ids intentionally excluded
internal_blind,qh_f981eab25e726252,D2,0.6666666666666666,0.6493900192895258,VERIFIED_FROM_RELEASE,paper_results/per_query_minimal/internal_blind_per_query.jsonl,876a16d098e1da3f642ef70854cbc985bae5f9e3,2e7f5e98a1a47f2f816626794db12486963cb2f00b416a9525cbdf8437e8f1e0,selected document ids intentionally excluded
internal_blind,qh_f981eab25e726252,D3,0.6666666666666666,0.6493900192895258,VERIFIED_FROM_RELEASE,paper_results/per_query_minimal/internal_blind_per_query.jsonl,876a16d098e1da3f642ef70854cbc985bae5f9e3,2e7f5e98a1a47f2f816626794db12486963cb2f00b416a9525cbdf8437e8f1e0,selected document ids intentionally excluded
internal_blind,qh_9ea5da356e4cf03d,B0,1.0,0.6489315753318465,VERIFIED_FROM_RELEASE,paper_results/per_query_minimal/internal_blind_per_query.jsonl,876a16d098e1da3f642ef70854cbc985bae5f9e3,2e7f5e98a1a47f2f816626794db12486963cb2f00b416a9525cbdf8437e8f1e0,selected document ids intentionally excluded
internal_blind,qh_9ea5da356e4cf03d,D0,1.0,0.6489315753318465,VERIFIED_FROM_RELEASE,paper_results/per_query_minimal/internal_blind_per_query.jsonl,876a16d098e1da3f642ef70854cbc985bae5f9e3,2e7f5e98a1a47f2f816626794db12486963cb2f00b416a9525cbdf8437e8f1e0,selected document ids intentionally excluded
internal_blind,qh_9ea5da356e4cf03d,D1,1.0,0.6489315753318465,VERIFIED_FROM_RELEASE,paper_results/per_query_minimal/internal_blind_per_query.jsonl,876a16d098e1da3f642ef70854cbc985bae5f9e3,2e7f5e98a1a47f2f816626794db12486963cb2f00b416a9525cbdf8437e8f1e0,selected document ids intentionally excluded
internal_blind,qh_9ea5da356e4cf03d,D2,1.0,0.6489315753318465,VERIFIED_FROM_RELEASE,paper_results/per_query_minimal/internal_blind_per_query.jsonl,876a16d098e1da3f642ef70854cbc985bae5f9e3,2e7f5e98a1a47f2f816626794db12486963cb2f00b416a9525cbdf8437e8f1e0,selected document ids intentionally excluded
internal_blind,qh_9ea5da356e4cf03d,D3,1.0,0.6489315753318465,VERIFIED_FROM_RELEASE,paper_results/per_query_minimal/internal_blind_per_query.jsonl,876a16d098e1da3f642ef70854cbc985bae5f9e3,2e7f5e98a1a47f2f816626794db12486963cb2f00b416a9525cbdf8437e8f1e0,selected document ids intentionally excluded
internal_blind,qh_35b91e628e1db7a6,B0,1.0,0.75369761125927,VERIFIED_FROM_RELEASE,paper_results/per_query_minimal/internal_blind_per_query.jsonl,876a16d098e1da3f642ef70854cbc985bae5f9e3,2e7f5e98a1a47f2f816626794db12486963cb2f00b416a9525cbdf8437e8f1e0,selected document ids intentionally excluded
internal_blind,qh_35b91e628e1db7a6,D0,1.0,0.5855700749881525,VERIFIED_FROM_RELEASE,paper_results/per_query_minimal/internal_blind_per_query.jsonl,876a16d098e1da3f642ef70854cbc985bae5f9e3,2e7f5e98a1a47f2f816626794db12486963cb2f00b416a9525cbdf8437e8f1e0,selected document ids intentionally excluded
internal_blind,qh_35b91e628e1db7a6,D1,1.0,0.787702056960637,VERIFIED_FROM_RELEASE,paper_results/per_query_minimal/internal_blind_per_query.jsonl,876a16d098e1da3f642ef70854cbc985bae5f9e3,2e7f5e98a1a47f2f816626794db12486963cb2f00b416a9525cbdf8437e8f1e0,selected document ids intentionally excluded
internal_blind,qh_35b91e628e1db7a6,D2,1.0,0.6366824387328317,VERIFIED_FROM_RELEASE,paper_results/per_query_minimal/internal_blind_per_query.jsonl,876a16d098e1da3f642ef70854cbc985bae5f9e3,2e7f5e98a1a47f2f816626794db12486963cb2f00b416a9525cbdf8437e8f1e0,selected document ids intentionally excluded
internal_blind,qh_35b91e628e1db7a6,D3,1.0,0.5413996682199069,VERIFIED_FROM_RELEASE,paper_results/per_query_minimal/internal_blind_per_query.jsonl,876a16d098e1da3f642ef70854cbc985bae5f9e3,2e7f5e98a1a47f2f816626794db12486963cb2f00b416a9525cbdf8437e8f1e0,selected document ids intentionally excluded
internal_blind,qh_79c3b7f9e4875ed0,B0,0.0,0.6489315753318465,VERIFIED_FROM_RELEASE,paper_results/per_query_minimal/internal_blind_per_query.jsonl,876a16d098e1da3f642ef70854cbc985bae5f9e3,2e7f5e98a1a47f2f816626794db12486963cb2f00b416a9525cbdf8437e8f1e0,selected document ids intentionally excluded
internal_blind,qh_79c3b7f9e4875ed0,D0,1.0,0.6489315753318465,VERIFIED_FROM_RELEASE,paper_results/per_query_minimal/internal_blind_per_query.jsonl,876a16d098e1da3f642ef70854cbc985bae5f9e3,2e7f5e98a1a47f2f816626794db12486963cb2f00b416a9525cbdf8437e8f1e0,selected document ids intentionally excluded
internal_blind,qh_79c3b7f9e4875ed0,D1,0.0,0.6489315753318465,VERIFIED_FROM_RELEASE,paper_results/per_query_minimal/internal_blind_per_query.jsonl,876a16d098e1da3f642ef70854cbc985bae5f9e3,2e7f5e98a1a47f2f816626794db12486963cb2f00b416a9525cbdf8437e8f1e0,selected document ids intentionally excluded
internal_blind,qh_79c3b7f9e4875ed0,D2,0.0,0.6489315753318465,VERIFIED_FROM_RELEASE,paper_results/per_query_minimal/internal_blind_per_query.jsonl,876a16d098e1da3f642ef70854cbc985bae5f9e3,2e7f5e98a1a47f2f816626794db12486963cb2f00b416a9525cbdf8437e8f1e0,selected document ids intentionally excluded
internal_blind,qh_79c3b7f9e4875ed0,D3,0.0,0.6489315753318465,VERIFIED_FROM_RELEASE,paper_results/per_query_minimal/internal_blind_per_query.jsonl,876a16d098e1da3f642ef70854cbc985bae5f9e3,2e7f5e98a1a47f2f816626794db12486963cb2f00b416a9525cbdf8437e8f1e0,selected document ids intentionally excluded
internal_blind,qh_dc9dc3e6fb60ffed,B0,1.0,0.35583989829307827,VERIFIED_FROM_RELEASE,paper_results/per_query_minimal/internal_blind_per_query.jsonl,876a16d098e1da3f642ef70854cbc985bae5f9e3,2e7f5e98a1a47f2f816626794db12486963cb2f00b416a9525cbdf8437e8f1e0,selected document ids intentionally excluded
internal_blind,qh_dc9dc3e6fb60ffed,D0,1.0,0.41311732856427996,VERIFIED_FROM_RELEASE,paper_results/per_query_minimal/internal_blind_per_query.jsonl,876a16d098e1da3f642ef70854cbc985bae5f9e3,2e7f5e98a1a47f2f816626794db12486963cb2f00b416a9525cbdf8437e8f1e0,selected document ids intentionally excluded
internal_blind,qh_dc9dc3e6fb60ffed,D1,1.0,0.41311732856427996,VERIFIED_FROM_RELEASE,paper_results/per_query_minimal/internal_blind_per_query.jsonl,876a16d098e1da3f642ef70854cbc985bae5f9e3,2e7f5e98a1a47f2f816626794db12486963cb2f00b416a9525cbdf8437e8f1e0,selected document ids intentionally excluded
internal_blind,qh_dc9dc3e6fb60ffed,D2,1.0,0.3196311965446524,VERIFIED_FROM_RELEASE,paper_results/per_query_minimal/internal_blind_per_query.jsonl,876a16d098e1da3f642ef70854cbc985bae5f9e3,2e7f5e98a1a47f2f816626794db12486963cb2f00b416a9525cbdf8437e8f1e0,selected document ids intentionally excluded
internal_blind,qh_dc9dc3e6fb60ffed,D3,1.0,0.3196311965446524,VERIFIED_FROM_RELEASE,paper_results/per_query_minimal/internal_blind_per_query.jsonl,876a16d098e1da3f642ef70854cbc985bae5f9e3,2e7f5e98a1a47f2f816626794db12486963cb2f00b416a9525cbdf8437e8f1e0,selected document ids intentionally excluded
internal_blind,qh_cb72d23bf1cec07f,B0,1.0,0.6489315753318465,VERIFIED_FROM_RELEASE,paper_results/per_query_minimal/internal_blind_per_query.jsonl,876a16d098e1da3f642ef70854cbc985bae5f9e3,2e7f5e98a1a47f2f816626794db12486963cb2f00b416a9525cbdf8437e8f1e0,selected document ids intentionally excluded
internal_blind,qh_cb72d23bf1cec07f,D0,1.0,0.6489315753318465,VERIFIED_FROM_RELEASE,paper_results/per_query_minimal/internal_blind_per_query.jsonl,876a16d098e1da3f642ef70854cbc985bae5f9e3,2e7f5e98a1a47f2f816626794db12486963cb2f00b416a9525cbdf8437e8f1e0,selected document ids intentionally excluded
internal_blind,qh_cb72d23bf1cec07f,D1,1.0,0.6489315753318465,VERIFIED_FROM_RELEASE,paper_results/per_query_minimal/internal_blind_per_query.jsonl,876a16d098e1da3f642ef70854cbc985bae5f9e3,2e7f5e98a1a47f2f816626794db12486963cb2f00b416a9525cbdf8437e8f1e0,selected document ids intentionally excluded
internal_blind,qh_cb72d23bf1cec07f,D2,1.0,0.6489315753318465,VERIFIED_FROM_RELEASE,paper_results/per_query_minimal/internal_blind_per_query.jsonl,876a16d098e1da3f642ef70854cbc985bae5f9e3,2e7f5e98a1a47f2f816626794db12486963cb2f00b416a9525cbdf8437e8f1e0,selected document ids intentionally excluded
internal_blind,qh_cb72d23bf1cec07f,D3,1.0,0.6489315753318465,VERIFIED_FROM_RELEASE,paper_results/per_query_minimal/internal_blind_per_query.jsonl,876a16d098e1da3f642ef70854cbc985bae5f9e3,2e7f5e98a1a47f2f816626794db12486963cb2f00b416a9525cbdf8437e8f1e0,selected document ids intentionally excluded
internal_blind,qh_35e6149507125878,B0,1.0,0.5761477611682824,VERIFIED_FROM_RELEASE,paper_results/per_query_minimal/internal_blind_per_query.jsonl,876a16d098e1da3f642ef70854cbc985bae5f9e3,2e7f5e98a1a47f2f816626794db12486963cb2f00b416a9525cbdf8437e8f1e0,selected document ids intentionally excluded
internal_blind,qh_35e6149507125878,D0,1.0,0.7483678234919958,VERIFIED_FROM_RELEASE,paper_results/per_query_minimal/internal_blind_per_query.jsonl,876a16d098e1da3f642ef70854cbc985bae5f9e3,2e7f5e98a1a47f2f816626794db12486963cb2f00b416a9525cbdf8437e8f1e0,selected document ids intentionally excluded
internal_blind,qh_35e6149507125878,D1,1.0,0.6416075333609557,VERIFIED_FROM_RELEASE,paper_results/per_query_minimal/internal_blind_per_query.jsonl,876a16d098e1da3f642ef70854cbc985bae5f9e3,2e7f5e98a1a47f2f816626794db12486963cb2f00b416a9525cbdf8437e8f1e0,selected document ids intentionally excluded
internal_blind,qh_35e6149507125878,D2,1.0,0.6416075333609557,VERIFIED_FROM_RELEASE,paper_results/per_query_minimal/internal_blind_per_query.jsonl,876a16d098e1da3f642ef70854cbc985bae5f9e3,2e7f5e98a1a47f2f816626794db12486963cb2f00b416a9525cbdf8437e8f1e0,selected document ids intentionally excluded
internal_blind,qh_35e6149507125878,D3,1.0,0.5908870599115219,VERIFIED_FROM_RELEASE,paper_results/per_query_minimal/internal_blind_per_query.jsonl,876a16d098e1da3f642ef70854cbc985bae5f9e3,2e7f5e98a1a47f2f816626794db12486963cb2f00b416a9525cbdf8437e8f1e0,selected document ids intentionally excluded
internal_blind,qh_45f6cfcdf2ea6580,B0,1.0,0.33484598185538733,VERIFIED_FROM_RELEASE,paper_results/per_query_minimal/internal_blind_per_query.jsonl,876a16d098e1da3f642ef70854cbc985bae5f9e3,2e7f5e98a1a47f2f816626794db12486963cb2f00b416a9525cbdf8437e8f1e0,selected document ids intentionally excluded
internal_blind,qh_45f6cfcdf2ea6580,D0,1.0,0.33484598185538733,VERIFIED_FROM_RELEASE,paper_results/per_query_minimal/internal_blind_per_query.jsonl,876a16d098e1da3f642ef70854cbc985bae5f9e3,2e7f5e98a1a47f2f816626794db12486963cb2f00b416a9525cbdf8437e8f1e0,selected document ids intentionally excluded
internal_blind,qh_45f6cfcdf2ea6580,D1,1.0,0.33484598185538733,VERIFIED_FROM_RELEASE,paper_results/per_query_minimal/internal_blind_per_query.jsonl,876a16d098e1da3f642ef70854cbc985bae5f9e3,2e7f5e98a1a47f2f816626794db12486963cb2f00b416a9525cbdf8437e8f1e0,selected document ids intentionally excluded
internal_blind,qh_45f6cfcdf2ea6580,D2,1.0,0.33484598185538733,VERIFIED_FROM_RELEASE,paper_results/per_query_minimal/internal_blind_per_query.jsonl,876a16d098e1da3f642ef70854cbc985bae5f9e3,2e7f5e98a1a47f2f816626794db12486963cb2f00b416a9525cbdf8437e8f1e0,selected document ids intentionally excluded
internal_blind,qh_45f6cfcdf2ea6580,D3,1.0,0.5759716637347413,VERIFIED_FROM_RELEASE,paper_results/per_query_minimal/internal_blind_per_query.jsonl,876a16d098e1da3f642ef70854cbc985bae5f9e3,2e7f5e98a1a47f2f816626794db12486963cb2f00b416a9525cbdf8437e8f1e0,selected document ids intentionally excluded
internal_blind,qh_a8a3f38f119ee703,B0,1.0,0.510069131458292,VERIFIED_FROM_RELEASE,paper_results/per_query_minimal/internal_blind_per_query.jsonl,876a16d098e1da3f642ef70854cbc985bae5f9e3,2e7f5e98a1a47f2f816626794db12486963cb2f00b416a9525cbdf8437e8f1e0,selected document ids intentionally excluded
internal_blind,qh_a8a3f38f119ee703,D0,1.0,0.510069131458292,VERIFIED_FROM_RELEASE,paper_results/per_query_minimal/internal_blind_per_query.jsonl,876a16d098e1da3f642ef70854cbc985bae5f9e3,2e7f5e98a1a47f2f816626794db12486963cb2f00b416a9525cbdf8437e8f1e0,selected document ids intentionally excluded
internal_blind,qh_a8a3f38f119ee703,D1,1.0,0.510069131458292,VERIFIED_FROM_RELEASE,paper_results/per_query_minimal/internal_blind_per_query.jsonl,876a16d098e1da3f642ef70854cbc985bae5f9e3,2e7f5e98a1a47f2f816626794db12486963cb2f00b416a9525cbdf8437e8f1e0,selected document ids intentionally excluded
internal_blind,qh_a8a3f38f119ee703,D2,1.0,0.5388856921828065,VERIFIED_FROM_RELEASE,paper_results/per_query_minimal/internal_blind_per_query.jsonl,876a16d098e1da3f642ef70854cbc985bae5f9e3,2e7f5e98a1a47f2f816626794db12486963cb2f00b416a9525cbdf8437e8f1e0,selected document ids intentionally excluded
internal_blind,qh_a8a3f38f119ee703,D3,1.0,0.5388856921828065,VERIFIED_FROM_RELEASE,paper_results/per_query_minimal/internal_blind_per_query.jsonl,876a16d098e1da3f642ef70854cbc985bae5f9e3,2e7f5e98a1a47f2f816626794db12486963cb2f00b416a9525cbdf8437e8f1e0,selected document ids intentionally excluded
internal_blind,qh_9a36b9956952a335,B0,1.0,0.6509209298071326,VERIFIED_FROM_RELEASE,paper_results/per_query_minimal/internal_blind_per_query.jsonl,876a16d098e1da3f642ef70854cbc985bae5f9e3,2e7f5e98a1a47f2f816626794db12486963cb2f00b416a9525cbdf8437e8f1e0,selected document ids intentionally excluded
internal_blind,qh_9a36b9956952a335,D0,1.0,0.6131471927654584,VERIFIED_FROM_RELEASE,paper_results/per_query_minimal/internal_blind_per_query.jsonl,876a16d098e1da3f642ef70854cbc985bae5f9e3,2e7f5e98a1a47f2f816626794db12486963cb2f00b416a9525cbdf8437e8f1e0,selected document ids intentionally excluded
internal_blind,qh_9a36b9956952a335,D1,1.0,0.9197207891481876,VERIFIED_FROM_RELEASE,paper_results/per_query_minimal/internal_blind_per_query.jsonl,876a16d098e1da3f642ef70854cbc985bae5f9e3,2e7f5e98a1a47f2f816626794db12486963cb2f00b416a9525cbdf8437e8f1e0,selected document ids intentionally excluded
internal_blind,qh_9a36b9956952a335,D2,1.0,0.6509209298071326,VERIFIED_FROM_RELEASE,paper_results/per_query_minimal/internal_blind_per_query.jsonl,876a16d098e1da3f642ef70854cbc985bae5f9e3,2e7f5e98a1a47f2f816626794db12486963cb2f00b416a9525cbdf8437e8f1e0,selected document ids intentionally excluded
internal_blind,qh_9a36b9956952a335,D3,1.0,0.23719771276929622,VERIFIED_FROM_RELEASE,paper_results/per_query_minimal/internal_blind_per_query.jsonl,876a16d098e1da3f642ef70854cbc985bae5f9e3,2e7f5e98a1a47f2f816626794db12486963cb2f00b416a9525cbdf8437e8f1e0,selected document ids intentionally excluded
internal_blind,qh_e365a4406d8a9eae,B0,1.0,0.4073472133243204,VERIFIED_FROM_RELEASE,paper_results/per_query_minimal/internal_blind_per_query.jsonl,876a16d098e1da3f642ef70854cbc985bae5f9e3,2e7f5e98a1a47f2f816626794db12486963cb2f00b416a9525cbdf8437e8f1e0,selected document ids intentionally excluded
internal_blind,qh_e365a4406d8a9eae,D0,1.0,0.39778263700381683,VERIFIED_FROM_RELEASE,paper_results/per_query_minimal/internal_blind_per_query.jsonl,876a16d098e1da3f642ef70854cbc985bae5f9e3,2e7f5e98a1a47f2f816626794db12486963cb2f00b416a9525cbdf8437e8f1e0,selected document ids intentionally excluded
internal_blind,qh_e365a4406d8a9eae,D1,1.0,0.49627631444510106,VERIFIED_FROM_RELEASE,paper_results/per_query_minimal/internal_blind_per_query.jsonl,876a16d098e1da3f642ef70854cbc985bae5f9e3,2e7f5e98a1a47f2f816626794db12486963cb2f00b416a9525cbdf8437e8f1e0,selected document ids intentionally excluded
internal_blind,qh_e365a4406d8a9eae,D2,1.0,0.4892366306133589,VERIFIED_FROM_RELEASE,paper_results/per_query_minimal/internal_blind_per_query.jsonl,876a16d098e1da3f642ef70854cbc985bae5f9e3,2e7f5e98a1a47f2f816626794db12486963cb2f00b416a9525cbdf8437e8f1e0,selected document ids intentionally excluded
internal_blind,qh_e365a4406d8a9eae,D3,1.0,0.4892366306133589,VERIFIED_FROM_RELEASE,paper_results/per_query_minimal/internal_blind_per_query.jsonl,876a16d098e1da3f642ef70854cbc985bae5f9e3,2e7f5e98a1a47f2f816626794db12486963cb2f00b416a9525cbdf8437e8f1e0,selected document ids intentionally excluded
internal_blind,qh_6170e3c13bedbfce,B0,1.0,0.44409732781325567,VERIFIED_FROM_RELEASE,paper_results/per_query_minimal/internal_blind_per_query.jsonl,876a16d098e1da3f642ef70854cbc985bae5f9e3,2e7f5e98a1a47f2f816626794db12486963cb2f00b416a9525cbdf8437e8f1e0,selected document ids intentionally excluded
internal_blind,qh_6170e3c13bedbfce,D0,1.0,0.41528076708874123,VERIFIED_FROM_RELEASE,paper_results/per_query_minimal/internal_blind_per_query.jsonl,876a16d098e1da3f642ef70854cbc985bae5f9e3,2e7f5e98a1a47f2f816626794db12486963cb2f00b416a9525cbdf8437e8f1e0,selected document ids intentionally excluded
internal_blind,qh_6170e3c13bedbfce,D1,1.0,0.41528076708874123,VERIFIED_FROM_RELEASE,paper_results/per_query_minimal/internal_blind_per_query.jsonl,876a16d098e1da3f642ef70854cbc985bae5f9e3,2e7f5e98a1a47f2f816626794db12486963cb2f00b416a9525cbdf8437e8f1e0,selected document ids intentionally excluded
internal_blind,qh_6170e3c13bedbfce,D2,1.0,0.41528076708874123,VERIFIED_FROM_RELEASE,paper_results/per_query_minimal/internal_blind_per_query.jsonl,876a16d098e1da3f642ef70854cbc985bae5f9e3,2e7f5e98a1a47f2f816626794db12486963cb2f00b416a9525cbdf8437e8f1e0,selected document ids intentionally excluded
internal_blind,qh_6170e3c13bedbfce,D3,1.0,0.41528076708874123,VERIFIED_FROM_RELEASE,paper_results/per_query_minimal/internal_blind_per_query.jsonl,876a16d098e1da3f642ef70854cbc985bae5f9e3,2e7f5e98a1a47f2f816626794db12486963cb2f00b416a9525cbdf8437e8f1e0,selected document ids intentionally excluded
internal_blind,qh_939bad4a827e301e,B0,1.0,0.4806212278061391,VERIFIED_FROM_RELEASE,paper_results/per_query_minimal/internal_blind_per_query.jsonl,876a16d098e1da3f642ef70854cbc985bae5f9e3,2e7f5e98a1a47f2f816626794db12486963cb2f00b416a9525cbdf8437e8f1e0,selected document ids intentionally excluded
internal_blind,qh_939bad4a827e301e,D0,1.0,0.46374460998061656,VERIFIED_FROM_RELEASE,paper_results/per_query_minimal/internal_blind_per_query.jsonl,876a16d098e1da3f642ef70854cbc985bae5f9e3,2e7f5e98a1a47f2f816626794db12486963cb2f00b416a9525cbdf8437e8f1e0,selected document ids intentionally excluded
internal_blind,qh_939bad4a827e301e,D1,1.0,0.6440997531320927,VERIFIED_FROM_RELEASE,paper_results/per_query_minimal/internal_blind_per_query.jsonl,876a16d098e1da3f642ef70854cbc985bae5f9e3,2e7f5e98a1a47f2f816626794db12486963cb2f00b416a9525cbdf8437e8f1e0,selected document ids intentionally excluded
internal_blind,qh_939bad4a827e301e,D2,0.6666666666666666,0.7071920983986016,VERIFIED_FROM_RELEASE,paper_results/per_query_minimal/internal_blind_per_query.jsonl,876a16d098e1da3f642ef70854cbc985bae5f9e3,2e7f5e98a1a47f2f816626794db12486963cb2f00b416a9525cbdf8437e8f1e0,selected document ids intentionally excluded
internal_blind,qh_939bad4a827e301e,D3,0.6666666666666666,0.7071920983986016,VERIFIED_FROM_RELEASE,paper_results/per_query_minimal/internal_blind_per_query.jsonl,876a16d098e1da3f642ef70854cbc985bae5f9e3,2e7f5e98a1a47f2f816626794db12486963cb2f00b416a9525cbdf8437e8f1e0,selected document ids intentionally excluded
internal_blind,qh_2ef53bd9ef15b7b4,B0,1.0,0.44409732781325567,VERIFIED_FROM_RELEASE,paper_results/per_query_minimal/internal_blind_per_query.jsonl,876a16d098e1da3f642ef70854cbc985bae5f9e3,2e7f5e98a1a47f2f816626794db12486963cb2f00b416a9525cbdf8437e8f1e0,selected document ids intentionally excluded
internal_blind,qh_2ef53bd9ef15b7b4,D0,1.0,0.44409732781325567,VERIFIED_FROM_RELEASE,paper_results/per_query_minimal/internal_blind_per_query.jsonl,876a16d098e1da3f642ef70854cbc985bae5f9e3,2e7f5e98a1a47f2f816626794db12486963cb2f00b416a9525cbdf8437e8f1e0,selected document ids intentionally excluded
internal_blind,qh_2ef53bd9ef15b7b4,D1,1.0,0.44409732781325567,VERIFIED_FROM_RELEASE,paper_results/per_query_minimal/internal_blind_per_query.jsonl,876a16d098e1da3f642ef70854cbc985bae5f9e3,2e7f5e98a1a47f2f816626794db12486963cb2f00b416a9525cbdf8437e8f1e0,selected document ids intentionally excluded
internal_blind,qh_2ef53bd9ef15b7b4,D2,1.0,0.46900009332067477,VERIFIED_FROM_RELEASE,paper_results/per_query_minimal/internal_blind_per_query.jsonl,876a16d098e1da3f642ef70854cbc985bae5f9e3,2e7f5e98a1a47f2f816626794db12486963cb2f00b416a9525cbdf8437e8f1e0,selected document ids intentionally excluded
internal_blind,qh_2ef53bd9ef15b7b4,D3,1.0,0.44409732781325567,VERIFIED_FROM_RELEASE,paper_results/per_query_minimal/internal_blind_per_query.jsonl,876a16d098e1da3f642ef70854cbc985bae5f9e3,2e7f5e98a1a47f2f816626794db12486963cb2f00b416a9525cbdf8437e8f1e0,selected document ids intentionally excluded
internal_blind,qh_764f60513339b395,B0,1.0,0.5287758723745503,VERIFIED_FROM_RELEASE,paper_results/per_query_minimal/internal_blind_per_query.jsonl,876a16d098e1da3f642ef70854cbc985bae5f9e3,2e7f5e98a1a47f2f816626794db12486963cb2f00b416a9525cbdf8437e8f1e0,selected document ids intentionally excluded
internal_blind,qh_764f60513339b395,D0,1.0,0.5609437985702386,VERIFIED_FROM_RELEASE,paper_results/per_query_minimal/internal_blind_per_query.jsonl,876a16d098e1da3f642ef70854cbc985bae5f9e3,2e7f5e98a1a47f2f816626794db12486963cb2f00b416a9525cbdf8437e8f1e0,selected document ids intentionally excluded
internal_blind,qh_764f60513339b395,D1,1.0,0.4003075294925783,VERIFIED_FROM_RELEASE,paper_results/per_query_minimal/internal_blind_per_query.jsonl,876a16d098e1da3f642ef70854cbc985bae5f9e3,2e7f5e98a1a47f2f816626794db12486963cb2f00b416a9525cbdf8437e8f1e0,selected document ids intentionally excluded
internal_blind,qh_764f60513339b395,D2,1.0,0.5287758723745503,VERIFIED_FROM_RELEASE,paper_results/per_query_minimal/internal_blind_per_query.jsonl,876a16d098e1da3f642ef70854cbc985bae5f9e3,2e7f5e98a1a47f2f816626794db12486963cb2f00b416a9525cbdf8437e8f1e0,selected document ids intentionally excluded
internal_blind,qh_764f60513339b395,D3,1.0,0.5287758723745503,VERIFIED_FROM_RELEASE,paper_results/per_query_minimal/internal_blind_per_query.jsonl,876a16d098e1da3f642ef70854cbc985bae5f9e3,2e7f5e98a1a47f2f816626794db12486963cb2f00b416a9525cbdf8437e8f1e0,selected document ids intentionally excluded
internal_blind,qh_90ae8f71f5f43439,B0,1.0,0.08514311764162098,VERIFIED_FROM_RELEASE,paper_results/per_query_minimal/internal_blind_per_query.jsonl,876a16d098e1da3f642ef70854cbc985bae5f9e3,2e7f5e98a1a47f2f816626794db12486963cb2f00b416a9525cbdf8437e8f1e0,selected document ids intentionally excluded
internal_blind,qh_90ae8f71f5f43439,D0,1.0,0.3340514446642156,VERIFIED_FROM_RELEASE,paper_results/per_query_minimal/internal_blind_per_query.jsonl,876a16d098e1da3f642ef70854cbc985bae5f9e3,2e7f5e98a1a47f2f816626794db12486963cb2f00b416a9525cbdf8437e8f1e0,selected document ids intentionally excluded
internal_blind,qh_90ae8f71f5f43439,D1,1.0,0.20483424751859086,VERIFIED_FROM_RELEASE,paper_results/per_query_minimal/internal_blind_per_query.jsonl,876a16d098e1da3f642ef70854cbc985bae5f9e3,2e7f5e98a1a47f2f816626794db12486963cb2f00b416a9525cbdf8437e8f1e0,selected document ids intentionally excluded
internal_blind,qh_90ae8f71f5f43439,D2,1.0,0.09478836436955078,VERIFIED_FROM_RELEASE,paper_results/per_query_minimal/internal_blind_per_query.jsonl,876a16d098e1da3f642ef70854cbc985bae5f9e3,2e7f5e98a1a47f2f816626794db12486963cb2f00b416a9525cbdf8437e8f1e0,selected document ids intentionally excluded
internal_blind,qh_90ae8f71f5f43439,D3,1.0,0.17993148201117176,VERIFIED_FROM_RELEASE,paper_results/per_query_minimal/internal_blind_per_query.jsonl,876a16d098e1da3f642ef70854cbc985bae5f9e3,2e7f5e98a1a47f2f816626794db12486963cb2f00b416a9525cbdf8437e8f1e0,selected document ids intentionally excluded
internal_blind,qh_76f4a747f6281612,B0,0.8,0.38342688850342715,VERIFIED_FROM_RELEASE,paper_results/per_query_minimal/internal_blind_per_query.jsonl,876a16d098e1da3f642ef70854cbc985bae5f9e3,2e7f5e98a1a47f2f816626794db12486963cb2f00b416a9525cbdf8437e8f1e0,selected document ids intentionally excluded
internal_blind,qh_76f4a747f6281612,D0,1.0,0.2112003891709998,VERIFIED_FROM_RELEASE,paper_results/per_query_minimal/internal_blind_per_query.jsonl,876a16d098e1da3f642ef70854cbc985bae5f9e3,2e7f5e98a1a47f2f816626794db12486963cb2f00b416a9525cbdf8437e8f1e0,selected document ids intentionally excluded
internal_blind,qh_76f4a747f6281612,D1,1.0,0.2112003891709998,VERIFIED_FROM_RELEASE,paper_results/per_query_minimal/internal_blind_per_query.jsonl,876a16d098e1da3f642ef70854cbc985bae5f9e3,2e7f5e98a1a47f2f816626794db12486963cb2f00b416a9525cbdf8437e8f1e0,selected document ids intentionally excluded
internal_blind,qh_76f4a747f6281612,D2,1.0,0.27678705864121167,VERIFIED_FROM_RELEASE,paper_results/per_query_minimal/internal_blind_per_query.jsonl,876a16d098e1da3f642ef70854cbc985bae5f9e3,2e7f5e98a1a47f2f816626794db12486963cb2f00b416a9525cbdf8437e8f1e0,selected document ids intentionally excluded
internal_blind,qh_76f4a747f6281612,D3,1.0,0.27678705864121167,VERIFIED_FROM_RELEASE,paper_results/per_query_minimal/internal_blind_per_query.jsonl,876a16d098e1da3f642ef70854cbc985bae5f9e3,2e7f5e98a1a47f2f816626794db12486963cb2f00b416a9525cbdf8437e8f1e0,selected document ids intentionally excluded
internal_blind,qh_be6e211f68a52242,B0,1.0,0.6776743599465253,VERIFIED_FROM_RELEASE,paper_results/per_query_minimal/internal_blind_per_query.jsonl,876a16d098e1da3f642ef70854cbc985bae5f9e3,2e7f5e98a1a47f2f816626794db12486963cb2f00b416a9525cbdf8437e8f1e0,selected document ids intentionally excluded
internal_blind,qh_be6e211f68a52242,D0,1.0,0.6776743599465253,VERIFIED_FROM_RELEASE,paper_results/per_query_minimal/internal_blind_per_query.jsonl,876a16d098e1da3f642ef70854cbc985bae5f9e3,2e7f5e98a1a47f2f816626794db12486963cb2f00b416a9525cbdf8437e8f1e0,selected document ids intentionally excluded
internal_blind,qh_be6e211f68a52242,D1,1.0,0.6776743599465253,VERIFIED_FROM_RELEASE,paper_results/per_query_minimal/internal_blind_per_query.jsonl,876a16d098e1da3f642ef70854cbc985bae5f9e3,2e7f5e98a1a47f2f816626794db12486963cb2f00b416a9525cbdf8437e8f1e0,selected document ids intentionally excluded
internal_blind,qh_be6e211f68a52242,D2,1.0,0.6776743599465253,VERIFIED_FROM_RELEASE,paper_results/per_query_minimal/internal_blind_per_query.jsonl,876a16d098e1da3f642ef70854cbc985bae5f9e3,2e7f5e98a1a47f2f816626794db12486963cb2f00b416a9525cbdf8437e8f1e0,selected document ids intentionally excluded
internal_blind,qh_be6e211f68a52242,D3,1.0,0.6776743599465253,VERIFIED_FROM_RELEASE,paper_results/per_query_minimal/internal_blind_per_query.jsonl,876a16d098e1da3f642ef70854cbc985bae5f9e3,2e7f5e98a1a47f2f816626794db12486963cb2f00b416a9525cbdf8437e8f1e0,selected document ids intentionally excluded
internal_blind,qh_d6a1b6ae358ef1c2,B0,1.0,0.6489315753318465,VERIFIED_FROM_RELEASE,paper_results/per_query_minimal/internal_blind_per_query.jsonl,876a16d098e1da3f642ef70854cbc985bae5f9e3,2e7f5e98a1a47f2f816626794db12486963cb2f00b416a9525cbdf8437e8f1e0,selected document ids intentionally excluded
internal_blind,qh_d6a1b6ae358ef1c2,D0,1.0,0.5100691314582919,VERIFIED_FROM_RELEASE,paper_results/per_query_minimal/internal_blind_per_query.jsonl,876a16d098e1da3f642ef70854cbc985bae5f9e3,2e7f5e98a1a47f2f816626794db12486963cb2f00b416a9525cbdf8437e8f1e0,selected document ids intentionally excluded
internal_blind,qh_d6a1b6ae358ef1c2,D1,1.0,0.5388856921828065,VERIFIED_FROM_RELEASE,paper_results/per_query_minimal/internal_blind_per_query.jsonl,876a16d098e1da3f642ef70854cbc985bae5f9e3,2e7f5e98a1a47f2f816626794db12486963cb2f00b416a9525cbdf8437e8f1e0,selected document ids intentionally excluded
internal_blind,qh_d6a1b6ae358ef1c2,D2,1.0,0.6489315753318465,VERIFIED_FROM_RELEASE,paper_results/per_query_minimal/internal_blind_per_query.jsonl,876a16d098e1da3f642ef70854cbc985bae5f9e3,2e7f5e98a1a47f2f816626794db12486963cb2f00b416a9525cbdf8437e8f1e0,selected document ids intentionally excluded
internal_blind,qh_d6a1b6ae358ef1c2,D3,1.0,0.6489315753318465,VERIFIED_FROM_RELEASE,paper_results/per_query_minimal/internal_blind_per_query.jsonl,876a16d098e1da3f642ef70854cbc985bae5f9e3,2e7f5e98a1a47f2f816626794db12486963cb2f00b416a9525cbdf8437e8f1e0,selected document ids intentionally excluded
internal_blind,qh_6fcd8b07c34e1cbb,B0,1.0,0.6489315753318465,VERIFIED_FROM_RELEASE,paper_results/per_query_minimal/internal_blind_per_query.jsonl,876a16d098e1da3f642ef70854cbc985bae5f9e3,2e7f5e98a1a47f2f816626794db12486963cb2f00b416a9525cbdf8437e8f1e0,selected document ids intentionally excluded
internal_blind,qh_6fcd8b07c34e1cbb,D0,1.0,0.5755676532324865,VERIFIED_FROM_RELEASE,paper_results/per_query_minimal/internal_blind_per_query.jsonl,876a16d098e1da3f642ef70854cbc985bae5f9e3,2e7f5e98a1a47f2f816626794db12486963cb2f00b416a9525cbdf8437e8f1e0,selected document ids intentionally excluded
internal_blind,qh_6fcd8b07c34e1cbb,D1,1.0,0.5755676532324865,VERIFIED_FROM_RELEASE,paper_results/per_query_minimal/internal_blind_per_query.jsonl,876a16d098e1da3f642ef70854cbc985bae5f9e3,2e7f5e98a1a47f2f816626794db12486963cb2f00b416a9525cbdf8437e8f1e0,selected document ids intentionally excluded
internal_blind,qh_6fcd8b07c34e1cbb,D2,1.0,0.6489315753318465,VERIFIED_FROM_RELEASE,paper_results/per_query_minimal/internal_blind_per_query.jsonl,876a16d098e1da3f642ef70854cbc985bae5f9e3,2e7f5e98a1a47f2f816626794db12486963cb2f00b416a9525cbdf8437e8f1e0,selected document ids intentionally excluded
internal_blind,qh_6fcd8b07c34e1cbb,D3,1.0,0.6489315753318465,VERIFIED_FROM_RELEASE,paper_results/per_query_minimal/internal_blind_per_query.jsonl,876a16d098e1da3f642ef70854cbc985bae5f9e3,2e7f5e98a1a47f2f816626794db12486963cb2f00b416a9525cbdf8437e8f1e0,selected document ids intentionally excluded
internal_blind,qh_3eae101b06d9641f,B0,1.0,0.5244475765944386,VERIFIED_FROM_RELEASE,paper_results/per_query_minimal/internal_blind_per_query.jsonl,876a16d098e1da3f642ef70854cbc985bae5f9e3,2e7f5e98a1a47f2f816626794db12486963cb2f00b416a9525cbdf8437e8f1e0,selected document ids intentionally excluded
internal_blind,qh_3eae101b06d9641f,D0,1.0,0.5244475765944386,VERIFIED_FROM_RELEASE,paper_results/per_query_minimal/internal_blind_per_query.jsonl,876a16d098e1da3f642ef70854cbc985bae5f9e3,2e7f5e98a1a47f2f816626794db12486963cb2f00b416a9525cbdf8437e8f1e0,selected document ids intentionally excluded
internal_blind,qh_3eae101b06d9641f,D1,1.0,0.45845639293570445,VERIFIED_FROM_RELEASE,paper_results/per_query_minimal/internal_blind_per_query.jsonl,876a16d098e1da3f642ef70854cbc985bae5f9e3,2e7f5e98a1a47f2f816626794db12486963cb2f00b416a9525cbdf8437e8f1e0,selected document ids intentionally excluded
internal_blind,qh_3eae101b06d9641f,D2,1.0,0.42777223993355956,VERIFIED_FROM_RELEASE,paper_results/per_query_minimal/internal_blind_per_query.jsonl,876a16d098e1da3f642ef70854cbc985bae5f9e3,2e7f5e98a1a47f2f816626794db12486963cb2f00b416a9525cbdf8437e8f1e0,selected document ids intentionally excluded
internal_blind,qh_3eae101b06d9641f,D3,1.0,0.42777223993355956,VERIFIED_FROM_RELEASE,paper_results/per_query_minimal/internal_blind_per_query.jsonl,876a16d098e1da3f642ef70854cbc985bae5f9e3,2e7f5e98a1a47f2f816626794db12486963cb2f00b416a9525cbdf8437e8f1e0,selected document ids intentionally excluded
internal_blind,qh_21b15a630f764c2f,B0,1.0,0.5469514152770043,VERIFIED_FROM_RELEASE,paper_results/per_query_minimal/internal_blind_per_query.jsonl,876a16d098e1da3f642ef70854cbc985bae5f9e3,2e7f5e98a1a47f2f816626794db12486963cb2f00b416a9525cbdf8437e8f1e0,selected document ids intentionally excluded
internal_blind,qh_21b15a630f764c2f,D0,1.0,0.7104442085771869,VERIFIED_FROM_RELEASE,paper_results/per_query_minimal/internal_blind_per_query.jsonl,876a16d098e1da3f642ef70854cbc985bae5f9e3,2e7f5e98a1a47f2f816626794db12486963cb2f00b416a9525cbdf8437e8f1e0,selected document ids intentionally excluded
internal_blind,qh_21b15a630f764c2f,D1,1.0,0.7104442085771869,VERIFIED_FROM_RELEASE,paper_results/per_query_minimal/internal_blind_per_query.jsonl,876a16d098e1da3f642ef70854cbc985bae5f9e3,2e7f5e98a1a47f2f816626794db12486963cb2f00b416a9525cbdf8437e8f1e0,selected document ids intentionally excluded
internal_blind,qh_21b15a630f764c2f,D2,1.0,0.6412619331090688,VERIFIED_FROM_RELEASE,paper_results/per_query_minimal/internal_blind_per_query.jsonl,876a16d098e1da3f642ef70854cbc985bae5f9e3,2e7f5e98a1a47f2f816626794db12486963cb2f00b416a9525cbdf8437e8f1e0,selected document ids intentionally excluded
internal_blind,qh_21b15a630f764c2f,D3,1.0,0.6412619331090688,VERIFIED_FROM_RELEASE,paper_results/per_query_minimal/internal_blind_per_query.jsonl,876a16d098e1da3f642ef70854cbc985bae5f9e3,2e7f5e98a1a47f2f816626794db12486963cb2f00b416a9525cbdf8437e8f1e0,selected document ids intentionally excluded
internal_blind,qh_cbce05c878467f5f,B0,0.5,0.4688846582898081,VERIFIED_FROM_RELEASE,paper_results/per_query_minimal/internal_blind_per_query.jsonl,876a16d098e1da3f642ef70854cbc985bae5f9e3,2e7f5e98a1a47f2f816626794db12486963cb2f00b416a9525cbdf8437e8f1e0,selected document ids intentionally excluded
internal_blind,qh_cbce05c878467f5f,D0,1.0,0.38797782850258417,VERIFIED_FROM_RELEASE,paper_results/per_query_minimal/internal_blind_per_query.jsonl,876a16d098e1da3f642ef70854cbc985bae5f9e3,2e7f5e98a1a47f2f816626794db12486963cb2f00b416a9525cbdf8437e8f1e0,selected document ids intentionally excluded
internal_blind,qh_cbce05c878467f5f,D1,1.0,0.32299838566086536,VERIFIED_FROM_RELEASE,paper_results/per_query_minimal/internal_blind_per_query.jsonl,876a16d098e1da3f642ef70854cbc985bae5f9e3,2e7f5e98a1a47f2f816626794db12486963cb2f00b416a9525cbdf8437e8f1e0,selected document ids intentionally excluded
internal_blind,qh_cbce05c878467f5f,D2,0.5,0.4688846582898081,VERIFIED_FROM_RELEASE,paper_results/per_query_minimal/internal_blind_per_query.jsonl,876a16d098e1da3f642ef70854cbc985bae5f9e3,2e7f5e98a1a47f2f816626794db12486963cb2f00b416a9525cbdf8437e8f1e0,selected document ids intentionally excluded
internal_blind,qh_cbce05c878467f5f,D3,0.5,0.4688846582898081,VERIFIED_FROM_RELEASE,paper_results/per_query_minimal/internal_blind_per_query.jsonl,876a16d098e1da3f642ef70854cbc985bae5f9e3,2e7f5e98a1a47f2f816626794db12486963cb2f00b416a9525cbdf8437e8f1e0,selected document ids intentionally excluded
internal_blind,qh_0cb4deee5267a5d0,B0,1.0,0.29776747152546196,VERIFIED_FROM_RELEASE,paper_results/per_query_minimal/internal_blind_per_query.jsonl,876a16d098e1da3f642ef70854cbc985bae5f9e3,2e7f5e98a1a47f2f816626794db12486963cb2f00b416a9525cbdf8437e8f1e0,selected document ids intentionally excluded
internal_blind,qh_0cb4deee5267a5d0,D0,1.0,0.4294012004553847,VERIFIED_FROM_RELEASE,paper_results/per_query_minimal/internal_blind_per_query.jsonl,876a16d098e1da3f642ef70854cbc985bae5f9e3,2e7f5e98a1a47f2f816626794db12486963cb2f00b416a9525cbdf8437e8f1e0,selected document ids intentionally excluded
internal_blind,qh_0cb4deee5267a5d0,D1,1.0,0.4093922501568294,VERIFIED_FROM_RELEASE,paper_results/per_query_minimal/internal_blind_per_query.jsonl,876a16d098e1da3f642ef70854cbc985bae5f9e3,2e7f5e98a1a47f2f816626794db12486963cb2f00b416a9525cbdf8437e8f1e0,selected document ids intentionally excluded
internal_blind,qh_0cb4deee5267a5d0,D2,1.0,0.29776747152546196,VERIFIED_FROM_RELEASE,paper_results/per_query_minimal/internal_blind_per_query.jsonl,876a16d098e1da3f642ef70854cbc985bae5f9e3,2e7f5e98a1a47f2f816626794db12486963cb2f00b416a9525cbdf8437e8f1e0,selected document ids intentionally excluded
internal_blind,qh_0cb4deee5267a5d0,D3,1.0,0.20134750786761285,VERIFIED_FROM_RELEASE,paper_results/per_query_minimal/internal_blind_per_query.jsonl,876a16d098e1da3f642ef70854cbc985bae5f9e3,2e7f5e98a1a47f2f816626794db12486963cb2f00b416a9525cbdf8437e8f1e0,selected document ids intentionally excluded
internal_blind,qh_c661eb3743538869,B0,1.0,0.5362793998045706,VERIFIED_FROM_RELEASE,paper_results/per_query_minimal/internal_blind_per_query.jsonl,876a16d098e1da3f642ef70854cbc985bae5f9e3,2e7f5e98a1a47f2f816626794db12486963cb2f00b416a9525cbdf8437e8f1e0,selected document ids intentionally excluded
internal_blind,qh_c661eb3743538869,D0,1.0,0.36592975189289256,VERIFIED_FROM_RELEASE,paper_results/per_query_minimal/internal_blind_per_query.jsonl,876a16d098e1da3f642ef70854cbc985bae5f9e3,2e7f5e98a1a47f2f816626794db12486963cb2f00b416a9525cbdf8437e8f1e0,selected document ids intentionally excluded
internal_blind,qh_c661eb3743538869,D1,1.0,0.3767599728779063,VERIFIED_FROM_RELEASE,paper_results/per_query_minimal/internal_blind_per_query.jsonl,876a16d098e1da3f642ef70854cbc985bae5f9e3,2e7f5e98a1a47f2f816626794db12486963cb2f00b416a9525cbdf8437e8f1e0,selected document ids intentionally excluded
internal_blind,qh_c661eb3743538869,D2,1.0,0.3724572477009501,VERIFIED_FROM_RELEASE,paper_results/per_query_minimal/internal_blind_per_query.jsonl,876a16d098e1da3f642ef70854cbc985bae5f9e3,2e7f5e98a1a47f2f816626794db12486963cb2f00b416a9525cbdf8437e8f1e0,selected document ids intentionally excluded
internal_blind,qh_c661eb3743538869,D3,1.0,0.3724572477009501,VERIFIED_FROM_RELEASE,paper_results/per_query_minimal/internal_blind_per_query.jsonl,876a16d098e1da3f642ef70854cbc985bae5f9e3,2e7f5e98a1a47f2f816626794db12486963cb2f00b416a9525cbdf8437e8f1e0,selected document ids intentionally excluded
internal_blind,qh_750cd44513f5718b,B0,1.0,0.6489315753318465,VERIFIED_FROM_RELEASE,paper_results/per_query_minimal/internal_blind_per_query.jsonl,876a16d098e1da3f642ef70854cbc985bae5f9e3,2e7f5e98a1a47f2f816626794db12486963cb2f00b416a9525cbdf8437e8f1e0,selected document ids intentionally excluded
internal_blind,qh_750cd44513f5718b,D0,1.0,0.6489315753318465,VERIFIED_FROM_RELEASE,paper_results/per_query_minimal/internal_blind_per_query.jsonl,876a16d098e1da3f642ef70854cbc985bae5f9e3,2e7f5e98a1a47f2f816626794db12486963cb2f00b416a9525cbdf8437e8f1e0,selected document ids intentionally excluded
internal_blind,qh_750cd44513f5718b,D1,1.0,0.6489315753318465,VERIFIED_FROM_RELEASE,paper_results/per_query_minimal/internal_blind_per_query.jsonl,876a16d098e1da3f642ef70854cbc985bae5f9e3,2e7f5e98a1a47f2f816626794db12486963cb2f00b416a9525cbdf8437e8f1e0,selected document ids intentionally excluded
internal_blind,qh_750cd44513f5718b,D2,1.0,0.6489315753318465,VERIFIED_FROM_RELEASE,paper_results/per_query_minimal/internal_blind_per_query.jsonl,876a16d098e1da3f642ef70854cbc985bae5f9e3,2e7f5e98a1a47f2f816626794db12486963cb2f00b416a9525cbdf8437e8f1e0,selected document ids intentionally excluded
internal_blind,qh_750cd44513f5718b,D3,1.0,0.6489315753318465,VERIFIED_FROM_RELEASE,paper_results/per_query_minimal/internal_blind_per_query.jsonl,876a16d098e1da3f642ef70854cbc985bae5f9e3,2e7f5e98a1a47f2f816626794db12486963cb2f00b416a9525cbdf8437e8f1e0,selected document ids intentionally excluded
internal_blind,qh_b9d3c6577646a7f4,B0,1.0,1.0,VERIFIED_FROM_RELEASE,paper_results/per_query_minimal/internal_blind_per_query.jsonl,876a16d098e1da3f642ef70854cbc985bae5f9e3,2e7f5e98a1a47f2f816626794db12486963cb2f00b416a9525cbdf8437e8f1e0,selected document ids intentionally excluded
internal_blind,qh_b9d3c6577646a7f4,D0,1.0,1.0,VERIFIED_FROM_RELEASE,paper_results/per_query_minimal/internal_blind_per_query.jsonl,876a16d098e1da3f642ef70854cbc985bae5f9e3,2e7f5e98a1a47f2f816626794db12486963cb2f00b416a9525cbdf8437e8f1e0,selected document ids intentionally excluded
internal_blind,qh_b9d3c6577646a7f4,D1,1.0,1.0,VERIFIED_FROM_RELEASE,paper_results/per_query_minimal/internal_blind_per_query.jsonl,876a16d098e1da3f642ef70854cbc985bae5f9e3,2e7f5e98a1a47f2f816626794db12486963cb2f00b416a9525cbdf8437e8f1e0,selected document ids intentionally excluded
internal_blind,qh_b9d3c6577646a7f4,D2,1.0,0.9469024295259745,VERIFIED_FROM_RELEASE,paper_results/per_query_minimal/internal_blind_per_query.jsonl,876a16d098e1da3f642ef70854cbc985bae5f9e3,2e7f5e98a1a47f2f816626794db12486963cb2f00b416a9525cbdf8437e8f1e0,selected document ids intentionally excluded
internal_blind,qh_b9d3c6577646a7f4,D3,1.0,0.9469024295259745,VERIFIED_FROM_RELEASE,paper_results/per_query_minimal/internal_blind_per_query.jsonl,876a16d098e1da3f642ef70854cbc985bae5f9e3,2e7f5e98a1a47f2f816626794db12486963cb2f00b416a9525cbdf8437e8f1e0,selected document ids intentionally excluded
internal_blind,qh_054b982cf6af8917,B0,1.0,0.7751482523375256,VERIFIED_FROM_RELEASE,paper_results/per_query_minimal/internal_blind_per_query.jsonl,876a16d098e1da3f642ef70854cbc985bae5f9e3,2e7f5e98a1a47f2f816626794db12486963cb2f00b416a9525cbdf8437e8f1e0,selected document ids intentionally excluded
internal_blind,qh_054b982cf6af8917,D0,1.0,0.7618870795651186,VERIFIED_FROM_RELEASE,paper_results/per_query_minimal/internal_blind_per_query.jsonl,876a16d098e1da3f642ef70854cbc985bae5f9e3,2e7f5e98a1a47f2f816626794db12486963cb2f00b416a9525cbdf8437e8f1e0,selected document ids intentionally excluded
internal_blind,qh_054b982cf6af8917,D1,1.0,0.7618870795651186,VERIFIED_FROM_RELEASE,paper_results/per_query_minimal/internal_blind_per_query.jsonl,876a16d098e1da3f642ef70854cbc985bae5f9e3,2e7f5e98a1a47f2f816626794db12486963cb2f00b416a9525cbdf8437e8f1e0,selected document ids intentionally excluded
internal_blind,qh_054b982cf6af8917,D2,1.0,0.7751482523375256,VERIFIED_FROM_RELEASE,paper_results/per_query_minimal/internal_blind_per_query.jsonl,876a16d098e1da3f642ef70854cbc985bae5f9e3,2e7f5e98a1a47f2f816626794db12486963cb2f00b416a9525cbdf8437e8f1e0,selected document ids intentionally excluded
internal_blind,qh_054b982cf6af8917,D3,1.0,0.7751482523375256,VERIFIED_FROM_RELEASE,paper_results/per_query_minimal/internal_blind_per_query.jsonl,876a16d098e1da3f642ef70854cbc985bae5f9e3,2e7f5e98a1a47f2f816626794db12486963cb2f00b416a9525cbdf8437e8f1e0,selected document ids intentionally excluded
internal_blind,qh_1090e818a49710b7,B0,1.0,0.7956419442906022,VERIFIED_FROM_RELEASE,paper_results/per_query_minimal/internal_blind_per_query.jsonl,876a16d098e1da3f642ef70854cbc985bae5f9e3,2e7f5e98a1a47f2f816626794db12486963cb2f00b416a9525cbdf8437e8f1e0,selected document ids intentionally excluded
internal_blind,qh_1090e818a49710b7,D0,1.0,0.7956419442906022,VERIFIED_FROM_RELEASE,paper_results/per_query_minimal/internal_blind_per_query.jsonl,876a16d098e1da3f642ef70854cbc985bae5f9e3,2e7f5e98a1a47f2f816626794db12486963cb2f00b416a9525cbdf8437e8f1e0,selected document ids intentionally excluded
internal_blind,qh_1090e818a49710b7,D1,1.0,0.7956419442906022,VERIFIED_FROM_RELEASE,paper_results/per_query_minimal/internal_blind_per_query.jsonl,876a16d098e1da3f642ef70854cbc985bae5f9e3,2e7f5e98a1a47f2f816626794db12486963cb2f00b416a9525cbdf8437e8f1e0,selected document ids intentionally excluded
internal_blind,qh_1090e818a49710b7,D2,1.0,0.569919335154857,VERIFIED_FROM_RELEASE,paper_results/per_query_minimal/internal_blind_per_query.jsonl,876a16d098e1da3f642ef70854cbc985bae5f9e3,2e7f5e98a1a47f2f816626794db12486963cb2f00b416a9525cbdf8437e8f1e0,selected document ids intentionally excluded
internal_blind,qh_1090e818a49710b7,D3,1.0,0.569919335154857,VERIFIED_FROM_RELEASE,paper_results/per_query_minimal/internal_blind_per_query.jsonl,876a16d098e1da3f642ef70854cbc985bae5f9e3,2e7f5e98a1a47f2f816626794db12486963cb2f00b416a9525cbdf8437e8f1e0,selected document ids intentionally excluded
internal_blind,qh_810d32578090a5d6,B0,1.0,0.6489315753318465,VERIFIED_FROM_RELEASE,paper_results/per_query_minimal/internal_blind_per_query.jsonl,876a16d098e1da3f642ef70854cbc985bae5f9e3,2e7f5e98a1a47f2f816626794db12486963cb2f00b416a9525cbdf8437e8f1e0,selected document ids intentionally excluded
internal_blind,qh_810d32578090a5d6,D0,1.0,0.6489315753318465,VERIFIED_FROM_RELEASE,paper_results/per_query_minimal/internal_blind_per_query.jsonl,876a16d098e1da3f642ef70854cbc985bae5f9e3,2e7f5e98a1a47f2f816626794db12486963cb2f00b416a9525cbdf8437e8f1e0,selected document ids intentionally excluded
internal_blind,qh_810d32578090a5d6,D1,1.0,0.6489315753318465,VERIFIED_FROM_RELEASE,paper_results/per_query_minimal/internal_blind_per_query.jsonl,876a16d098e1da3f642ef70854cbc985bae5f9e3,2e7f5e98a1a47f2f816626794db12486963cb2f00b416a9525cbdf8437e8f1e0,selected document ids intentionally excluded
internal_blind,qh_810d32578090a5d6,D2,1.0,0.6489315753318465,VERIFIED_FROM_RELEASE,paper_results/per_query_minimal/internal_blind_per_query.jsonl,876a16d098e1da3f642ef70854cbc985bae5f9e3,2e7f5e98a1a47f2f816626794db12486963cb2f00b416a9525cbdf8437e8f1e0,selected document ids intentionally excluded
internal_blind,qh_810d32578090a5d6,D3,1.0,0.6489315753318465,VERIFIED_FROM_RELEASE,paper_results/per_query_minimal/internal_blind_per_query.jsonl,876a16d098e1da3f642ef70854cbc985bae5f9e3,2e7f5e98a1a47f2f816626794db12486963cb2f00b416a9525cbdf8437e8f1e0,selected document ids intentionally excluded
internal_blind,qh_68c0a0982a9def8a,B0,1.0,0.6489315753318465,VERIFIED_FROM_RELEASE,paper_results/per_query_minimal/internal_blind_per_query.jsonl,876a16d098e1da3f642ef70854cbc985bae5f9e3,2e7f5e98a1a47f2f816626794db12486963cb2f00b416a9525cbdf8437e8f1e0,selected document ids intentionally excluded
internal_blind,qh_68c0a0982a9def8a,D0,1.0,0.6489315753318465,VERIFIED_FROM_RELEASE,paper_results/per_query_minimal/internal_blind_per_query.jsonl,876a16d098e1da3f642ef70854cbc985bae5f9e3,2e7f5e98a1a47f2f816626794db12486963cb2f00b416a9525cbdf8437e8f1e0,selected document ids intentionally excluded
internal_blind,qh_68c0a0982a9def8a,D1,1.0,0.6489315753318465,VERIFIED_FROM_RELEASE,paper_results/per_query_minimal/internal_blind_per_query.jsonl,876a16d098e1da3f642ef70854cbc985bae5f9e3,2e7f5e98a1a47f2f816626794db12486963cb2f00b416a9525cbdf8437e8f1e0,selected document ids intentionally excluded
internal_blind,qh_68c0a0982a9def8a,D2,1.0,0.6489315753318465,VERIFIED_FROM_RELEASE,paper_results/per_query_minimal/internal_blind_per_query.jsonl,876a16d098e1da3f642ef70854cbc985bae5f9e3,2e7f5e98a1a47f2f816626794db12486963cb2f00b416a9525cbdf8437e8f1e0,selected document ids intentionally excluded
internal_blind,qh_68c0a0982a9def8a,D3,1.0,0.6489315753318465,VERIFIED_FROM_RELEASE,paper_results/per_query_minimal/internal_blind_per_query.jsonl,876a16d098e1da3f642ef70854cbc985bae5f9e3,2e7f5e98a1a47f2f816626794db12486963cb2f00b416a9525cbdf8437e8f1e0,selected document ids intentionally excluded
internal_blind,qh_7faad83129415610,B0,1.0,0.4597307900205735,VERIFIED_FROM_RELEASE,paper_results/per_query_minimal/internal_blind_per_query.jsonl,876a16d098e1da3f642ef70854cbc985bae5f9e3,2e7f5e98a1a47f2f816626794db12486963cb2f00b416a9525cbdf8437e8f1e0,selected document ids intentionally excluded
internal_blind,qh_7faad83129415610,D0,1.0,0.5214682725103094,VERIFIED_FROM_RELEASE,paper_results/per_query_minimal/internal_blind_per_query.jsonl,876a16d098e1da3f642ef70854cbc985bae5f9e3,2e7f5e98a1a47f2f816626794db12486963cb2f00b416a9525cbdf8437e8f1e0,selected document ids intentionally excluded
internal_blind,qh_7faad83129415610,D1,1.0,0.3949969211264808,VERIFIED_FROM_RELEASE,paper_results/per_query_minimal/internal_blind_per_query.jsonl,876a16d098e1da3f642ef70854cbc985bae5f9e3,2e7f5e98a1a47f2f816626794db12486963cb2f00b416a9525cbdf8437e8f1e0,selected document ids intentionally excluded
internal_blind,qh_7faad83129415610,D2,1.0,0.510383374527714,VERIFIED_FROM_RELEASE,paper_results/per_query_minimal/internal_blind_per_query.jsonl,876a16d098e1da3f642ef70854cbc985bae5f9e3,2e7f5e98a1a47f2f816626794db12486963cb2f00b416a9525cbdf8437e8f1e0,selected document ids intentionally excluded
internal_blind,qh_7faad83129415610,D3,1.0,0.4125317798925535,VERIFIED_FROM_RELEASE,paper_results/per_query_minimal/internal_blind_per_query.jsonl,876a16d098e1da3f642ef70854cbc985bae5f9e3,2e7f5e98a1a47f2f816626794db12486963cb2f00b416a9525cbdf8437e8f1e0,selected document ids intentionally excluded
internal_blind,qh_cb2b94fbd6e8bae7,B0,1.0,0.6904166872162631,VERIFIED_FROM_RELEASE,paper_results/per_query_minimal/internal_blind_per_query.jsonl,876a16d098e1da3f642ef70854cbc985bae5f9e3,2e7f5e98a1a47f2f816626794db12486963cb2f00b416a9525cbdf8437e8f1e0,selected document ids intentionally excluded
internal_blind,qh_cb2b94fbd6e8bae7,D0,1.0,0.6598135880233753,VERIFIED_FROM_RELEASE,paper_results/per_query_minimal/internal_blind_per_query.jsonl,876a16d098e1da3f642ef70854cbc985bae5f9e3,2e7f5e98a1a47f2f816626794db12486963cb2f00b416a9525cbdf8437e8f1e0,selected document ids intentionally excluded
internal_blind,qh_cb2b94fbd6e8bae7,D1,1.0,0.6598135880233753,VERIFIED_FROM_RELEASE,paper_results/per_query_minimal/internal_blind_per_query.jsonl,876a16d098e1da3f642ef70854cbc985bae5f9e3,2e7f5e98a1a47f2f816626794db12486963cb2f00b416a9525cbdf8437e8f1e0,selected document ids intentionally excluded
internal_blind,qh_cb2b94fbd6e8bae7,D2,1.0,0.5670184122004539,VERIFIED_FROM_RELEASE,paper_results/per_query_minimal/internal_blind_per_query.jsonl,876a16d098e1da3f642ef70854cbc985bae5f9e3,2e7f5e98a1a47f2f816626794db12486963cb2f00b416a9525cbdf8437e8f1e0,selected document ids intentionally excluded
internal_blind,qh_cb2b94fbd6e8bae7,D3,1.0,0.5670184122004539,VERIFIED_FROM_RELEASE,paper_results/per_query_minimal/internal_blind_per_query.jsonl,876a16d098e1da3f642ef70854cbc985bae5f9e3,2e7f5e98a1a47f2f816626794db12486963cb2f00b416a9525cbdf8437e8f1e0,selected document ids intentionally excluded
internal_blind,qh_50eb1d3995bf6795,B0,1.0,0.6489315753318465,VERIFIED_FROM_RELEASE,paper_results/per_query_minimal/internal_blind_per_query.jsonl,876a16d098e1da3f642ef70854cbc985bae5f9e3,2e7f5e98a1a47f2f816626794db12486963cb2f00b416a9525cbdf8437e8f1e0,selected document ids intentionally excluded
internal_blind,qh_50eb1d3995bf6795,D0,1.0,0.6489315753318465,VERIFIED_FROM_RELEASE,paper_results/per_query_minimal/internal_blind_per_query.jsonl,876a16d098e1da3f642ef70854cbc985bae5f9e3,2e7f5e98a1a47f2f816626794db12486963cb2f00b416a9525cbdf8437e8f1e0,selected document ids intentionally excluded
internal_blind,qh_50eb1d3995bf6795,D1,0.8,0.5388856921828065,VERIFIED_FROM_RELEASE,paper_results/per_query_minimal/internal_blind_per_query.jsonl,876a16d098e1da3f642ef70854cbc985bae5f9e3,2e7f5e98a1a47f2f816626794db12486963cb2f00b416a9525cbdf8437e8f1e0,selected document ids intentionally excluded
internal_blind,qh_50eb1d3995bf6795,D2,0.8,0.5541432109622958,VERIFIED_FROM_RELEASE,paper_results/per_query_minimal/internal_blind_per_query.jsonl,876a16d098e1da3f642ef70854cbc985bae5f9e3,2e7f5e98a1a47f2f816626794db12486963cb2f00b416a9525cbdf8437e8f1e0,selected document ids intentionally excluded
internal_blind,qh_50eb1d3995bf6795,D3,0.8,0.5541432109622958,VERIFIED_FROM_RELEASE,paper_results/per_query_minimal/internal_blind_per_query.jsonl,876a16d098e1da3f642ef70854cbc985bae5f9e3,2e7f5e98a1a47f2f816626794db12486963cb2f00b416a9525cbdf8437e8f1e0,selected document ids intentionally excluded
internal_blind,qh_cd9b6ffd0d081432,B0,1.0,0.5241131522488269,VERIFIED_FROM_RELEASE,paper_results/per_query_minimal/internal_blind_per_query.jsonl,876a16d098e1da3f642ef70854cbc985bae5f9e3,2e7f5e98a1a47f2f816626794db12486963cb2f00b416a9525cbdf8437e8f1e0,selected document ids intentionally excluded
internal_blind,qh_cd9b6ffd0d081432,D0,1.0,0.3524356351404559,VERIFIED_FROM_RELEASE,paper_results/per_query_minimal/internal_blind_per_query.jsonl,876a16d098e1da3f642ef70854cbc985bae5f9e3,2e7f5e98a1a47f2f816626794db12486963cb2f00b416a9525cbdf8437e8f1e0,selected document ids intentionally excluded
internal_blind,qh_cd9b6ffd0d081432,D1,1.0,0.27647697685063605,VERIFIED_FROM_RELEASE,paper_results/per_query_minimal/internal_blind_per_query.jsonl,876a16d098e1da3f642ef70854cbc985bae5f9e3,2e7f5e98a1a47f2f816626794db12486963cb2f00b416a9525cbdf8437e8f1e0,selected document ids intentionally excluded
internal_blind,qh_cd9b6ffd0d081432,D2,1.0,0.26473744291112583,VERIFIED_FROM_RELEASE,paper_results/per_query_minimal/internal_blind_per_query.jsonl,876a16d098e1da3f642ef70854cbc985bae5f9e3,2e7f5e98a1a47f2f816626794db12486963cb2f00b416a9525cbdf8437e8f1e0,selected document ids intentionally excluded
internal_blind,qh_cd9b6ffd0d081432,D3,1.0,0.26473744291112583,VERIFIED_FROM_RELEASE,paper_results/per_query_minimal/internal_blind_per_query.jsonl,876a16d098e1da3f642ef70854cbc985bae5f9e3,2e7f5e98a1a47f2f816626794db12486963cb2f00b416a9525cbdf8437e8f1e0,selected document ids intentionally excluded
internal_blind,qh_9972a4106a6fff47,B0,1.0,0.0,VERIFIED_FROM_RELEASE,paper_results/per_query_minimal/internal_blind_per_query.jsonl,876a16d098e1da3f642ef70854cbc985bae5f9e3,2e7f5e98a1a47f2f816626794db12486963cb2f00b416a9525cbdf8437e8f1e0,selected document ids intentionally excluded
internal_blind,qh_9972a4106a6fff47,D0,1.0,0.0,VERIFIED_FROM_RELEASE,paper_results/per_query_minimal/internal_blind_per_query.jsonl,876a16d098e1da3f642ef70854cbc985bae5f9e3,2e7f5e98a1a47f2f816626794db12486963cb2f00b416a9525cbdf8437e8f1e0,selected document ids intentionally excluded
internal_blind,qh_9972a4106a6fff47,D1,1.0,0.0,VERIFIED_FROM_RELEASE,paper_results/per_query_minimal/internal_blind_per_query.jsonl,876a16d098e1da3f642ef70854cbc985bae5f9e3,2e7f5e98a1a47f2f816626794db12486963cb2f00b416a9525cbdf8437e8f1e0,selected document ids intentionally excluded
internal_blind,qh_9972a4106a6fff47,D2,1.0,0.0,VERIFIED_FROM_RELEASE,paper_results/per_query_minimal/internal_blind_per_query.jsonl,876a16d098e1da3f642ef70854cbc985bae5f9e3,2e7f5e98a1a47f2f816626794db12486963cb2f00b416a9525cbdf8437e8f1e0,selected document ids intentionally excluded
internal_blind,qh_9972a4106a6fff47,D3,1.0,0.0,VERIFIED_FROM_RELEASE,paper_results/per_query_minimal/internal_blind_per_query.jsonl,876a16d098e1da3f642ef70854cbc985bae5f9e3,2e7f5e98a1a47f2f816626794db12486963cb2f00b416a9525cbdf8437e8f1e0,selected document ids intentionally excluded
internal_blind,qh_87ff26af438c62c3,B0,0.6666666666666666,0.35547588693440635,VERIFIED_FROM_RELEASE,paper_results/per_query_minimal/internal_blind_per_query.jsonl,876a16d098e1da3f642ef70854cbc985bae5f9e3,2e7f5e98a1a47f2f816626794db12486963cb2f00b416a9525cbdf8437e8f1e0,selected document ids intentionally excluded
internal_blind,qh_87ff26af438c62c3,D0,1.0,0.44687688854525814,VERIFIED_FROM_RELEASE,paper_results/per_query_minimal/internal_blind_per_query.jsonl,876a16d098e1da3f642ef70854cbc985bae5f9e3,2e7f5e98a1a47f2f816626794db12486963cb2f00b416a9525cbdf8437e8f1e0,selected document ids intentionally excluded
internal_blind,qh_87ff26af438c62c3,D1,0.6666666666666666,0.436705209358932,VERIFIED_FROM_RELEASE,paper_results/per_query_minimal/internal_blind_per_query.jsonl,876a16d098e1da3f642ef70854cbc985bae5f9e3,2e7f5e98a1a47f2f816626794db12486963cb2f00b416a9525cbdf8437e8f1e0,selected document ids intentionally excluded
internal_blind,qh_87ff26af438c62c3,D2,0.6666666666666666,0.436705209358932,VERIFIED_FROM_RELEASE,paper_results/per_query_minimal/internal_blind_per_query.jsonl,876a16d098e1da3f642ef70854cbc985bae5f9e3,2e7f5e98a1a47f2f816626794db12486963cb2f00b416a9525cbdf8437e8f1e0,selected document ids intentionally excluded
internal_blind,qh_87ff26af438c62c3,D3,0.6666666666666666,0.436705209358932,VERIFIED_FROM_RELEASE,paper_results/per_query_minimal/internal_blind_per_query.jsonl,876a16d098e1da3f642ef70854cbc985bae5f9e3,2e7f5e98a1a47f2f816626794db12486963cb2f00b416a9525cbdf8437e8f1e0,selected document ids intentionally excluded
internal_blind,qh_62485bae62cee6a0,B0,1.0,0.6489315753318465,VERIFIED_FROM_RELEASE,paper_results/per_query_minimal/internal_blind_per_query.jsonl,876a16d098e1da3f642ef70854cbc985bae5f9e3,2e7f5e98a1a47f2f816626794db12486963cb2f00b416a9525cbdf8437e8f1e0,selected document ids intentionally excluded
internal_blind,qh_62485bae62cee6a0,D0,1.0,0.6489315753318465,VERIFIED_FROM_RELEASE,paper_results/per_query_minimal/internal_blind_per_query.jsonl,876a16d098e1da3f642ef70854cbc985bae5f9e3,2e7f5e98a1a47f2f816626794db12486963cb2f00b416a9525cbdf8437e8f1e0,selected document ids intentionally excluded
internal_blind,qh_62485bae62cee6a0,D1,1.0,0.6489315753318465,VERIFIED_FROM_RELEASE,paper_results/per_query_minimal/internal_blind_per_query.jsonl,876a16d098e1da3f642ef70854cbc985bae5f9e3,2e7f5e98a1a47f2f816626794db12486963cb2f00b416a9525cbdf8437e8f1e0,selected document ids intentionally excluded
internal_blind,qh_62485bae62cee6a0,D2,1.0,0.6489315753318465,VERIFIED_FROM_RELEASE,paper_results/per_query_minimal/internal_blind_per_query.jsonl,876a16d098e1da3f642ef70854cbc985bae5f9e3,2e7f5e98a1a47f2f816626794db12486963cb2f00b416a9525cbdf8437e8f1e0,selected document ids intentionally excluded
internal_blind,qh_62485bae62cee6a0,D3,1.0,0.6489315753318465,VERIFIED_FROM_RELEASE,paper_results/per_query_minimal/internal_blind_per_query.jsonl,876a16d098e1da3f642ef70854cbc985bae5f9e3,2e7f5e98a1a47f2f816626794db12486963cb2f00b416a9525cbdf8437e8f1e0,selected document ids intentionally excluded
internal_blind,qh_69ce312bffd8c3fb,B0,1.0,0.3426284068531279,VERIFIED_FROM_RELEASE,paper_results/per_query_minimal/internal_blind_per_query.jsonl,876a16d098e1da3f642ef70854cbc985bae5f9e3,2e7f5e98a1a47f2f816626794db12486963cb2f00b416a9525cbdf8437e8f1e0,selected document ids intentionally excluded
internal_blind,qh_69ce312bffd8c3fb,D0,1.0,0.2730537672547859,VERIFIED_FROM_RELEASE,paper_results/per_query_minimal/internal_blind_per_query.jsonl,876a16d098e1da3f642ef70854cbc985bae5f9e3,2e7f5e98a1a47f2f816626794db12486963cb2f00b416a9525cbdf8437e8f1e0,selected document ids intentionally excluded
internal_blind,qh_69ce312bffd8c3fb,D1,1.0,0.2730537672547859,VERIFIED_FROM_RELEASE,paper_results/per_query_minimal/internal_blind_per_query.jsonl,876a16d098e1da3f642ef70854cbc985bae5f9e3,2e7f5e98a1a47f2f816626794db12486963cb2f00b416a9525cbdf8437e8f1e0,selected document ids intentionally excluded
internal_blind,qh_69ce312bffd8c3fb,D2,1.0,0.19186552029808562,VERIFIED_FROM_RELEASE,paper_results/per_query_minimal/internal_blind_per_query.jsonl,876a16d098e1da3f642ef70854cbc985bae5f9e3,2e7f5e98a1a47f2f816626794db12486963cb2f00b416a9525cbdf8437e8f1e0,selected document ids intentionally excluded
internal_blind,qh_69ce312bffd8c3fb,D3,1.0,0.19186552029808562,VERIFIED_FROM_RELEASE,paper_results/per_query_minimal/internal_blind_per_query.jsonl,876a16d098e1da3f642ef70854cbc985bae5f9e3,2e7f5e98a1a47f2f816626794db12486963cb2f00b416a9525cbdf8437e8f1e0,selected document ids intentionally excluded
internal_blind,qh_3a898d454a14045c,B0,1.0,0.5637884576902256,VERIFIED_FROM_RELEASE,paper_results/per_query_minimal/internal_blind_per_query.jsonl,876a16d098e1da3f642ef70854cbc985bae5f9e3,2e7f5e98a1a47f2f816626794db12486963cb2f00b416a9525cbdf8437e8f1e0,selected document ids intentionally excluded
internal_blind,qh_3a898d454a14045c,D0,1.0,0.5541432109622958,VERIFIED_FROM_RELEASE,paper_results/per_query_minimal/internal_blind_per_query.jsonl,876a16d098e1da3f642ef70854cbc985bae5f9e3,2e7f5e98a1a47f2f816626794db12486963cb2f00b416a9525cbdf8437e8f1e0,selected document ids intentionally excluded
internal_blind,qh_3a898d454a14045c,D1,1.0,0.5541432109622958,VERIFIED_FROM_RELEASE,paper_results/per_query_minimal/internal_blind_per_query.jsonl,876a16d098e1da3f642ef70854cbc985bae5f9e3,2e7f5e98a1a47f2f816626794db12486963cb2f00b416a9525cbdf8437e8f1e0,selected document ids intentionally excluded
internal_blind,qh_3a898d454a14045c,D2,1.0,0.6489315753318465,VERIFIED_FROM_RELEASE,paper_results/per_query_minimal/internal_blind_per_query.jsonl,876a16d098e1da3f642ef70854cbc985bae5f9e3,2e7f5e98a1a47f2f816626794db12486963cb2f00b416a9525cbdf8437e8f1e0,selected document ids intentionally excluded
internal_blind,qh_3a898d454a14045c,D3,1.0,0.6489315753318465,VERIFIED_FROM_RELEASE,paper_results/per_query_minimal/internal_blind_per_query.jsonl,876a16d098e1da3f642ef70854cbc985bae5f9e3,2e7f5e98a1a47f2f816626794db12486963cb2f00b416a9525cbdf8437e8f1e0,selected document ids intentionally excluded
internal_blind,qh_c025e323825bb6e3,B0,1.0,0.0,VERIFIED_FROM_RELEASE,paper_results/per_query_minimal/internal_blind_per_query.jsonl,876a16d098e1da3f642ef70854cbc985bae5f9e3,2e7f5e98a1a47f2f816626794db12486963cb2f00b416a9525cbdf8437e8f1e0,selected document ids intentionally excluded
internal_blind,qh_c025e323825bb6e3,D0,1.0,0.0,VERIFIED_FROM_RELEASE,paper_results/per_query_minimal/internal_blind_per_query.jsonl,876a16d098e1da3f642ef70854cbc985bae5f9e3,2e7f5e98a1a47f2f816626794db12486963cb2f00b416a9525cbdf8437e8f1e0,selected document ids intentionally excluded
internal_blind,qh_c025e323825bb6e3,D1,1.0,0.0,VERIFIED_FROM_RELEASE,paper_results/per_query_minimal/internal_blind_per_query.jsonl,876a16d098e1da3f642ef70854cbc985bae5f9e3,2e7f5e98a1a47f2f816626794db12486963cb2f00b416a9525cbdf8437e8f1e0,selected document ids intentionally excluded
internal_blind,qh_c025e323825bb6e3,D2,1.0,0.0,VERIFIED_FROM_RELEASE,paper_results/per_query_minimal/internal_blind_per_query.jsonl,876a16d098e1da3f642ef70854cbc985bae5f9e3,2e7f5e98a1a47f2f816626794db12486963cb2f00b416a9525cbdf8437e8f1e0,selected document ids intentionally excluded
internal_blind,qh_c025e323825bb6e3,D3,1.0,0.0,VERIFIED_FROM_RELEASE,paper_results/per_query_minimal/internal_blind_per_query.jsonl,876a16d098e1da3f642ef70854cbc985bae5f9e3,2e7f5e98a1a47f2f816626794db12486963cb2f00b416a9525cbdf8437e8f1e0,selected document ids intentionally excluded
internal_blind,qh_bba8e8cb4e593119,B0,1.0,0.0,VERIFIED_FROM_RELEASE,paper_results/per_query_minimal/internal_blind_per_query.jsonl,876a16d098e1da3f642ef70854cbc985bae5f9e3,2e7f5e98a1a47f2f816626794db12486963cb2f00b416a9525cbdf8437e8f1e0,selected document ids intentionally excluded
internal_blind,qh_bba8e8cb4e593119,D0,1.0,0.0,VERIFIED_FROM_RELEASE,paper_results/per_query_minimal/internal_blind_per_query.jsonl,876a16d098e1da3f642ef70854cbc985bae5f9e3,2e7f5e98a1a47f2f816626794db12486963cb2f00b416a9525cbdf8437e8f1e0,selected document ids intentionally excluded
internal_blind,qh_bba8e8cb4e593119,D1,1.0,0.0,VERIFIED_FROM_RELEASE,paper_results/per_query_minimal/internal_blind_per_query.jsonl,876a16d098e1da3f642ef70854cbc985bae5f9e3,2e7f5e98a1a47f2f816626794db12486963cb2f00b416a9525cbdf8437e8f1e0,selected document ids intentionally excluded
internal_blind,qh_bba8e8cb4e593119,D2,1.0,0.0,VERIFIED_FROM_RELEASE,paper_results/per_query_minimal/internal_blind_per_query.jsonl,876a16d098e1da3f642ef70854cbc985bae5f9e3,2e7f5e98a1a47f2f816626794db12486963cb2f00b416a9525cbdf8437e8f1e0,selected document ids intentionally excluded
internal_blind,qh_bba8e8cb4e593119,D3,1.0,0.0,VERIFIED_FROM_RELEASE,paper_results/per_query_minimal/internal_blind_per_query.jsonl,876a16d098e1da3f642ef70854cbc985bae5f9e3,2e7f5e98a1a47f2f816626794db12486963cb2f00b416a9525cbdf8437e8f1e0,selected document ids intentionally excluded
internal_blind,qh_7f047769595aa34f,B0,1.0,0.27541155237618664,VERIFIED_FROM_RELEASE,paper_results/per_query_minimal/internal_blind_per_query.jsonl,876a16d098e1da3f642ef70854cbc985bae5f9e3,2e7f5e98a1a47f2f816626794db12486963cb2f00b416a9525cbdf8437e8f1e0,selected document ids intentionally excluded
internal_blind,qh_7f047769595aa34f,D0,1.0,0.17376534287144002,VERIFIED_FROM_RELEASE,paper_results/per_query_minimal/internal_blind_per_query.jsonl,876a16d098e1da3f642ef70854cbc985bae5f9e3,2e7f5e98a1a47f2f816626794db12486963cb2f00b416a9525cbdf8437e8f1e0,selected document ids intentionally excluded
internal_blind,qh_7f047769595aa34f,D1,1.0,0.17376534287144002,VERIFIED_FROM_RELEASE,paper_results/per_query_minimal/internal_blind_per_query.jsonl,876a16d098e1da3f642ef70854cbc985bae5f9e3,2e7f5e98a1a47f2f816626794db12486963cb2f00b416a9525cbdf8437e8f1e0,selected document ids intentionally excluded
internal_blind,qh_7f047769595aa34f,D2,1.0,0.17376534287144002,VERIFIED_FROM_RELEASE,paper_results/per_query_minimal/internal_blind_per_query.jsonl,876a16d098e1da3f642ef70854cbc985bae5f9e3,2e7f5e98a1a47f2f816626794db12486963cb2f00b416a9525cbdf8437e8f1e0,selected document ids intentionally excluded
internal_blind,qh_7f047769595aa34f,D3,1.0,0.17376534287144002,VERIFIED_FROM_RELEASE,paper_results/per_query_minimal/internal_blind_per_query.jsonl,876a16d098e1da3f642ef70854cbc985bae5f9e3,2e7f5e98a1a47f2f816626794db12486963cb2f00b416a9525cbdf8437e8f1e0,selected document ids intentionally excluded
internal_blind,qh_92f47e512d101455,B0,1.0,0.6489315753318465,VERIFIED_FROM_RELEASE,paper_results/per_query_minimal/internal_blind_per_query.jsonl,876a16d098e1da3f642ef70854cbc985bae5f9e3,2e7f5e98a1a47f2f816626794db12486963cb2f00b416a9525cbdf8437e8f1e0,selected document ids intentionally excluded
internal_blind,qh_92f47e512d101455,D0,1.0,0.6489315753318465,VERIFIED_FROM_RELEASE,paper_results/per_query_minimal/internal_blind_per_query.jsonl,876a16d098e1da3f642ef70854cbc985bae5f9e3,2e7f5e98a1a47f2f816626794db12486963cb2f00b416a9525cbdf8437e8f1e0,selected document ids intentionally excluded
internal_blind,qh_92f47e512d101455,D1,1.0,0.6489315753318465,VERIFIED_FROM_RELEASE,paper_results/per_query_minimal/internal_blind_per_query.jsonl,876a16d098e1da3f642ef70854cbc985bae5f9e3,2e7f5e98a1a47f2f816626794db12486963cb2f00b416a9525cbdf8437e8f1e0,selected document ids intentionally excluded
internal_blind,qh_92f47e512d101455,D2,1.0,0.6489315753318465,VERIFIED_FROM_RELEASE,paper_results/per_query_minimal/internal_blind_per_query.jsonl,876a16d098e1da3f642ef70854cbc985bae5f9e3,2e7f5e98a1a47f2f816626794db12486963cb2f00b416a9525cbdf8437e8f1e0,selected document ids intentionally excluded
internal_blind,qh_92f47e512d101455,D3,1.0,0.6489315753318465,VERIFIED_FROM_RELEASE,paper_results/per_query_minimal/internal_blind_per_query.jsonl,876a16d098e1da3f642ef70854cbc985bae5f9e3,2e7f5e98a1a47f2f816626794db12486963cb2f00b416a9525cbdf8437e8f1e0,selected document ids intentionally excluded
internal_blind,qh_c2d63f25158f5e67,B0,1.0,0.3886401505251897,VERIFIED_FROM_RELEASE,paper_results/per_query_minimal/internal_blind_per_query.jsonl,876a16d098e1da3f642ef70854cbc985bae5f9e3,2e7f5e98a1a47f2f816626794db12486963cb2f00b416a9525cbdf8437e8f1e0,selected document ids intentionally excluded
internal_blind,qh_c2d63f25158f5e67,D0,1.0,0.16718352410471976,VERIFIED_FROM_RELEASE,paper_results/per_query_minimal/internal_blind_per_query.jsonl,876a16d098e1da3f642ef70854cbc985bae5f9e3,2e7f5e98a1a47f2f816626794db12486963cb2f00b416a9525cbdf8437e8f1e0,selected document ids intentionally excluded
internal_blind,qh_c2d63f25158f5e67,D1,1.0,0.28612215608979347,VERIFIED_FROM_RELEASE,paper_results/per_query_minimal/internal_blind_per_query.jsonl,876a16d098e1da3f642ef70854cbc985bae5f9e3,2e7f5e98a1a47f2f816626794db12486963cb2f00b416a9525cbdf8437e8f1e0,selected document ids intentionally excluded
internal_blind,qh_c2d63f25158f5e67,D2,1.0,0.30745190356848945,VERIFIED_FROM_RELEASE,paper_results/per_query_minimal/internal_blind_per_query.jsonl,876a16d098e1da3f642ef70854cbc985bae5f9e3,2e7f5e98a1a47f2f816626794db12486963cb2f00b416a9525cbdf8437e8f1e0,selected document ids intentionally excluded
internal_blind,qh_c2d63f25158f5e67,D3,1.0,0.47463542767320926,VERIFIED_FROM_RELEASE,paper_results/per_query_minimal/internal_blind_per_query.jsonl,876a16d098e1da3f642ef70854cbc985bae5f9e3,2e7f5e98a1a47f2f816626794db12486963cb2f00b416a9525cbdf8437e8f1e0,selected document ids intentionally excluded
internal_blind,qh_62d287d189c112ab,B0,1.0,0.4858032635161232,VERIFIED_FROM_RELEASE,paper_results/per_query_minimal/internal_blind_per_query.jsonl,876a16d098e1da3f642ef70854cbc985bae5f9e3,2e7f5e98a1a47f2f816626794db12486963cb2f00b416a9525cbdf8437e8f1e0,selected document ids intentionally excluded
internal_blind,qh_62d287d189c112ab,D0,1.0,0.3541695345862003,VERIFIED_FROM_RELEASE,paper_results/per_query_minimal/internal_blind_per_query.jsonl,876a16d098e1da3f642ef70854cbc985bae5f9e3,2e7f5e98a1a47f2f816626794db12486963cb2f00b416a9525cbdf8437e8f1e0,selected document ids intentionally excluded
internal_blind,qh_62d287d189c112ab,D1,1.0,0.3541695345862003,VERIFIED_FROM_RELEASE,paper_results/per_query_minimal/internal_blind_per_query.jsonl,876a16d098e1da3f642ef70854cbc985bae5f9e3,2e7f5e98a1a47f2f816626794db12486963cb2f00b416a9525cbdf8437e8f1e0,selected document ids intentionally excluded
internal_blind,qh_62d287d189c112ab,D2,1.0,0.4858032635161232,VERIFIED_FROM_RELEASE,paper_results/per_query_minimal/internal_blind_per_query.jsonl,876a16d098e1da3f642ef70854cbc985bae5f9e3,2e7f5e98a1a47f2f816626794db12486963cb2f00b416a9525cbdf8437e8f1e0,selected document ids intentionally excluded
internal_blind,qh_62d287d189c112ab,D3,1.0,0.4858032635161232,VERIFIED_FROM_RELEASE,paper_results/per_query_minimal/internal_blind_per_query.jsonl,876a16d098e1da3f642ef70854cbc985bae5f9e3,2e7f5e98a1a47f2f816626794db12486963cb2f00b416a9525cbdf8437e8f1e0,selected document ids intentionally excluded
internal_blind,qh_a4b24d011a90c9c9,B0,1.0,0.5229619204506751,VERIFIED_FROM_RELEASE,paper_results/per_query_minimal/internal_blind_per_query.jsonl,876a16d098e1da3f642ef70854cbc985bae5f9e3,2e7f5e98a1a47f2f816626794db12486963cb2f00b416a9525cbdf8437e8f1e0,selected document ids intentionally excluded
internal_blind,qh_a4b24d011a90c9c9,D0,1.0,0.49837041766194534,VERIFIED_FROM_RELEASE,paper_results/per_query_minimal/internal_blind_per_query.jsonl,876a16d098e1da3f642ef70854cbc985bae5f9e3,2e7f5e98a1a47f2f816626794db12486963cb2f00b416a9525cbdf8437e8f1e0,selected document ids intentionally excluded
internal_blind,qh_a4b24d011a90c9c9,D1,1.0,0.48072344792644206,VERIFIED_FROM_RELEASE,paper_results/per_query_minimal/internal_blind_per_query.jsonl,876a16d098e1da3f642ef70854cbc985bae5f9e3,2e7f5e98a1a47f2f816626794db12486963cb2f00b416a9525cbdf8437e8f1e0,selected document ids intentionally excluded
internal_blind,qh_a4b24d011a90c9c9,D2,1.0,0.5229619204506751,VERIFIED_FROM_RELEASE,paper_results/per_query_minimal/internal_blind_per_query.jsonl,876a16d098e1da3f642ef70854cbc985bae5f9e3,2e7f5e98a1a47f2f816626794db12486963cb2f00b416a9525cbdf8437e8f1e0,selected document ids intentionally excluded
internal_blind,qh_a4b24d011a90c9c9,D3,1.0,0.5638316219966457,VERIFIED_FROM_RELEASE,paper_results/per_query_minimal/internal_blind_per_query.jsonl,876a16d098e1da3f642ef70854cbc985bae5f9e3,2e7f5e98a1a47f2f816626794db12486963cb2f00b416a9525cbdf8437e8f1e0,selected document ids intentionally excluded
internal_blind,qh_e0d503344db894b2,B0,0.75,0.419665006636777,VERIFIED_FROM_RELEASE,paper_results/per_query_minimal/internal_blind_per_query.jsonl,876a16d098e1da3f642ef70854cbc985bae5f9e3,2e7f5e98a1a47f2f816626794db12486963cb2f00b416a9525cbdf8437e8f1e0,selected document ids intentionally excluded
internal_blind,qh_e0d503344db894b2,D0,1.0,0.15130120674940675,VERIFIED_FROM_RELEASE,paper_results/per_query_minimal/internal_blind_per_query.jsonl,876a16d098e1da3f642ef70854cbc985bae5f9e3,2e7f5e98a1a47f2f816626794db12486963cb2f00b416a9525cbdf8437e8f1e0,selected document ids intentionally excluded
internal_blind,qh_e0d503344db894b2,D1,1.0,0.1909208661789347,VERIFIED_FROM_RELEASE,paper_results/per_query_minimal/internal_blind_per_query.jsonl,876a16d098e1da3f642ef70854cbc985bae5f9e3,2e7f5e98a1a47f2f816626794db12486963cb2f00b416a9525cbdf8437e8f1e0,selected document ids intentionally excluded
internal_blind,qh_e0d503344db894b2,D2,1.0,0.1909208661789347,VERIFIED_FROM_RELEASE,paper_results/per_query_minimal/internal_blind_per_query.jsonl,876a16d098e1da3f642ef70854cbc985bae5f9e3,2e7f5e98a1a47f2f816626794db12486963cb2f00b416a9525cbdf8437e8f1e0,selected document ids intentionally excluded
internal_blind,qh_e0d503344db894b2,D3,1.0,0.1909208661789347,VERIFIED_FROM_RELEASE,paper_results/per_query_minimal/internal_blind_per_query.jsonl,876a16d098e1da3f642ef70854cbc985bae5f9e3,2e7f5e98a1a47f2f816626794db12486963cb2f00b416a9525cbdf8437e8f1e0,selected document ids intentionally excluded
internal_blind,qh_8477988a55728213,B0,0.75,0.4768693144023323,VERIFIED_FROM_RELEASE,paper_results/per_query_minimal/internal_blind_per_query.jsonl,876a16d098e1da3f642ef70854cbc985bae5f9e3,2e7f5e98a1a47f2f816626794db12486963cb2f00b416a9525cbdf8437e8f1e0,selected document ids intentionally excluded
internal_blind,qh_8477988a55728213,D0,1.0,0.3777451508166997,VERIFIED_FROM_RELEASE,paper_results/per_query_minimal/internal_blind_per_query.jsonl,876a16d098e1da3f642ef70854cbc985bae5f9e3,2e7f5e98a1a47f2f816626794db12486963cb2f00b416a9525cbdf8437e8f1e0,selected document ids intentionally excluded
internal_blind,qh_8477988a55728213,D1,0.75,0.6339773966009096,VERIFIED_FROM_RELEASE,paper_results/per_query_minimal/internal_blind_per_query.jsonl,876a16d098e1da3f642ef70854cbc985bae5f9e3,2e7f5e98a1a47f2f816626794db12486963cb2f00b416a9525cbdf8437e8f1e0,selected document ids intentionally excluded
internal_blind,qh_8477988a55728213,D2,0.75,0.6339773966009096,VERIFIED_FROM_RELEASE,paper_results/per_query_minimal/internal_blind_per_query.jsonl,876a16d098e1da3f642ef70854cbc985bae5f9e3,2e7f5e98a1a47f2f816626794db12486963cb2f00b416a9525cbdf8437e8f1e0,selected document ids intentionally excluded
internal_blind,qh_8477988a55728213,D3,0.75,0.3777451508166997,VERIFIED_FROM_RELEASE,paper_results/per_query_minimal/internal_blind_per_query.jsonl,876a16d098e1da3f642ef70854cbc985bae5f9e3,2e7f5e98a1a47f2f816626794db12486963cb2f00b416a9525cbdf8437e8f1e0,selected document ids intentionally excluded
internal_blind,qh_ba0c24a5a79d79ee,B0,0.6666666666666666,0.9674679834891693,VERIFIED_FROM_RELEASE,paper_results/per_query_minimal/internal_blind_per_query.jsonl,876a16d098e1da3f642ef70854cbc985bae5f9e3,2e7f5e98a1a47f2f816626794db12486963cb2f00b416a9525cbdf8437e8f1e0,selected document ids intentionally excluded
internal_blind,qh_ba0c24a5a79d79ee,D0,0.6666666666666666,0.5307212739772434,VERIFIED_FROM_RELEASE,paper_results/per_query_minimal/internal_blind_per_query.jsonl,876a16d098e1da3f642ef70854cbc985bae5f9e3,2e7f5e98a1a47f2f816626794db12486963cb2f00b416a9525cbdf8437e8f1e0,selected document ids intentionally excluded
internal_blind,qh_ba0c24a5a79d79ee,D1,0.6666666666666666,0.5307212739772434,VERIFIED_FROM_RELEASE,paper_results/per_query_minimal/internal_blind_per_query.jsonl,876a16d098e1da3f642ef70854cbc985bae5f9e3,2e7f5e98a1a47f2f816626794db12486963cb2f00b416a9525cbdf8437e8f1e0,selected document ids intentionally excluded
internal_blind,qh_ba0c24a5a79d79ee,D2,0.6666666666666666,0.8854598815714874,VERIFIED_FROM_RELEASE,paper_results/per_query_minimal/internal_blind_per_query.jsonl,876a16d098e1da3f642ef70854cbc985bae5f9e3,2e7f5e98a1a47f2f816626794db12486963cb2f00b416a9525cbdf8437e8f1e0,selected document ids intentionally excluded
internal_blind,qh_ba0c24a5a79d79ee,D3,0.6666666666666666,0.7122630665145961,VERIFIED_FROM_RELEASE,paper_results/per_query_minimal/internal_blind_per_query.jsonl,876a16d098e1da3f642ef70854cbc985bae5f9e3,2e7f5e98a1a47f2f816626794db12486963cb2f00b416a9525cbdf8437e8f1e0,selected document ids intentionally excluded
internal_blind,qh_a88701c018b1bab5,B0,1.0,0.33484598185538733,VERIFIED_FROM_RELEASE,paper_results/per_query_minimal/internal_blind_per_query.jsonl,876a16d098e1da3f642ef70854cbc985bae5f9e3,2e7f5e98a1a47f2f816626794db12486963cb2f00b416a9525cbdf8437e8f1e0,selected document ids intentionally excluded
internal_blind,qh_a88701c018b1bab5,D0,1.0,0.33484598185538733,VERIFIED_FROM_RELEASE,paper_results/per_query_minimal/internal_blind_per_query.jsonl,876a16d098e1da3f642ef70854cbc985bae5f9e3,2e7f5e98a1a47f2f816626794db12486963cb2f00b416a9525cbdf8437e8f1e0,selected document ids intentionally excluded
internal_blind,qh_a88701c018b1bab5,D1,1.0,0.33484598185538733,VERIFIED_FROM_RELEASE,paper_results/per_query_minimal/internal_blind_per_query.jsonl,876a16d098e1da3f642ef70854cbc985bae5f9e3,2e7f5e98a1a47f2f816626794db12486963cb2f00b416a9525cbdf8437e8f1e0,selected document ids intentionally excluded
internal_blind,qh_a88701c018b1bab5,D2,1.0,0.33484598185538733,VERIFIED_FROM_RELEASE,paper_results/per_query_minimal/internal_blind_per_query.jsonl,876a16d098e1da3f642ef70854cbc985bae5f9e3,2e7f5e98a1a47f2f816626794db12486963cb2f00b416a9525cbdf8437e8f1e0,selected document ids intentionally excluded
internal_blind,qh_a88701c018b1bab5,D3,1.0,0.33484598185538733,VERIFIED_FROM_RELEASE,paper_results/per_query_minimal/internal_blind_per_query.jsonl,876a16d098e1da3f642ef70854cbc985bae5f9e3,2e7f5e98a1a47f2f816626794db12486963cb2f00b416a9525cbdf8437e8f1e0,selected document ids intentionally excluded
internal_blind,qh_c3f5e636a9f4569e,B0,1.0,0.6776743599465253,VERIFIED_FROM_RELEASE,paper_results/per_query_minimal/internal_blind_per_query.jsonl,876a16d098e1da3f642ef70854cbc985bae5f9e3,2e7f5e98a1a47f2f816626794db12486963cb2f00b416a9525cbdf8437e8f1e0,selected document ids intentionally excluded
internal_blind,qh_c3f5e636a9f4569e,D0,1.0,0.4897732675335136,VERIFIED_FROM_RELEASE,paper_results/per_query_minimal/internal_blind_per_query.jsonl,876a16d098e1da3f642ef70854cbc985bae5f9e3,2e7f5e98a1a47f2f816626794db12486963cb2f00b416a9525cbdf8437e8f1e0,selected document ids intentionally excluded
internal_blind,qh_c3f5e636a9f4569e,D1,1.0,0.5887600430216148,VERIFIED_FROM_RELEASE,paper_results/per_query_minimal/internal_blind_per_query.jsonl,876a16d098e1da3f642ef70854cbc985bae5f9e3,2e7f5e98a1a47f2f816626794db12486963cb2f00b416a9525cbdf8437e8f1e0,selected document ids intentionally excluded
internal_blind,qh_c3f5e636a9f4569e,D2,1.0,0.6776743599465253,VERIFIED_FROM_RELEASE,paper_results/per_query_minimal/internal_blind_per_query.jsonl,876a16d098e1da3f642ef70854cbc985bae5f9e3,2e7f5e98a1a47f2f816626794db12486963cb2f00b416a9525cbdf8437e8f1e0,selected document ids intentionally excluded
internal_blind,qh_c3f5e636a9f4569e,D3,1.0,0.5194113731751504,VERIFIED_FROM_RELEASE,paper_results/per_query_minimal/internal_blind_per_query.jsonl,876a16d098e1da3f642ef70854cbc985bae5f9e3,2e7f5e98a1a47f2f816626794db12486963cb2f00b416a9525cbdf8437e8f1e0,selected document ids intentionally excluded
internal_blind,qh_d31c9be4370c6e4f,B0,1.0,0.5399117314452623,VERIFIED_FROM_RELEASE,paper_results/per_query_minimal/internal_blind_per_query.jsonl,876a16d098e1da3f642ef70854cbc985bae5f9e3,2e7f5e98a1a47f2f816626794db12486963cb2f00b416a9525cbdf8437e8f1e0,selected document ids intentionally excluded
internal_blind,qh_d31c9be4370c6e4f,D0,1.0,0.43556198491998616,VERIFIED_FROM_RELEASE,paper_results/per_query_minimal/internal_blind_per_query.jsonl,876a16d098e1da3f642ef70854cbc985bae5f9e3,2e7f5e98a1a47f2f816626794db12486963cb2f00b416a9525cbdf8437e8f1e0,selected document ids intentionally excluded
internal_blind,qh_d31c9be4370c6e4f,D1,1.0,0.43556198491998616,VERIFIED_FROM_RELEASE,paper_results/per_query_minimal/internal_blind_per_query.jsonl,876a16d098e1da3f642ef70854cbc985bae5f9e3,2e7f5e98a1a47f2f816626794db12486963cb2f00b416a9525cbdf8437e8f1e0,selected document ids intentionally excluded
internal_blind,qh_d31c9be4370c6e4f,D2,1.0,0.5609437985702386,VERIFIED_FROM_RELEASE,paper_results/per_query_minimal/internal_blind_per_query.jsonl,876a16d098e1da3f642ef70854cbc985bae5f9e3,2e7f5e98a1a47f2f816626794db12486963cb2f00b416a9525cbdf8437e8f1e0,selected document ids intentionally excluded
internal_blind,qh_d31c9be4370c6e4f,D3,1.0,0.5609437985702386,VERIFIED_FROM_RELEASE,paper_results/per_query_minimal/internal_blind_per_query.jsonl,876a16d098e1da3f642ef70854cbc985bae5f9e3,2e7f5e98a1a47f2f816626794db12486963cb2f00b416a9525cbdf8437e8f1e0,selected document ids intentionally excluded
internal_blind,qh_d1a7aef8293acdb1,B0,1.0,0.7585288438953288,VERIFIED_FROM_RELEASE,paper_results/per_query_minimal/internal_blind_per_query.jsonl,876a16d098e1da3f642ef70854cbc985bae5f9e3,2e7f5e98a1a47f2f816626794db12486963cb2f00b416a9525cbdf8437e8f1e0,selected document ids intentionally excluded
internal_blind,qh_d1a7aef8293acdb1,D0,1.0,0.5339421742720714,VERIFIED_FROM_RELEASE,paper_results/per_query_minimal/internal_blind_per_query.jsonl,876a16d098e1da3f642ef70854cbc985bae5f9e3,2e7f5e98a1a47f2f816626794db12486963cb2f00b416a9525cbdf8437e8f1e0,selected document ids intentionally excluded
internal_blind,qh_d1a7aef8293acdb1,D1,1.0,0.6716468602841151,VERIFIED_FROM_RELEASE,paper_results/per_query_minimal/internal_blind_per_query.jsonl,876a16d098e1da3f642ef70854cbc985bae5f9e3,2e7f5e98a1a47f2f816626794db12486963cb2f00b416a9525cbdf8437e8f1e0,selected document ids intentionally excluded
internal_blind,qh_d1a7aef8293acdb1,D2,1.0,0.7585288438953288,VERIFIED_FROM_RELEASE,paper_results/per_query_minimal/internal_blind_per_query.jsonl,876a16d098e1da3f642ef70854cbc985bae5f9e3,2e7f5e98a1a47f2f816626794db12486963cb2f00b416a9525cbdf8437e8f1e0,selected document ids intentionally excluded
internal_blind,qh_d1a7aef8293acdb1,D3,1.0,0.7585288438953288,VERIFIED_FROM_RELEASE,paper_results/per_query_minimal/internal_blind_per_query.jsonl,876a16d098e1da3f642ef70854cbc985bae5f9e3,2e7f5e98a1a47f2f816626794db12486963cb2f00b416a9525cbdf8437e8f1e0,selected document ids intentionally excluded
internal_blind,qh_0d3ed31129e57d3d,B0,1.0,0.3873949242791438,VERIFIED_FROM_RELEASE,paper_results/per_query_minimal/internal_blind_per_query.jsonl,876a16d098e1da3f642ef70854cbc985bae5f9e3,2e7f5e98a1a47f2f816626794db12486963cb2f00b416a9525cbdf8437e8f1e0,selected document ids intentionally excluded
internal_blind,qh_0d3ed31129e57d3d,D0,1.0,0.4464037291847972,VERIFIED_FROM_RELEASE,paper_results/per_query_minimal/internal_blind_per_query.jsonl,876a16d098e1da3f642ef70854cbc985bae5f9e3,2e7f5e98a1a47f2f816626794db12486963cb2f00b416a9525cbdf8437e8f1e0,selected document ids intentionally excluded
internal_blind,qh_0d3ed31129e57d3d,D1,1.0,0.4464037291847972,VERIFIED_FROM_RELEASE,paper_results/per_query_minimal/internal_blind_per_query.jsonl,876a16d098e1da3f642ef70854cbc985bae5f9e3,2e7f5e98a1a47f2f816626794db12486963cb2f00b416a9525cbdf8437e8f1e0,selected document ids intentionally excluded
internal_blind,qh_0d3ed31129e57d3d,D2,1.0,0.14880124306159906,VERIFIED_FROM_RELEASE,paper_results/per_query_minimal/internal_blind_per_query.jsonl,876a16d098e1da3f642ef70854cbc985bae5f9e3,2e7f5e98a1a47f2f816626794db12486963cb2f00b416a9525cbdf8437e8f1e0,selected document ids intentionally excluded
internal_blind,qh_0d3ed31129e57d3d,D3,1.0,0.14880124306159906,VERIFIED_FROM_RELEASE,paper_results/per_query_minimal/internal_blind_per_query.jsonl,876a16d098e1da3f642ef70854cbc985bae5f9e3,2e7f5e98a1a47f2f816626794db12486963cb2f00b416a9525cbdf8437e8f1e0,selected document ids intentionally excluded
internal_blind,qh_519faeb0984de427,B0,1.0,0.3065735963827292,VERIFIED_FROM_RELEASE,paper_results/per_query_minimal/internal_blind_per_query.jsonl,876a16d098e1da3f642ef70854cbc985bae5f9e3,2e7f5e98a1a47f2f816626794db12486963cb2f00b416a9525cbdf8437e8f1e0,selected document ids intentionally excluded
internal_blind,qh_519faeb0984de427,D0,1.0,0.6131471927654584,VERIFIED_FROM_RELEASE,paper_results/per_query_minimal/internal_blind_per_query.jsonl,876a16d098e1da3f642ef70854cbc985bae5f9e3,2e7f5e98a1a47f2f816626794db12486963cb2f00b416a9525cbdf8437e8f1e0,selected document ids intentionally excluded
internal_blind,qh_519faeb0984de427,D1,1.0,0.3065735963827292,VERIFIED_FROM_RELEASE,paper_results/per_query_minimal/internal_blind_per_query.jsonl,876a16d098e1da3f642ef70854cbc985bae5f9e3,2e7f5e98a1a47f2f816626794db12486963cb2f00b416a9525cbdf8437e8f1e0,selected document ids intentionally excluded
internal_blind,qh_519faeb0984de427,D2,1.0,0.3065735963827292,VERIFIED_FROM_RELEASE,paper_results/per_query_minimal/internal_blind_per_query.jsonl,876a16d098e1da3f642ef70854cbc985bae5f9e3,2e7f5e98a1a47f2f816626794db12486963cb2f00b416a9525cbdf8437e8f1e0,selected document ids intentionally excluded
internal_blind,qh_519faeb0984de427,D3,1.0,0.3065735963827292,VERIFIED_FROM_RELEASE,paper_results/per_query_minimal/internal_blind_per_query.jsonl,876a16d098e1da3f642ef70854cbc985bae5f9e3,2e7f5e98a1a47f2f816626794db12486963cb2f00b416a9525cbdf8437e8f1e0,selected document ids intentionally excluded
internal_blind,qh_0103f04b4df2f083,B0,0.6666666666666666,0.4703652827859579,VERIFIED_FROM_RELEASE,paper_results/per_query_minimal/internal_blind_per_query.jsonl,876a16d098e1da3f642ef70854cbc985bae5f9e3,2e7f5e98a1a47f2f816626794db12486963cb2f00b416a9525cbdf8437e8f1e0,selected document ids intentionally excluded
internal_blind,qh_0103f04b4df2f083,D0,1.0,0.5147714448836774,VERIFIED_FROM_RELEASE,paper_results/per_query_minimal/internal_blind_per_query.jsonl,876a16d098e1da3f642ef70854cbc985bae5f9e3,2e7f5e98a1a47f2f816626794db12486963cb2f00b416a9525cbdf8437e8f1e0,selected document ids intentionally excluded
internal_blind,qh_0103f04b4df2f083,D1,0.6666666666666666,0.48522855511632257,VERIFIED_FROM_RELEASE,paper_results/per_query_minimal/internal_blind_per_query.jsonl,876a16d098e1da3f642ef70854cbc985bae5f9e3,2e7f5e98a1a47f2f816626794db12486963cb2f00b416a9525cbdf8437e8f1e0,selected document ids intentionally excluded
internal_blind,qh_0103f04b4df2f083,D2,0.6666666666666666,0.36005461457723403,VERIFIED_FROM_RELEASE,paper_results/per_query_minimal/internal_blind_per_query.jsonl,876a16d098e1da3f642ef70854cbc985bae5f9e3,2e7f5e98a1a47f2f816626794db12486963cb2f00b416a9525cbdf8437e8f1e0,selected document ids intentionally excluded
internal_blind,qh_0103f04b4df2f083,D3,0.6666666666666666,0.4703652827859579,VERIFIED_FROM_RELEASE,paper_results/per_query_minimal/internal_blind_per_query.jsonl,876a16d098e1da3f642ef70854cbc985bae5f9e3,2e7f5e98a1a47f2f816626794db12486963cb2f00b416a9525cbdf8437e8f1e0,selected document ids intentionally excluded
internal_blind,qh_100f2ed835a62edf,B0,0.5,0.387790948725241,VERIFIED_FROM_RELEASE,paper_results/per_query_minimal/internal_blind_per_query.jsonl,876a16d098e1da3f642ef70854cbc985bae5f9e3,2e7f5e98a1a47f2f816626794db12486963cb2f00b416a9525cbdf8437e8f1e0,selected document ids intentionally excluded
internal_blind,qh_100f2ed835a62edf,D0,1.0,0.663762295280091,VERIFIED_FROM_RELEASE,paper_results/per_query_minimal/internal_blind_per_query.jsonl,876a16d098e1da3f642ef70854cbc985bae5f9e3,2e7f5e98a1a47f2f816626794db12486963cb2f00b416a9525cbdf8437e8f1e0,selected document ids intentionally excluded
internal_blind,qh_100f2ed835a62edf,D1,1.0,0.5687322979923864,VERIFIED_FROM_RELEASE,paper_results/per_query_minimal/internal_blind_per_query.jsonl,876a16d098e1da3f642ef70854cbc985bae5f9e3,2e7f5e98a1a47f2f816626794db12486963cb2f00b416a9525cbdf8437e8f1e0,selected document ids intentionally excluded
internal_blind,qh_100f2ed835a62edf,D2,0.5,0.387790948725241,VERIFIED_FROM_RELEASE,paper_results/per_query_minimal/internal_blind_per_query.jsonl,876a16d098e1da3f642ef70854cbc985bae5f9e3,2e7f5e98a1a47f2f816626794db12486963cb2f00b416a9525cbdf8437e8f1e0,selected document ids intentionally excluded
internal_blind,qh_100f2ed835a62edf,D3,1.0,0.387790948725241,VERIFIED_FROM_RELEASE,paper_results/per_query_minimal/internal_blind_per_query.jsonl,876a16d098e1da3f642ef70854cbc985bae5f9e3,2e7f5e98a1a47f2f816626794db12486963cb2f00b416a9525cbdf8437e8f1e0,selected document ids intentionally excluded
internal_blind,qh_2e467133378935a7,B0,1.0,0.620702908278573,VERIFIED_FROM_RELEASE,paper_results/per_query_minimal/internal_blind_per_query.jsonl,876a16d098e1da3f642ef70854cbc985bae5f9e3,2e7f5e98a1a47f2f816626794db12486963cb2f00b416a9525cbdf8437e8f1e0,selected document ids intentionally excluded
internal_blind,qh_2e467133378935a7,D0,1.0,0.6798225383219307,VERIFIED_FROM_RELEASE,paper_results/per_query_minimal/internal_blind_per_query.jsonl,876a16d098e1da3f642ef70854cbc985bae5f9e3,2e7f5e98a1a47f2f816626794db12486963cb2f00b416a9525cbdf8437e8f1e0,selected document ids intentionally excluded
internal_blind,qh_2e467133378935a7,D1,1.0,0.6798225383219307,VERIFIED_FROM_RELEASE,paper_results/per_query_minimal/internal_blind_per_query.jsonl,876a16d098e1da3f642ef70854cbc985bae5f9e3,2e7f5e98a1a47f2f816626794db12486963cb2f00b416a9525cbdf8437e8f1e0,selected document ids intentionally excluded
internal_blind,qh_2e467133378935a7,D2,1.0,0.620702908278573,VERIFIED_FROM_RELEASE,paper_results/per_query_minimal/internal_blind_per_query.jsonl,876a16d098e1da3f642ef70854cbc985bae5f9e3,2e7f5e98a1a47f2f816626794db12486963cb2f00b416a9525cbdf8437e8f1e0,selected document ids intentionally excluded
internal_blind,qh_2e467133378935a7,D3,1.0,0.620702908278573,VERIFIED_FROM_RELEASE,paper_results/per_query_minimal/internal_blind_per_query.jsonl,876a16d098e1da3f642ef70854cbc985bae5f9e3,2e7f5e98a1a47f2f816626794db12486963cb2f00b416a9525cbdf8437e8f1e0,selected document ids intentionally excluded
internal_blind,qh_96010b6b035bd8d4,B0,1.0,0.5531464700081437,VERIFIED_FROM_RELEASE,paper_results/per_query_minimal/internal_blind_per_query.jsonl,876a16d098e1da3f642ef70854cbc985bae5f9e3,2e7f5e98a1a47f2f816626794db12486963cb2f00b416a9525cbdf8437e8f1e0,selected document ids intentionally excluded
internal_blind,qh_96010b6b035bd8d4,D0,1.0,0.5531464700081437,VERIFIED_FROM_RELEASE,paper_results/per_query_minimal/internal_blind_per_query.jsonl,876a16d098e1da3f642ef70854cbc985bae5f9e3,2e7f5e98a1a47f2f816626794db12486963cb2f00b416a9525cbdf8437e8f1e0,selected document ids intentionally excluded
internal_blind,qh_96010b6b035bd8d4,D1,1.0,0.38356636737133565,VERIFIED_FROM_RELEASE,paper_results/per_query_minimal/internal_blind_per_query.jsonl,876a16d098e1da3f642ef70854cbc985bae5f9e3,2e7f5e98a1a47f2f816626794db12486963cb2f00b416a9525cbdf8437e8f1e0,selected document ids intentionally excluded
internal_blind,qh_96010b6b035bd8d4,D2,1.0,0.5531464700081437,VERIFIED_FROM_RELEASE,paper_results/per_query_minimal/internal_blind_per_query.jsonl,876a16d098e1da3f642ef70854cbc985bae5f9e3,2e7f5e98a1a47f2f816626794db12486963cb2f00b416a9525cbdf8437e8f1e0,selected document ids intentionally excluded
internal_blind,qh_96010b6b035bd8d4,D3,1.0,0.5531464700081437,VERIFIED_FROM_RELEASE,paper_results/per_query_minimal/internal_blind_per_query.jsonl,876a16d098e1da3f642ef70854cbc985bae5f9e3,2e7f5e98a1a47f2f816626794db12486963cb2f00b416a9525cbdf8437e8f1e0,selected document ids intentionally excluded
internal_blind,qh_bb69dd78b68c4f55,B0,1.0,0.4694898049606965,VERIFIED_FROM_RELEASE,paper_results/per_query_minimal/internal_blind_per_query.jsonl,876a16d098e1da3f642ef70854cbc985bae5f9e3,2e7f5e98a1a47f2f816626794db12486963cb2f00b416a9525cbdf8437e8f1e0,selected document ids intentionally excluded
internal_blind,qh_bb69dd78b68c4f55,D0,1.0,0.425002459172373,VERIFIED_FROM_RELEASE,paper_results/per_query_minimal/internal_blind_per_query.jsonl,876a16d098e1da3f642ef70854cbc985bae5f9e3,2e7f5e98a1a47f2f816626794db12486963cb2f00b416a9525cbdf8437e8f1e0,selected document ids intentionally excluded
internal_blind,qh_bb69dd78b68c4f55,D1,1.0,0.47810077154264696,VERIFIED_FROM_RELEASE,paper_results/per_query_minimal/internal_blind_per_query.jsonl,876a16d098e1da3f642ef70854cbc985bae5f9e3,2e7f5e98a1a47f2f816626794db12486963cb2f00b416a9525cbdf8437e8f1e0,selected document ids intentionally excluded
internal_blind,qh_bb69dd78b68c4f55,D2,1.0,0.5399117314452623,VERIFIED_FROM_RELEASE,paper_results/per_query_minimal/internal_blind_per_query.jsonl,876a16d098e1da3f642ef70854cbc985bae5f9e3,2e7f5e98a1a47f2f816626794db12486963cb2f00b416a9525cbdf8437e8f1e0,selected document ids intentionally excluded
internal_blind,qh_bb69dd78b68c4f55,D3,1.0,0.5469514152770043,VERIFIED_FROM_RELEASE,paper_results/per_query_minimal/internal_blind_per_query.jsonl,876a16d098e1da3f642ef70854cbc985bae5f9e3,2e7f5e98a1a47f2f816626794db12486963cb2f00b416a9525cbdf8437e8f1e0,selected document ids intentionally excluded
internal_blind,qh_cc43ce7ece38e0ea,B0,1.0,0.5755676532324865,VERIFIED_FROM_RELEASE,paper_results/per_query_minimal/internal_blind_per_query.jsonl,876a16d098e1da3f642ef70854cbc985bae5f9e3,2e7f5e98a1a47f2f816626794db12486963cb2f00b416a9525cbdf8437e8f1e0,selected document ids intentionally excluded
internal_blind,qh_cc43ce7ece38e0ea,D0,1.0,0.5755676532324865,VERIFIED_FROM_RELEASE,paper_results/per_query_minimal/internal_blind_per_query.jsonl,876a16d098e1da3f642ef70854cbc985bae5f9e3,2e7f5e98a1a47f2f816626794db12486963cb2f00b416a9525cbdf8437e8f1e0,selected document ids intentionally excluded
internal_blind,qh_cc43ce7ece38e0ea,D1,1.0,0.5755676532324865,VERIFIED_FROM_RELEASE,paper_results/per_query_minimal/internal_blind_per_query.jsonl,876a16d098e1da3f642ef70854cbc985bae5f9e3,2e7f5e98a1a47f2f816626794db12486963cb2f00b416a9525cbdf8437e8f1e0,selected document ids intentionally excluded
internal_blind,qh_cc43ce7ece38e0ea,D2,1.0,0.5857393324188127,VERIFIED_FROM_RELEASE,paper_results/per_query_minimal/internal_blind_per_query.jsonl,876a16d098e1da3f642ef70854cbc985bae5f9e3,2e7f5e98a1a47f2f816626794db12486963cb2f00b416a9525cbdf8437e8f1e0,selected document ids intentionally excluded
internal_blind,qh_cc43ce7ece38e0ea,D3,1.0,0.5857393324188127,VERIFIED_FROM_RELEASE,paper_results/per_query_minimal/internal_blind_per_query.jsonl,876a16d098e1da3f642ef70854cbc985bae5f9e3,2e7f5e98a1a47f2f816626794db12486963cb2f00b416a9525cbdf8437e8f1e0,selected document ids intentionally excluded
internal_blind,qh_b7bbeab1e5c3c6c2,B0,1.0,0.5005887762279267,VERIFIED_FROM_RELEASE,paper_results/per_query_minimal/internal_blind_per_query.jsonl,876a16d098e1da3f642ef70854cbc985bae5f9e3,2e7f5e98a1a47f2f816626794db12486963cb2f00b416a9525cbdf8437e8f1e0,selected document ids intentionally excluded
internal_blind,qh_b7bbeab1e5c3c6c2,D0,1.0,0.46733743586965526,VERIFIED_FROM_RELEASE,paper_results/per_query_minimal/internal_blind_per_query.jsonl,876a16d098e1da3f642ef70854cbc985bae5f9e3,2e7f5e98a1a47f2f816626794db12486963cb2f00b416a9525cbdf8437e8f1e0,selected document ids intentionally excluded
internal_blind,qh_b7bbeab1e5c3c6c2,D1,1.0,0.46733743586965526,VERIFIED_FROM_RELEASE,paper_results/per_query_minimal/internal_blind_per_query.jsonl,876a16d098e1da3f642ef70854cbc985bae5f9e3,2e7f5e98a1a47f2f816626794db12486963cb2f00b416a9525cbdf8437e8f1e0,selected document ids intentionally excluded
internal_blind,qh_b7bbeab1e5c3c6c2,D2,1.0,0.6423832578707767,VERIFIED_FROM_RELEASE,paper_results/per_query_minimal/internal_blind_per_query.jsonl,876a16d098e1da3f642ef70854cbc985bae5f9e3,2e7f5e98a1a47f2f816626794db12486963cb2f00b416a9525cbdf8437e8f1e0,selected document ids intentionally excluded
internal_blind,qh_b7bbeab1e5c3c6c2,D3,1.0,0.6423832578707767,VERIFIED_FROM_RELEASE,paper_results/per_query_minimal/internal_blind_per_query.jsonl,876a16d098e1da3f642ef70854cbc985bae5f9e3,2e7f5e98a1a47f2f816626794db12486963cb2f00b416a9525cbdf8437e8f1e0,selected document ids intentionally excluded
internal_blind,qh_38f6737e4515eb1f,B0,1.0,0.5637884576902256,VERIFIED_FROM_RELEASE,paper_results/per_query_minimal/internal_blind_per_query.jsonl,876a16d098e1da3f642ef70854cbc985bae5f9e3,2e7f5e98a1a47f2f816626794db12486963cb2f00b416a9525cbdf8437e8f1e0,selected document ids intentionally excluded
internal_blind,qh_38f6737e4515eb1f,D0,1.0,0.6489315753318465,VERIFIED_FROM_RELEASE,paper_results/per_query_minimal/internal_blind_per_query.jsonl,876a16d098e1da3f642ef70854cbc985bae5f9e3,2e7f5e98a1a47f2f816626794db12486963cb2f00b416a9525cbdf8437e8f1e0,selected document ids intentionally excluded
internal_blind,qh_38f6737e4515eb1f,D1,1.0,0.5541432109622958,VERIFIED_FROM_RELEASE,paper_results/per_query_minimal/internal_blind_per_query.jsonl,876a16d098e1da3f642ef70854cbc985bae5f9e3,2e7f5e98a1a47f2f816626794db12486963cb2f00b416a9525cbdf8437e8f1e0,selected document ids intentionally excluded
internal_blind,qh_38f6737e4515eb1f,D2,1.0,0.5388856921828065,VERIFIED_FROM_RELEASE,paper_results/per_query_minimal/internal_blind_per_query.jsonl,876a16d098e1da3f642ef70854cbc985bae5f9e3,2e7f5e98a1a47f2f816626794db12486963cb2f00b416a9525cbdf8437e8f1e0,selected document ids intentionally excluded
internal_blind,qh_38f6737e4515eb1f,D3,1.0,0.5388856921828065,VERIFIED_FROM_RELEASE,paper_results/per_query_minimal/internal_blind_per_query.jsonl,876a16d098e1da3f642ef70854cbc985bae5f9e3,2e7f5e98a1a47f2f816626794db12486963cb2f00b416a9525cbdf8437e8f1e0,selected document ids intentionally excluded
internal_blind,qh_eb42e43d7691456f,B0,1.0,0.7044556613348937,VERIFIED_FROM_RELEASE,paper_results/per_query_minimal/internal_blind_per_query.jsonl,876a16d098e1da3f642ef70854cbc985bae5f9e3,2e7f5e98a1a47f2f816626794db12486963cb2f00b416a9525cbdf8437e8f1e0,selected document ids intentionally excluded
internal_blind,qh_eb42e43d7691456f,D0,1.0,0.615351137137139,VERIFIED_FROM_RELEASE,paper_results/per_query_minimal/internal_blind_per_query.jsonl,876a16d098e1da3f642ef70854cbc985bae5f9e3,2e7f5e98a1a47f2f816626794db12486963cb2f00b416a9525cbdf8437e8f1e0,selected document ids intentionally excluded
internal_blind,qh_eb42e43d7691456f,D1,1.0,0.6424397566048506,VERIFIED_FROM_RELEASE,paper_results/per_query_minimal/internal_blind_per_query.jsonl,876a16d098e1da3f642ef70854cbc985bae5f9e3,2e7f5e98a1a47f2f816626794db12486963cb2f00b416a9525cbdf8437e8f1e0,selected document ids intentionally excluded
internal_blind,qh_eb42e43d7691456f,D2,1.0,0.7315442808026054,VERIFIED_FROM_RELEASE,paper_results/per_query_minimal/internal_blind_per_query.jsonl,876a16d098e1da3f642ef70854cbc985bae5f9e3,2e7f5e98a1a47f2f816626794db12486963cb2f00b416a9525cbdf8437e8f1e0,selected document ids intentionally excluded
internal_blind,qh_eb42e43d7691456f,D3,1.0,0.5119039880789703,VERIFIED_FROM_RELEASE,paper_results/per_query_minimal/internal_blind_per_query.jsonl,876a16d098e1da3f642ef70854cbc985bae5f9e3,2e7f5e98a1a47f2f816626794db12486963cb2f00b416a9525cbdf8437e8f1e0,selected document ids intentionally excluded
internal_blind,qh_d6393a7c2d110d39,B0,1.0,0.5442918949192793,VERIFIED_FROM_RELEASE,paper_results/per_query_minimal/internal_blind_per_query.jsonl,876a16d098e1da3f642ef70854cbc985bae5f9e3,2e7f5e98a1a47f2f816626794db12486963cb2f00b416a9525cbdf8437e8f1e0,selected document ids intentionally excluded
internal_blind,qh_d6393a7c2d110d39,D0,1.0,0.47240879467291574,VERIFIED_FROM_RELEASE,paper_results/per_query_minimal/internal_blind_per_query.jsonl,876a16d098e1da3f642ef70854cbc985bae5f9e3,2e7f5e98a1a47f2f816626794db12486963cb2f00b416a9525cbdf8437e8f1e0,selected document ids intentionally excluded
internal_blind,qh_d6393a7c2d110d39,D1,1.0,0.47240879467291574,VERIFIED_FROM_RELEASE,paper_results/per_query_minimal/internal_blind_per_query.jsonl,876a16d098e1da3f642ef70854cbc985bae5f9e3,2e7f5e98a1a47f2f816626794db12486963cb2f00b416a9525cbdf8437e8f1e0,selected document ids intentionally excluded
internal_blind,qh_d6393a7c2d110d39,D2,1.0,0.5776125610947863,VERIFIED_FROM_RELEASE,paper_results/per_query_minimal/internal_blind_per_query.jsonl,876a16d098e1da3f642ef70854cbc985bae5f9e3,2e7f5e98a1a47f2f816626794db12486963cb2f00b416a9525cbdf8437e8f1e0,selected document ids intentionally excluded
internal_blind,qh_d6393a7c2d110d39,D3,1.0,0.5776125610947863,VERIFIED_FROM_RELEASE,paper_results/per_query_minimal/internal_blind_per_query.jsonl,876a16d098e1da3f642ef70854cbc985bae5f9e3,2e7f5e98a1a47f2f816626794db12486963cb2f00b416a9525cbdf8437e8f1e0,selected document ids intentionally excluded
internal_blind,qh_7a7553b305e0611a,B0,1.0,0.6489315753318465,VERIFIED_FROM_RELEASE,paper_results/per_query_minimal/internal_blind_per_query.jsonl,876a16d098e1da3f642ef70854cbc985bae5f9e3,2e7f5e98a1a47f2f816626794db12486963cb2f00b416a9525cbdf8437e8f1e0,selected document ids intentionally excluded
internal_blind,qh_7a7553b305e0611a,D0,1.0,0.6489315753318465,VERIFIED_FROM_RELEASE,paper_results/per_query_minimal/internal_blind_per_query.jsonl,876a16d098e1da3f642ef70854cbc985bae5f9e3,2e7f5e98a1a47f2f816626794db12486963cb2f00b416a9525cbdf8437e8f1e0,selected document ids intentionally excluded
internal_blind,qh_7a7553b305e0611a,D1,1.0,0.6489315753318465,VERIFIED_FROM_RELEASE,paper_results/per_query_minimal/internal_blind_per_query.jsonl,876a16d098e1da3f642ef70854cbc985bae5f9e3,2e7f5e98a1a47f2f816626794db12486963cb2f00b416a9525cbdf8437e8f1e0,selected document ids intentionally excluded
internal_blind,qh_7a7553b305e0611a,D2,1.0,0.6489315753318465,VERIFIED_FROM_RELEASE,paper_results/per_query_minimal/internal_blind_per_query.jsonl,876a16d098e1da3f642ef70854cbc985bae5f9e3,2e7f5e98a1a47f2f816626794db12486963cb2f00b416a9525cbdf8437e8f1e0,selected document ids intentionally excluded
internal_blind,qh_7a7553b305e0611a,D3,1.0,0.6489315753318465,VERIFIED_FROM_RELEASE,paper_results/per_query_minimal/internal_blind_per_query.jsonl,876a16d098e1da3f642ef70854cbc985bae5f9e3,2e7f5e98a1a47f2f816626794db12486963cb2f00b416a9525cbdf8437e8f1e0,selected document ids intentionally excluded
internal_blind,qh_3596e447ba45a01e,B0,1.0,0.4073472133243204,VERIFIED_FROM_RELEASE,paper_results/per_query_minimal/internal_blind_per_query.jsonl,876a16d098e1da3f642ef70854cbc985bae5f9e3,2e7f5e98a1a47f2f816626794db12486963cb2f00b416a9525cbdf8437e8f1e0,selected document ids intentionally excluded
internal_blind,qh_3596e447ba45a01e,D0,1.0,0.2860615749130378,VERIFIED_FROM_RELEASE,paper_results/per_query_minimal/internal_blind_per_query.jsonl,876a16d098e1da3f642ef70854cbc985bae5f9e3,2e7f5e98a1a47f2f816626794db12486963cb2f00b416a9525cbdf8437e8f1e0,selected document ids intentionally excluded
internal_blind,qh_3596e447ba45a01e,D1,1.0,0.3628598675359969,VERIFIED_FROM_RELEASE,paper_results/per_query_minimal/internal_blind_per_query.jsonl,876a16d098e1da3f642ef70854cbc985bae5f9e3,2e7f5e98a1a47f2f816626794db12486963cb2f00b416a9525cbdf8437e8f1e0,selected document ids intentionally excluded
internal_blind,qh_3596e447ba45a01e,D2,1.0,0.47810077154264696,VERIFIED_FROM_RELEASE,paper_results/per_query_minimal/internal_blind_per_query.jsonl,876a16d098e1da3f642ef70854cbc985bae5f9e3,2e7f5e98a1a47f2f816626794db12486963cb2f00b416a9525cbdf8437e8f1e0,selected document ids intentionally excluded
internal_blind,qh_3596e447ba45a01e,D3,1.0,0.4089184960745288,VERIFIED_FROM_RELEASE,paper_results/per_query_minimal/internal_blind_per_query.jsonl,876a16d098e1da3f642ef70854cbc985bae5f9e3,2e7f5e98a1a47f2f816626794db12486963cb2f00b416a9525cbdf8437e8f1e0,selected document ids intentionally excluded
internal_blind,qh_ad430b2c77fd3cd9,B0,0.3333333333333333,0.5531464700081437,VERIFIED_FROM_RELEASE,paper_results/per_query_minimal/internal_blind_per_query.jsonl,876a16d098e1da3f642ef70854cbc985bae5f9e3,2e7f5e98a1a47f2f816626794db12486963cb2f00b416a9525cbdf8437e8f1e0,selected document ids intentionally excluded
internal_blind,qh_ad430b2c77fd3cd9,D0,0.6666666666666666,0.3391602052736161,VERIFIED_FROM_RELEASE,paper_results/per_query_minimal/internal_blind_per_query.jsonl,876a16d098e1da3f642ef70854cbc985bae5f9e3,2e7f5e98a1a47f2f816626794db12486963cb2f00b416a9525cbdf8437e8f1e0,selected document ids intentionally excluded
internal_blind,qh_ad430b2c77fd3cd9,D1,0.6666666666666666,0.3391602052736161,VERIFIED_FROM_RELEASE,paper_results/per_query_minimal/internal_blind_per_query.jsonl,876a16d098e1da3f642ef70854cbc985bae5f9e3,2e7f5e98a1a47f2f816626794db12486963cb2f00b416a9525cbdf8437e8f1e0,selected document ids intentionally excluded
internal_blind,qh_ad430b2c77fd3cd9,D2,0.6666666666666666,0.5531464700081437,VERIFIED_FROM_RELEASE,paper_results/per_query_minimal/internal_blind_per_query.jsonl,876a16d098e1da3f642ef70854cbc985bae5f9e3,2e7f5e98a1a47f2f816626794db12486963cb2f00b416a9525cbdf8437e8f1e0,selected document ids intentionally excluded
internal_blind,qh_ad430b2c77fd3cd9,D3,0.6666666666666666,0.5531464700081437,VERIFIED_FROM_RELEASE,paper_results/per_query_minimal/internal_blind_per_query.jsonl,876a16d098e1da3f642ef70854cbc985bae5f9e3,2e7f5e98a1a47f2f816626794db12486963cb2f00b416a9525cbdf8437e8f1e0,selected document ids intentionally excluded
internal_blind,qh_c2452e1be53a693f,B0,1.0,0.6489315753318465,VERIFIED_FROM_RELEASE,paper_results/per_query_minimal/internal_blind_per_query.jsonl,876a16d098e1da3f642ef70854cbc985bae5f9e3,2e7f5e98a1a47f2f816626794db12486963cb2f00b416a9525cbdf8437e8f1e0,selected document ids intentionally excluded
internal_blind,qh_c2452e1be53a693f,D0,1.0,0.6489315753318465,VERIFIED_FROM_RELEASE,paper_results/per_query_minimal/internal_blind_per_query.jsonl,876a16d098e1da3f642ef70854cbc985bae5f9e3,2e7f5e98a1a47f2f816626794db12486963cb2f00b416a9525cbdf8437e8f1e0,selected document ids intentionally excluded
internal_blind,qh_c2452e1be53a693f,D1,1.0,0.6489315753318465,VERIFIED_FROM_RELEASE,paper_results/per_query_minimal/internal_blind_per_query.jsonl,876a16d098e1da3f642ef70854cbc985bae5f9e3,2e7f5e98a1a47f2f816626794db12486963cb2f00b416a9525cbdf8437e8f1e0,selected document ids intentionally excluded
internal_blind,qh_c2452e1be53a693f,D2,1.0,0.6489315753318465,VERIFIED_FROM_RELEASE,paper_results/per_query_minimal/internal_blind_per_query.jsonl,876a16d098e1da3f642ef70854cbc985bae5f9e3,2e7f5e98a1a47f2f816626794db12486963cb2f00b416a9525cbdf8437e8f1e0,selected document ids intentionally excluded
internal_blind,qh_c2452e1be53a693f,D3,1.0,0.6489315753318465,VERIFIED_FROM_RELEASE,paper_results/per_query_minimal/internal_blind_per_query.jsonl,876a16d098e1da3f642ef70854cbc985bae5f9e3,2e7f5e98a1a47f2f816626794db12486963cb2f00b416a9525cbdf8437e8f1e0,selected document ids intentionally excluded
internal_blind,qh_a78830a13408ea63,B0,1.0,0.6489315753318465,VERIFIED_FROM_RELEASE,paper_results/per_query_minimal/internal_blind_per_query.jsonl,876a16d098e1da3f642ef70854cbc985bae5f9e3,2e7f5e98a1a47f2f816626794db12486963cb2f00b416a9525cbdf8437e8f1e0,selected document ids intentionally excluded
internal_blind,qh_a78830a13408ea63,D0,1.0,0.5563566127494769,VERIFIED_FROM_RELEASE,paper_results/per_query_minimal/internal_blind_per_query.jsonl,876a16d098e1da3f642ef70854cbc985bae5f9e3,2e7f5e98a1a47f2f816626794db12486963cb2f00b416a9525cbdf8437e8f1e0,selected document ids intentionally excluded
internal_blind,qh_a78830a13408ea63,D1,1.0,0.5857393324188127,VERIFIED_FROM_RELEASE,paper_results/per_query_minimal/internal_blind_per_query.jsonl,876a16d098e1da3f642ef70854cbc985bae5f9e3,2e7f5e98a1a47f2f816626794db12486963cb2f00b416a9525cbdf8437e8f1e0,selected document ids intentionally excluded
internal_blind,qh_a78830a13408ea63,D2,1.0,0.436705209358932,VERIFIED_FROM_RELEASE,paper_results/per_query_minimal/internal_blind_per_query.jsonl,876a16d098e1da3f642ef70854cbc985bae5f9e3,2e7f5e98a1a47f2f816626794db12486963cb2f00b416a9525cbdf8437e8f1e0,selected document ids intentionally excluded
internal_blind,qh_a78830a13408ea63,D3,1.0,0.436705209358932,VERIFIED_FROM_RELEASE,paper_results/per_query_minimal/internal_blind_per_query.jsonl,876a16d098e1da3f642ef70854cbc985bae5f9e3,2e7f5e98a1a47f2f816626794db12486963cb2f00b416a9525cbdf8437e8f1e0,selected document ids intentionally excluded
internal_blind,qh_5d5d83bf046800a3,B0,0.6666666666666666,0.6489315753318465,VERIFIED_FROM_RELEASE,paper_results/per_query_minimal/internal_blind_per_query.jsonl,876a16d098e1da3f642ef70854cbc985bae5f9e3,2e7f5e98a1a47f2f816626794db12486963cb2f00b416a9525cbdf8437e8f1e0,selected document ids intentionally excluded
internal_blind,qh_5d5d83bf046800a3,D0,1.0,0.5100691314582919,VERIFIED_FROM_RELEASE,paper_results/per_query_minimal/internal_blind_per_query.jsonl,876a16d098e1da3f642ef70854cbc985bae5f9e3,2e7f5e98a1a47f2f816626794db12486963cb2f00b416a9525cbdf8437e8f1e0,selected document ids intentionally excluded
internal_blind,qh_5d5d83bf046800a3,D1,0.6666666666666666,0.6489315753318465,VERIFIED_FROM_RELEASE,paper_results/per_query_minimal/internal_blind_per_query.jsonl,876a16d098e1da3f642ef70854cbc985bae5f9e3,2e7f5e98a1a47f2f816626794db12486963cb2f00b416a9525cbdf8437e8f1e0,selected document ids intentionally excluded
internal_blind,qh_5d5d83bf046800a3,D2,1.0,0.6489315753318465,VERIFIED_FROM_RELEASE,paper_results/per_query_minimal/internal_blind_per_query.jsonl,876a16d098e1da3f642ef70854cbc985bae5f9e3,2e7f5e98a1a47f2f816626794db12486963cb2f00b416a9525cbdf8437e8f1e0,selected document ids intentionally excluded
internal_blind,qh_5d5d83bf046800a3,D3,1.0,0.6489315753318465,VERIFIED_FROM_RELEASE,paper_results/per_query_minimal/internal_blind_per_query.jsonl,876a16d098e1da3f642ef70854cbc985bae5f9e3,2e7f5e98a1a47f2f816626794db12486963cb2f00b416a9525cbdf8437e8f1e0,selected document ids intentionally excluded
internal_blind,qh_37690a707156e7c3,B0,1.0,0.2640681225725909,VERIFIED_FROM_RELEASE,paper_results/per_query_minimal/internal_blind_per_query.jsonl,876a16d098e1da3f642ef70854cbc985bae5f9e3,2e7f5e98a1a47f2f816626794db12486963cb2f00b416a9525cbdf8437e8f1e0,selected document ids intentionally excluded
internal_blind,qh_37690a707156e7c3,D0,1.0,0.6131471927654584,VERIFIED_FROM_RELEASE,paper_results/per_query_minimal/internal_blind_per_query.jsonl,876a16d098e1da3f642ef70854cbc985bae5f9e3,2e7f5e98a1a47f2f816626794db12486963cb2f00b416a9525cbdf8437e8f1e0,selected document ids intentionally excluded
internal_blind,qh_37690a707156e7c3,D1,1.0,0.6131471927654584,VERIFIED_FROM_RELEASE,paper_results/per_query_minimal/internal_blind_per_query.jsonl,876a16d098e1da3f642ef70854cbc985bae5f9e3,2e7f5e98a1a47f2f816626794db12486963cb2f00b416a9525cbdf8437e8f1e0,selected document ids intentionally excluded
internal_blind,qh_37690a707156e7c3,D2,1.0,0.2640681225725909,VERIFIED_FROM_RELEASE,paper_results/per_query_minimal/internal_blind_per_query.jsonl,876a16d098e1da3f642ef70854cbc985bae5f9e3,2e7f5e98a1a47f2f816626794db12486963cb2f00b416a9525cbdf8437e8f1e0,selected document ids intentionally excluded
internal_blind,qh_37690a707156e7c3,D3,1.0,0.2640681225725909,VERIFIED_FROM_RELEASE,paper_results/per_query_minimal/internal_blind_per_query.jsonl,876a16d098e1da3f642ef70854cbc985bae5f9e3,2e7f5e98a1a47f2f816626794db12486963cb2f00b416a9525cbdf8437e8f1e0,selected document ids intentionally excluded
internal_blind,qh_3eec86036c88e437,B0,0.5,0.2284312957394642,VERIFIED_FROM_RELEASE,paper_results/per_query_minimal/internal_blind_per_query.jsonl,876a16d098e1da3f642ef70854cbc985bae5f9e3,2e7f5e98a1a47f2f816626794db12486963cb2f00b416a9525cbdf8437e8f1e0,selected document ids intentionally excluded
internal_blind,qh_3eec86036c88e437,D0,1.0,0.217874199963188,VERIFIED_FROM_RELEASE,paper_results/per_query_minimal/internal_blind_per_query.jsonl,876a16d098e1da3f642ef70854cbc985bae5f9e3,2e7f5e98a1a47f2f816626794db12486963cb2f00b416a9525cbdf8437e8f1e0,selected document ids intentionally excluded
internal_blind,qh_3eec86036c88e437,D1,1.0,0.217874199963188,VERIFIED_FROM_RELEASE,paper_results/per_query_minimal/internal_blind_per_query.jsonl,876a16d098e1da3f642ef70854cbc985bae5f9e3,2e7f5e98a1a47f2f816626794db12486963cb2f00b416a9525cbdf8437e8f1e0,selected document ids intentionally excluded
internal_blind,qh_3eec86036c88e437,D2,0.5,0.07614376524648807,VERIFIED_FROM_RELEASE,paper_results/per_query_minimal/internal_blind_per_query.jsonl,876a16d098e1da3f642ef70854cbc985bae5f9e3,2e7f5e98a1a47f2f816626794db12486963cb2f00b416a9525cbdf8437e8f1e0,selected document ids intentionally excluded
internal_blind,qh_3eec86036c88e437,D3,0.5,0.27290377365712365,VERIFIED_FROM_RELEASE,paper_results/per_query_minimal/internal_blind_per_query.jsonl,876a16d098e1da3f642ef70854cbc985bae5f9e3,2e7f5e98a1a47f2f816626794db12486963cb2f00b416a9525cbdf8437e8f1e0,selected document ids intentionally excluded
internal_blind,qh_ef410e24e99a9533,B0,0.75,1.0,VERIFIED_FROM_RELEASE,paper_results/per_query_minimal/internal_blind_per_query.jsonl,876a16d098e1da3f642ef70854cbc985bae5f9e3,2e7f5e98a1a47f2f816626794db12486963cb2f00b416a9525cbdf8437e8f1e0,selected document ids intentionally excluded
internal_blind,qh_ef410e24e99a9533,D0,1.0,0.5,VERIFIED_FROM_RELEASE,paper_results/per_query_minimal/internal_blind_per_query.jsonl,876a16d098e1da3f642ef70854cbc985bae5f9e3,2e7f5e98a1a47f2f816626794db12486963cb2f00b416a9525cbdf8437e8f1e0,selected document ids intentionally excluded
internal_blind,qh_ef410e24e99a9533,D1,1.0,0.5,VERIFIED_FROM_RELEASE,paper_results/per_query_minimal/internal_blind_per_query.jsonl,876a16d098e1da3f642ef70854cbc985bae5f9e3,2e7f5e98a1a47f2f816626794db12486963cb2f00b416a9525cbdf8437e8f1e0,selected document ids intentionally excluded
internal_blind,qh_ef410e24e99a9533,D2,0.75,1.0,VERIFIED_FROM_RELEASE,paper_results/per_query_minimal/internal_blind_per_query.jsonl,876a16d098e1da3f642ef70854cbc985bae5f9e3,2e7f5e98a1a47f2f816626794db12486963cb2f00b416a9525cbdf8437e8f1e0,selected document ids intentionally excluded
internal_blind,qh_ef410e24e99a9533,D3,0.75,1.0,VERIFIED_FROM_RELEASE,paper_results/per_query_minimal/internal_blind_per_query.jsonl,876a16d098e1da3f642ef70854cbc985bae5f9e3,2e7f5e98a1a47f2f816626794db12486963cb2f00b416a9525cbdf8437e8f1e0,selected document ids intentionally excluded
internal_blind,qh_f756d877b0570a4b,B0,1.0,0.0,VERIFIED_FROM_RELEASE,paper_results/per_query_minimal/internal_blind_per_query.jsonl,876a16d098e1da3f642ef70854cbc985bae5f9e3,2e7f5e98a1a47f2f816626794db12486963cb2f00b416a9525cbdf8437e8f1e0,selected document ids intentionally excluded
internal_blind,qh_f756d877b0570a4b,D0,1.0,0.0,VERIFIED_FROM_RELEASE,paper_results/per_query_minimal/internal_blind_per_query.jsonl,876a16d098e1da3f642ef70854cbc985bae5f9e3,2e7f5e98a1a47f2f816626794db12486963cb2f00b416a9525cbdf8437e8f1e0,selected document ids intentionally excluded
internal_blind,qh_f756d877b0570a4b,D1,1.0,0.0,VERIFIED_FROM_RELEASE,paper_results/per_query_minimal/internal_blind_per_query.jsonl,876a16d098e1da3f642ef70854cbc985bae5f9e3,2e7f5e98a1a47f2f816626794db12486963cb2f00b416a9525cbdf8437e8f1e0,selected document ids intentionally excluded
internal_blind,qh_f756d877b0570a4b,D2,0.5,0.0,VERIFIED_FROM_RELEASE,paper_results/per_query_minimal/internal_blind_per_query.jsonl,876a16d098e1da3f642ef70854cbc985bae5f9e3,2e7f5e98a1a47f2f816626794db12486963cb2f00b416a9525cbdf8437e8f1e0,selected document ids intentionally excluded
internal_blind,qh_f756d877b0570a4b,D3,0.5,0.23719771276929622,VERIFIED_FROM_RELEASE,paper_results/per_query_minimal/internal_blind_per_query.jsonl,876a16d098e1da3f642ef70854cbc985bae5f9e3,2e7f5e98a1a47f2f816626794db12486963cb2f00b416a9525cbdf8437e8f1e0,selected document ids intentionally excluded
internal_blind,qh_0fd0ee9c59f1759c,B0,1.0,0.4906073988411601,VERIFIED_FROM_RELEASE,paper_results/per_query_minimal/internal_blind_per_query.jsonl,876a16d098e1da3f642ef70854cbc985bae5f9e3,2e7f5e98a1a47f2f816626794db12486963cb2f00b416a9525cbdf8437e8f1e0,selected document ids intentionally excluded
internal_blind,qh_0fd0ee9c59f1759c,D0,1.0,0.6006939579800177,VERIFIED_FROM_RELEASE,paper_results/per_query_minimal/internal_blind_per_query.jsonl,876a16d098e1da3f642ef70854cbc985bae5f9e3,2e7f5e98a1a47f2f816626794db12486963cb2f00b416a9525cbdf8437e8f1e0,selected document ids intentionally excluded
internal_blind,qh_0fd0ee9c59f1759c,D1,1.0,0.5834025746640816,VERIFIED_FROM_RELEASE,paper_results/per_query_minimal/internal_blind_per_query.jsonl,876a16d098e1da3f642ef70854cbc985bae5f9e3,2e7f5e98a1a47f2f816626794db12486963cb2f00b416a9525cbdf8437e8f1e0,selected document ids intentionally excluded
internal_blind,qh_0fd0ee9c59f1759c,D2,1.0,0.6598135880233753,VERIFIED_FROM_RELEASE,paper_results/per_query_minimal/internal_blind_per_query.jsonl,876a16d098e1da3f642ef70854cbc985bae5f9e3,2e7f5e98a1a47f2f816626794db12486963cb2f00b416a9525cbdf8437e8f1e0,selected document ids intentionally excluded
internal_blind,qh_0fd0ee9c59f1759c,D3,1.0,0.6598135880233753,VERIFIED_FROM_RELEASE,paper_results/per_query_minimal/internal_blind_per_query.jsonl,876a16d098e1da3f642ef70854cbc985bae5f9e3,2e7f5e98a1a47f2f816626794db12486963cb2f00b416a9525cbdf8437e8f1e0,selected document ids intentionally excluded
internal_blind,qh_ab169c71f2960dce,B0,1.0,0.4505894982440495,VERIFIED_FROM_RELEASE,paper_results/per_query_minimal/internal_blind_per_query.jsonl,876a16d098e1da3f642ef70854cbc985bae5f9e3,2e7f5e98a1a47f2f816626794db12486963cb2f00b416a9525cbdf8437e8f1e0,selected document ids intentionally excluded
internal_blind,qh_ab169c71f2960dce,D0,1.0,0.4505894982440495,VERIFIED_FROM_RELEASE,paper_results/per_query_minimal/internal_blind_per_query.jsonl,876a16d098e1da3f642ef70854cbc985bae5f9e3,2e7f5e98a1a47f2f816626794db12486963cb2f00b416a9525cbdf8437e8f1e0,selected document ids intentionally excluded
internal_blind,qh_ab169c71f2960dce,D1,1.0,0.4505894982440495,VERIFIED_FROM_RELEASE,paper_results/per_query_minimal/internal_blind_per_query.jsonl,876a16d098e1da3f642ef70854cbc985bae5f9e3,2e7f5e98a1a47f2f816626794db12486963cb2f00b416a9525cbdf8437e8f1e0,selected document ids intentionally excluded
internal_blind,qh_ab169c71f2960dce,D2,1.0,0.4505894982440495,VERIFIED_FROM_RELEASE,paper_results/per_query_minimal/internal_blind_per_query.jsonl,876a16d098e1da3f642ef70854cbc985bae5f9e3,2e7f5e98a1a47f2f816626794db12486963cb2f00b416a9525cbdf8437e8f1e0,selected document ids intentionally excluded
internal_blind,qh_ab169c71f2960dce,D3,1.0,0.4505894982440495,VERIFIED_FROM_RELEASE,paper_results/per_query_minimal/internal_blind_per_query.jsonl,876a16d098e1da3f642ef70854cbc985bae5f9e3,2e7f5e98a1a47f2f816626794db12486963cb2f00b416a9525cbdf8437e8f1e0,selected document ids intentionally excluded
internal_blind,qh_c012beb283b8dbf3,B0,1.0,0.7562335516812245,VERIFIED_FROM_RELEASE,paper_results/per_query_minimal/internal_blind_per_query.jsonl,876a16d098e1da3f642ef70854cbc985bae5f9e3,2e7f5e98a1a47f2f816626794db12486963cb2f00b416a9525cbdf8437e8f1e0,selected document ids intentionally excluded
internal_blind,qh_c012beb283b8dbf3,D0,1.0,0.7562335516812245,VERIFIED_FROM_RELEASE,paper_results/per_query_minimal/internal_blind_per_query.jsonl,876a16d098e1da3f642ef70854cbc985bae5f9e3,2e7f5e98a1a47f2f816626794db12486963cb2f00b416a9525cbdf8437e8f1e0,selected document ids intentionally excluded
internal_blind,qh_c012beb283b8dbf3,D1,1.0,0.6434294255597477,VERIFIED_FROM_RELEASE,paper_results/per_query_minimal/internal_blind_per_query.jsonl,876a16d098e1da3f642ef70854cbc985bae5f9e3,2e7f5e98a1a47f2f816626794db12486963cb2f00b416a9525cbdf8437e8f1e0,selected document ids intentionally excluded
internal_blind,qh_c012beb283b8dbf3,D2,1.0,0.7562335516812245,VERIFIED_FROM_RELEASE,paper_results/per_query_minimal/internal_blind_per_query.jsonl,876a16d098e1da3f642ef70854cbc985bae5f9e3,2e7f5e98a1a47f2f816626794db12486963cb2f00b416a9525cbdf8437e8f1e0,selected document ids intentionally excluded
internal_blind,qh_c012beb283b8dbf3,D3,1.0,0.603411524962637,VERIFIED_FROM_RELEASE,paper_results/per_query_minimal/internal_blind_per_query.jsonl,876a16d098e1da3f642ef70854cbc985bae5f9e3,2e7f5e98a1a47f2f816626794db12486963cb2f00b416a9525cbdf8437e8f1e0,selected document ids intentionally excluded
internal_blind,qh_07a188bb7b34613d,B0,1.0,0.4756934492697726,VERIFIED_FROM_RELEASE,paper_results/per_query_minimal/internal_blind_per_query.jsonl,876a16d098e1da3f642ef70854cbc985bae5f9e3,2e7f5e98a1a47f2f816626794db12486963cb2f00b416a9525cbdf8437e8f1e0,selected document ids intentionally excluded
internal_blind,qh_07a188bb7b34613d,D0,1.0,0.6489315753318465,VERIFIED_FROM_RELEASE,paper_results/per_query_minimal/internal_blind_per_query.jsonl,876a16d098e1da3f642ef70854cbc985bae5f9e3,2e7f5e98a1a47f2f816626794db12486963cb2f00b416a9525cbdf8437e8f1e0,selected document ids intentionally excluded
internal_blind,qh_07a188bb7b34613d,D1,1.0,0.5388856921828065,VERIFIED_FROM_RELEASE,paper_results/per_query_minimal/internal_blind_per_query.jsonl,876a16d098e1da3f642ef70854cbc985bae5f9e3,2e7f5e98a1a47f2f816626794db12486963cb2f00b416a9525cbdf8437e8f1e0,selected document ids intentionally excluded
internal_blind,qh_07a188bb7b34613d,D2,1.0,0.4821236137550592,VERIFIED_FROM_RELEASE,paper_results/per_query_minimal/internal_blind_per_query.jsonl,876a16d098e1da3f642ef70854cbc985bae5f9e3,2e7f5e98a1a47f2f816626794db12486963cb2f00b416a9525cbdf8437e8f1e0,selected document ids intentionally excluded
internal_blind,qh_07a188bb7b34613d,D3,1.0,0.39215784798408637,VERIFIED_FROM_RELEASE,paper_results/per_query_minimal/internal_blind_per_query.jsonl,876a16d098e1da3f642ef70854cbc985bae5f9e3,2e7f5e98a1a47f2f816626794db12486963cb2f00b416a9525cbdf8437e8f1e0,selected document ids intentionally excluded
internal_blind,qh_100e405073dcdc1a,B0,1.0,0.474950169314071,VERIFIED_FROM_RELEASE,paper_results/per_query_minimal/internal_blind_per_query.jsonl,876a16d098e1da3f642ef70854cbc985bae5f9e3,2e7f5e98a1a47f2f816626794db12486963cb2f00b416a9525cbdf8437e8f1e0,selected document ids intentionally excluded
internal_blind,qh_100e405073dcdc1a,D0,1.0,0.49566579147813394,VERIFIED_FROM_RELEASE,paper_results/per_query_minimal/internal_blind_per_query.jsonl,876a16d098e1da3f642ef70854cbc985bae5f9e3,2e7f5e98a1a47f2f816626794db12486963cb2f00b416a9525cbdf8437e8f1e0,selected document ids intentionally excluded
internal_blind,qh_100e405073dcdc1a,D1,1.0,0.5461639199768891,VERIFIED_FROM_RELEASE,paper_results/per_query_minimal/internal_blind_per_query.jsonl,876a16d098e1da3f642ef70854cbc985bae5f9e3,2e7f5e98a1a47f2f816626794db12486963cb2f00b416a9525cbdf8437e8f1e0,selected document ids intentionally excluded
internal_blind,qh_100e405073dcdc1a,D2,1.0,0.474950169314071,VERIFIED_FROM_RELEASE,paper_results/per_query_minimal/internal_blind_per_query.jsonl,876a16d098e1da3f642ef70854cbc985bae5f9e3,2e7f5e98a1a47f2f816626794db12486963cb2f00b416a9525cbdf8437e8f1e0,selected document ids intentionally excluded
internal_blind,qh_100e405073dcdc1a,D3,1.0,0.5578686744924107,VERIFIED_FROM_RELEASE,paper_results/per_query_minimal/internal_blind_per_query.jsonl,876a16d098e1da3f642ef70854cbc985bae5f9e3,2e7f5e98a1a47f2f816626794db12486963cb2f00b416a9525cbdf8437e8f1e0,selected document ids intentionally excluded
internal_blind,qh_ee7cc24bc4705f6b,B0,1.0,0.5453291675386368,VERIFIED_FROM_RELEASE,paper_results/per_query_minimal/internal_blind_per_query.jsonl,876a16d098e1da3f642ef70854cbc985bae5f9e3,2e7f5e98a1a47f2f816626794db12486963cb2f00b416a9525cbdf8437e8f1e0,selected document ids intentionally excluded
internal_blind,qh_ee7cc24bc4705f6b,D0,1.0,0.5453291675386368,VERIFIED_FROM_RELEASE,paper_results/per_query_minimal/internal_blind_per_query.jsonl,876a16d098e1da3f642ef70854cbc985bae5f9e3,2e7f5e98a1a47f2f816626794db12486963cb2f00b416a9525cbdf8437e8f1e0,selected document ids intentionally excluded
internal_blind,qh_ee7cc24bc4705f6b,D1,1.0,0.7656666936920211,VERIFIED_FROM_RELEASE,paper_results/per_query_minimal/internal_blind_per_query.jsonl,876a16d098e1da3f642ef70854cbc985bae5f9e3,2e7f5e98a1a47f2f816626794db12486963cb2f00b416a9525cbdf8437e8f1e0,selected document ids intentionally excluded
internal_blind,qh_ee7cc24bc4705f6b,D2,1.0,0.40170853936019735,VERIFIED_FROM_RELEASE,paper_results/per_query_minimal/internal_blind_per_query.jsonl,876a16d098e1da3f642ef70854cbc985bae5f9e3,2e7f5e98a1a47f2f816626794db12486963cb2f00b416a9525cbdf8437e8f1e0,selected document ids intentionally excluded
internal_blind,qh_ee7cc24bc4705f6b,D3,1.0,0.36250337285517453,VERIFIED_FROM_RELEASE,paper_results/per_query_minimal/internal_blind_per_query.jsonl,876a16d098e1da3f642ef70854cbc985bae5f9e3,2e7f5e98a1a47f2f816626794db12486963cb2f00b416a9525cbdf8437e8f1e0,selected document ids intentionally excluded
internal_blind,qh_b9ea79e68f727c17,B0,1.0,0.47141445457032993,VERIFIED_FROM_RELEASE,paper_results/per_query_minimal/internal_blind_per_query.jsonl,876a16d098e1da3f642ef70854cbc985bae5f9e3,2e7f5e98a1a47f2f816626794db12486963cb2f00b416a9525cbdf8437e8f1e0,selected document ids intentionally excluded
internal_blind,qh_b9ea79e68f727c17,D0,1.0,0.47141445457032993,VERIFIED_FROM_RELEASE,paper_results/per_query_minimal/internal_blind_per_query.jsonl,876a16d098e1da3f642ef70854cbc985bae5f9e3,2e7f5e98a1a47f2f816626794db12486963cb2f00b416a9525cbdf8437e8f1e0,selected document ids intentionally excluded
internal_blind,qh_b9ea79e68f727c17,D1,1.0,0.4095624845179915,VERIFIED_FROM_RELEASE,paper_results/per_query_minimal/internal_blind_per_query.jsonl,876a16d098e1da3f642ef70854cbc985bae5f9e3,2e7f5e98a1a47f2f816626794db12486963cb2f00b416a9525cbdf8437e8f1e0,selected document ids intentionally excluded
internal_blind,qh_b9ea79e68f727c17,D2,1.0,0.40255572309924237,VERIFIED_FROM_RELEASE,paper_results/per_query_minimal/internal_blind_per_query.jsonl,876a16d098e1da3f642ef70854cbc985bae5f9e3,2e7f5e98a1a47f2f816626794db12486963cb2f00b416a9525cbdf8437e8f1e0,selected document ids intentionally excluded
internal_blind,qh_b9ea79e68f727c17,D3,1.0,0.40255572309924237,VERIFIED_FROM_RELEASE,paper_results/per_query_minimal/internal_blind_per_query.jsonl,876a16d098e1da3f642ef70854cbc985bae5f9e3,2e7f5e98a1a47f2f816626794db12486963cb2f00b416a9525cbdf8437e8f1e0,selected document ids intentionally excluded
internal_blind,qh_c5d6743155a761e2,B0,1.0,0.6489315753318465,VERIFIED_FROM_RELEASE,paper_results/per_query_minimal/internal_blind_per_query.jsonl,876a16d098e1da3f642ef70854cbc985bae5f9e3,2e7f5e98a1a47f2f816626794db12486963cb2f00b416a9525cbdf8437e8f1e0,selected document ids intentionally excluded
internal_blind,qh_c5d6743155a761e2,D0,1.0,0.6489315753318465,VERIFIED_FROM_RELEASE,paper_results/per_query_minimal/internal_blind_per_query.jsonl,876a16d098e1da3f642ef70854cbc985bae5f9e3,2e7f5e98a1a47f2f816626794db12486963cb2f00b416a9525cbdf8437e8f1e0,selected document ids intentionally excluded
internal_blind,qh_c5d6743155a761e2,D1,1.0,0.6489315753318465,VERIFIED_FROM_RELEASE,paper_results/per_query_minimal/internal_blind_per_query.jsonl,876a16d098e1da3f642ef70854cbc985bae5f9e3,2e7f5e98a1a47f2f816626794db12486963cb2f00b416a9525cbdf8437e8f1e0,selected document ids intentionally excluded
internal_blind,qh_c5d6743155a761e2,D2,1.0,0.6489315753318465,VERIFIED_FROM_RELEASE,paper_results/per_query_minimal/internal_blind_per_query.jsonl,876a16d098e1da3f642ef70854cbc985bae5f9e3,2e7f5e98a1a47f2f816626794db12486963cb2f00b416a9525cbdf8437e8f1e0,selected document ids intentionally excluded
internal_blind,qh_c5d6743155a761e2,D3,1.0,0.6489315753318465,VERIFIED_FROM_RELEASE,paper_results/per_query_minimal/internal_blind_per_query.jsonl,876a16d098e1da3f642ef70854cbc985bae5f9e3,2e7f5e98a1a47f2f816626794db12486963cb2f00b416a9525cbdf8437e8f1e0,selected document ids intentionally excluded
internal_blind,qh_133b591c843a7901,B0,1.0,0.6508205185601091,VERIFIED_FROM_RELEASE,paper_results/per_query_minimal/internal_blind_per_query.jsonl,876a16d098e1da3f642ef70854cbc985bae5f9e3,2e7f5e98a1a47f2f816626794db12486963cb2f00b416a9525cbdf8437e8f1e0,selected document ids intentionally excluded
internal_blind,qh_133b591c843a7901,D0,1.0,0.2960819109658652,VERIFIED_FROM_RELEASE,paper_results/per_query_minimal/internal_blind_per_query.jsonl,876a16d098e1da3f642ef70854cbc985bae5f9e3,2e7f5e98a1a47f2f816626794db12486963cb2f00b416a9525cbdf8437e8f1e0,selected document ids intentionally excluded
internal_blind,qh_133b591c843a7901,D1,1.0,0.2960819109658652,VERIFIED_FROM_RELEASE,paper_results/per_query_minimal/internal_blind_per_query.jsonl,876a16d098e1da3f642ef70854cbc985bae5f9e3,2e7f5e98a1a47f2f816626794db12486963cb2f00b416a9525cbdf8437e8f1e0,selected document ids intentionally excluded
internal_blind,qh_133b591c843a7901,D2,1.0,0.5307212739772434,VERIFIED_FROM_RELEASE,paper_results/per_query_minimal/internal_blind_per_query.jsonl,876a16d098e1da3f642ef70854cbc985bae5f9e3,2e7f5e98a1a47f2f816626794db12486963cb2f00b416a9525cbdf8437e8f1e0,selected document ids intentionally excluded
internal_blind,qh_133b591c843a7901,D3,1.0,0.5307212739772434,VERIFIED_FROM_RELEASE,paper_results/per_query_minimal/internal_blind_per_query.jsonl,876a16d098e1da3f642ef70854cbc985bae5f9e3,2e7f5e98a1a47f2f816626794db12486963cb2f00b416a9525cbdf8437e8f1e0,selected document ids intentionally excluded
internal_blind,qh_6a4915d10c86c96f,B0,1.0,0.5541432109622958,VERIFIED_FROM_RELEASE,paper_results/per_query_minimal/internal_blind_per_query.jsonl,876a16d098e1da3f642ef70854cbc985bae5f9e3,2e7f5e98a1a47f2f816626794db12486963cb2f00b416a9525cbdf8437e8f1e0,selected document ids intentionally excluded
internal_blind,qh_6a4915d10c86c96f,D0,1.0,0.5388856921828065,VERIFIED_FROM_RELEASE,paper_results/per_query_minimal/internal_blind_per_query.jsonl,876a16d098e1da3f642ef70854cbc985bae5f9e3,2e7f5e98a1a47f2f816626794db12486963cb2f00b416a9525cbdf8437e8f1e0,selected document ids intentionally excluded
internal_blind,qh_6a4915d10c86c96f,D1,1.0,0.5541432109622958,VERIFIED_FROM_RELEASE,paper_results/per_query_minimal/internal_blind_per_query.jsonl,876a16d098e1da3f642ef70854cbc985bae5f9e3,2e7f5e98a1a47f2f816626794db12486963cb2f00b416a9525cbdf8437e8f1e0,selected document ids intentionally excluded
internal_blind,qh_6a4915d10c86c96f,D2,1.0,0.5541432109622958,VERIFIED_FROM_RELEASE,paper_results/per_query_minimal/internal_blind_per_query.jsonl,876a16d098e1da3f642ef70854cbc985bae5f9e3,2e7f5e98a1a47f2f816626794db12486963cb2f00b416a9525cbdf8437e8f1e0,selected document ids intentionally excluded
internal_blind,qh_6a4915d10c86c96f,D3,1.0,0.5541432109622958,VERIFIED_FROM_RELEASE,paper_results/per_query_minimal/internal_blind_per_query.jsonl,876a16d098e1da3f642ef70854cbc985bae5f9e3,2e7f5e98a1a47f2f816626794db12486963cb2f00b416a9525cbdf8437e8f1e0,selected document ids intentionally excluded
internal_blind,qh_5e7d3d83dab3c349,B0,1.0,0.0,VERIFIED_FROM_RELEASE,paper_results/per_query_minimal/internal_blind_per_query.jsonl,876a16d098e1da3f642ef70854cbc985bae5f9e3,2e7f5e98a1a47f2f816626794db12486963cb2f00b416a9525cbdf8437e8f1e0,selected document ids intentionally excluded
internal_blind,qh_5e7d3d83dab3c349,D0,1.0,0.13120507751234178,VERIFIED_FROM_RELEASE,paper_results/per_query_minimal/internal_blind_per_query.jsonl,876a16d098e1da3f642ef70854cbc985bae5f9e3,2e7f5e98a1a47f2f816626794db12486963cb2f00b416a9525cbdf8437e8f1e0,selected document ids intentionally excluded
internal_blind,qh_5e7d3d83dab3c349,D1,1.0,0.21398626473452756,VERIFIED_FROM_RELEASE,paper_results/per_query_minimal/internal_blind_per_query.jsonl,876a16d098e1da3f642ef70854cbc985bae5f9e3,2e7f5e98a1a47f2f816626794db12486963cb2f00b416a9525cbdf8437e8f1e0,selected document ids intentionally excluded
internal_blind,qh_5e7d3d83dab3c349,D2,1.0,0.0,VERIFIED_FROM_RELEASE,paper_results/per_query_minimal/internal_blind_per_query.jsonl,876a16d098e1da3f642ef70854cbc985bae5f9e3,2e7f5e98a1a47f2f816626794db12486963cb2f00b416a9525cbdf8437e8f1e0,selected document ids intentionally excluded
internal_blind,qh_5e7d3d83dab3c349,D3,1.0,0.3391602052736161,VERIFIED_FROM_RELEASE,paper_results/per_query_minimal/internal_blind_per_query.jsonl,876a16d098e1da3f642ef70854cbc985bae5f9e3,2e7f5e98a1a47f2f816626794db12486963cb2f00b416a9525cbdf8437e8f1e0,selected document ids intentionally excluded
internal_blind,qh_00bb4a1c6caf15d1,B0,1.0,0.6894028123249082,VERIFIED_FROM_RELEASE,paper_results/per_query_minimal/internal_blind_per_query.jsonl,876a16d098e1da3f642ef70854cbc985bae5f9e3,2e7f5e98a1a47f2f816626794db12486963cb2f00b416a9525cbdf8437e8f1e0,selected document ids intentionally excluded
internal_blind,qh_00bb4a1c6caf15d1,D0,1.0,0.20584577792620184,VERIFIED_FROM_RELEASE,paper_results/per_query_minimal/internal_blind_per_query.jsonl,876a16d098e1da3f642ef70854cbc985bae5f9e3,2e7f5e98a1a47f2f816626794db12486963cb2f00b416a9525cbdf8437e8f1e0,selected document ids intentionally excluded
internal_blind,qh_00bb4a1c6caf15d1,D1,1.0,0.6007188761797404,VERIFIED_FROM_RELEASE,paper_results/per_query_minimal/internal_blind_per_query.jsonl,876a16d098e1da3f642ef70854cbc985bae5f9e3,2e7f5e98a1a47f2f816626794db12486963cb2f00b416a9525cbdf8437e8f1e0,selected document ids intentionally excluded
internal_blind,qh_00bb4a1c6caf15d1,D2,1.0,0.26605180843550325,VERIFIED_FROM_RELEASE,paper_results/per_query_minimal/internal_blind_per_query.jsonl,876a16d098e1da3f642ef70854cbc985bae5f9e3,2e7f5e98a1a47f2f816626794db12486963cb2f00b416a9525cbdf8437e8f1e0,selected document ids intentionally excluded
internal_blind,qh_00bb4a1c6caf15d1,D3,1.0,0.26605180843550325,VERIFIED_FROM_RELEASE,paper_results/per_query_minimal/internal_blind_per_query.jsonl,876a16d098e1da3f642ef70854cbc985bae5f9e3,2e7f5e98a1a47f2f816626794db12486963cb2f00b416a9525cbdf8437e8f1e0,selected document ids intentionally excluded
internal_blind,qh_cdbed83fc3c09f20,B0,1.0,0.5043856316096029,VERIFIED_FROM_RELEASE,paper_results/per_query_minimal/internal_blind_per_query.jsonl,876a16d098e1da3f642ef70854cbc985bae5f9e3,2e7f5e98a1a47f2f816626794db12486963cb2f00b416a9525cbdf8437e8f1e0,selected document ids intentionally excluded
internal_blind,qh_cdbed83fc3c09f20,D0,1.0,0.5217228120023726,VERIFIED_FROM_RELEASE,paper_results/per_query_minimal/internal_blind_per_query.jsonl,876a16d098e1da3f642ef70854cbc985bae5f9e3,2e7f5e98a1a47f2f816626794db12486963cb2f00b416a9525cbdf8437e8f1e0,selected document ids intentionally excluded
internal_blind,qh_cdbed83fc3c09f20,D1,1.0,0.5217228120023726,VERIFIED_FROM_RELEASE,paper_results/per_query_minimal/internal_blind_per_query.jsonl,876a16d098e1da3f642ef70854cbc985bae5f9e3,2e7f5e98a1a47f2f816626794db12486963cb2f00b416a9525cbdf8437e8f1e0,selected document ids intentionally excluded
internal_blind,qh_cdbed83fc3c09f20,D2,1.0,0.5417847569872083,VERIFIED_FROM_RELEASE,paper_results/per_query_minimal/internal_blind_per_query.jsonl,876a16d098e1da3f642ef70854cbc985bae5f9e3,2e7f5e98a1a47f2f816626794db12486963cb2f00b416a9525cbdf8437e8f1e0,selected document ids intentionally excluded
internal_blind,qh_cdbed83fc3c09f20,D3,1.0,0.5417847569872083,VERIFIED_FROM_RELEASE,paper_results/per_query_minimal/internal_blind_per_query.jsonl,876a16d098e1da3f642ef70854cbc985bae5f9e3,2e7f5e98a1a47f2f816626794db12486963cb2f00b416a9525cbdf8437e8f1e0,selected document ids intentionally excluded
internal_blind,qh_de8d3948024226b4,B0,1.0,0.6489315753318465,VERIFIED_FROM_RELEASE,paper_results/per_query_minimal/internal_blind_per_query.jsonl,876a16d098e1da3f642ef70854cbc985bae5f9e3,2e7f5e98a1a47f2f816626794db12486963cb2f00b416a9525cbdf8437e8f1e0,selected document ids intentionally excluded
internal_blind,qh_de8d3948024226b4,D0,1.0,0.6489315753318465,VERIFIED_FROM_RELEASE,paper_results/per_query_minimal/internal_blind_per_query.jsonl,876a16d098e1da3f642ef70854cbc985bae5f9e3,2e7f5e98a1a47f2f816626794db12486963cb2f00b416a9525cbdf8437e8f1e0,selected document ids intentionally excluded
internal_blind,qh_de8d3948024226b4,D1,1.0,0.6489315753318465,VERIFIED_FROM_RELEASE,paper_results/per_query_minimal/internal_blind_per_query.jsonl,876a16d098e1da3f642ef70854cbc985bae5f9e3,2e7f5e98a1a47f2f816626794db12486963cb2f00b416a9525cbdf8437e8f1e0,selected document ids intentionally excluded
internal_blind,qh_de8d3948024226b4,D2,1.0,0.6489315753318465,VERIFIED_FROM_RELEASE,paper_results/per_query_minimal/internal_blind_per_query.jsonl,876a16d098e1da3f642ef70854cbc985bae5f9e3,2e7f5e98a1a47f2f816626794db12486963cb2f00b416a9525cbdf8437e8f1e0,selected document ids intentionally excluded
internal_blind,qh_de8d3948024226b4,D3,0.5,0.6489315753318465,VERIFIED_FROM_RELEASE,paper_results/per_query_minimal/internal_blind_per_query.jsonl,876a16d098e1da3f642ef70854cbc985bae5f9e3,2e7f5e98a1a47f2f816626794db12486963cb2f00b416a9525cbdf8437e8f1e0,selected document ids intentionally excluded
internal_blind,qh_943a5c5bfcb6589e,B0,1.0,0.6489315753318465,VERIFIED_FROM_RELEASE,paper_results/per_query_minimal/internal_blind_per_query.jsonl,876a16d098e1da3f642ef70854cbc985bae5f9e3,2e7f5e98a1a47f2f816626794db12486963cb2f00b416a9525cbdf8437e8f1e0,selected document ids intentionally excluded
internal_blind,qh_943a5c5bfcb6589e,D0,1.0,0.436705209358932,VERIFIED_FROM_RELEASE,paper_results/per_query_minimal/internal_blind_per_query.jsonl,876a16d098e1da3f642ef70854cbc985bae5f9e3,2e7f5e98a1a47f2f816626794db12486963cb2f00b416a9525cbdf8437e8f1e0,selected document ids intentionally excluded
internal_blind,qh_943a5c5bfcb6589e,D1,1.0,0.44687688854525814,VERIFIED_FROM_RELEASE,paper_results/per_query_minimal/internal_blind_per_query.jsonl,876a16d098e1da3f642ef70854cbc985bae5f9e3,2e7f5e98a1a47f2f816626794db12486963cb2f00b416a9525cbdf8437e8f1e0,selected document ids intentionally excluded
internal_blind,qh_943a5c5bfcb6589e,D2,1.0,0.6489315753318465,VERIFIED_FROM_RELEASE,paper_results/per_query_minimal/internal_blind_per_query.jsonl,876a16d098e1da3f642ef70854cbc985bae5f9e3,2e7f5e98a1a47f2f816626794db12486963cb2f00b416a9525cbdf8437e8f1e0,selected document ids intentionally excluded
internal_blind,qh_943a5c5bfcb6589e,D3,1.0,0.510069131458292,VERIFIED_FROM_RELEASE,paper_results/per_query_minimal/internal_blind_per_query.jsonl,876a16d098e1da3f642ef70854cbc985bae5f9e3,2e7f5e98a1a47f2f816626794db12486963cb2f00b416a9525cbdf8437e8f1e0,selected document ids intentionally excluded
internal_blind,qh_4e8beb49a0cb04e9,B0,1.0,0.5921694969040991,VERIFIED_FROM_RELEASE,paper_results/per_query_minimal/internal_blind_per_query.jsonl,876a16d098e1da3f642ef70854cbc985bae5f9e3,2e7f5e98a1a47f2f816626794db12486963cb2f00b416a9525cbdf8437e8f1e0,selected document ids intentionally excluded
internal_blind,qh_4e8beb49a0cb04e9,D0,1.0,0.5857393324188127,VERIFIED_FROM_RELEASE,paper_results/per_query_minimal/internal_blind_per_query.jsonl,876a16d098e1da3f642ef70854cbc985bae5f9e3,2e7f5e98a1a47f2f816626794db12486963cb2f00b416a9525cbdf8437e8f1e0,selected document ids intentionally excluded
internal_blind,qh_4e8beb49a0cb04e9,D1,1.0,0.5755676532324865,VERIFIED_FROM_RELEASE,paper_results/per_query_minimal/internal_blind_per_query.jsonl,876a16d098e1da3f642ef70854cbc985bae5f9e3,2e7f5e98a1a47f2f816626794db12486963cb2f00b416a9525cbdf8437e8f1e0,selected document ids intentionally excluded
internal_blind,qh_4e8beb49a0cb04e9,D2,1.0,0.5289772539910653,VERIFIED_FROM_RELEASE,paper_results/per_query_minimal/internal_blind_per_query.jsonl,876a16d098e1da3f642ef70854cbc985bae5f9e3,2e7f5e98a1a47f2f816626794db12486963cb2f00b416a9525cbdf8437e8f1e0,selected document ids intentionally excluded
internal_blind,qh_4e8beb49a0cb04e9,D3,1.0,0.6489315753318465,VERIFIED_FROM_RELEASE,paper_results/per_query_minimal/internal_blind_per_query.jsonl,876a16d098e1da3f642ef70854cbc985bae5f9e3,2e7f5e98a1a47f2f816626794db12486963cb2f00b416a9525cbdf8437e8f1e0,selected document ids intentionally excluded
internal_blind,qh_a8579453ceada0c4,B0,1.0,0.41097124136213825,VERIFIED_FROM_RELEASE,paper_results/per_query_minimal/internal_blind_per_query.jsonl,876a16d098e1da3f642ef70854cbc985bae5f9e3,2e7f5e98a1a47f2f816626794db12486963cb2f00b416a9525cbdf8437e8f1e0,selected document ids intentionally excluded
internal_blind,qh_a8579453ceada0c4,D0,1.0,0.33373987213490325,VERIFIED_FROM_RELEASE,paper_results/per_query_minimal/internal_blind_per_query.jsonl,876a16d098e1da3f642ef70854cbc985bae5f9e3,2e7f5e98a1a47f2f816626794db12486963cb2f00b416a9525cbdf8437e8f1e0,selected document ids intentionally excluded
internal_blind,qh_a8579453ceada0c4,D1,1.0,0.4312614393255136,VERIFIED_FROM_RELEASE,paper_results/per_query_minimal/internal_blind_per_query.jsonl,876a16d098e1da3f642ef70854cbc985bae5f9e3,2e7f5e98a1a47f2f816626794db12486963cb2f00b416a9525cbdf8437e8f1e0,selected document ids intentionally excluded
internal_blind,qh_a8579453ceada0c4,D2,1.0,0.4468817830215918,VERIFIED_FROM_RELEASE,paper_results/per_query_minimal/internal_blind_per_query.jsonl,876a16d098e1da3f642ef70854cbc985bae5f9e3,2e7f5e98a1a47f2f816626794db12486963cb2f00b416a9525cbdf8437e8f1e0,selected document ids intentionally excluded
internal_blind,qh_a8579453ceada0c4,D3,1.0,0.4468817830215918,VERIFIED_FROM_RELEASE,paper_results/per_query_minimal/internal_blind_per_query.jsonl,876a16d098e1da3f642ef70854cbc985bae5f9e3,2e7f5e98a1a47f2f816626794db12486963cb2f00b416a9525cbdf8437e8f1e0,selected document ids intentionally excluded
internal_blind,qh_29d0fd1b01dbcad8,B0,1.0,0.0,VERIFIED_FROM_RELEASE,paper_results/per_query_minimal/internal_blind_per_query.jsonl,876a16d098e1da3f642ef70854cbc985bae5f9e3,2e7f5e98a1a47f2f816626794db12486963cb2f00b416a9525cbdf8437e8f1e0,selected document ids intentionally excluded
internal_blind,qh_29d0fd1b01dbcad8,D0,1.0,0.0,VERIFIED_FROM_RELEASE,paper_results/per_query_minimal/internal_blind_per_query.jsonl,876a16d098e1da3f642ef70854cbc985bae5f9e3,2e7f5e98a1a47f2f816626794db12486963cb2f00b416a9525cbdf8437e8f1e0,selected document ids intentionally excluded
internal_blind,qh_29d0fd1b01dbcad8,D1,1.0,0.0,VERIFIED_FROM_RELEASE,paper_results/per_query_minimal/internal_blind_per_query.jsonl,876a16d098e1da3f642ef70854cbc985bae5f9e3,2e7f5e98a1a47f2f816626794db12486963cb2f00b416a9525cbdf8437e8f1e0,selected document ids intentionally excluded
internal_blind,qh_29d0fd1b01dbcad8,D2,1.0,0.0,VERIFIED_FROM_RELEASE,paper_results/per_query_minimal/internal_blind_per_query.jsonl,876a16d098e1da3f642ef70854cbc985bae5f9e3,2e7f5e98a1a47f2f816626794db12486963cb2f00b416a9525cbdf8437e8f1e0,selected document ids intentionally excluded
internal_blind,qh_29d0fd1b01dbcad8,D3,1.0,0.0,VERIFIED_FROM_RELEASE,paper_results/per_query_minimal/internal_blind_per_query.jsonl,876a16d098e1da3f642ef70854cbc985bae5f9e3,2e7f5e98a1a47f2f816626794db12486963cb2f00b416a9525cbdf8437e8f1e0,selected document ids intentionally excluded
internal_blind,qh_9053ba13d8ad9eb9,B0,1.0,0.5388856921828065,VERIFIED_FROM_RELEASE,paper_results/per_query_minimal/internal_blind_per_query.jsonl,876a16d098e1da3f642ef70854cbc985bae5f9e3,2e7f5e98a1a47f2f816626794db12486963cb2f00b416a9525cbdf8437e8f1e0,selected document ids intentionally excluded
internal_blind,qh_9053ba13d8ad9eb9,D0,1.0,0.5388856921828065,VERIFIED_FROM_RELEASE,paper_results/per_query_minimal/internal_blind_per_query.jsonl,876a16d098e1da3f642ef70854cbc985bae5f9e3,2e7f5e98a1a47f2f816626794db12486963cb2f00b416a9525cbdf8437e8f1e0,selected document ids intentionally excluded
internal_blind,qh_9053ba13d8ad9eb9,D1,1.0,0.6489315753318465,VERIFIED_FROM_RELEASE,paper_results/per_query_minimal/internal_blind_per_query.jsonl,876a16d098e1da3f642ef70854cbc985bae5f9e3,2e7f5e98a1a47f2f816626794db12486963cb2f00b416a9525cbdf8437e8f1e0,selected document ids intentionally excluded
internal_blind,qh_9053ba13d8ad9eb9,D2,1.0,0.5637884576902256,VERIFIED_FROM_RELEASE,paper_results/per_query_minimal/internal_blind_per_query.jsonl,876a16d098e1da3f642ef70854cbc985bae5f9e3,2e7f5e98a1a47f2f816626794db12486963cb2f00b416a9525cbdf8437e8f1e0,selected document ids intentionally excluded
internal_blind,qh_9053ba13d8ad9eb9,D3,1.0,0.5637884576902256,VERIFIED_FROM_RELEASE,paper_results/per_query_minimal/internal_blind_per_query.jsonl,876a16d098e1da3f642ef70854cbc985bae5f9e3,2e7f5e98a1a47f2f816626794db12486963cb2f00b416a9525cbdf8437e8f1e0,selected document ids intentionally excluded
internal_blind,qh_bf6fb0566155b29d,B0,0.5,0.4935232796777482,VERIFIED_FROM_RELEASE,paper_results/per_query_minimal/internal_blind_per_query.jsonl,876a16d098e1da3f642ef70854cbc985bae5f9e3,2e7f5e98a1a47f2f816626794db12486963cb2f00b416a9525cbdf8437e8f1e0,selected document ids intentionally excluded
internal_blind,qh_bf6fb0566155b29d,D0,0.5,0.6238470455881189,VERIFIED_FROM_RELEASE,paper_results/per_query_minimal/internal_blind_per_query.jsonl,876a16d098e1da3f642ef70854cbc985bae5f9e3,2e7f5e98a1a47f2f816626794db12486963cb2f00b416a9525cbdf8437e8f1e0,selected document ids intentionally excluded
internal_blind,qh_bf6fb0566155b29d,D1,0.5,0.5499887725471477,VERIFIED_FROM_RELEASE,paper_results/per_query_minimal/internal_blind_per_query.jsonl,876a16d098e1da3f642ef70854cbc985bae5f9e3,2e7f5e98a1a47f2f816626794db12486963cb2f00b416a9525cbdf8437e8f1e0,selected document ids intentionally excluded
internal_blind,qh_bf6fb0566155b29d,D2,0.5,0.6105858728157117,VERIFIED_FROM_RELEASE,paper_results/per_query_minimal/internal_blind_per_query.jsonl,876a16d098e1da3f642ef70854cbc985bae5f9e3,2e7f5e98a1a47f2f816626794db12486963cb2f00b416a9525cbdf8437e8f1e0,selected document ids intentionally excluded
internal_blind,qh_bf6fb0566155b29d,D3,0.5,0.5709662133861838,VERIFIED_FROM_RELEASE,paper_results/per_query_minimal/internal_blind_per_query.jsonl,876a16d098e1da3f642ef70854cbc985bae5f9e3,2e7f5e98a1a47f2f816626794db12486963cb2f00b416a9525cbdf8437e8f1e0,selected document ids intentionally excluded
internal_blind,qh_fc7a7421bf98d756,B0,1.0,0.5862021414044021,VERIFIED_FROM_RELEASE,paper_results/per_query_minimal/internal_blind_per_query.jsonl,876a16d098e1da3f642ef70854cbc985bae5f9e3,2e7f5e98a1a47f2f816626794db12486963cb2f00b416a9525cbdf8437e8f1e0,selected document ids intentionally excluded
internal_blind,qh_fc7a7421bf98d756,D0,1.0,0.3949969211264808,VERIFIED_FROM_RELEASE,paper_results/per_query_minimal/internal_blind_per_query.jsonl,876a16d098e1da3f642ef70854cbc985bae5f9e3,2e7f5e98a1a47f2f816626794db12486963cb2f00b416a9525cbdf8437e8f1e0,selected document ids intentionally excluded
internal_blind,qh_fc7a7421bf98d756,D1,1.0,0.3949969211264808,VERIFIED_FROM_RELEASE,paper_results/per_query_minimal/internal_blind_per_query.jsonl,876a16d098e1da3f642ef70854cbc985bae5f9e3,2e7f5e98a1a47f2f816626794db12486963cb2f00b416a9525cbdf8437e8f1e0,selected document ids intentionally excluded
internal_blind,qh_fc7a7421bf98d756,D2,1.0,0.5862021414044021,VERIFIED_FROM_RELEASE,paper_results/per_query_minimal/internal_blind_per_query.jsonl,876a16d098e1da3f642ef70854cbc985bae5f9e3,2e7f5e98a1a47f2f816626794db12486963cb2f00b416a9525cbdf8437e8f1e0,selected document ids intentionally excluded
internal_blind,qh_fc7a7421bf98d756,D3,1.0,0.5390031312763821,VERIFIED_FROM_RELEASE,paper_results/per_query_minimal/internal_blind_per_query.jsonl,876a16d098e1da3f642ef70854cbc985bae5f9e3,2e7f5e98a1a47f2f816626794db12486963cb2f00b416a9525cbdf8437e8f1e0,selected document ids intentionally excluded
internal_blind,qh_4062b0312b6c7f1d,B0,1.0,0.7181070366397562,VERIFIED_FROM_RELEASE,paper_results/per_query_minimal/internal_blind_per_query.jsonl,876a16d098e1da3f642ef70854cbc985bae5f9e3,2e7f5e98a1a47f2f816626794db12486963cb2f00b416a9525cbdf8437e8f1e0,selected document ids intentionally excluded
internal_blind,qh_4062b0312b6c7f1d,D0,1.0,0.5240410621450958,VERIFIED_FROM_RELEASE,paper_results/per_query_minimal/internal_blind_per_query.jsonl,876a16d098e1da3f642ef70854cbc985bae5f9e3,2e7f5e98a1a47f2f816626794db12486963cb2f00b416a9525cbdf8437e8f1e0,selected document ids intentionally excluded
internal_blind,qh_4062b0312b6c7f1d,D1,1.0,0.5240410621450958,VERIFIED_FROM_RELEASE,paper_results/per_query_minimal/internal_blind_per_query.jsonl,876a16d098e1da3f642ef70854cbc985bae5f9e3,2e7f5e98a1a47f2f816626794db12486963cb2f00b416a9525cbdf8437e8f1e0,selected document ids intentionally excluded
internal_blind,qh_4062b0312b6c7f1d,D2,1.0,0.46264689873068787,VERIFIED_FROM_RELEASE,paper_results/per_query_minimal/internal_blind_per_query.jsonl,876a16d098e1da3f642ef70854cbc985bae5f9e3,2e7f5e98a1a47f2f816626794db12486963cb2f00b416a9525cbdf8437e8f1e0,selected document ids intentionally excluded
internal_blind,qh_4062b0312b6c7f1d,D3,1.0,0.46264689873068787,VERIFIED_FROM_RELEASE,paper_results/per_query_minimal/internal_blind_per_query.jsonl,876a16d098e1da3f642ef70854cbc985bae5f9e3,2e7f5e98a1a47f2f816626794db12486963cb2f00b416a9525cbdf8437e8f1e0,selected document ids intentionally excluded
internal_blind,qh_c7404d39523cd54c,B0,0.5,0.4754708932016059,VERIFIED_FROM_RELEASE,paper_results/per_query_minimal/internal_blind_per_query.jsonl,876a16d098e1da3f642ef70854cbc985bae5f9e3,2e7f5e98a1a47f2f816626794db12486963cb2f00b416a9525cbdf8437e8f1e0,selected document ids intentionally excluded
internal_blind,qh_c7404d39523cd54c,D0,1.0,0.6236726147710056,VERIFIED_FROM_RELEASE,paper_results/per_query_minimal/internal_blind_per_query.jsonl,876a16d098e1da3f642ef70854cbc985bae5f9e3,2e7f5e98a1a47f2f816626794db12486963cb2f00b416a9525cbdf8437e8f1e0,selected document ids intentionally excluded
internal_blind,qh_c7404d39523cd54c,D1,0.5,0.4009229871580482,VERIFIED_FROM_RELEASE,paper_results/per_query_minimal/internal_blind_per_query.jsonl,876a16d098e1da3f642ef70854cbc985bae5f9e3,2e7f5e98a1a47f2f816626794db12486963cb2f00b416a9525cbdf8437e8f1e0,selected document ids intentionally excluded
internal_blind,qh_c7404d39523cd54c,D2,0.5,0.3159445176132626,VERIFIED_FROM_RELEASE,paper_results/per_query_minimal/internal_blind_per_query.jsonl,876a16d098e1da3f642ef70854cbc985bae5f9e3,2e7f5e98a1a47f2f816626794db12486963cb2f00b416a9525cbdf8437e8f1e0,selected document ids intentionally excluded
internal_blind,qh_c7404d39523cd54c,D3,0.5,0.2623290727644914,VERIFIED_FROM_RELEASE,paper_results/per_query_minimal/internal_blind_per_query.jsonl,876a16d098e1da3f642ef70854cbc985bae5f9e3,2e7f5e98a1a47f2f816626794db12486963cb2f00b416a9525cbdf8437e8f1e0,selected document ids intentionally excluded
internal_blind,qh_390f55dfa363d1c5,B0,1.0,0.4884944790479269,VERIFIED_FROM_RELEASE,paper_results/per_query_minimal/internal_blind_per_query.jsonl,876a16d098e1da3f642ef70854cbc985bae5f9e3,2e7f5e98a1a47f2f816626794db12486963cb2f00b416a9525cbdf8437e8f1e0,selected document ids intentionally excluded
internal_blind,qh_390f55dfa363d1c5,D0,1.0,0.38504732998975827,VERIFIED_FROM_RELEASE,paper_results/per_query_minimal/internal_blind_per_query.jsonl,876a16d098e1da3f642ef70854cbc985bae5f9e3,2e7f5e98a1a47f2f816626794db12486963cb2f00b416a9525cbdf8437e8f1e0,selected document ids intentionally excluded
internal_blind,qh_390f55dfa363d1c5,D1,1.0,0.38504732998975827,VERIFIED_FROM_RELEASE,paper_results/per_query_minimal/internal_blind_per_query.jsonl,876a16d098e1da3f642ef70854cbc985bae5f9e3,2e7f5e98a1a47f2f816626794db12486963cb2f00b416a9525cbdf8437e8f1e0,selected document ids intentionally excluded
internal_blind,qh_390f55dfa363d1c5,D2,1.0,0.4884944790479269,VERIFIED_FROM_RELEASE,paper_results/per_query_minimal/internal_blind_per_query.jsonl,876a16d098e1da3f642ef70854cbc985bae5f9e3,2e7f5e98a1a47f2f816626794db12486963cb2f00b416a9525cbdf8437e8f1e0,selected document ids intentionally excluded
internal_blind,qh_390f55dfa363d1c5,D3,1.0,0.4884944790479269,VERIFIED_FROM_RELEASE,paper_results/per_query_minimal/internal_blind_per_query.jsonl,876a16d098e1da3f642ef70854cbc985bae5f9e3,2e7f5e98a1a47f2f816626794db12486963cb2f00b416a9525cbdf8437e8f1e0,selected document ids intentionally excluded
internal_blind,qh_acc5e3a8757b8e1d,B0,1.0,0.6489315753318465,VERIFIED_FROM_RELEASE,paper_results/per_query_minimal/internal_blind_per_query.jsonl,876a16d098e1da3f642ef70854cbc985bae5f9e3,2e7f5e98a1a47f2f816626794db12486963cb2f00b416a9525cbdf8437e8f1e0,selected document ids intentionally excluded
internal_blind,qh_acc5e3a8757b8e1d,D0,1.0,0.6489315753318465,VERIFIED_FROM_RELEASE,paper_results/per_query_minimal/internal_blind_per_query.jsonl,876a16d098e1da3f642ef70854cbc985bae5f9e3,2e7f5e98a1a47f2f816626794db12486963cb2f00b416a9525cbdf8437e8f1e0,selected document ids intentionally excluded
internal_blind,qh_acc5e3a8757b8e1d,D1,1.0,0.6489315753318465,VERIFIED_FROM_RELEASE,paper_results/per_query_minimal/internal_blind_per_query.jsonl,876a16d098e1da3f642ef70854cbc985bae5f9e3,2e7f5e98a1a47f2f816626794db12486963cb2f00b416a9525cbdf8437e8f1e0,selected document ids intentionally excluded
internal_blind,qh_acc5e3a8757b8e1d,D2,1.0,0.6489315753318465,VERIFIED_FROM_RELEASE,paper_results/per_query_minimal/internal_blind_per_query.jsonl,876a16d098e1da3f642ef70854cbc985bae5f9e3,2e7f5e98a1a47f2f816626794db12486963cb2f00b416a9525cbdf8437e8f1e0,selected document ids intentionally excluded
internal_blind,qh_acc5e3a8757b8e1d,D3,1.0,0.6489315753318465,VERIFIED_FROM_RELEASE,paper_results/per_query_minimal/internal_blind_per_query.jsonl,876a16d098e1da3f642ef70854cbc985bae5f9e3,2e7f5e98a1a47f2f816626794db12486963cb2f00b416a9525cbdf8437e8f1e0,selected document ids intentionally excluded
internal_blind,qh_12e9de3f5f6f80c7,B0,0.5,0.43292617940918415,VERIFIED_FROM_RELEASE,paper_results/per_query_minimal/internal_blind_per_query.jsonl,876a16d098e1da3f642ef70854cbc985bae5f9e3,2e7f5e98a1a47f2f816626794db12486963cb2f00b416a9525cbdf8437e8f1e0,selected document ids intentionally excluded
internal_blind,qh_12e9de3f5f6f80c7,D0,1.0,0.43292617940918415,VERIFIED_FROM_RELEASE,paper_results/per_query_minimal/internal_blind_per_query.jsonl,876a16d098e1da3f642ef70854cbc985bae5f9e3,2e7f5e98a1a47f2f816626794db12486963cb2f00b416a9525cbdf8437e8f1e0,selected document ids intentionally excluded
internal_blind,qh_12e9de3f5f6f80c7,D1,0.5,0.45390362024822023,VERIFIED_FROM_RELEASE,paper_results/per_query_minimal/internal_blind_per_query.jsonl,876a16d098e1da3f642ef70854cbc985bae5f9e3,2e7f5e98a1a47f2f816626794db12486963cb2f00b416a9525cbdf8437e8f1e0,selected document ids intentionally excluded
internal_blind,qh_12e9de3f5f6f80c7,D2,0.5,0.45390362024822023,VERIFIED_FROM_RELEASE,paper_results/per_query_minimal/internal_blind_per_query.jsonl,876a16d098e1da3f642ef70854cbc985bae5f9e3,2e7f5e98a1a47f2f816626794db12486963cb2f00b416a9525cbdf8437e8f1e0,selected document ids intentionally excluded
internal_blind,qh_12e9de3f5f6f80c7,D3,0.5,0.28162497265977743,VERIFIED_FROM_RELEASE,paper_results/per_query_minimal/internal_blind_per_query.jsonl,876a16d098e1da3f642ef70854cbc985bae5f9e3,2e7f5e98a1a47f2f816626794db12486963cb2f00b416a9525cbdf8437e8f1e0,selected document ids intentionally excluded
internal_blind,qh_f70226cd422761c4,B0,1.0,0.7927064172140198,VERIFIED_FROM_RELEASE,paper_results/per_query_minimal/internal_blind_per_query.jsonl,876a16d098e1da3f642ef70854cbc985bae5f9e3,2e7f5e98a1a47f2f816626794db12486963cb2f00b416a9525cbdf8437e8f1e0,selected document ids intentionally excluded
internal_blind,qh_f70226cd422761c4,D0,1.0,0.38529251151272215,VERIFIED_FROM_RELEASE,paper_results/per_query_minimal/internal_blind_per_query.jsonl,876a16d098e1da3f642ef70854cbc985bae5f9e3,2e7f5e98a1a47f2f816626794db12486963cb2f00b416a9525cbdf8437e8f1e0,selected document ids intentionally excluded
internal_blind,qh_f70226cd422761c4,D1,1.0,0.38529251151272215,VERIFIED_FROM_RELEASE,paper_results/per_query_minimal/internal_blind_per_query.jsonl,876a16d098e1da3f642ef70854cbc985bae5f9e3,2e7f5e98a1a47f2f816626794db12486963cb2f00b416a9525cbdf8437e8f1e0,selected document ids intentionally excluded
internal_blind,qh_f70226cd422761c4,D2,1.0,0.7927064172140198,VERIFIED_FROM_RELEASE,paper_results/per_query_minimal/internal_blind_per_query.jsonl,876a16d098e1da3f642ef70854cbc985bae5f9e3,2e7f5e98a1a47f2f816626794db12486963cb2f00b416a9525cbdf8437e8f1e0,selected document ids intentionally excluded
internal_blind,qh_f70226cd422761c4,D3,1.0,0.7927064172140198,VERIFIED_FROM_RELEASE,paper_results/per_query_minimal/internal_blind_per_query.jsonl,876a16d098e1da3f642ef70854cbc985bae5f9e3,2e7f5e98a1a47f2f816626794db12486963cb2f00b416a9525cbdf8437e8f1e0,selected document ids intentionally excluded
internal_blind,qh_7ed9612f9cde790c,B0,1.0,0.0,VERIFIED_FROM_RELEASE,paper_results/per_query_minimal/internal_blind_per_query.jsonl,876a16d098e1da3f642ef70854cbc985bae5f9e3,2e7f5e98a1a47f2f816626794db12486963cb2f00b416a9525cbdf8437e8f1e0,selected document ids intentionally excluded
internal_blind,qh_7ed9612f9cde790c,D0,1.0,0.0,VERIFIED_FROM_RELEASE,paper_results/per_query_minimal/internal_blind_per_query.jsonl,876a16d098e1da3f642ef70854cbc985bae5f9e3,2e7f5e98a1a47f2f816626794db12486963cb2f00b416a9525cbdf8437e8f1e0,selected document ids intentionally excluded
internal_blind,qh_7ed9612f9cde790c,D1,1.0,0.0,VERIFIED_FROM_RELEASE,paper_results/per_query_minimal/internal_blind_per_query.jsonl,876a16d098e1da3f642ef70854cbc985bae5f9e3,2e7f5e98a1a47f2f816626794db12486963cb2f00b416a9525cbdf8437e8f1e0,selected document ids intentionally excluded
internal_blind,qh_7ed9612f9cde790c,D2,1.0,0.0,VERIFIED_FROM_RELEASE,paper_results/per_query_minimal/internal_blind_per_query.jsonl,876a16d098e1da3f642ef70854cbc985bae5f9e3,2e7f5e98a1a47f2f816626794db12486963cb2f00b416a9525cbdf8437e8f1e0,selected document ids intentionally excluded
internal_blind,qh_7ed9612f9cde790c,D3,1.0,0.0,VERIFIED_FROM_RELEASE,paper_results/per_query_minimal/internal_blind_per_query.jsonl,876a16d098e1da3f642ef70854cbc985bae5f9e3,2e7f5e98a1a47f2f816626794db12486963cb2f00b416a9525cbdf8437e8f1e0,selected document ids intentionally excluded
internal_blind,qh_5b0351a1a2e1eca1,B0,0.8,0.0,VERIFIED_FROM_RELEASE,paper_results/per_query_minimal/internal_blind_per_query.jsonl,876a16d098e1da3f642ef70854cbc985bae5f9e3,2e7f5e98a1a47f2f816626794db12486963cb2f00b416a9525cbdf8437e8f1e0,selected document ids intentionally excluded
internal_blind,qh_5b0351a1a2e1eca1,D0,0.8,0.0,VERIFIED_FROM_RELEASE,paper_results/per_query_minimal/internal_blind_per_query.jsonl,876a16d098e1da3f642ef70854cbc985bae5f9e3,2e7f5e98a1a47f2f816626794db12486963cb2f00b416a9525cbdf8437e8f1e0,selected document ids intentionally excluded
internal_blind,qh_5b0351a1a2e1eca1,D1,0.6,0.0,VERIFIED_FROM_RELEASE,paper_results/per_query_minimal/internal_blind_per_query.jsonl,876a16d098e1da3f642ef70854cbc985bae5f9e3,2e7f5e98a1a47f2f816626794db12486963cb2f00b416a9525cbdf8437e8f1e0,selected document ids intentionally excluded
internal_blind,qh_5b0351a1a2e1eca1,D2,0.6,0.2960819109658652,VERIFIED_FROM_RELEASE,paper_results/per_query_minimal/internal_blind_per_query.jsonl,876a16d098e1da3f642ef70854cbc985bae5f9e3,2e7f5e98a1a47f2f816626794db12486963cb2f00b416a9525cbdf8437e8f1e0,selected document ids intentionally excluded
internal_blind,qh_5b0351a1a2e1eca1,D3,0.6,0.2960819109658652,VERIFIED_FROM_RELEASE,paper_results/per_query_minimal/internal_blind_per_query.jsonl,876a16d098e1da3f642ef70854cbc985bae5f9e3,2e7f5e98a1a47f2f816626794db12486963cb2f00b416a9525cbdf8437e8f1e0,selected document ids intentionally excluded
internal_blind,qh_90a1ef060c8b3b1d,B0,0.6666666666666666,0.6098060093978774,VERIFIED_FROM_RELEASE,paper_results/per_query_minimal/internal_blind_per_query.jsonl,876a16d098e1da3f642ef70854cbc985bae5f9e3,2e7f5e98a1a47f2f816626794db12486963cb2f00b416a9525cbdf8437e8f1e0,selected document ids intentionally excluded
internal_blind,qh_90a1ef060c8b3b1d,D0,1.0,0.33497391880032695,VERIFIED_FROM_RELEASE,paper_results/per_query_minimal/internal_blind_per_query.jsonl,876a16d098e1da3f642ef70854cbc985bae5f9e3,2e7f5e98a1a47f2f816626794db12486963cb2f00b416a9525cbdf8437e8f1e0,selected document ids intentionally excluded
internal_blind,qh_90a1ef060c8b3b1d,D1,1.0,0.33497391880032695,VERIFIED_FROM_RELEASE,paper_results/per_query_minimal/internal_blind_per_query.jsonl,876a16d098e1da3f642ef70854cbc985bae5f9e3,2e7f5e98a1a47f2f816626794db12486963cb2f00b416a9525cbdf8437e8f1e0,selected document ids intentionally excluded
internal_blind,qh_90a1ef060c8b3b1d,D2,1.0,0.3257509043238708,VERIFIED_FROM_RELEASE,paper_results/per_query_minimal/internal_blind_per_query.jsonl,876a16d098e1da3f642ef70854cbc985bae5f9e3,2e7f5e98a1a47f2f816626794db12486963cb2f00b416a9525cbdf8437e8f1e0,selected document ids intentionally excluded
internal_blind,qh_90a1ef060c8b3b1d,D3,1.0,0.3257509043238708,VERIFIED_FROM_RELEASE,paper_results/per_query_minimal/internal_blind_per_query.jsonl,876a16d098e1da3f642ef70854cbc985bae5f9e3,2e7f5e98a1a47f2f816626794db12486963cb2f00b416a9525cbdf8437e8f1e0,selected document ids intentionally excluded
internal_blind,qh_ac659550cdc70802,B0,1.0,0.1450034440595368,VERIFIED_FROM_RELEASE,paper_results/per_query_minimal/internal_blind_per_query.jsonl,876a16d098e1da3f642ef70854cbc985bae5f9e3,2e7f5e98a1a47f2f816626794db12486963cb2f00b416a9525cbdf8437e8f1e0,selected document ids intentionally excluded
internal_blind,qh_ac659550cdc70802,D0,1.0,0.18052192726436908,VERIFIED_FROM_RELEASE,paper_results/per_query_minimal/internal_blind_per_query.jsonl,876a16d098e1da3f642ef70854cbc985bae5f9e3,2e7f5e98a1a47f2f816626794db12486963cb2f00b416a9525cbdf8437e8f1e0,selected document ids intentionally excluded
internal_blind,qh_ac659550cdc70802,D1,1.0,0.18052192726436908,VERIFIED_FROM_RELEASE,paper_results/per_query_minimal/internal_blind_per_query.jsonl,876a16d098e1da3f642ef70854cbc985bae5f9e3,2e7f5e98a1a47f2f816626794db12486963cb2f00b416a9525cbdf8437e8f1e0,selected document ids intentionally excluded
internal_blind,qh_ac659550cdc70802,D2,1.0,0.18052192726436908,VERIFIED_FROM_RELEASE,paper_results/per_query_minimal/internal_blind_per_query.jsonl,876a16d098e1da3f642ef70854cbc985bae5f9e3,2e7f5e98a1a47f2f816626794db12486963cb2f00b416a9525cbdf8437e8f1e0,selected document ids intentionally excluded
internal_blind,qh_ac659550cdc70802,D3,1.0,0.18052192726436908,VERIFIED_FROM_RELEASE,paper_results/per_query_minimal/internal_blind_per_query.jsonl,876a16d098e1da3f642ef70854cbc985bae5f9e3,2e7f5e98a1a47f2f816626794db12486963cb2f00b416a9525cbdf8437e8f1e0,selected document ids intentionally excluded
internal_blind,qh_810bb680fb233c94,B0,1.0,0.5755676532324865,VERIFIED_FROM_RELEASE,paper_results/per_query_minimal/internal_blind_per_query.jsonl,876a16d098e1da3f642ef70854cbc985bae5f9e3,2e7f5e98a1a47f2f816626794db12486963cb2f00b416a9525cbdf8437e8f1e0,selected document ids intentionally excluded
internal_blind,qh_810bb680fb233c94,D0,1.0,0.43901148822009256,VERIFIED_FROM_RELEASE,paper_results/per_query_minimal/internal_blind_per_query.jsonl,876a16d098e1da3f642ef70854cbc985bae5f9e3,2e7f5e98a1a47f2f816626794db12486963cb2f00b416a9525cbdf8437e8f1e0,selected document ids intentionally excluded
internal_blind,qh_810bb680fb233c94,D1,1.0,0.5123754103194527,VERIFIED_FROM_RELEASE,paper_results/per_query_minimal/internal_blind_per_query.jsonl,876a16d098e1da3f642ef70854cbc985bae5f9e3,2e7f5e98a1a47f2f816626794db12486963cb2f00b416a9525cbdf8437e8f1e0,selected document ids intentionally excluded
internal_blind,qh_810bb680fb233c94,D2,1.0,0.5857393324188127,VERIFIED_FROM_RELEASE,paper_results/per_query_minimal/internal_blind_per_query.jsonl,876a16d098e1da3f642ef70854cbc985bae5f9e3,2e7f5e98a1a47f2f816626794db12486963cb2f00b416a9525cbdf8437e8f1e0,selected document ids intentionally excluded
internal_blind,qh_810bb680fb233c94,D3,1.0,0.5857393324188127,VERIFIED_FROM_RELEASE,paper_results/per_query_minimal/internal_blind_per_query.jsonl,876a16d098e1da3f642ef70854cbc985bae5f9e3,2e7f5e98a1a47f2f816626794db12486963cb2f00b416a9525cbdf8437e8f1e0,selected document ids intentionally excluded
internal_blind,qh_784cb8f7efbc5343,B0,0.6666666666666666,0.3016795048238728,VERIFIED_FROM_RELEASE,paper_results/per_query_minimal/internal_blind_per_query.jsonl,876a16d098e1da3f642ef70854cbc985bae5f9e3,2e7f5e98a1a47f2f816626794db12486963cb2f00b416a9525cbdf8437e8f1e0,selected document ids intentionally excluded
internal_blind,qh_784cb8f7efbc5343,D0,1.0,0.22173699323336135,VERIFIED_FROM_RELEASE,paper_results/per_query_minimal/internal_blind_per_query.jsonl,876a16d098e1da3f642ef70854cbc985bae5f9e3,2e7f5e98a1a47f2f816626794db12486963cb2f00b416a9525cbdf8437e8f1e0,selected document ids intentionally excluded
internal_blind,qh_784cb8f7efbc5343,D1,1.0,0.6103657710664947,VERIFIED_FROM_RELEASE,paper_results/per_query_minimal/internal_blind_per_query.jsonl,876a16d098e1da3f642ef70854cbc985bae5f9e3,2e7f5e98a1a47f2f816626794db12486963cb2f00b416a9525cbdf8437e8f1e0,selected document ids intentionally excluded
internal_blind,qh_784cb8f7efbc5343,D2,0.3333333333333333,0.22173699323336135,VERIFIED_FROM_RELEASE,paper_results/per_query_minimal/internal_blind_per_query.jsonl,876a16d098e1da3f642ef70854cbc985bae5f9e3,2e7f5e98a1a47f2f816626794db12486963cb2f00b416a9525cbdf8437e8f1e0,selected document ids intentionally excluded
internal_blind,qh_784cb8f7efbc5343,D3,0.3333333333333333,0.22173699323336135,VERIFIED_FROM_RELEASE,paper_results/per_query_minimal/internal_blind_per_query.jsonl,876a16d098e1da3f642ef70854cbc985bae5f9e3,2e7f5e98a1a47f2f816626794db12486963cb2f00b416a9525cbdf8437e8f1e0,selected document ids intentionally excluded
internal_blind,qh_243d454b91b0dd14,B0,1.0,0.3914698682006918,VERIFIED_FROM_RELEASE,paper_results/per_query_minimal/internal_blind_per_query.jsonl,876a16d098e1da3f642ef70854cbc985bae5f9e3,2e7f5e98a1a47f2f816626794db12486963cb2f00b416a9525cbdf8437e8f1e0,selected document ids intentionally excluded
internal_blind,qh_243d454b91b0dd14,D0,1.0,0.3847726337790881,VERIFIED_FROM_RELEASE,paper_results/per_query_minimal/internal_blind_per_query.jsonl,876a16d098e1da3f642ef70854cbc985bae5f9e3,2e7f5e98a1a47f2f816626794db12486963cb2f00b416a9525cbdf8437e8f1e0,selected document ids intentionally excluded
internal_blind,qh_243d454b91b0dd14,D1,1.0,0.3914698682006918,VERIFIED_FROM_RELEASE,paper_results/per_query_minimal/internal_blind_per_query.jsonl,876a16d098e1da3f642ef70854cbc985bae5f9e3,2e7f5e98a1a47f2f816626794db12486963cb2f00b416a9525cbdf8437e8f1e0,selected document ids intentionally excluded
internal_blind,qh_243d454b91b0dd14,D2,1.0,0.3914698682006918,VERIFIED_FROM_RELEASE,paper_results/per_query_minimal/internal_blind_per_query.jsonl,876a16d098e1da3f642ef70854cbc985bae5f9e3,2e7f5e98a1a47f2f816626794db12486963cb2f00b416a9525cbdf8437e8f1e0,selected document ids intentionally excluded
internal_blind,qh_243d454b91b0dd14,D3,1.0,0.4505894982440495,VERIFIED_FROM_RELEASE,paper_results/per_query_minimal/internal_blind_per_query.jsonl,876a16d098e1da3f642ef70854cbc985bae5f9e3,2e7f5e98a1a47f2f816626794db12486963cb2f00b416a9525cbdf8437e8f1e0,selected document ids intentionally excluded
internal_blind,qh_c89ae130649bd553,B0,1.0,0.6489315753318465,VERIFIED_FROM_RELEASE,paper_results/per_query_minimal/internal_blind_per_query.jsonl,876a16d098e1da3f642ef70854cbc985bae5f9e3,2e7f5e98a1a47f2f816626794db12486963cb2f00b416a9525cbdf8437e8f1e0,selected document ids intentionally excluded
internal_blind,qh_c89ae130649bd553,D0,1.0,0.6489315753318465,VERIFIED_FROM_RELEASE,paper_results/per_query_minimal/internal_blind_per_query.jsonl,876a16d098e1da3f642ef70854cbc985bae5f9e3,2e7f5e98a1a47f2f816626794db12486963cb2f00b416a9525cbdf8437e8f1e0,selected document ids intentionally excluded
internal_blind,qh_c89ae130649bd553,D1,1.0,0.6489315753318465,VERIFIED_FROM_RELEASE,paper_results/per_query_minimal/internal_blind_per_query.jsonl,876a16d098e1da3f642ef70854cbc985bae5f9e3,2e7f5e98a1a47f2f816626794db12486963cb2f00b416a9525cbdf8437e8f1e0,selected document ids intentionally excluded
internal_blind,qh_c89ae130649bd553,D2,1.0,0.6489315753318465,VERIFIED_FROM_RELEASE,paper_results/per_query_minimal/internal_blind_per_query.jsonl,876a16d098e1da3f642ef70854cbc985bae5f9e3,2e7f5e98a1a47f2f816626794db12486963cb2f00b416a9525cbdf8437e8f1e0,selected document ids intentionally excluded
internal_blind,qh_c89ae130649bd553,D3,1.0,0.6489315753318465,VERIFIED_FROM_RELEASE,paper_results/per_query_minimal/internal_blind_per_query.jsonl,876a16d098e1da3f642ef70854cbc985bae5f9e3,2e7f5e98a1a47f2f816626794db12486963cb2f00b416a9525cbdf8437e8f1e0,selected document ids intentionally excluded
internal_blind,qh_b07b8211f8c29131,B0,1.0,0.6920788373899057,VERIFIED_FROM_RELEASE,paper_results/per_query_minimal/internal_blind_per_query.jsonl,876a16d098e1da3f642ef70854cbc985bae5f9e3,2e7f5e98a1a47f2f816626794db12486963cb2f00b416a9525cbdf8437e8f1e0,selected document ids intentionally excluded
internal_blind,qh_b07b8211f8c29131,D0,1.0,0.6920788373899057,VERIFIED_FROM_RELEASE,paper_results/per_query_minimal/internal_blind_per_query.jsonl,876a16d098e1da3f642ef70854cbc985bae5f9e3,2e7f5e98a1a47f2f816626794db12486963cb2f00b416a9525cbdf8437e8f1e0,selected document ids intentionally excluded
internal_blind,qh_b07b8211f8c29131,D1,1.0,0.8104616303452686,VERIFIED_FROM_RELEASE,paper_results/per_query_minimal/internal_blind_per_query.jsonl,876a16d098e1da3f642ef70854cbc985bae5f9e3,2e7f5e98a1a47f2f816626794db12486963cb2f00b416a9525cbdf8437e8f1e0,selected document ids intentionally excluded
internal_blind,qh_b07b8211f8c29131,D2,1.0,0.6730234638881232,VERIFIED_FROM_RELEASE,paper_results/per_query_minimal/internal_blind_per_query.jsonl,876a16d098e1da3f642ef70854cbc985bae5f9e3,2e7f5e98a1a47f2f816626794db12486963cb2f00b416a9525cbdf8437e8f1e0,selected document ids intentionally excluded
internal_blind,qh_b07b8211f8c29131,D3,1.0,0.6730234638881232,VERIFIED_FROM_RELEASE,paper_results/per_query_minimal/internal_blind_per_query.jsonl,876a16d098e1da3f642ef70854cbc985bae5f9e3,2e7f5e98a1a47f2f816626794db12486963cb2f00b416a9525cbdf8437e8f1e0,selected document ids intentionally excluded
internal_blind,qh_37f431ad3adb0bf6,B0,0.75,0.5158693804124148,VERIFIED_FROM_RELEASE,paper_results/per_query_minimal/internal_blind_per_query.jsonl,876a16d098e1da3f642ef70854cbc985bae5f9e3,2e7f5e98a1a47f2f816626794db12486963cb2f00b416a9525cbdf8437e8f1e0,selected document ids intentionally excluded
internal_blind,qh_37f431ad3adb0bf6,D0,1.0,0.8607123680116469,VERIFIED_FROM_RELEASE,paper_results/per_query_minimal/internal_blind_per_query.jsonl,876a16d098e1da3f642ef70854cbc985bae5f9e3,2e7f5e98a1a47f2f816626794db12486963cb2f00b416a9525cbdf8437e8f1e0,selected document ids intentionally excluded
internal_blind,qh_37f431ad3adb0bf6,D1,0.75,0.685826319501986,VERIFIED_FROM_RELEASE,paper_results/per_query_minimal/internal_blind_per_query.jsonl,876a16d098e1da3f642ef70854cbc985bae5f9e3,2e7f5e98a1a47f2f816626794db12486963cb2f00b416a9525cbdf8437e8f1e0,selected document ids intentionally excluded
internal_blind,qh_37f431ad3adb0bf6,D2,0.75,0.5158693804124148,VERIFIED_FROM_RELEASE,paper_results/per_query_minimal/internal_blind_per_query.jsonl,876a16d098e1da3f642ef70854cbc985bae5f9e3,2e7f5e98a1a47f2f816626794db12486963cb2f00b416a9525cbdf8437e8f1e0,selected document ids intentionally excluded
internal_blind,qh_37f431ad3adb0bf6,D3,0.75,0.5158693804124148,VERIFIED_FROM_RELEASE,paper_results/per_query_minimal/internal_blind_per_query.jsonl,876a16d098e1da3f642ef70854cbc985bae5f9e3,2e7f5e98a1a47f2f816626794db12486963cb2f00b416a9525cbdf8437e8f1e0,selected document ids intentionally excluded
internal_blind,qh_a8e2f6643dcef17c,B0,1.0,0.6309297535714575,VERIFIED_FROM_RELEASE,paper_results/per_query_minimal/internal_blind_per_query.jsonl,876a16d098e1da3f642ef70854cbc985bae5f9e3,2e7f5e98a1a47f2f816626794db12486963cb2f00b416a9525cbdf8437e8f1e0,selected document ids intentionally excluded
internal_blind,qh_a8e2f6643dcef17c,D0,1.0,0.6309297535714575,VERIFIED_FROM_RELEASE,paper_results/per_query_minimal/internal_blind_per_query.jsonl,876a16d098e1da3f642ef70854cbc985bae5f9e3,2e7f5e98a1a47f2f816626794db12486963cb2f00b416a9525cbdf8437e8f1e0,selected document ids intentionally excluded
internal_blind,qh_a8e2f6643dcef17c,D1,1.0,0.6309297535714575,VERIFIED_FROM_RELEASE,paper_results/per_query_minimal/internal_blind_per_query.jsonl,876a16d098e1da3f642ef70854cbc985bae5f9e3,2e7f5e98a1a47f2f816626794db12486963cb2f00b416a9525cbdf8437e8f1e0,selected document ids intentionally excluded
internal_blind,qh_a8e2f6643dcef17c,D2,1.0,0.6309297535714575,VERIFIED_FROM_RELEASE,paper_results/per_query_minimal/internal_blind_per_query.jsonl,876a16d098e1da3f642ef70854cbc985bae5f9e3,2e7f5e98a1a47f2f816626794db12486963cb2f00b416a9525cbdf8437e8f1e0,selected document ids intentionally excluded
internal_blind,qh_a8e2f6643dcef17c,D3,1.0,0.6309297535714575,VERIFIED_FROM_RELEASE,paper_results/per_query_minimal/internal_blind_per_query.jsonl,876a16d098e1da3f642ef70854cbc985bae5f9e3,2e7f5e98a1a47f2f816626794db12486963cb2f00b416a9525cbdf8437e8f1e0,selected document ids intentionally excluded
internal_blind,qh_aef676009b3a0541,B0,1.0,0.31526222352984795,VERIFIED_FROM_RELEASE,paper_results/per_query_minimal/internal_blind_per_query.jsonl,876a16d098e1da3f642ef70854cbc985bae5f9e3,2e7f5e98a1a47f2f816626794db12486963cb2f00b416a9525cbdf8437e8f1e0,selected document ids intentionally excluded
internal_blind,qh_aef676009b3a0541,D0,1.0,0.31526222352984795,VERIFIED_FROM_RELEASE,paper_results/per_query_minimal/internal_blind_per_query.jsonl,876a16d098e1da3f642ef70854cbc985bae5f9e3,2e7f5e98a1a47f2f816626794db12486963cb2f00b416a9525cbdf8437e8f1e0,selected document ids intentionally excluded
internal_blind,qh_aef676009b3a0541,D1,1.0,0.31526222352984795,VERIFIED_FROM_RELEASE,paper_results/per_query_minimal/internal_blind_per_query.jsonl,876a16d098e1da3f642ef70854cbc985bae5f9e3,2e7f5e98a1a47f2f816626794db12486963cb2f00b416a9525cbdf8437e8f1e0,selected document ids intentionally excluded
internal_blind,qh_aef676009b3a0541,D2,1.0,0.47226542294195034,VERIFIED_FROM_RELEASE,paper_results/per_query_minimal/internal_blind_per_query.jsonl,876a16d098e1da3f642ef70854cbc985bae5f9e3,2e7f5e98a1a47f2f816626794db12486963cb2f00b416a9525cbdf8437e8f1e0,selected document ids intentionally excluded
internal_blind,qh_aef676009b3a0541,D3,1.0,0.47226542294195034,VERIFIED_FROM_RELEASE,paper_results/per_query_minimal/internal_blind_per_query.jsonl,876a16d098e1da3f642ef70854cbc985bae5f9e3,2e7f5e98a1a47f2f816626794db12486963cb2f00b416a9525cbdf8437e8f1e0,selected document ids intentionally excluded
internal_blind,qh_ec60b6adedf3d73d,B0,1.0,0.41528076708874123,VERIFIED_FROM_RELEASE,paper_results/per_query_minimal/internal_blind_per_query.jsonl,876a16d098e1da3f642ef70854cbc985bae5f9e3,2e7f5e98a1a47f2f816626794db12486963cb2f00b416a9525cbdf8437e8f1e0,selected document ids intentionally excluded
internal_blind,qh_ec60b6adedf3d73d,D0,1.0,0.6489315753318465,VERIFIED_FROM_RELEASE,paper_results/per_query_minimal/internal_blind_per_query.jsonl,876a16d098e1da3f642ef70854cbc985bae5f9e3,2e7f5e98a1a47f2f816626794db12486963cb2f00b416a9525cbdf8437e8f1e0,selected document ids intentionally excluded
internal_blind,qh_ec60b6adedf3d73d,D1,1.0,0.5100691314582919,VERIFIED_FROM_RELEASE,paper_results/per_query_minimal/internal_blind_per_query.jsonl,876a16d098e1da3f642ef70854cbc985bae5f9e3,2e7f5e98a1a47f2f816626794db12486963cb2f00b416a9525cbdf8437e8f1e0,selected document ids intentionally excluded
internal_blind,qh_ec60b6adedf3d73d,D2,1.0,0.4537425745411855,VERIFIED_FROM_RELEASE,paper_results/per_query_minimal/internal_blind_per_query.jsonl,876a16d098e1da3f642ef70854cbc985bae5f9e3,2e7f5e98a1a47f2f816626794db12486963cb2f00b416a9525cbdf8437e8f1e0,selected document ids intentionally excluded
internal_blind,qh_ec60b6adedf3d73d,D3,1.0,0.4537425745411855,VERIFIED_FROM_RELEASE,paper_results/per_query_minimal/internal_blind_per_query.jsonl,876a16d098e1da3f642ef70854cbc985bae5f9e3,2e7f5e98a1a47f2f816626794db12486963cb2f00b416a9525cbdf8437e8f1e0,selected document ids intentionally excluded
internal_blind,qh_c973930565850950,B0,1.0,0.0,VERIFIED_FROM_RELEASE,paper_results/per_query_minimal/internal_blind_per_query.jsonl,876a16d098e1da3f642ef70854cbc985bae5f9e3,2e7f5e98a1a47f2f816626794db12486963cb2f00b416a9525cbdf8437e8f1e0,selected document ids intentionally excluded
internal_blind,qh_c973930565850950,D0,1.0,0.0,VERIFIED_FROM_RELEASE,paper_results/per_query_minimal/internal_blind_per_query.jsonl,876a16d098e1da3f642ef70854cbc985bae5f9e3,2e7f5e98a1a47f2f816626794db12486963cb2f00b416a9525cbdf8437e8f1e0,selected document ids intentionally excluded
internal_blind,qh_c973930565850950,D1,1.0,0.0,VERIFIED_FROM_RELEASE,paper_results/per_query_minimal/internal_blind_per_query.jsonl,876a16d098e1da3f642ef70854cbc985bae5f9e3,2e7f5e98a1a47f2f816626794db12486963cb2f00b416a9525cbdf8437e8f1e0,selected document ids intentionally excluded
internal_blind,qh_c973930565850950,D2,1.0,0.0,VERIFIED_FROM_RELEASE,paper_results/per_query_minimal/internal_blind_per_query.jsonl,876a16d098e1da3f642ef70854cbc985bae5f9e3,2e7f5e98a1a47f2f816626794db12486963cb2f00b416a9525cbdf8437e8f1e0,selected document ids intentionally excluded
internal_blind,qh_c973930565850950,D3,1.0,0.0,VERIFIED_FROM_RELEASE,paper_results/per_query_minimal/internal_blind_per_query.jsonl,876a16d098e1da3f642ef70854cbc985bae5f9e3,2e7f5e98a1a47f2f816626794db12486963cb2f00b416a9525cbdf8437e8f1e0,selected document ids intentionally excluded
internal_blind,qh_b3653c468dbcf144,B0,0.6666666666666666,0.7457912185292984,VERIFIED_FROM_RELEASE,paper_results/per_query_minimal/internal_blind_per_query.jsonl,876a16d098e1da3f642ef70854cbc985bae5f9e3,2e7f5e98a1a47f2f816626794db12486963cb2f00b416a9525cbdf8437e8f1e0,selected document ids intentionally excluded
internal_blind,qh_b3653c468dbcf144,D0,0.6666666666666666,0.7457912185292984,VERIFIED_FROM_RELEASE,paper_results/per_query_minimal/internal_blind_per_query.jsonl,876a16d098e1da3f642ef70854cbc985bae5f9e3,2e7f5e98a1a47f2f816626794db12486963cb2f00b416a9525cbdf8437e8f1e0,selected document ids intentionally excluded
internal_blind,qh_b3653c468dbcf144,D1,0.6666666666666666,0.7457912185292984,VERIFIED_FROM_RELEASE,paper_results/per_query_minimal/internal_blind_per_query.jsonl,876a16d098e1da3f642ef70854cbc985bae5f9e3,2e7f5e98a1a47f2f816626794db12486963cb2f00b416a9525cbdf8437e8f1e0,selected document ids intentionally excluded
internal_blind,qh_b3653c468dbcf144,D2,0.6666666666666666,0.7457912185292984,VERIFIED_FROM_RELEASE,paper_results/per_query_minimal/internal_blind_per_query.jsonl,876a16d098e1da3f642ef70854cbc985bae5f9e3,2e7f5e98a1a47f2f816626794db12486963cb2f00b416a9525cbdf8437e8f1e0,selected document ids intentionally excluded
internal_blind,qh_b3653c468dbcf144,D3,0.6666666666666666,0.7457912185292984,VERIFIED_FROM_RELEASE,paper_results/per_query_minimal/internal_blind_per_query.jsonl,876a16d098e1da3f642ef70854cbc985bae5f9e3,2e7f5e98a1a47f2f816626794db12486963cb2f00b416a9525cbdf8437e8f1e0,selected document ids intentionally excluded
internal_blind,qh_fa7224e404284306,B0,0.5,0.7844933013620189,VERIFIED_FROM_RELEASE,paper_results/per_query_minimal/internal_blind_per_query.jsonl,876a16d098e1da3f642ef70854cbc985bae5f9e3,2e7f5e98a1a47f2f816626794db12486963cb2f00b416a9525cbdf8437e8f1e0,selected document ids intentionally excluded
internal_blind,qh_fa7224e404284306,D0,0.75,0.44663610381603014,VERIFIED_FROM_RELEASE,paper_results/per_query_minimal/internal_blind_per_query.jsonl,876a16d098e1da3f642ef70854cbc985bae5f9e3,2e7f5e98a1a47f2f816626794db12486963cb2f00b416a9525cbdf8437e8f1e0,selected document ids intentionally excluded
internal_blind,qh_fa7224e404284306,D1,0.75,0.46735172598009306,VERIFIED_FROM_RELEASE,paper_results/per_query_minimal/internal_blind_per_query.jsonl,876a16d098e1da3f642ef70854cbc985bae5f9e3,2e7f5e98a1a47f2f816626794db12486963cb2f00b416a9525cbdf8437e8f1e0,selected document ids intentionally excluded
internal_blind,qh_fa7224e404284306,D2,0.75,0.38382188395942907,VERIFIED_FROM_RELEASE,paper_results/per_query_minimal/internal_blind_per_query.jsonl,876a16d098e1da3f642ef70854cbc985bae5f9e3,2e7f5e98a1a47f2f816626794db12486963cb2f00b416a9525cbdf8437e8f1e0,selected document ids intentionally excluded
internal_blind,qh_fa7224e404284306,D3,0.75,0.38382188395942907,VERIFIED_FROM_RELEASE,paper_results/per_query_minimal/internal_blind_per_query.jsonl,876a16d098e1da3f642ef70854cbc985bae5f9e3,2e7f5e98a1a47f2f816626794db12486963cb2f00b416a9525cbdf8437e8f1e0,selected document ids intentionally excluded
internal_blind,qh_556b7424dba49aa9,B0,0.5,0.7562014396951229,VERIFIED_FROM_RELEASE,paper_results/per_query_minimal/internal_blind_per_query.jsonl,876a16d098e1da3f642ef70854cbc985bae5f9e3,2e7f5e98a1a47f2f816626794db12486963cb2f00b416a9525cbdf8437e8f1e0,selected document ids intentionally excluded
internal_blind,qh_556b7424dba49aa9,D0,0.75,0.6480268169176159,VERIFIED_FROM_RELEASE,paper_results/per_query_minimal/internal_blind_per_query.jsonl,876a16d098e1da3f642ef70854cbc985bae5f9e3,2e7f5e98a1a47f2f816626794db12486963cb2f00b416a9525cbdf8437e8f1e0,selected document ids intentionally excluded
internal_blind,qh_556b7424dba49aa9,D1,0.5,0.557690106392049,VERIFIED_FROM_RELEASE,paper_results/per_query_minimal/internal_blind_per_query.jsonl,876a16d098e1da3f642ef70854cbc985bae5f9e3,2e7f5e98a1a47f2f816626794db12486963cb2f00b416a9525cbdf8437e8f1e0,selected document ids intentionally excluded
internal_blind,qh_556b7424dba49aa9,D2,0.75,0.6800293745662961,VERIFIED_FROM_RELEASE,paper_results/per_query_minimal/internal_blind_per_query.jsonl,876a16d098e1da3f642ef70854cbc985bae5f9e3,2e7f5e98a1a47f2f816626794db12486963cb2f00b416a9525cbdf8437e8f1e0,selected document ids intentionally excluded
internal_blind,qh_556b7424dba49aa9,D3,0.75,0.6800293745662961,VERIFIED_FROM_RELEASE,paper_results/per_query_minimal/internal_blind_per_query.jsonl,876a16d098e1da3f642ef70854cbc985bae5f9e3,2e7f5e98a1a47f2f816626794db12486963cb2f00b416a9525cbdf8437e8f1e0,selected document ids intentionally excluded
internal_blind,qh_0a074d1aa7a67b3d,B0,1.0,0.3903800499921017,VERIFIED_FROM_RELEASE,paper_results/per_query_minimal/internal_blind_per_query.jsonl,876a16d098e1da3f642ef70854cbc985bae5f9e3,2e7f5e98a1a47f2f816626794db12486963cb2f00b416a9525cbdf8437e8f1e0,selected document ids intentionally excluded
internal_blind,qh_0a074d1aa7a67b3d,D0,1.0,0.3903800499921017,VERIFIED_FROM_RELEASE,paper_results/per_query_minimal/internal_blind_per_query.jsonl,876a16d098e1da3f642ef70854cbc985bae5f9e3,2e7f5e98a1a47f2f816626794db12486963cb2f00b416a9525cbdf8437e8f1e0,selected document ids intentionally excluded
internal_blind,qh_0a074d1aa7a67b3d,D1,1.0,0.24630238874073,VERIFIED_FROM_RELEASE,paper_results/per_query_minimal/internal_blind_per_query.jsonl,876a16d098e1da3f642ef70854cbc985bae5f9e3,2e7f5e98a1a47f2f816626794db12486963cb2f00b416a9525cbdf8437e8f1e0,selected document ids intentionally excluded
internal_blind,qh_0a074d1aa7a67b3d,D2,1.0,0.5855700749881525,VERIFIED_FROM_RELEASE,paper_results/per_query_minimal/internal_blind_per_query.jsonl,876a16d098e1da3f642ef70854cbc985bae5f9e3,2e7f5e98a1a47f2f816626794db12486963cb2f00b416a9525cbdf8437e8f1e0,selected document ids intentionally excluded
internal_blind,qh_0a074d1aa7a67b3d,D3,1.0,0.5855700749881525,VERIFIED_FROM_RELEASE,paper_results/per_query_minimal/internal_blind_per_query.jsonl,876a16d098e1da3f642ef70854cbc985bae5f9e3,2e7f5e98a1a47f2f816626794db12486963cb2f00b416a9525cbdf8437e8f1e0,selected document ids intentionally excluded
internal_blind,qh_1fd7df9e07759748,B0,0.75,0.5136969948755129,VERIFIED_FROM_RELEASE,paper_results/per_query_minimal/internal_blind_per_query.jsonl,876a16d098e1da3f642ef70854cbc985bae5f9e3,2e7f5e98a1a47f2f816626794db12486963cb2f00b416a9525cbdf8437e8f1e0,selected document ids intentionally excluded
internal_blind,qh_1fd7df9e07759748,D0,1.0,0.5791567670681861,VERIFIED_FROM_RELEASE,paper_results/per_query_minimal/internal_blind_per_query.jsonl,876a16d098e1da3f642ef70854cbc985bae5f9e3,2e7f5e98a1a47f2f816626794db12486963cb2f00b416a9525cbdf8437e8f1e0,selected document ids intentionally excluded
internal_blind,qh_1fd7df9e07759748,D1,1.0,0.6754925881234267,VERIFIED_FROM_RELEASE,paper_results/per_query_minimal/internal_blind_per_query.jsonl,876a16d098e1da3f642ef70854cbc985bae5f9e3,2e7f5e98a1a47f2f816626794db12486963cb2f00b416a9525cbdf8437e8f1e0,selected document ids intentionally excluded
internal_blind,qh_1fd7df9e07759748,D2,0.75,0.5136969948755129,VERIFIED_FROM_RELEASE,paper_results/per_query_minimal/internal_blind_per_query.jsonl,876a16d098e1da3f642ef70854cbc985bae5f9e3,2e7f5e98a1a47f2f816626794db12486963cb2f00b416a9525cbdf8437e8f1e0,selected document ids intentionally excluded
internal_blind,qh_1fd7df9e07759748,D3,0.75,0.5136969948755129,VERIFIED_FROM_RELEASE,paper_results/per_query_minimal/internal_blind_per_query.jsonl,876a16d098e1da3f642ef70854cbc985bae5f9e3,2e7f5e98a1a47f2f816626794db12486963cb2f00b416a9525cbdf8437e8f1e0,selected document ids intentionally excluded
internal_blind,qh_4026ee0e4578ebe0,B0,0.6666666666666666,1.0,VERIFIED_FROM_RELEASE,paper_results/per_query_minimal/internal_blind_per_query.jsonl,876a16d098e1da3f642ef70854cbc985bae5f9e3,2e7f5e98a1a47f2f816626794db12486963cb2f00b416a9525cbdf8437e8f1e0,selected document ids intentionally excluded
internal_blind,qh_4026ee0e4578ebe0,D0,0.6666666666666666,0.6164336326286645,VERIFIED_FROM_RELEASE,paper_results/per_query_minimal/internal_blind_per_query.jsonl,876a16d098e1da3f642ef70854cbc985bae5f9e3,2e7f5e98a1a47f2f816626794db12486963cb2f00b416a9525cbdf8437e8f1e0,selected document ids intentionally excluded
internal_blind,qh_4026ee0e4578ebe0,D1,0.6666666666666666,0.6164336326286645,VERIFIED_FROM_RELEASE,paper_results/per_query_minimal/internal_blind_per_query.jsonl,876a16d098e1da3f642ef70854cbc985bae5f9e3,2e7f5e98a1a47f2f816626794db12486963cb2f00b416a9525cbdf8437e8f1e0,selected document ids intentionally excluded
internal_blind,qh_4026ee0e4578ebe0,D2,0.6666666666666666,0.7227265726449518,VERIFIED_FROM_RELEASE,paper_results/per_query_minimal/internal_blind_per_query.jsonl,876a16d098e1da3f642ef70854cbc985bae5f9e3,2e7f5e98a1a47f2f816626794db12486963cb2f00b416a9525cbdf8437e8f1e0,selected document ids intentionally excluded
internal_blind,qh_4026ee0e4578ebe0,D3,0.6666666666666666,0.7227265726449518,VERIFIED_FROM_RELEASE,paper_results/per_query_minimal/internal_blind_per_query.jsonl,876a16d098e1da3f642ef70854cbc985bae5f9e3,2e7f5e98a1a47f2f816626794db12486963cb2f00b416a9525cbdf8437e8f1e0,selected document ids intentionally excluded
internal_blind,qh_f7fcc7d5e117dd02,B0,0.75,0.5601543800927814,VERIFIED_FROM_RELEASE,paper_results/per_query_minimal/internal_blind_per_query.jsonl,876a16d098e1da3f642ef70854cbc985bae5f9e3,2e7f5e98a1a47f2f816626794db12486963cb2f00b416a9525cbdf8437e8f1e0,selected document ids intentionally excluded
internal_blind,qh_f7fcc7d5e117dd02,D0,0.75,0.5601543800927814,VERIFIED_FROM_RELEASE,paper_results/per_query_minimal/internal_blind_per_query.jsonl,876a16d098e1da3f642ef70854cbc985bae5f9e3,2e7f5e98a1a47f2f816626794db12486963cb2f00b416a9525cbdf8437e8f1e0,selected document ids intentionally excluded
internal_blind,qh_f7fcc7d5e117dd02,D1,0.75,0.693197607897606,VERIFIED_FROM_RELEASE,paper_results/per_query_minimal/internal_blind_per_query.jsonl,876a16d098e1da3f642ef70854cbc985bae5f9e3,2e7f5e98a1a47f2f816626794db12486963cb2f00b416a9525cbdf8437e8f1e0,selected document ids intentionally excluded
internal_blind,qh_f7fcc7d5e117dd02,D2,0.75,0.6583589738359321,VERIFIED_FROM_RELEASE,paper_results/per_query_minimal/internal_blind_per_query.jsonl,876a16d098e1da3f642ef70854cbc985bae5f9e3,2e7f5e98a1a47f2f816626794db12486963cb2f00b416a9525cbdf8437e8f1e0,selected document ids intentionally excluded
internal_blind,qh_f7fcc7d5e117dd02,D3,0.75,0.6583589738359321,VERIFIED_FROM_RELEASE,paper_results/per_query_minimal/internal_blind_per_query.jsonl,876a16d098e1da3f642ef70854cbc985bae5f9e3,2e7f5e98a1a47f2f816626794db12486963cb2f00b416a9525cbdf8437e8f1e0,selected document ids intentionally excluded
internal_blind,qh_7c22791e52c3ea2c,B0,1.0,0.8104616303452685,VERIFIED_FROM_RELEASE,paper_results/per_query_minimal/internal_blind_per_query.jsonl,876a16d098e1da3f642ef70854cbc985bae5f9e3,2e7f5e98a1a47f2f816626794db12486963cb2f00b416a9525cbdf8437e8f1e0,selected document ids intentionally excluded
internal_blind,qh_7c22791e52c3ea2c,D0,1.0,0.8104616303452685,VERIFIED_FROM_RELEASE,paper_results/per_query_minimal/internal_blind_per_query.jsonl,876a16d098e1da3f642ef70854cbc985bae5f9e3,2e7f5e98a1a47f2f816626794db12486963cb2f00b416a9525cbdf8437e8f1e0,selected document ids intentionally excluded
internal_blind,qh_7c22791e52c3ea2c,D1,1.0,0.8104616303452685,VERIFIED_FROM_RELEASE,paper_results/per_query_minimal/internal_blind_per_query.jsonl,876a16d098e1da3f642ef70854cbc985bae5f9e3,2e7f5e98a1a47f2f816626794db12486963cb2f00b416a9525cbdf8437e8f1e0,selected document ids intentionally excluded
internal_blind,qh_7c22791e52c3ea2c,D2,1.0,0.8104616303452685,VERIFIED_FROM_RELEASE,paper_results/per_query_minimal/internal_blind_per_query.jsonl,876a16d098e1da3f642ef70854cbc985bae5f9e3,2e7f5e98a1a47f2f816626794db12486963cb2f00b416a9525cbdf8437e8f1e0,selected document ids intentionally excluded
internal_blind,qh_7c22791e52c3ea2c,D3,1.0,0.8104616303452685,VERIFIED_FROM_RELEASE,paper_results/per_query_minimal/internal_blind_per_query.jsonl,876a16d098e1da3f642ef70854cbc985bae5f9e3,2e7f5e98a1a47f2f816626794db12486963cb2f00b416a9525cbdf8437e8f1e0,selected document ids intentionally excluded
internal_blind,qh_4e2c90d8727f24a3,B0,1.0,0.8115819208297306,VERIFIED_FROM_RELEASE,paper_results/per_query_minimal/internal_blind_per_query.jsonl,876a16d098e1da3f642ef70854cbc985bae5f9e3,2e7f5e98a1a47f2f816626794db12486963cb2f00b416a9525cbdf8437e8f1e0,selected document ids intentionally excluded
internal_blind,qh_4e2c90d8727f24a3,D0,1.0,0.474151854187513,VERIFIED_FROM_RELEASE,paper_results/per_query_minimal/internal_blind_per_query.jsonl,876a16d098e1da3f642ef70854cbc985bae5f9e3,2e7f5e98a1a47f2f816626794db12486963cb2f00b416a9525cbdf8437e8f1e0,selected document ids intentionally excluded
internal_blind,qh_4e2c90d8727f24a3,D1,1.0,0.474151854187513,VERIFIED_FROM_RELEASE,paper_results/per_query_minimal/internal_blind_per_query.jsonl,876a16d098e1da3f642ef70854cbc985bae5f9e3,2e7f5e98a1a47f2f816626794db12486963cb2f00b416a9525cbdf8437e8f1e0,selected document ids intentionally excluded
internal_blind,qh_4e2c90d8727f24a3,D2,1.0,0.601008512276725,VERIFIED_FROM_RELEASE,paper_results/per_query_minimal/internal_blind_per_query.jsonl,876a16d098e1da3f642ef70854cbc985bae5f9e3,2e7f5e98a1a47f2f816626794db12486963cb2f00b416a9525cbdf8437e8f1e0,selected document ids intentionally excluded
internal_blind,qh_4e2c90d8727f24a3,D3,1.0,0.6280971317444367,VERIFIED_FROM_RELEASE,paper_results/per_query_minimal/internal_blind_per_query.jsonl,876a16d098e1da3f642ef70854cbc985bae5f9e3,2e7f5e98a1a47f2f816626794db12486963cb2f00b416a9525cbdf8437e8f1e0,selected document ids intentionally excluded
internal_blind,qh_273287066bca0669,B0,1.0,0.647939623894138,VERIFIED_FROM_RELEASE,paper_results/per_query_minimal/internal_blind_per_query.jsonl,876a16d098e1da3f642ef70854cbc985bae5f9e3,2e7f5e98a1a47f2f816626794db12486963cb2f00b416a9525cbdf8437e8f1e0,selected document ids intentionally excluded
internal_blind,qh_273287066bca0669,D0,1.0,0.647939623894138,VERIFIED_FROM_RELEASE,paper_results/per_query_minimal/internal_blind_per_query.jsonl,876a16d098e1da3f642ef70854cbc985bae5f9e3,2e7f5e98a1a47f2f816626794db12486963cb2f00b416a9525cbdf8437e8f1e0,selected document ids intentionally excluded
internal_blind,qh_273287066bca0669,D1,1.0,0.647939623894138,VERIFIED_FROM_RELEASE,paper_results/per_query_minimal/internal_blind_per_query.jsonl,876a16d098e1da3f642ef70854cbc985bae5f9e3,2e7f5e98a1a47f2f816626794db12486963cb2f00b416a9525cbdf8437e8f1e0,selected document ids intentionally excluded
internal_blind,qh_273287066bca0669,D2,1.0,0.6368547259115426,VERIFIED_FROM_RELEASE,paper_results/per_query_minimal/internal_blind_per_query.jsonl,876a16d098e1da3f642ef70854cbc985bae5f9e3,2e7f5e98a1a47f2f816626794db12486963cb2f00b416a9525cbdf8437e8f1e0,selected document ids intentionally excluded
internal_blind,qh_273287066bca0669,D3,1.0,0.6368547259115426,VERIFIED_FROM_RELEASE,paper_results/per_query_minimal/internal_blind_per_query.jsonl,876a16d098e1da3f642ef70854cbc985bae5f9e3,2e7f5e98a1a47f2f816626794db12486963cb2f00b416a9525cbdf8437e8f1e0,selected document ids intentionally excluded
internal_blind,qh_baaad4c8d3d59929,B0,1.0,0.6489315753318465,VERIFIED_FROM_RELEASE,paper_results/per_query_minimal/internal_blind_per_query.jsonl,876a16d098e1da3f642ef70854cbc985bae5f9e3,2e7f5e98a1a47f2f816626794db12486963cb2f00b416a9525cbdf8437e8f1e0,selected document ids intentionally excluded
internal_blind,qh_baaad4c8d3d59929,D0,1.0,0.5541432109622958,VERIFIED_FROM_RELEASE,paper_results/per_query_minimal/internal_blind_per_query.jsonl,876a16d098e1da3f642ef70854cbc985bae5f9e3,2e7f5e98a1a47f2f816626794db12486963cb2f00b416a9525cbdf8437e8f1e0,selected document ids intentionally excluded
internal_blind,qh_baaad4c8d3d59929,D1,1.0,0.5388856921828065,VERIFIED_FROM_RELEASE,paper_results/per_query_minimal/internal_blind_per_query.jsonl,876a16d098e1da3f642ef70854cbc985bae5f9e3,2e7f5e98a1a47f2f816626794db12486963cb2f00b416a9525cbdf8437e8f1e0,selected document ids intentionally excluded
internal_blind,qh_baaad4c8d3d59929,D2,1.0,0.6489315753318465,VERIFIED_FROM_RELEASE,paper_results/per_query_minimal/internal_blind_per_query.jsonl,876a16d098e1da3f642ef70854cbc985bae5f9e3,2e7f5e98a1a47f2f816626794db12486963cb2f00b416a9525cbdf8437e8f1e0,selected document ids intentionally excluded
internal_blind,qh_baaad4c8d3d59929,D3,1.0,0.6489315753318465,VERIFIED_FROM_RELEASE,paper_results/per_query_minimal/internal_blind_per_query.jsonl,876a16d098e1da3f642ef70854cbc985bae5f9e3,2e7f5e98a1a47f2f816626794db12486963cb2f00b416a9525cbdf8437e8f1e0,selected document ids intentionally excluded
internal_blind,qh_53fd1d201f3f63c8,B0,0.75,0.6339773966009096,VERIFIED_FROM_RELEASE,paper_results/per_query_minimal/internal_blind_per_query.jsonl,876a16d098e1da3f642ef70854cbc985bae5f9e3,2e7f5e98a1a47f2f816626794db12486963cb2f00b416a9525cbdf8437e8f1e0,selected document ids intentionally excluded
internal_blind,qh_53fd1d201f3f63c8,D0,0.75,0.6339773966009096,VERIFIED_FROM_RELEASE,paper_results/per_query_minimal/internal_blind_per_query.jsonl,876a16d098e1da3f642ef70854cbc985bae5f9e3,2e7f5e98a1a47f2f816626794db12486963cb2f00b416a9525cbdf8437e8f1e0,selected document ids intentionally excluded
internal_blind,qh_53fd1d201f3f63c8,D1,0.75,0.6339773966009096,VERIFIED_FROM_RELEASE,paper_results/per_query_minimal/internal_blind_per_query.jsonl,876a16d098e1da3f642ef70854cbc985bae5f9e3,2e7f5e98a1a47f2f816626794db12486963cb2f00b416a9525cbdf8437e8f1e0,selected document ids intentionally excluded
internal_blind,qh_53fd1d201f3f63c8,D2,0.75,0.6339773966009096,VERIFIED_FROM_RELEASE,paper_results/per_query_minimal/internal_blind_per_query.jsonl,876a16d098e1da3f642ef70854cbc985bae5f9e3,2e7f5e98a1a47f2f816626794db12486963cb2f00b416a9525cbdf8437e8f1e0,selected document ids intentionally excluded
internal_blind,qh_53fd1d201f3f63c8,D3,0.75,0.6339773966009096,VERIFIED_FROM_RELEASE,paper_results/per_query_minimal/internal_blind_per_query.jsonl,876a16d098e1da3f642ef70854cbc985bae5f9e3,2e7f5e98a1a47f2f816626794db12486963cb2f00b416a9525cbdf8437e8f1e0,selected document ids intentionally excluded
internal_blind,qh_9ade2134a9595905,B0,0.5,0.6489315753318465,VERIFIED_FROM_RELEASE,paper_results/per_query_minimal/internal_blind_per_query.jsonl,876a16d098e1da3f642ef70854cbc985bae5f9e3,2e7f5e98a1a47f2f816626794db12486963cb2f00b416a9525cbdf8437e8f1e0,selected document ids intentionally excluded
internal_blind,qh_9ade2134a9595905,D0,1.0,0.6489315753318465,VERIFIED_FROM_RELEASE,paper_results/per_query_minimal/internal_blind_per_query.jsonl,876a16d098e1da3f642ef70854cbc985bae5f9e3,2e7f5e98a1a47f2f816626794db12486963cb2f00b416a9525cbdf8437e8f1e0,selected document ids intentionally excluded
internal_blind,qh_9ade2134a9595905,D1,1.0,0.6489315753318465,VERIFIED_FROM_RELEASE,paper_results/per_query_minimal/internal_blind_per_query.jsonl,876a16d098e1da3f642ef70854cbc985bae5f9e3,2e7f5e98a1a47f2f816626794db12486963cb2f00b416a9525cbdf8437e8f1e0,selected document ids intentionally excluded
internal_blind,qh_9ade2134a9595905,D2,0.5,0.6489315753318465,VERIFIED_FROM_RELEASE,paper_results/per_query_minimal/internal_blind_per_query.jsonl,876a16d098e1da3f642ef70854cbc985bae5f9e3,2e7f5e98a1a47f2f816626794db12486963cb2f00b416a9525cbdf8437e8f1e0,selected document ids intentionally excluded
internal_blind,qh_9ade2134a9595905,D3,0.5,0.6489315753318465,VERIFIED_FROM_RELEASE,paper_results/per_query_minimal/internal_blind_per_query.jsonl,876a16d098e1da3f642ef70854cbc985bae5f9e3,2e7f5e98a1a47f2f816626794db12486963cb2f00b416a9525cbdf8437e8f1e0,selected document ids intentionally excluded
internal_blind,qh_6c09b87c7d598d57,B0,1.0,0.42362595608777337,VERIFIED_FROM_RELEASE,paper_results/per_query_minimal/internal_blind_per_query.jsonl,876a16d098e1da3f642ef70854cbc985bae5f9e3,2e7f5e98a1a47f2f816626794db12486963cb2f00b416a9525cbdf8437e8f1e0,selected document ids intentionally excluded
internal_blind,qh_6c09b87c7d598d57,D0,1.0,0.45376719830232065,VERIFIED_FROM_RELEASE,paper_results/per_query_minimal/internal_blind_per_query.jsonl,876a16d098e1da3f642ef70854cbc985bae5f9e3,2e7f5e98a1a47f2f816626794db12486963cb2f00b416a9525cbdf8437e8f1e0,selected document ids intentionally excluded
internal_blind,qh_6c09b87c7d598d57,D1,1.0,0.42362595608777337,VERIFIED_FROM_RELEASE,paper_results/per_query_minimal/internal_blind_per_query.jsonl,876a16d098e1da3f642ef70854cbc985bae5f9e3,2e7f5e98a1a47f2f816626794db12486963cb2f00b416a9525cbdf8437e8f1e0,selected document ids intentionally excluded
internal_blind,qh_6c09b87c7d598d57,D2,1.0,0.42362595608777337,VERIFIED_FROM_RELEASE,paper_results/per_query_minimal/internal_blind_per_query.jsonl,876a16d098e1da3f642ef70854cbc985bae5f9e3,2e7f5e98a1a47f2f816626794db12486963cb2f00b416a9525cbdf8437e8f1e0,selected document ids intentionally excluded
internal_blind,qh_6c09b87c7d598d57,D3,1.0,0.42362595608777337,VERIFIED_FROM_RELEASE,paper_results/per_query_minimal/internal_blind_per_query.jsonl,876a16d098e1da3f642ef70854cbc985bae5f9e3,2e7f5e98a1a47f2f816626794db12486963cb2f00b416a9525cbdf8437e8f1e0,selected document ids intentionally excluded
internal_blind,qh_1512ef7aecce5ad4,B0,1.0,0.5944215362985716,VERIFIED_FROM_RELEASE,paper_results/per_query_minimal/internal_blind_per_query.jsonl,876a16d098e1da3f642ef70854cbc985bae5f9e3,2e7f5e98a1a47f2f816626794db12486963cb2f00b416a9525cbdf8437e8f1e0,selected document ids intentionally excluded
internal_blind,qh_1512ef7aecce5ad4,D0,1.0,0.46763680114054273,VERIFIED_FROM_RELEASE,paper_results/per_query_minimal/internal_blind_per_query.jsonl,876a16d098e1da3f642ef70854cbc985bae5f9e3,2e7f5e98a1a47f2f816626794db12486963cb2f00b416a9525cbdf8437e8f1e0,selected document ids intentionally excluded
internal_blind,qh_1512ef7aecce5ad4,D1,1.0,0.46763680114054273,VERIFIED_FROM_RELEASE,paper_results/per_query_minimal/internal_blind_per_query.jsonl,876a16d098e1da3f642ef70854cbc985bae5f9e3,2e7f5e98a1a47f2f816626794db12486963cb2f00b416a9525cbdf8437e8f1e0,selected document ids intentionally excluded
internal_blind,qh_1512ef7aecce5ad4,D2,1.0,0.46763680114054273,VERIFIED_FROM_RELEASE,paper_results/per_query_minimal/internal_blind_per_query.jsonl,876a16d098e1da3f642ef70854cbc985bae5f9e3,2e7f5e98a1a47f2f816626794db12486963cb2f00b416a9525cbdf8437e8f1e0,selected document ids intentionally excluded
internal_blind,qh_1512ef7aecce5ad4,D3,1.0,0.46763680114054273,VERIFIED_FROM_RELEASE,paper_results/per_query_minimal/internal_blind_per_query.jsonl,876a16d098e1da3f642ef70854cbc985bae5f9e3,2e7f5e98a1a47f2f816626794db12486963cb2f00b416a9525cbdf8437e8f1e0,selected document ids intentionally excluded
internal_blind,qh_92b3336cd283db83,B0,1.0,0.424926013816671,VERIFIED_FROM_RELEASE,paper_results/per_query_minimal/internal_blind_per_query.jsonl,876a16d098e1da3f642ef70854cbc985bae5f9e3,2e7f5e98a1a47f2f816626794db12486963cb2f00b416a9525cbdf8437e8f1e0,selected document ids intentionally excluded
internal_blind,qh_92b3336cd283db83,D0,1.0,0.41528076708874123,VERIFIED_FROM_RELEASE,paper_results/per_query_minimal/internal_blind_per_query.jsonl,876a16d098e1da3f642ef70854cbc985bae5f9e3,2e7f5e98a1a47f2f816626794db12486963cb2f00b416a9525cbdf8437e8f1e0,selected document ids intentionally excluded
internal_blind,qh_92b3336cd283db83,D1,1.0,0.40002324830925196,VERIFIED_FROM_RELEASE,paper_results/per_query_minimal/internal_blind_per_query.jsonl,876a16d098e1da3f642ef70854cbc985bae5f9e3,2e7f5e98a1a47f2f816626794db12486963cb2f00b416a9525cbdf8437e8f1e0,selected document ids intentionally excluded
internal_blind,qh_92b3336cd283db83,D2,1.0,0.5388856921828065,VERIFIED_FROM_RELEASE,paper_results/per_query_minimal/internal_blind_per_query.jsonl,876a16d098e1da3f642ef70854cbc985bae5f9e3,2e7f5e98a1a47f2f816626794db12486963cb2f00b416a9525cbdf8437e8f1e0,selected document ids intentionally excluded
internal_blind,qh_92b3336cd283db83,D3,1.0,0.5388856921828065,VERIFIED_FROM_RELEASE,paper_results/per_query_minimal/internal_blind_per_query.jsonl,876a16d098e1da3f642ef70854cbc985bae5f9e3,2e7f5e98a1a47f2f816626794db12486963cb2f00b416a9525cbdf8437e8f1e0,selected document ids intentionally excluded
internal_blind,qh_27878db5534a6d1b,B0,1.0,0.42155313203656214,VERIFIED_FROM_RELEASE,paper_results/per_query_minimal/internal_blind_per_query.jsonl,876a16d098e1da3f642ef70854cbc985bae5f9e3,2e7f5e98a1a47f2f816626794db12486963cb2f00b416a9525cbdf8437e8f1e0,selected document ids intentionally excluded
internal_blind,qh_27878db5534a6d1b,D0,1.0,0.7520764230169481,VERIFIED_FROM_RELEASE,paper_results/per_query_minimal/internal_blind_per_query.jsonl,876a16d098e1da3f642ef70854cbc985bae5f9e3,2e7f5e98a1a47f2f816626794db12486963cb2f00b416a9525cbdf8437e8f1e0,selected document ids intentionally excluded
internal_blind,qh_27878db5534a6d1b,D1,1.0,0.7520764230169481,VERIFIED_FROM_RELEASE,paper_results/per_query_minimal/internal_blind_per_query.jsonl,876a16d098e1da3f642ef70854cbc985bae5f9e3,2e7f5e98a1a47f2f816626794db12486963cb2f00b416a9525cbdf8437e8f1e0,selected document ids intentionally excluded
internal_blind,qh_27878db5534a6d1b,D2,1.0,0.36402931517008774,VERIFIED_FROM_RELEASE,paper_results/per_query_minimal/internal_blind_per_query.jsonl,876a16d098e1da3f642ef70854cbc985bae5f9e3,2e7f5e98a1a47f2f816626794db12486963cb2f00b416a9525cbdf8437e8f1e0,selected document ids intentionally excluded
internal_blind,qh_27878db5534a6d1b,D3,1.0,0.36402931517008774,VERIFIED_FROM_RELEASE,paper_results/per_query_minimal/internal_blind_per_query.jsonl,876a16d098e1da3f642ef70854cbc985bae5f9e3,2e7f5e98a1a47f2f816626794db12486963cb2f00b416a9525cbdf8437e8f1e0,selected document ids intentionally excluded
internal_blind,qh_a1861744135426cc,B0,1.0,0.5563566127494769,VERIFIED_FROM_RELEASE,paper_results/per_query_minimal/internal_blind_per_query.jsonl,876a16d098e1da3f642ef70854cbc985bae5f9e3,2e7f5e98a1a47f2f816626794db12486963cb2f00b416a9525cbdf8437e8f1e0,selected document ids intentionally excluded
internal_blind,qh_a1861744135426cc,D0,1.0,0.6489315753318465,VERIFIED_FROM_RELEASE,paper_results/per_query_minimal/internal_blind_per_query.jsonl,876a16d098e1da3f642ef70854cbc985bae5f9e3,2e7f5e98a1a47f2f816626794db12486963cb2f00b416a9525cbdf8437e8f1e0,selected document ids intentionally excluded
internal_blind,qh_a1861744135426cc,D1,1.0,0.6489315753318465,VERIFIED_FROM_RELEASE,paper_results/per_query_minimal/internal_blind_per_query.jsonl,876a16d098e1da3f642ef70854cbc985bae5f9e3,2e7f5e98a1a47f2f816626794db12486963cb2f00b416a9525cbdf8437e8f1e0,selected document ids intentionally excluded
internal_blind,qh_a1861744135426cc,D2,1.0,0.44544165270537917,VERIFIED_FROM_RELEASE,paper_results/per_query_minimal/internal_blind_per_query.jsonl,876a16d098e1da3f642ef70854cbc985bae5f9e3,2e7f5e98a1a47f2f816626794db12486963cb2f00b416a9525cbdf8437e8f1e0,selected document ids intentionally excluded
internal_blind,qh_a1861744135426cc,D3,1.0,0.44544165270537917,VERIFIED_FROM_RELEASE,paper_results/per_query_minimal/internal_blind_per_query.jsonl,876a16d098e1da3f642ef70854cbc985bae5f9e3,2e7f5e98a1a47f2f816626794db12486963cb2f00b416a9525cbdf8437e8f1e0,selected document ids intentionally excluded
internal_blind,qh_fe5f32d9c94209a2,B0,0.8,0.6776743599465253,VERIFIED_FROM_RELEASE,paper_results/per_query_minimal/internal_blind_per_query.jsonl,876a16d098e1da3f642ef70854cbc985bae5f9e3,2e7f5e98a1a47f2f816626794db12486963cb2f00b416a9525cbdf8437e8f1e0,selected document ids intentionally excluded
internal_blind,qh_fe5f32d9c94209a2,D0,1.0,0.6776743599465253,VERIFIED_FROM_RELEASE,paper_results/per_query_minimal/internal_blind_per_query.jsonl,876a16d098e1da3f642ef70854cbc985bae5f9e3,2e7f5e98a1a47f2f816626794db12486963cb2f00b416a9525cbdf8437e8f1e0,selected document ids intentionally excluded
internal_blind,qh_fe5f32d9c94209a2,D1,1.0,0.6776743599465253,VERIFIED_FROM_RELEASE,paper_results/per_query_minimal/internal_blind_per_query.jsonl,876a16d098e1da3f642ef70854cbc985bae5f9e3,2e7f5e98a1a47f2f816626794db12486963cb2f00b416a9525cbdf8437e8f1e0,selected document ids intentionally excluded
internal_blind,qh_fe5f32d9c94209a2,D2,1.0,0.6776743599465253,VERIFIED_FROM_RELEASE,paper_results/per_query_minimal/internal_blind_per_query.jsonl,876a16d098e1da3f642ef70854cbc985bae5f9e3,2e7f5e98a1a47f2f816626794db12486963cb2f00b416a9525cbdf8437e8f1e0,selected document ids intentionally excluded
internal_blind,qh_fe5f32d9c94209a2,D3,1.0,0.6776743599465253,VERIFIED_FROM_RELEASE,paper_results/per_query_minimal/internal_blind_per_query.jsonl,876a16d098e1da3f642ef70854cbc985bae5f9e3,2e7f5e98a1a47f2f816626794db12486963cb2f00b416a9525cbdf8437e8f1e0,selected document ids intentionally excluded
internal_blind,qh_db283767d5f607b1,B0,0.5,0.5390031312763821,VERIFIED_FROM_RELEASE,paper_results/per_query_minimal/internal_blind_per_query.jsonl,876a16d098e1da3f642ef70854cbc985bae5f9e3,2e7f5e98a1a47f2f816626794db12486963cb2f00b416a9525cbdf8437e8f1e0,selected document ids intentionally excluded
internal_blind,qh_db283767d5f607b1,D0,1.0,0.4928485157616413,VERIFIED_FROM_RELEASE,paper_results/per_query_minimal/internal_blind_per_query.jsonl,876a16d098e1da3f642ef70854cbc985bae5f9e3,2e7f5e98a1a47f2f816626794db12486963cb2f00b416a9525cbdf8437e8f1e0,selected document ids intentionally excluded
internal_blind,qh_db283767d5f607b1,D1,1.0,0.647939623894138,VERIFIED_FROM_RELEASE,paper_results/per_query_minimal/internal_blind_per_query.jsonl,876a16d098e1da3f642ef70854cbc985bae5f9e3,2e7f5e98a1a47f2f816626794db12486963cb2f00b416a9525cbdf8437e8f1e0,selected document ids intentionally excluded
internal_blind,qh_db283767d5f607b1,D2,0.5,0.5390031312763821,VERIFIED_FROM_RELEASE,paper_results/per_query_minimal/internal_blind_per_query.jsonl,876a16d098e1da3f642ef70854cbc985bae5f9e3,2e7f5e98a1a47f2f816626794db12486963cb2f00b416a9525cbdf8437e8f1e0,selected document ids intentionally excluded
internal_blind,qh_db283767d5f607b1,D3,0.0,0.647939623894138,VERIFIED_FROM_RELEASE,paper_results/per_query_minimal/internal_blind_per_query.jsonl,876a16d098e1da3f642ef70854cbc985bae5f9e3,2e7f5e98a1a47f2f816626794db12486963cb2f00b416a9525cbdf8437e8f1e0,selected document ids intentionally excluded
internal_blind,qh_f95d9af600a0646b,B0,1.0,1.0,VERIFIED_FROM_RELEASE,paper_results/per_query_minimal/internal_blind_per_query.jsonl,876a16d098e1da3f642ef70854cbc985bae5f9e3,2e7f5e98a1a47f2f816626794db12486963cb2f00b416a9525cbdf8437e8f1e0,selected document ids intentionally excluded
internal_blind,qh_f95d9af600a0646b,D0,1.0,0.6934264036172708,VERIFIED_FROM_RELEASE,paper_results/per_query_minimal/internal_blind_per_query.jsonl,876a16d098e1da3f642ef70854cbc985bae5f9e3,2e7f5e98a1a47f2f816626794db12486963cb2f00b416a9525cbdf8437e8f1e0,selected document ids intentionally excluded
internal_blind,qh_f95d9af600a0646b,D1,1.0,0.6934264036172708,VERIFIED_FROM_RELEASE,paper_results/per_query_minimal/internal_blind_per_query.jsonl,876a16d098e1da3f642ef70854cbc985bae5f9e3,2e7f5e98a1a47f2f816626794db12486963cb2f00b416a9525cbdf8437e8f1e0,selected document ids intentionally excluded
internal_blind,qh_f95d9af600a0646b,D2,1.0,1.0,VERIFIED_FROM_RELEASE,paper_results/per_query_minimal/internal_blind_per_query.jsonl,876a16d098e1da3f642ef70854cbc985bae5f9e3,2e7f5e98a1a47f2f816626794db12486963cb2f00b416a9525cbdf8437e8f1e0,selected document ids intentionally excluded
internal_blind,qh_f95d9af600a0646b,D3,1.0,1.0,VERIFIED_FROM_RELEASE,paper_results/per_query_minimal/internal_blind_per_query.jsonl,876a16d098e1da3f642ef70854cbc985bae5f9e3,2e7f5e98a1a47f2f816626794db12486963cb2f00b416a9525cbdf8437e8f1e0,selected document ids intentionally excluded
internal_blind,qh_650558ab2820a86f,B0,1.0,0.3436966913921454,VERIFIED_FROM_RELEASE,paper_results/per_query_minimal/internal_blind_per_query.jsonl,876a16d098e1da3f642ef70854cbc985bae5f9e3,2e7f5e98a1a47f2f816626794db12486963cb2f00b416a9525cbdf8437e8f1e0,selected document ids intentionally excluded
internal_blind,qh_650558ab2820a86f,D0,1.0,0.17993148201117176,VERIFIED_FROM_RELEASE,paper_results/per_query_minimal/internal_blind_per_query.jsonl,876a16d098e1da3f642ef70854cbc985bae5f9e3,2e7f5e98a1a47f2f816626794db12486963cb2f00b416a9525cbdf8437e8f1e0,selected document ids intentionally excluded
internal_blind,qh_650558ab2820a86f,D1,1.0,0.17993148201117176,VERIFIED_FROM_RELEASE,paper_results/per_query_minimal/internal_blind_per_query.jsonl,876a16d098e1da3f642ef70854cbc985bae5f9e3,2e7f5e98a1a47f2f816626794db12486963cb2f00b416a9525cbdf8437e8f1e0,selected document ids intentionally excluded
internal_blind,qh_650558ab2820a86f,D2,1.0,0.424926013816671,VERIFIED_FROM_RELEASE,paper_results/per_query_minimal/internal_blind_per_query.jsonl,876a16d098e1da3f642ef70854cbc985bae5f9e3,2e7f5e98a1a47f2f816626794db12486963cb2f00b416a9525cbdf8437e8f1e0,selected document ids intentionally excluded
internal_blind,qh_650558ab2820a86f,D3,1.0,0.424926013816671,VERIFIED_FROM_RELEASE,paper_results/per_query_minimal/internal_blind_per_query.jsonl,876a16d098e1da3f642ef70854cbc985bae5f9e3,2e7f5e98a1a47f2f816626794db12486963cb2f00b416a9525cbdf8437e8f1e0,selected document ids intentionally excluded
internal_blind,qh_5b34a329c2ea8a2f,B0,1.0,0.47815086369258675,VERIFIED_FROM_RELEASE,paper_results/per_query_minimal/internal_blind_per_query.jsonl,876a16d098e1da3f642ef70854cbc985bae5f9e3,2e7f5e98a1a47f2f816626794db12486963cb2f00b416a9525cbdf8437e8f1e0,selected document ids intentionally excluded
internal_blind,qh_5b34a329c2ea8a2f,D0,1.0,0.33484598185538733,VERIFIED_FROM_RELEASE,paper_results/per_query_minimal/internal_blind_per_query.jsonl,876a16d098e1da3f642ef70854cbc985bae5f9e3,2e7f5e98a1a47f2f816626794db12486963cb2f00b416a9525cbdf8437e8f1e0,selected document ids intentionally excluded
internal_blind,qh_5b34a329c2ea8a2f,D1,1.0,0.5619788457376247,VERIFIED_FROM_RELEASE,paper_results/per_query_minimal/internal_blind_per_query.jsonl,876a16d098e1da3f642ef70854cbc985bae5f9e3,2e7f5e98a1a47f2f816626794db12486963cb2f00b416a9525cbdf8437e8f1e0,selected document ids intentionally excluded
internal_blind,qh_5b34a329c2ea8a2f,D2,1.0,0.4326667818975418,VERIFIED_FROM_RELEASE,paper_results/per_query_minimal/internal_blind_per_query.jsonl,876a16d098e1da3f642ef70854cbc985bae5f9e3,2e7f5e98a1a47f2f816626794db12486963cb2f00b416a9525cbdf8437e8f1e0,selected document ids intentionally excluded
internal_blind,qh_5b34a329c2ea8a2f,D3,1.0,0.33484598185538733,VERIFIED_FROM_RELEASE,paper_results/per_query_minimal/internal_blind_per_query.jsonl,876a16d098e1da3f642ef70854cbc985bae5f9e3,2e7f5e98a1a47f2f816626794db12486963cb2f00b416a9525cbdf8437e8f1e0,selected document ids intentionally excluded
internal_blind,qh_f4341686b0cb5a45,B0,1.0,0.5585075862632192,VERIFIED_FROM_RELEASE,paper_results/per_query_minimal/internal_blind_per_query.jsonl,876a16d098e1da3f642ef70854cbc985bae5f9e3,2e7f5e98a1a47f2f816626794db12486963cb2f00b416a9525cbdf8437e8f1e0,selected document ids intentionally excluded
internal_blind,qh_f4341686b0cb5a45,D0,1.0,0.5585075862632192,VERIFIED_FROM_RELEASE,paper_results/per_query_minimal/internal_blind_per_query.jsonl,876a16d098e1da3f642ef70854cbc985bae5f9e3,2e7f5e98a1a47f2f816626794db12486963cb2f00b416a9525cbdf8437e8f1e0,selected document ids intentionally excluded
internal_blind,qh_f4341686b0cb5a45,D1,1.0,0.3973220069685352,VERIFIED_FROM_RELEASE,paper_results/per_query_minimal/internal_blind_per_query.jsonl,876a16d098e1da3f642ef70854cbc985bae5f9e3,2e7f5e98a1a47f2f816626794db12486963cb2f00b416a9525cbdf8437e8f1e0,selected document ids intentionally excluded
internal_blind,qh_f4341686b0cb5a45,D2,1.0,0.5585075862632192,VERIFIED_FROM_RELEASE,paper_results/per_query_minimal/internal_blind_per_query.jsonl,876a16d098e1da3f642ef70854cbc985bae5f9e3,2e7f5e98a1a47f2f816626794db12486963cb2f00b416a9525cbdf8437e8f1e0,selected document ids intentionally excluded
internal_blind,qh_f4341686b0cb5a45,D3,1.0,0.5585075862632192,VERIFIED_FROM_RELEASE,paper_results/per_query_minimal/internal_blind_per_query.jsonl,876a16d098e1da3f642ef70854cbc985bae5f9e3,2e7f5e98a1a47f2f816626794db12486963cb2f00b416a9525cbdf8437e8f1e0,selected document ids intentionally excluded
internal_blind,qh_e4e50b29f31ff1fd,B0,1.0,0.30500968996263306,VERIFIED_FROM_RELEASE,paper_results/per_query_minimal/internal_blind_per_query.jsonl,876a16d098e1da3f642ef70854cbc985bae5f9e3,2e7f5e98a1a47f2f816626794db12486963cb2f00b416a9525cbdf8437e8f1e0,selected document ids intentionally excluded
internal_blind,qh_e4e50b29f31ff1fd,D0,1.0,0.30500968996263306,VERIFIED_FROM_RELEASE,paper_results/per_query_minimal/internal_blind_per_query.jsonl,876a16d098e1da3f642ef70854cbc985bae5f9e3,2e7f5e98a1a47f2f816626794db12486963cb2f00b416a9525cbdf8437e8f1e0,selected document ids intentionally excluded
internal_blind,qh_e4e50b29f31ff1fd,D1,1.0,0.30500968996263306,VERIFIED_FROM_RELEASE,paper_results/per_query_minimal/internal_blind_per_query.jsonl,876a16d098e1da3f642ef70854cbc985bae5f9e3,2e7f5e98a1a47f2f816626794db12486963cb2f00b416a9525cbdf8437e8f1e0,selected document ids intentionally excluded
internal_blind,qh_e4e50b29f31ff1fd,D2,0.6666666666666666,0.25328611543354873,VERIFIED_FROM_RELEASE,paper_results/per_query_minimal/internal_blind_per_query.jsonl,876a16d098e1da3f642ef70854cbc985bae5f9e3,2e7f5e98a1a47f2f816626794db12486963cb2f00b416a9525cbdf8437e8f1e0,selected document ids intentionally excluded
internal_blind,qh_e4e50b29f31ff1fd,D3,0.6666666666666666,0.25328611543354873,VERIFIED_FROM_RELEASE,paper_results/per_query_minimal/internal_blind_per_query.jsonl,876a16d098e1da3f642ef70854cbc985bae5f9e3,2e7f5e98a1a47f2f816626794db12486963cb2f00b416a9525cbdf8437e8f1e0,selected document ids intentionally excluded
internal_blind,qh_f520ef7382e5392e,B0,1.0,0.6489315753318465,VERIFIED_FROM_RELEASE,paper_results/per_query_minimal/internal_blind_per_query.jsonl,876a16d098e1da3f642ef70854cbc985bae5f9e3,2e7f5e98a1a47f2f816626794db12486963cb2f00b416a9525cbdf8437e8f1e0,selected document ids intentionally excluded
internal_blind,qh_f520ef7382e5392e,D0,1.0,0.6489315753318465,VERIFIED_FROM_RELEASE,paper_results/per_query_minimal/internal_blind_per_query.jsonl,876a16d098e1da3f642ef70854cbc985bae5f9e3,2e7f5e98a1a47f2f816626794db12486963cb2f00b416a9525cbdf8437e8f1e0,selected document ids intentionally excluded
internal_blind,qh_f520ef7382e5392e,D1,1.0,0.6489315753318465,VERIFIED_FROM_RELEASE,paper_results/per_query_minimal/internal_blind_per_query.jsonl,876a16d098e1da3f642ef70854cbc985bae5f9e3,2e7f5e98a1a47f2f816626794db12486963cb2f00b416a9525cbdf8437e8f1e0,selected document ids intentionally excluded
internal_blind,qh_f520ef7382e5392e,D2,1.0,0.6489315753318465,VERIFIED_FROM_RELEASE,paper_results/per_query_minimal/internal_blind_per_query.jsonl,876a16d098e1da3f642ef70854cbc985bae5f9e3,2e7f5e98a1a47f2f816626794db12486963cb2f00b416a9525cbdf8437e8f1e0,selected document ids intentionally excluded
internal_blind,qh_f520ef7382e5392e,D3,1.0,0.6489315753318465,VERIFIED_FROM_RELEASE,paper_results/per_query_minimal/internal_blind_per_query.jsonl,876a16d098e1da3f642ef70854cbc985bae5f9e3,2e7f5e98a1a47f2f816626794db12486963cb2f00b416a9525cbdf8437e8f1e0,selected document ids intentionally excluded
internal_blind,qh_a93a8e0ea2ebe09b,B0,1.0,0.34222207292834145,VERIFIED_FROM_RELEASE,paper_results/per_query_minimal/internal_blind_per_query.jsonl,876a16d098e1da3f642ef70854cbc985bae5f9e3,2e7f5e98a1a47f2f816626794db12486963cb2f00b416a9525cbdf8437e8f1e0,selected document ids intentionally excluded
internal_blind,qh_a93a8e0ea2ebe09b,D0,1.0,0.419665006636777,VERIFIED_FROM_RELEASE,paper_results/per_query_minimal/internal_blind_per_query.jsonl,876a16d098e1da3f642ef70854cbc985bae5f9e3,2e7f5e98a1a47f2f816626794db12486963cb2f00b416a9525cbdf8437e8f1e0,selected document ids intentionally excluded
internal_blind,qh_a93a8e0ea2ebe09b,D1,1.0,0.34222207292834145,VERIFIED_FROM_RELEASE,paper_results/per_query_minimal/internal_blind_per_query.jsonl,876a16d098e1da3f642ef70854cbc985bae5f9e3,2e7f5e98a1a47f2f816626794db12486963cb2f00b416a9525cbdf8437e8f1e0,selected document ids intentionally excluded
internal_blind,qh_a93a8e0ea2ebe09b,D2,1.0,0.34222207292834145,VERIFIED_FROM_RELEASE,paper_results/per_query_minimal/internal_blind_per_query.jsonl,876a16d098e1da3f642ef70854cbc985bae5f9e3,2e7f5e98a1a47f2f816626794db12486963cb2f00b416a9525cbdf8437e8f1e0,selected document ids intentionally excluded
internal_blind,qh_a93a8e0ea2ebe09b,D3,1.0,0.419665006636777,VERIFIED_FROM_RELEASE,paper_results/per_query_minimal/internal_blind_per_query.jsonl,876a16d098e1da3f642ef70854cbc985bae5f9e3,2e7f5e98a1a47f2f816626794db12486963cb2f00b416a9525cbdf8437e8f1e0,selected document ids intentionally excluded
internal_blind,qh_76b440a333fdc91c,B0,1.0,0.6930221935231563,VERIFIED_FROM_RELEASE,paper_results/per_query_minimal/internal_blind_per_query.jsonl,876a16d098e1da3f642ef70854cbc985bae5f9e3,2e7f5e98a1a47f2f816626794db12486963cb2f00b416a9525cbdf8437e8f1e0,selected document ids intentionally excluded
internal_blind,qh_76b440a333fdc91c,D0,1.0,0.6930221935231563,VERIFIED_FROM_RELEASE,paper_results/per_query_minimal/internal_blind_per_query.jsonl,876a16d098e1da3f642ef70854cbc985bae5f9e3,2e7f5e98a1a47f2f816626794db12486963cb2f00b416a9525cbdf8437e8f1e0,selected document ids intentionally excluded
internal_blind,qh_76b440a333fdc91c,D1,1.0,0.6930221935231563,VERIFIED_FROM_RELEASE,paper_results/per_query_minimal/internal_blind_per_query.jsonl,876a16d098e1da3f642ef70854cbc985bae5f9e3,2e7f5e98a1a47f2f816626794db12486963cb2f00b416a9525cbdf8437e8f1e0,selected document ids intentionally excluded
internal_blind,qh_76b440a333fdc91c,D2,1.0,0.6930221935231563,VERIFIED_FROM_RELEASE,paper_results/per_query_minimal/internal_blind_per_query.jsonl,876a16d098e1da3f642ef70854cbc985bae5f9e3,2e7f5e98a1a47f2f816626794db12486963cb2f00b416a9525cbdf8437e8f1e0,selected document ids intentionally excluded
internal_blind,qh_76b440a333fdc91c,D3,1.0,0.6930221935231563,VERIFIED_FROM_RELEASE,paper_results/per_query_minimal/internal_blind_per_query.jsonl,876a16d098e1da3f642ef70854cbc985bae5f9e3,2e7f5e98a1a47f2f816626794db12486963cb2f00b416a9525cbdf8437e8f1e0,selected document ids intentionally excluded
internal_blind,qh_e31934eb7fa50f10,B0,1.0,0.2987896227854842,VERIFIED_FROM_RELEASE,paper_results/per_query_minimal/internal_blind_per_query.jsonl,876a16d098e1da3f642ef70854cbc985bae5f9e3,2e7f5e98a1a47f2f816626794db12486963cb2f00b416a9525cbdf8437e8f1e0,selected document ids intentionally excluded
internal_blind,qh_e31934eb7fa50f10,D0,1.0,0.21739574216798102,VERIFIED_FROM_RELEASE,paper_results/per_query_minimal/internal_blind_per_query.jsonl,876a16d098e1da3f642ef70854cbc985bae5f9e3,2e7f5e98a1a47f2f816626794db12486963cb2f00b416a9525cbdf8437e8f1e0,selected document ids intentionally excluded
internal_blind,qh_e31934eb7fa50f10,D1,1.0,0.33588067757813894,VERIFIED_FROM_RELEASE,paper_results/per_query_minimal/internal_blind_per_query.jsonl,876a16d098e1da3f642ef70854cbc985bae5f9e3,2e7f5e98a1a47f2f816626794db12486963cb2f00b416a9525cbdf8437e8f1e0,selected document ids intentionally excluded
internal_blind,qh_e31934eb7fa50f10,D2,1.0,0.2734625109269944,VERIFIED_FROM_RELEASE,paper_results/per_query_minimal/internal_blind_per_query.jsonl,876a16d098e1da3f642ef70854cbc985bae5f9e3,2e7f5e98a1a47f2f816626794db12486963cb2f00b416a9525cbdf8437e8f1e0,selected document ids intentionally excluded
internal_blind,qh_e31934eb7fa50f10,D3,1.0,0.2734625109269944,VERIFIED_FROM_RELEASE,paper_results/per_query_minimal/internal_blind_per_query.jsonl,876a16d098e1da3f642ef70854cbc985bae5f9e3,2e7f5e98a1a47f2f816626794db12486963cb2f00b416a9525cbdf8437e8f1e0,selected document ids intentionally excluded
internal_blind,qh_4987c365b0dc6742,B0,1.0,0.6489315753318465,VERIFIED_FROM_RELEASE,paper_results/per_query_minimal/internal_blind_per_query.jsonl,876a16d098e1da3f642ef70854cbc985bae5f9e3,2e7f5e98a1a47f2f816626794db12486963cb2f00b416a9525cbdf8437e8f1e0,selected document ids intentionally excluded
internal_blind,qh_4987c365b0dc6742,D0,1.0,0.6489315753318465,VERIFIED_FROM_RELEASE,paper_results/per_query_minimal/internal_blind_per_query.jsonl,876a16d098e1da3f642ef70854cbc985bae5f9e3,2e7f5e98a1a47f2f816626794db12486963cb2f00b416a9525cbdf8437e8f1e0,selected document ids intentionally excluded
internal_blind,qh_4987c365b0dc6742,D1,1.0,0.6489315753318465,VERIFIED_FROM_RELEASE,paper_results/per_query_minimal/internal_blind_per_query.jsonl,876a16d098e1da3f642ef70854cbc985bae5f9e3,2e7f5e98a1a47f2f816626794db12486963cb2f00b416a9525cbdf8437e8f1e0,selected document ids intentionally excluded
internal_blind,qh_4987c365b0dc6742,D2,1.0,0.5755676532324865,VERIFIED_FROM_RELEASE,paper_results/per_query_minimal/internal_blind_per_query.jsonl,876a16d098e1da3f642ef70854cbc985bae5f9e3,2e7f5e98a1a47f2f816626794db12486963cb2f00b416a9525cbdf8437e8f1e0,selected document ids intentionally excluded
internal_blind,qh_4987c365b0dc6742,D3,1.0,0.5563566127494769,VERIFIED_FROM_RELEASE,paper_results/per_query_minimal/internal_blind_per_query.jsonl,876a16d098e1da3f642ef70854cbc985bae5f9e3,2e7f5e98a1a47f2f816626794db12486963cb2f00b416a9525cbdf8437e8f1e0,selected document ids intentionally excluded
internal_blind,qh_bdf5d7b104292ebf,B0,1.0,0.6489315753318465,VERIFIED_FROM_RELEASE,paper_results/per_query_minimal/internal_blind_per_query.jsonl,876a16d098e1da3f642ef70854cbc985bae5f9e3,2e7f5e98a1a47f2f816626794db12486963cb2f00b416a9525cbdf8437e8f1e0,selected document ids intentionally excluded
internal_blind,qh_bdf5d7b104292ebf,D0,1.0,0.6489315753318465,VERIFIED_FROM_RELEASE,paper_results/per_query_minimal/internal_blind_per_query.jsonl,876a16d098e1da3f642ef70854cbc985bae5f9e3,2e7f5e98a1a47f2f816626794db12486963cb2f00b416a9525cbdf8437e8f1e0,selected document ids intentionally excluded
internal_blind,qh_bdf5d7b104292ebf,D1,1.0,0.6489315753318465,VERIFIED_FROM_RELEASE,paper_results/per_query_minimal/internal_blind_per_query.jsonl,876a16d098e1da3f642ef70854cbc985bae5f9e3,2e7f5e98a1a47f2f816626794db12486963cb2f00b416a9525cbdf8437e8f1e0,selected document ids intentionally excluded
internal_blind,qh_bdf5d7b104292ebf,D2,1.0,0.6489315753318465,VERIFIED_FROM_RELEASE,paper_results/per_query_minimal/internal_blind_per_query.jsonl,876a16d098e1da3f642ef70854cbc985bae5f9e3,2e7f5e98a1a47f2f816626794db12486963cb2f00b416a9525cbdf8437e8f1e0,selected document ids intentionally excluded
internal_blind,qh_bdf5d7b104292ebf,D3,1.0,0.6489315753318465,VERIFIED_FROM_RELEASE,paper_results/per_query_minimal/internal_blind_per_query.jsonl,876a16d098e1da3f642ef70854cbc985bae5f9e3,2e7f5e98a1a47f2f816626794db12486963cb2f00b416a9525cbdf8437e8f1e0,selected document ids intentionally excluded
internal_blind,qh_3880ec084ddd7a10,B0,1.0,0.6489315753318465,VERIFIED_FROM_RELEASE,paper_results/per_query_minimal/internal_blind_per_query.jsonl,876a16d098e1da3f642ef70854cbc985bae5f9e3,2e7f5e98a1a47f2f816626794db12486963cb2f00b416a9525cbdf8437e8f1e0,selected document ids intentionally excluded
internal_blind,qh_3880ec084ddd7a10,D0,1.0,0.6489315753318465,VERIFIED_FROM_RELEASE,paper_results/per_query_minimal/internal_blind_per_query.jsonl,876a16d098e1da3f642ef70854cbc985bae5f9e3,2e7f5e98a1a47f2f816626794db12486963cb2f00b416a9525cbdf8437e8f1e0,selected document ids intentionally excluded
internal_blind,qh_3880ec084ddd7a10,D1,1.0,0.6489315753318465,VERIFIED_FROM_RELEASE,paper_results/per_query_minimal/internal_blind_per_query.jsonl,876a16d098e1da3f642ef70854cbc985bae5f9e3,2e7f5e98a1a47f2f816626794db12486963cb2f00b416a9525cbdf8437e8f1e0,selected document ids intentionally excluded
internal_blind,qh_3880ec084ddd7a10,D2,1.0,0.6489315753318465,VERIFIED_FROM_RELEASE,paper_results/per_query_minimal/internal_blind_per_query.jsonl,876a16d098e1da3f642ef70854cbc985bae5f9e3,2e7f5e98a1a47f2f816626794db12486963cb2f00b416a9525cbdf8437e8f1e0,selected document ids intentionally excluded
internal_blind,qh_3880ec084ddd7a10,D3,1.0,0.6489315753318465,VERIFIED_FROM_RELEASE,paper_results/per_query_minimal/internal_blind_per_query.jsonl,876a16d098e1da3f642ef70854cbc985bae5f9e3,2e7f5e98a1a47f2f816626794db12486963cb2f00b416a9525cbdf8437e8f1e0,selected document ids intentionally excluded
internal_blind,qh_f0580dd062d5fa02,B0,1.0,0.7457912185292984,VERIFIED_FROM_RELEASE,paper_results/per_query_minimal/internal_blind_per_query.jsonl,876a16d098e1da3f642ef70854cbc985bae5f9e3,2e7f5e98a1a47f2f816626794db12486963cb2f00b416a9525cbdf8437e8f1e0,selected document ids intentionally excluded
internal_blind,qh_f0580dd062d5fa02,D0,1.0,0.7457912185292984,VERIFIED_FROM_RELEASE,paper_results/per_query_minimal/internal_blind_per_query.jsonl,876a16d098e1da3f642ef70854cbc985bae5f9e3,2e7f5e98a1a47f2f816626794db12486963cb2f00b416a9525cbdf8437e8f1e0,selected document ids intentionally excluded
internal_blind,qh_f0580dd062d5fa02,D1,1.0,0.7457912185292984,VERIFIED_FROM_RELEASE,paper_results/per_query_minimal/internal_blind_per_query.jsonl,876a16d098e1da3f642ef70854cbc985bae5f9e3,2e7f5e98a1a47f2f816626794db12486963cb2f00b416a9525cbdf8437e8f1e0,selected document ids intentionally excluded
internal_blind,qh_f0580dd062d5fa02,D2,1.0,0.7457912185292984,VERIFIED_FROM_RELEASE,paper_results/per_query_minimal/internal_blind_per_query.jsonl,876a16d098e1da3f642ef70854cbc985bae5f9e3,2e7f5e98a1a47f2f816626794db12486963cb2f00b416a9525cbdf8437e8f1e0,selected document ids intentionally excluded
internal_blind,qh_f0580dd062d5fa02,D3,1.0,0.7457912185292984,VERIFIED_FROM_RELEASE,paper_results/per_query_minimal/internal_blind_per_query.jsonl,876a16d098e1da3f642ef70854cbc985bae5f9e3,2e7f5e98a1a47f2f816626794db12486963cb2f00b416a9525cbdf8437e8f1e0,selected document ids intentionally excluded
internal_blind,qh_36715d4004f35e2e,B0,1.0,0.47815086369258675,VERIFIED_FROM_RELEASE,paper_results/per_query_minimal/internal_blind_per_query.jsonl,876a16d098e1da3f642ef70854cbc985bae5f9e3,2e7f5e98a1a47f2f816626794db12486963cb2f00b416a9525cbdf8437e8f1e0,selected document ids intentionally excluded
internal_blind,qh_36715d4004f35e2e,D0,1.0,0.4326667818975418,VERIFIED_FROM_RELEASE,paper_results/per_query_minimal/internal_blind_per_query.jsonl,876a16d098e1da3f642ef70854cbc985bae5f9e3,2e7f5e98a1a47f2f816626794db12486963cb2f00b416a9525cbdf8437e8f1e0,selected document ids intentionally excluded
internal_blind,qh_36715d4004f35e2e,D1,1.0,0.4326667818975418,VERIFIED_FROM_RELEASE,paper_results/per_query_minimal/internal_blind_per_query.jsonl,876a16d098e1da3f642ef70854cbc985bae5f9e3,2e7f5e98a1a47f2f816626794db12486963cb2f00b416a9525cbdf8437e8f1e0,selected document ids intentionally excluded
internal_blind,qh_36715d4004f35e2e,D2,1.0,0.4227129678634519,VERIFIED_FROM_RELEASE,paper_results/per_query_minimal/internal_blind_per_query.jsonl,876a16d098e1da3f642ef70854cbc985bae5f9e3,2e7f5e98a1a47f2f816626794db12486963cb2f00b416a9525cbdf8437e8f1e0,selected document ids intentionally excluded
internal_blind,qh_36715d4004f35e2e,D3,1.0,0.44841241379650604,VERIFIED_FROM_RELEASE,paper_results/per_query_minimal/internal_blind_per_query.jsonl,876a16d098e1da3f642ef70854cbc985bae5f9e3,2e7f5e98a1a47f2f816626794db12486963cb2f00b416a9525cbdf8437e8f1e0,selected document ids intentionally excluded
internal_blind,qh_8779d639e6786547,B0,0.6666666666666666,0.26920586340953684,VERIFIED_FROM_RELEASE,paper_results/per_query_minimal/internal_blind_per_query.jsonl,876a16d098e1da3f642ef70854cbc985bae5f9e3,2e7f5e98a1a47f2f816626794db12486963cb2f00b416a9525cbdf8437e8f1e0,selected document ids intentionally excluded
internal_blind,qh_8779d639e6786547,D0,0.6666666666666666,0.32237131634987226,VERIFIED_FROM_RELEASE,paper_results/per_query_minimal/internal_blind_per_query.jsonl,876a16d098e1da3f642ef70854cbc985bae5f9e3,2e7f5e98a1a47f2f816626794db12486963cb2f00b416a9525cbdf8437e8f1e0,selected document ids intentionally excluded
internal_blind,qh_8779d639e6786547,D1,0.6666666666666666,0.32237131634987226,VERIFIED_FROM_RELEASE,paper_results/per_query_minimal/internal_blind_per_query.jsonl,876a16d098e1da3f642ef70854cbc985bae5f9e3,2e7f5e98a1a47f2f816626794db12486963cb2f00b416a9525cbdf8437e8f1e0,selected document ids intentionally excluded
internal_blind,qh_8779d639e6786547,D2,0.6666666666666666,0.26920586340953684,VERIFIED_FROM_RELEASE,paper_results/per_query_minimal/internal_blind_per_query.jsonl,876a16d098e1da3f642ef70854cbc985bae5f9e3,2e7f5e98a1a47f2f816626794db12486963cb2f00b416a9525cbdf8437e8f1e0,selected document ids intentionally excluded
internal_blind,qh_8779d639e6786547,D3,0.6666666666666666,0.26920586340953684,VERIFIED_FROM_RELEASE,paper_results/per_query_minimal/internal_blind_per_query.jsonl,876a16d098e1da3f642ef70854cbc985bae5f9e3,2e7f5e98a1a47f2f816626794db12486963cb2f00b416a9525cbdf8437e8f1e0,selected document ids intentionally excluded
internal_blind,qh_68c04e87260a2f7f,B0,1.0,0.3488321593459128,VERIFIED_FROM_RELEASE,paper_results/per_query_minimal/internal_blind_per_query.jsonl,876a16d098e1da3f642ef70854cbc985bae5f9e3,2e7f5e98a1a47f2f816626794db12486963cb2f00b416a9525cbdf8437e8f1e0,selected document ids intentionally excluded
internal_blind,qh_68c04e87260a2f7f,D0,1.0,0.17921962340786599,VERIFIED_FROM_RELEASE,paper_results/per_query_minimal/internal_blind_per_query.jsonl,876a16d098e1da3f642ef70854cbc985bae5f9e3,2e7f5e98a1a47f2f816626794db12486963cb2f00b416a9525cbdf8437e8f1e0,selected document ids intentionally excluded
internal_blind,qh_68c04e87260a2f7f,D1,1.0,0.17921962340786599,VERIFIED_FROM_RELEASE,paper_results/per_query_minimal/internal_blind_per_query.jsonl,876a16d098e1da3f642ef70854cbc985bae5f9e3,2e7f5e98a1a47f2f816626794db12486963cb2f00b416a9525cbdf8437e8f1e0,selected document ids intentionally excluded
internal_blind,qh_68c04e87260a2f7f,D2,1.0,0.0,VERIFIED_FROM_RELEASE,paper_results/per_query_minimal/internal_blind_per_query.jsonl,876a16d098e1da3f642ef70854cbc985bae5f9e3,2e7f5e98a1a47f2f816626794db12486963cb2f00b416a9525cbdf8437e8f1e0,selected document ids intentionally excluded
internal_blind,qh_68c04e87260a2f7f,D3,1.0,0.0,VERIFIED_FROM_RELEASE,paper_results/per_query_minimal/internal_blind_per_query.jsonl,876a16d098e1da3f642ef70854cbc985bae5f9e3,2e7f5e98a1a47f2f816626794db12486963cb2f00b416a9525cbdf8437e8f1e0,selected document ids intentionally excluded
internal_blind,qh_aeb2e964346e86d5,B0,0.5,0.48299269065011685,VERIFIED_FROM_RELEASE,paper_results/per_query_minimal/internal_blind_per_query.jsonl,876a16d098e1da3f642ef70854cbc985bae5f9e3,2e7f5e98a1a47f2f816626794db12486963cb2f00b416a9525cbdf8437e8f1e0,selected document ids intentionally excluded
internal_blind,qh_aeb2e964346e86d5,D0,1.0,0.5921694969040991,VERIFIED_FROM_RELEASE,paper_results/per_query_minimal/internal_blind_per_query.jsonl,876a16d098e1da3f642ef70854cbc985bae5f9e3,2e7f5e98a1a47f2f816626794db12486963cb2f00b416a9525cbdf8437e8f1e0,selected document ids intentionally excluded
internal_blind,qh_aeb2e964346e86d5,D1,1.0,0.4262306122223695,VERIFIED_FROM_RELEASE,paper_results/per_query_minimal/internal_blind_per_query.jsonl,876a16d098e1da3f642ef70854cbc985bae5f9e3,2e7f5e98a1a47f2f816626794db12486963cb2f00b416a9525cbdf8437e8f1e0,selected document ids intentionally excluded
internal_blind,qh_aeb2e964346e86d5,D2,1.0,0.5123754103194527,VERIFIED_FROM_RELEASE,paper_results/per_query_minimal/internal_blind_per_query.jsonl,876a16d098e1da3f642ef70854cbc985bae5f9e3,2e7f5e98a1a47f2f816626794db12486963cb2f00b416a9525cbdf8437e8f1e0,selected document ids intentionally excluded
internal_blind,qh_aeb2e964346e86d5,D3,1.0,0.5188055748047392,VERIFIED_FROM_RELEASE,paper_results/per_query_minimal/internal_blind_per_query.jsonl,876a16d098e1da3f642ef70854cbc985bae5f9e3,2e7f5e98a1a47f2f816626794db12486963cb2f00b416a9525cbdf8437e8f1e0,selected document ids intentionally excluded
internal_blind,qh_a57505fca0391452,B0,0.5,0.6489315753318465,VERIFIED_FROM_RELEASE,paper_results/per_query_minimal/internal_blind_per_query.jsonl,876a16d098e1da3f642ef70854cbc985bae5f9e3,2e7f5e98a1a47f2f816626794db12486963cb2f00b416a9525cbdf8437e8f1e0,selected document ids intentionally excluded
internal_blind,qh_a57505fca0391452,D0,1.0,0.6489315753318465,VERIFIED_FROM_RELEASE,paper_results/per_query_minimal/internal_blind_per_query.jsonl,876a16d098e1da3f642ef70854cbc985bae5f9e3,2e7f5e98a1a47f2f816626794db12486963cb2f00b416a9525cbdf8437e8f1e0,selected document ids intentionally excluded
internal_blind,qh_a57505fca0391452,D1,1.0,0.6489315753318465,VERIFIED_FROM_RELEASE,paper_results/per_query_minimal/internal_blind_per_query.jsonl,876a16d098e1da3f642ef70854cbc985bae5f9e3,2e7f5e98a1a47f2f816626794db12486963cb2f00b416a9525cbdf8437e8f1e0,selected document ids intentionally excluded
internal_blind,qh_a57505fca0391452,D2,0.5,0.6489315753318465,VERIFIED_FROM_RELEASE,paper_results/per_query_minimal/internal_blind_per_query.jsonl,876a16d098e1da3f642ef70854cbc985bae5f9e3,2e7f5e98a1a47f2f816626794db12486963cb2f00b416a9525cbdf8437e8f1e0,selected document ids intentionally excluded
internal_blind,qh_a57505fca0391452,D3,0.5,0.6489315753318465,VERIFIED_FROM_RELEASE,paper_results/per_query_minimal/internal_blind_per_query.jsonl,876a16d098e1da3f642ef70854cbc985bae5f9e3,2e7f5e98a1a47f2f816626794db12486963cb2f00b416a9525cbdf8437e8f1e0,selected document ids intentionally excluded
internal_blind,qh_52033245f9477c36,B0,1.0,0.5809078567127876,VERIFIED_FROM_RELEASE,paper_results/per_query_minimal/internal_blind_per_query.jsonl,876a16d098e1da3f642ef70854cbc985bae5f9e3,2e7f5e98a1a47f2f816626794db12486963cb2f00b416a9525cbdf8437e8f1e0,selected document ids intentionally excluded
internal_blind,qh_52033245f9477c36,D0,1.0,0.6304647018498236,VERIFIED_FROM_RELEASE,paper_results/per_query_minimal/internal_blind_per_query.jsonl,876a16d098e1da3f642ef70854cbc985bae5f9e3,2e7f5e98a1a47f2f816626794db12486963cb2f00b416a9525cbdf8437e8f1e0,selected document ids intentionally excluded
internal_blind,qh_52033245f9477c36,D1,1.0,0.8979729597986713,VERIFIED_FROM_RELEASE,paper_results/per_query_minimal/internal_blind_per_query.jsonl,876a16d098e1da3f642ef70854cbc985bae5f9e3,2e7f5e98a1a47f2f816626794db12486963cb2f00b416a9525cbdf8437e8f1e0,selected document ids intentionally excluded
internal_blind,qh_52033245f9477c36,D2,1.0,0.7698703734653876,VERIFIED_FROM_RELEASE,paper_results/per_query_minimal/internal_blind_per_query.jsonl,876a16d098e1da3f642ef70854cbc985bae5f9e3,2e7f5e98a1a47f2f816626794db12486963cb2f00b416a9525cbdf8437e8f1e0,selected document ids intentionally excluded
internal_blind,qh_52033245f9477c36,D3,1.0,0.7698703734653876,VERIFIED_FROM_RELEASE,paper_results/per_query_minimal/internal_blind_per_query.jsonl,876a16d098e1da3f642ef70854cbc985bae5f9e3,2e7f5e98a1a47f2f816626794db12486963cb2f00b416a9525cbdf8437e8f1e0,selected document ids intentionally excluded
internal_blind,qh_3638952c3ea1f8db,B0,1.0,0.5584189060814772,VERIFIED_FROM_RELEASE,paper_results/per_query_minimal/internal_blind_per_query.jsonl,876a16d098e1da3f642ef70854cbc985bae5f9e3,2e7f5e98a1a47f2f816626794db12486963cb2f00b416a9525cbdf8437e8f1e0,selected document ids intentionally excluded
internal_blind,qh_3638952c3ea1f8db,D0,1.0,0.5899670067689418,VERIFIED_FROM_RELEASE,paper_results/per_query_minimal/internal_blind_per_query.jsonl,876a16d098e1da3f642ef70854cbc985bae5f9e3,2e7f5e98a1a47f2f816626794db12486963cb2f00b416a9525cbdf8437e8f1e0,selected document ids intentionally excluded
internal_blind,qh_3638952c3ea1f8db,D1,1.0,0.6066707953750097,VERIFIED_FROM_RELEASE,paper_results/per_query_minimal/internal_blind_per_query.jsonl,876a16d098e1da3f642ef70854cbc985bae5f9e3,2e7f5e98a1a47f2f816626794db12486963cb2f00b416a9525cbdf8437e8f1e0,selected document ids intentionally excluded
internal_blind,qh_3638952c3ea1f8db,D2,1.0,0.5899670067689418,VERIFIED_FROM_RELEASE,paper_results/per_query_minimal/internal_blind_per_query.jsonl,876a16d098e1da3f642ef70854cbc985bae5f9e3,2e7f5e98a1a47f2f816626794db12486963cb2f00b416a9525cbdf8437e8f1e0,selected document ids intentionally excluded
internal_blind,qh_3638952c3ea1f8db,D3,1.0,0.6172303211226229,VERIFIED_FROM_RELEASE,paper_results/per_query_minimal/internal_blind_per_query.jsonl,876a16d098e1da3f642ef70854cbc985bae5f9e3,2e7f5e98a1a47f2f816626794db12486963cb2f00b416a9525cbdf8437e8f1e0,selected document ids intentionally excluded
internal_blind,qh_42103fe4ea42ee7d,B0,0.0,0.4928485157616413,VERIFIED_FROM_RELEASE,paper_results/per_query_minimal/internal_blind_per_query.jsonl,876a16d098e1da3f642ef70854cbc985bae5f9e3,2e7f5e98a1a47f2f816626794db12486963cb2f00b416a9525cbdf8437e8f1e0,selected document ids intentionally excluded
internal_blind,qh_42103fe4ea42ee7d,D0,1.0,0.3332594386367449,VERIFIED_FROM_RELEASE,paper_results/per_query_minimal/internal_blind_per_query.jsonl,876a16d098e1da3f642ef70854cbc985bae5f9e3,2e7f5e98a1a47f2f816626794db12486963cb2f00b416a9525cbdf8437e8f1e0,selected document ids intentionally excluded
internal_blind,qh_42103fe4ea42ee7d,D1,1.0,0.3332594386367449,VERIFIED_FROM_RELEASE,paper_results/per_query_minimal/internal_blind_per_query.jsonl,876a16d098e1da3f642ef70854cbc985bae5f9e3,2e7f5e98a1a47f2f816626794db12486963cb2f00b416a9525cbdf8437e8f1e0,selected document ids intentionally excluded
internal_blind,qh_42103fe4ea42ee7d,D2,0.0,0.3332594386367449,VERIFIED_FROM_RELEASE,paper_results/per_query_minimal/internal_blind_per_query.jsonl,876a16d098e1da3f642ef70854cbc985bae5f9e3,2e7f5e98a1a47f2f816626794db12486963cb2f00b416a9525cbdf8437e8f1e0,selected document ids intentionally excluded
internal_blind,qh_42103fe4ea42ee7d,D3,0.0,0.3332594386367449,VERIFIED_FROM_RELEASE,paper_results/per_query_minimal/internal_blind_per_query.jsonl,876a16d098e1da3f642ef70854cbc985bae5f9e3,2e7f5e98a1a47f2f816626794db12486963cb2f00b416a9525cbdf8437e8f1e0,selected document ids intentionally excluded
internal_blind,qh_b273a671d9fbe364,B0,1.0,0.6550758206642369,VERIFIED_FROM_RELEASE,paper_results/per_query_minimal/internal_blind_per_query.jsonl,876a16d098e1da3f642ef70854cbc985bae5f9e3,2e7f5e98a1a47f2f816626794db12486963cb2f00b416a9525cbdf8437e8f1e0,selected document ids intentionally excluded
internal_blind,qh_b273a671d9fbe364,D0,1.0,0.76712910283109,VERIFIED_FROM_RELEASE,paper_results/per_query_minimal/internal_blind_per_query.jsonl,876a16d098e1da3f642ef70854cbc985bae5f9e3,2e7f5e98a1a47f2f816626794db12486963cb2f00b416a9525cbdf8437e8f1e0,selected document ids intentionally excluded
internal_blind,qh_b273a671d9fbe364,D1,1.0,0.6029740115471158,VERIFIED_FROM_RELEASE,paper_results/per_query_minimal/internal_blind_per_query.jsonl,876a16d098e1da3f642ef70854cbc985bae5f9e3,2e7f5e98a1a47f2f816626794db12486963cb2f00b416a9525cbdf8437e8f1e0,selected document ids intentionally excluded
internal_blind,qh_b273a671d9fbe364,D2,1.0,0.6253260924539037,VERIFIED_FROM_RELEASE,paper_results/per_query_minimal/internal_blind_per_query.jsonl,876a16d098e1da3f642ef70854cbc985bae5f9e3,2e7f5e98a1a47f2f816626794db12486963cb2f00b416a9525cbdf8437e8f1e0,selected document ids intentionally excluded
internal_blind,qh_b273a671d9fbe364,D3,1.0,0.6253260924539037,VERIFIED_FROM_RELEASE,paper_results/per_query_minimal/internal_blind_per_query.jsonl,876a16d098e1da3f642ef70854cbc985bae5f9e3,2e7f5e98a1a47f2f816626794db12486963cb2f00b416a9525cbdf8437e8f1e0,selected document ids intentionally excluded
internal_blind,qh_c491a19982a5f8d4,B0,1.0,0.4266008805065098,VERIFIED_FROM_RELEASE,paper_results/per_query_minimal/internal_blind_per_query.jsonl,876a16d098e1da3f642ef70854cbc985bae5f9e3,2e7f5e98a1a47f2f816626794db12486963cb2f00b416a9525cbdf8437e8f1e0,selected document ids intentionally excluded
internal_blind,qh_c491a19982a5f8d4,D0,1.0,0.2186388911835489,VERIFIED_FROM_RELEASE,paper_results/per_query_minimal/internal_blind_per_query.jsonl,876a16d098e1da3f642ef70854cbc985bae5f9e3,2e7f5e98a1a47f2f816626794db12486963cb2f00b416a9525cbdf8437e8f1e0,selected document ids intentionally excluded
internal_blind,qh_c491a19982a5f8d4,D1,1.0,0.1622368281228105,VERIFIED_FROM_RELEASE,paper_results/per_query_minimal/internal_blind_per_query.jsonl,876a16d098e1da3f642ef70854cbc985bae5f9e3,2e7f5e98a1a47f2f816626794db12486963cb2f00b416a9525cbdf8437e8f1e0,selected document ids intentionally excluded
internal_blind,qh_c491a19982a5f8d4,D2,1.0,0.350189867147216,VERIFIED_FROM_RELEASE,paper_results/per_query_minimal/internal_blind_per_query.jsonl,876a16d098e1da3f642ef70854cbc985bae5f9e3,2e7f5e98a1a47f2f816626794db12486963cb2f00b416a9525cbdf8437e8f1e0,selected document ids intentionally excluded
internal_blind,qh_c491a19982a5f8d4,D3,1.0,0.23195060706050058,VERIFIED_FROM_RELEASE,paper_results/per_query_minimal/internal_blind_per_query.jsonl,876a16d098e1da3f642ef70854cbc985bae5f9e3,2e7f5e98a1a47f2f816626794db12486963cb2f00b416a9525cbdf8437e8f1e0,selected document ids intentionally excluded
internal_blind,qh_77ce50a112302862,B0,1.0,0.6489315753318465,VERIFIED_FROM_RELEASE,paper_results/per_query_minimal/internal_blind_per_query.jsonl,876a16d098e1da3f642ef70854cbc985bae5f9e3,2e7f5e98a1a47f2f816626794db12486963cb2f00b416a9525cbdf8437e8f1e0,selected document ids intentionally excluded
internal_blind,qh_77ce50a112302862,D0,1.0,0.6489315753318465,VERIFIED_FROM_RELEASE,paper_results/per_query_minimal/internal_blind_per_query.jsonl,876a16d098e1da3f642ef70854cbc985bae5f9e3,2e7f5e98a1a47f2f816626794db12486963cb2f00b416a9525cbdf8437e8f1e0,selected document ids intentionally excluded
internal_blind,qh_77ce50a112302862,D1,1.0,0.5100691314582919,VERIFIED_FROM_RELEASE,paper_results/per_query_minimal/internal_blind_per_query.jsonl,876a16d098e1da3f642ef70854cbc985bae5f9e3,2e7f5e98a1a47f2f816626794db12486963cb2f00b416a9525cbdf8437e8f1e0,selected document ids intentionally excluded
internal_blind,qh_77ce50a112302862,D2,1.0,0.6489315753318465,VERIFIED_FROM_RELEASE,paper_results/per_query_minimal/internal_blind_per_query.jsonl,876a16d098e1da3f642ef70854cbc985bae5f9e3,2e7f5e98a1a47f2f816626794db12486963cb2f00b416a9525cbdf8437e8f1e0,selected document ids intentionally excluded
internal_blind,qh_77ce50a112302862,D3,1.0,0.6489315753318465,VERIFIED_FROM_RELEASE,paper_results/per_query_minimal/internal_blind_per_query.jsonl,876a16d098e1da3f642ef70854cbc985bae5f9e3,2e7f5e98a1a47f2f816626794db12486963cb2f00b416a9525cbdf8437e8f1e0,selected document ids intentionally excluded
internal_blind,qh_a2c0c5ce33a6e99e,B0,1.0,0.685826319501986,VERIFIED_FROM_RELEASE,paper_results/per_query_minimal/internal_blind_per_query.jsonl,876a16d098e1da3f642ef70854cbc985bae5f9e3,2e7f5e98a1a47f2f816626794db12486963cb2f00b416a9525cbdf8437e8f1e0,selected document ids intentionally excluded
internal_blind,qh_a2c0c5ce33a6e99e,D0,1.0,0.685826319501986,VERIFIED_FROM_RELEASE,paper_results/per_query_minimal/internal_blind_per_query.jsonl,876a16d098e1da3f642ef70854cbc985bae5f9e3,2e7f5e98a1a47f2f816626794db12486963cb2f00b416a9525cbdf8437e8f1e0,selected document ids intentionally excluded
internal_blind,qh_a2c0c5ce33a6e99e,D1,1.0,0.685826319501986,VERIFIED_FROM_RELEASE,paper_results/per_query_minimal/internal_blind_per_query.jsonl,876a16d098e1da3f642ef70854cbc985bae5f9e3,2e7f5e98a1a47f2f816626794db12486963cb2f00b416a9525cbdf8437e8f1e0,selected document ids intentionally excluded
internal_blind,qh_a2c0c5ce33a6e99e,D2,1.0,0.5835245392245333,VERIFIED_FROM_RELEASE,paper_results/per_query_minimal/internal_blind_per_query.jsonl,876a16d098e1da3f642ef70854cbc985bae5f9e3,2e7f5e98a1a47f2f816626794db12486963cb2f00b416a9525cbdf8437e8f1e0,selected document ids intentionally excluded
internal_blind,qh_a2c0c5ce33a6e99e,D3,1.0,0.5280167907567435,VERIFIED_FROM_RELEASE,paper_results/per_query_minimal/internal_blind_per_query.jsonl,876a16d098e1da3f642ef70854cbc985bae5f9e3,2e7f5e98a1a47f2f816626794db12486963cb2f00b416a9525cbdf8437e8f1e0,selected document ids intentionally excluded
internal_blind,qh_1dc4bd9f505b7fa8,B0,1.0,0.0,VERIFIED_FROM_RELEASE,paper_results/per_query_minimal/internal_blind_per_query.jsonl,876a16d098e1da3f642ef70854cbc985bae5f9e3,2e7f5e98a1a47f2f816626794db12486963cb2f00b416a9525cbdf8437e8f1e0,selected document ids intentionally excluded
internal_blind,qh_1dc4bd9f505b7fa8,D0,1.0,0.0,VERIFIED_FROM_RELEASE,paper_results/per_query_minimal/internal_blind_per_query.jsonl,876a16d098e1da3f642ef70854cbc985bae5f9e3,2e7f5e98a1a47f2f816626794db12486963cb2f00b416a9525cbdf8437e8f1e0,selected document ids intentionally excluded
internal_blind,qh_1dc4bd9f505b7fa8,D1,1.0,0.23719771276929622,VERIFIED_FROM_RELEASE,paper_results/per_query_minimal/internal_blind_per_query.jsonl,876a16d098e1da3f642ef70854cbc985bae5f9e3,2e7f5e98a1a47f2f816626794db12486963cb2f00b416a9525cbdf8437e8f1e0,selected document ids intentionally excluded
internal_blind,qh_1dc4bd9f505b7fa8,D2,1.0,0.0,VERIFIED_FROM_RELEASE,paper_results/per_query_minimal/internal_blind_per_query.jsonl,876a16d098e1da3f642ef70854cbc985bae5f9e3,2e7f5e98a1a47f2f816626794db12486963cb2f00b416a9525cbdf8437e8f1e0,selected document ids intentionally excluded
internal_blind,qh_1dc4bd9f505b7fa8,D3,1.0,0.0,VERIFIED_FROM_RELEASE,paper_results/per_query_minimal/internal_blind_per_query.jsonl,876a16d098e1da3f642ef70854cbc985bae5f9e3,2e7f5e98a1a47f2f816626794db12486963cb2f00b416a9525cbdf8437e8f1e0,selected document ids intentionally excluded
internal_blind,qh_7da4209c9773a858,B0,1.0,0.358465056157868,VERIFIED_FROM_RELEASE,paper_results/per_query_minimal/internal_blind_per_query.jsonl,876a16d098e1da3f642ef70854cbc985bae5f9e3,2e7f5e98a1a47f2f816626794db12486963cb2f00b416a9525cbdf8437e8f1e0,selected document ids intentionally excluded
internal_blind,qh_7da4209c9773a858,D0,1.0,0.5043856316096029,VERIFIED_FROM_RELEASE,paper_results/per_query_minimal/internal_blind_per_query.jsonl,876a16d098e1da3f642ef70854cbc985bae5f9e3,2e7f5e98a1a47f2f816626794db12486963cb2f00b416a9525cbdf8437e8f1e0,selected document ids intentionally excluded
internal_blind,qh_7da4209c9773a858,D1,1.0,0.4154713146846924,VERIFIED_FROM_RELEASE,paper_results/per_query_minimal/internal_blind_per_query.jsonl,876a16d098e1da3f642ef70854cbc985bae5f9e3,2e7f5e98a1a47f2f816626794db12486963cb2f00b416a9525cbdf8437e8f1e0,selected document ids intentionally excluded
internal_blind,qh_7da4209c9773a858,D2,1.0,0.4044912856610854,VERIFIED_FROM_RELEASE,paper_results/per_query_minimal/internal_blind_per_query.jsonl,876a16d098e1da3f642ef70854cbc985bae5f9e3,2e7f5e98a1a47f2f816626794db12486963cb2f00b416a9525cbdf8437e8f1e0,selected document ids intentionally excluded
internal_blind,qh_7da4209c9773a858,D3,1.0,0.4044912856610854,VERIFIED_FROM_RELEASE,paper_results/per_query_minimal/internal_blind_per_query.jsonl,876a16d098e1da3f642ef70854cbc985bae5f9e3,2e7f5e98a1a47f2f816626794db12486963cb2f00b416a9525cbdf8437e8f1e0,selected document ids intentionally excluded
internal_blind,qh_2abe2f43f66b3a3b,B0,0.75,0.0,VERIFIED_FROM_RELEASE,paper_results/per_query_minimal/internal_blind_per_query.jsonl,876a16d098e1da3f642ef70854cbc985bae5f9e3,2e7f5e98a1a47f2f816626794db12486963cb2f00b416a9525cbdf8437e8f1e0,selected document ids intentionally excluded
internal_blind,qh_2abe2f43f66b3a3b,D0,1.0,0.0,VERIFIED_FROM_RELEASE,paper_results/per_query_minimal/internal_blind_per_query.jsonl,876a16d098e1da3f642ef70854cbc985bae5f9e3,2e7f5e98a1a47f2f816626794db12486963cb2f00b416a9525cbdf8437e8f1e0,selected document ids intentionally excluded
internal_blind,qh_2abe2f43f66b3a3b,D1,1.0,0.0,VERIFIED_FROM_RELEASE,paper_results/per_query_minimal/internal_blind_per_query.jsonl,876a16d098e1da3f642ef70854cbc985bae5f9e3,2e7f5e98a1a47f2f816626794db12486963cb2f00b416a9525cbdf8437e8f1e0,selected document ids intentionally excluded
internal_blind,qh_2abe2f43f66b3a3b,D2,1.0,0.0,VERIFIED_FROM_RELEASE,paper_results/per_query_minimal/internal_blind_per_query.jsonl,876a16d098e1da3f642ef70854cbc985bae5f9e3,2e7f5e98a1a47f2f816626794db12486963cb2f00b416a9525cbdf8437e8f1e0,selected document ids intentionally excluded
internal_blind,qh_2abe2f43f66b3a3b,D3,1.0,0.0,VERIFIED_FROM_RELEASE,paper_results/per_query_minimal/internal_blind_per_query.jsonl,876a16d098e1da3f642ef70854cbc985bae5f9e3,2e7f5e98a1a47f2f816626794db12486963cb2f00b416a9525cbdf8437e8f1e0,selected document ids intentionally excluded
internal_blind,qh_e2f71b4b80440de5,B0,1.0,0.6489315753318465,VERIFIED_FROM_RELEASE,paper_results/per_query_minimal/internal_blind_per_query.jsonl,876a16d098e1da3f642ef70854cbc985bae5f9e3,2e7f5e98a1a47f2f816626794db12486963cb2f00b416a9525cbdf8437e8f1e0,selected document ids intentionally excluded
internal_blind,qh_e2f71b4b80440de5,D0,1.0,0.6489315753318465,VERIFIED_FROM_RELEASE,paper_results/per_query_minimal/internal_blind_per_query.jsonl,876a16d098e1da3f642ef70854cbc985bae5f9e3,2e7f5e98a1a47f2f816626794db12486963cb2f00b416a9525cbdf8437e8f1e0,selected document ids intentionally excluded
internal_blind,qh_e2f71b4b80440de5,D1,1.0,0.6489315753318465,VERIFIED_FROM_RELEASE,paper_results/per_query_minimal/internal_blind_per_query.jsonl,876a16d098e1da3f642ef70854cbc985bae5f9e3,2e7f5e98a1a47f2f816626794db12486963cb2f00b416a9525cbdf8437e8f1e0,selected document ids intentionally excluded
internal_blind,qh_e2f71b4b80440de5,D2,1.0,0.6489315753318465,VERIFIED_FROM_RELEASE,paper_results/per_query_minimal/internal_blind_per_query.jsonl,876a16d098e1da3f642ef70854cbc985bae5f9e3,2e7f5e98a1a47f2f816626794db12486963cb2f00b416a9525cbdf8437e8f1e0,selected document ids intentionally excluded
internal_blind,qh_e2f71b4b80440de5,D3,1.0,0.6489315753318465,VERIFIED_FROM_RELEASE,paper_results/per_query_minimal/internal_blind_per_query.jsonl,876a16d098e1da3f642ef70854cbc985bae5f9e3,2e7f5e98a1a47f2f816626794db12486963cb2f00b416a9525cbdf8437e8f1e0,selected document ids intentionally excluded
internal_blind,qh_6fee7e74957e4b49,B0,1.0,0.6105858728157117,VERIFIED_FROM_RELEASE,paper_results/per_query_minimal/internal_blind_per_query.jsonl,876a16d098e1da3f642ef70854cbc985bae5f9e3,2e7f5e98a1a47f2f816626794db12486963cb2f00b416a9525cbdf8437e8f1e0,selected document ids intentionally excluded
internal_blind,qh_6fee7e74957e4b49,D0,1.0,0.7012899792965543,VERIFIED_FROM_RELEASE,paper_results/per_query_minimal/internal_blind_per_query.jsonl,876a16d098e1da3f642ef70854cbc985bae5f9e3,2e7f5e98a1a47f2f816626794db12486963cb2f00b416a9525cbdf8437e8f1e0,selected document ids intentionally excluded
internal_blind,qh_6fee7e74957e4b49,D1,1.0,0.5842273861585909,VERIFIED_FROM_RELEASE,paper_results/per_query_minimal/internal_blind_per_query.jsonl,876a16d098e1da3f642ef70854cbc985bae5f9e3,2e7f5e98a1a47f2f816626794db12486963cb2f00b416a9525cbdf8437e8f1e0,selected document ids intentionally excluded
internal_blind,qh_6fee7e74957e4b49,D2,1.0,0.5709662133861838,VERIFIED_FROM_RELEASE,paper_results/per_query_minimal/internal_blind_per_query.jsonl,876a16d098e1da3f642ef70854cbc985bae5f9e3,2e7f5e98a1a47f2f816626794db12486963cb2f00b416a9525cbdf8437e8f1e0,selected document ids intentionally excluded
internal_blind,qh_6fee7e74957e4b49,D3,0.6666666666666666,0.45928466606630497,VERIFIED_FROM_RELEASE,paper_results/per_query_minimal/internal_blind_per_query.jsonl,876a16d098e1da3f642ef70854cbc985bae5f9e3,2e7f5e98a1a47f2f816626794db12486963cb2f00b416a9525cbdf8437e8f1e0,selected document ids intentionally excluded
internal_blind,qh_df2386001c00c78e,B0,1.0,0.29776747152546196,VERIFIED_FROM_RELEASE,paper_results/per_query_minimal/internal_blind_per_query.jsonl,876a16d098e1da3f642ef70854cbc985bae5f9e3,2e7f5e98a1a47f2f816626794db12486963cb2f00b416a9525cbdf8437e8f1e0,selected document ids intentionally excluded
internal_blind,qh_df2386001c00c78e,D0,1.0,0.3541695345862003,VERIFIED_FROM_RELEASE,paper_results/per_query_minimal/internal_blind_per_query.jsonl,876a16d098e1da3f642ef70854cbc985bae5f9e3,2e7f5e98a1a47f2f816626794db12486963cb2f00b416a9525cbdf8437e8f1e0,selected document ids intentionally excluded
internal_blind,qh_df2386001c00c78e,D1,1.0,0.3541695345862003,VERIFIED_FROM_RELEASE,paper_results/per_query_minimal/internal_blind_per_query.jsonl,876a16d098e1da3f642ef70854cbc985bae5f9e3,2e7f5e98a1a47f2f816626794db12486963cb2f00b416a9525cbdf8437e8f1e0,selected document ids intentionally excluded
internal_blind,qh_df2386001c00c78e,D2,1.0,0.3541695345862003,VERIFIED_FROM_RELEASE,paper_results/per_query_minimal/internal_blind_per_query.jsonl,876a16d098e1da3f642ef70854cbc985bae5f9e3,2e7f5e98a1a47f2f816626794db12486963cb2f00b416a9525cbdf8437e8f1e0,selected document ids intentionally excluded
internal_blind,qh_df2386001c00c78e,D3,1.0,0.3541695345862003,VERIFIED_FROM_RELEASE,paper_results/per_query_minimal/internal_blind_per_query.jsonl,876a16d098e1da3f642ef70854cbc985bae5f9e3,2e7f5e98a1a47f2f816626794db12486963cb2f00b416a9525cbdf8437e8f1e0,selected document ids intentionally excluded
internal_blind,qh_9afa3f67121ed7f1,B0,1.0,0.34620964322385606,VERIFIED_FROM_RELEASE,paper_results/per_query_minimal/internal_blind_per_query.jsonl,876a16d098e1da3f642ef70854cbc985bae5f9e3,2e7f5e98a1a47f2f816626794db12486963cb2f00b416a9525cbdf8437e8f1e0,selected document ids intentionally excluded
internal_blind,qh_9afa3f67121ed7f1,D0,1.0,0.19519002499605084,VERIFIED_FROM_RELEASE,paper_results/per_query_minimal/internal_blind_per_query.jsonl,876a16d098e1da3f642ef70854cbc985bae5f9e3,2e7f5e98a1a47f2f816626794db12486963cb2f00b416a9525cbdf8437e8f1e0,selected document ids intentionally excluded
internal_blind,qh_9afa3f67121ed7f1,D1,1.0,0.36331756126716835,VERIFIED_FROM_RELEASE,paper_results/per_query_minimal/internal_blind_per_query.jsonl,876a16d098e1da3f642ef70854cbc985bae5f9e3,2e7f5e98a1a47f2f816626794db12486963cb2f00b416a9525cbdf8437e8f1e0,selected document ids intentionally excluded
internal_blind,qh_9afa3f67121ed7f1,D2,1.0,0.34620964322385606,VERIFIED_FROM_RELEASE,paper_results/per_query_minimal/internal_blind_per_query.jsonl,876a16d098e1da3f642ef70854cbc985bae5f9e3,2e7f5e98a1a47f2f816626794db12486963cb2f00b416a9525cbdf8437e8f1e0,selected document ids intentionally excluded
internal_blind,qh_9afa3f67121ed7f1,D3,1.0,0.5143371794949736,VERIFIED_FROM_RELEASE,paper_results/per_query_minimal/internal_blind_per_query.jsonl,876a16d098e1da3f642ef70854cbc985bae5f9e3,2e7f5e98a1a47f2f816626794db12486963cb2f00b416a9525cbdf8437e8f1e0,selected document ids intentionally excluded
internal_blind,qh_f5331dea414c4302,B0,1.0,0.6489315753318465,VERIFIED_FROM_RELEASE,paper_results/per_query_minimal/internal_blind_per_query.jsonl,876a16d098e1da3f642ef70854cbc985bae5f9e3,2e7f5e98a1a47f2f816626794db12486963cb2f00b416a9525cbdf8437e8f1e0,selected document ids intentionally excluded
internal_blind,qh_f5331dea414c4302,D0,1.0,0.6489315753318465,VERIFIED_FROM_RELEASE,paper_results/per_query_minimal/internal_blind_per_query.jsonl,876a16d098e1da3f642ef70854cbc985bae5f9e3,2e7f5e98a1a47f2f816626794db12486963cb2f00b416a9525cbdf8437e8f1e0,selected document ids intentionally excluded
internal_blind,qh_f5331dea414c4302,D1,1.0,0.6489315753318465,VERIFIED_FROM_RELEASE,paper_results/per_query_minimal/internal_blind_per_query.jsonl,876a16d098e1da3f642ef70854cbc985bae5f9e3,2e7f5e98a1a47f2f816626794db12486963cb2f00b416a9525cbdf8437e8f1e0,selected document ids intentionally excluded
internal_blind,qh_f5331dea414c4302,D2,1.0,0.6489315753318465,VERIFIED_FROM_RELEASE,paper_results/per_query_minimal/internal_blind_per_query.jsonl,876a16d098e1da3f642ef70854cbc985bae5f9e3,2e7f5e98a1a47f2f816626794db12486963cb2f00b416a9525cbdf8437e8f1e0,selected document ids intentionally excluded
internal_blind,qh_f5331dea414c4302,D3,1.0,0.6489315753318465,VERIFIED_FROM_RELEASE,paper_results/per_query_minimal/internal_blind_per_query.jsonl,876a16d098e1da3f642ef70854cbc985bae5f9e3,2e7f5e98a1a47f2f816626794db12486963cb2f00b416a9525cbdf8437e8f1e0,selected document ids intentionally excluded
internal_blind,qh_c34444f8868579b7,B0,1.0,0.6489315753318465,VERIFIED_FROM_RELEASE,paper_results/per_query_minimal/internal_blind_per_query.jsonl,876a16d098e1da3f642ef70854cbc985bae5f9e3,2e7f5e98a1a47f2f816626794db12486963cb2f00b416a9525cbdf8437e8f1e0,selected document ids intentionally excluded
internal_blind,qh_c34444f8868579b7,D0,1.0,0.6489315753318465,VERIFIED_FROM_RELEASE,paper_results/per_query_minimal/internal_blind_per_query.jsonl,876a16d098e1da3f642ef70854cbc985bae5f9e3,2e7f5e98a1a47f2f816626794db12486963cb2f00b416a9525cbdf8437e8f1e0,selected document ids intentionally excluded
internal_blind,qh_c34444f8868579b7,D1,1.0,0.6489315753318465,VERIFIED_FROM_RELEASE,paper_results/per_query_minimal/internal_blind_per_query.jsonl,876a16d098e1da3f642ef70854cbc985bae5f9e3,2e7f5e98a1a47f2f816626794db12486963cb2f00b416a9525cbdf8437e8f1e0,selected document ids intentionally excluded
internal_blind,qh_c34444f8868579b7,D2,1.0,0.6489315753318465,VERIFIED_FROM_RELEASE,paper_results/per_query_minimal/internal_blind_per_query.jsonl,876a16d098e1da3f642ef70854cbc985bae5f9e3,2e7f5e98a1a47f2f816626794db12486963cb2f00b416a9525cbdf8437e8f1e0,selected document ids intentionally excluded
internal_blind,qh_c34444f8868579b7,D3,1.0,0.6489315753318465,VERIFIED_FROM_RELEASE,paper_results/per_query_minimal/internal_blind_per_query.jsonl,876a16d098e1da3f642ef70854cbc985bae5f9e3,2e7f5e98a1a47f2f816626794db12486963cb2f00b416a9525cbdf8437e8f1e0,selected document ids intentionally excluded
internal_blind,qh_445c5fef8027b991,B0,1.0,0.6163894230187743,VERIFIED_FROM_RELEASE,paper_results/per_query_minimal/internal_blind_per_query.jsonl,876a16d098e1da3f642ef70854cbc985bae5f9e3,2e7f5e98a1a47f2f816626794db12486963cb2f00b416a9525cbdf8437e8f1e0,selected document ids intentionally excluded
internal_blind,qh_445c5fef8027b991,D0,1.0,0.5148705252269496,VERIFIED_FROM_RELEASE,paper_results/per_query_minimal/internal_blind_per_query.jsonl,876a16d098e1da3f642ef70854cbc985bae5f9e3,2e7f5e98a1a47f2f816626794db12486963cb2f00b416a9525cbdf8437e8f1e0,selected document ids intentionally excluded
internal_blind,qh_445c5fef8027b991,D1,1.0,0.6949351642150221,VERIFIED_FROM_RELEASE,paper_results/per_query_minimal/internal_blind_per_query.jsonl,876a16d098e1da3f642ef70854cbc985bae5f9e3,2e7f5e98a1a47f2f816626794db12486963cb2f00b416a9525cbdf8437e8f1e0,selected document ids intentionally excluded
internal_blind,qh_445c5fef8027b991,D2,1.0,0.5934162664231973,VERIFIED_FROM_RELEASE,paper_results/per_query_minimal/internal_blind_per_query.jsonl,876a16d098e1da3f642ef70854cbc985bae5f9e3,2e7f5e98a1a47f2f816626794db12486963cb2f00b416a9525cbdf8437e8f1e0,selected document ids intentionally excluded
internal_blind,qh_445c5fef8027b991,D3,1.0,0.7698703734653876,VERIFIED_FROM_RELEASE,paper_results/per_query_minimal/internal_blind_per_query.jsonl,876a16d098e1da3f642ef70854cbc985bae5f9e3,2e7f5e98a1a47f2f816626794db12486963cb2f00b416a9525cbdf8437e8f1e0,selected document ids intentionally excluded
cmedqa2_external,qh_142802e6e8eb0a71,B0,1.0,0.5123754103194527,VERIFIED_FROM_RELEASE,paper_results/per_query_minimal/cmedqa2_external_per_query.jsonl,876a16d098e1da3f642ef70854cbc985bae5f9e3,3e170ff0ad1d799e5899cb62fd78c9920e42982cf3202dd2d06b72a0bb212a72,selected document ids intentionally excluded
cmedqa2_external,qh_142802e6e8eb0a71,D0,1.0,0.5123754103194527,VERIFIED_FROM_RELEASE,paper_results/per_query_minimal/cmedqa2_external_per_query.jsonl,876a16d098e1da3f642ef70854cbc985bae5f9e3,3e170ff0ad1d799e5899cb62fd78c9920e42982cf3202dd2d06b72a0bb212a72,selected document ids intentionally excluded
cmedqa2_external,qh_142802e6e8eb0a71,D1,1.0,0.48299269065011685,VERIFIED_FROM_RELEASE,paper_results/per_query_minimal/cmedqa2_external_per_query.jsonl,876a16d098e1da3f642ef70854cbc985bae5f9e3,3e170ff0ad1d799e5899cb62fd78c9920e42982cf3202dd2d06b72a0bb212a72,selected document ids intentionally excluded
cmedqa2_external,qh_142802e6e8eb0a71,D2,1.0,0.5188055748047392,VERIFIED_FROM_RELEASE,paper_results/per_query_minimal/cmedqa2_external_per_query.jsonl,876a16d098e1da3f642ef70854cbc985bae5f9e3,3e170ff0ad1d799e5899cb62fd78c9920e42982cf3202dd2d06b72a0bb212a72,selected document ids intentionally excluded
cmedqa2_external,qh_142802e6e8eb0a71,D3,1.0,0.5123754103194527,VERIFIED_FROM_RELEASE,paper_results/per_query_minimal/cmedqa2_external_per_query.jsonl,876a16d098e1da3f642ef70854cbc985bae5f9e3,3e170ff0ad1d799e5899cb62fd78c9920e42982cf3202dd2d06b72a0bb212a72,selected document ids intentionally excluded
cmedqa2_external,qh_00386e0943f32b7c,B0,1.0,0.6489315753318465,VERIFIED_FROM_RELEASE,paper_results/per_query_minimal/cmedqa2_external_per_query.jsonl,876a16d098e1da3f642ef70854cbc985bae5f9e3,3e170ff0ad1d799e5899cb62fd78c9920e42982cf3202dd2d06b72a0bb212a72,selected document ids intentionally excluded
cmedqa2_external,qh_00386e0943f32b7c,D0,1.0,0.6489315753318465,VERIFIED_FROM_RELEASE,paper_results/per_query_minimal/cmedqa2_external_per_query.jsonl,876a16d098e1da3f642ef70854cbc985bae5f9e3,3e170ff0ad1d799e5899cb62fd78c9920e42982cf3202dd2d06b72a0bb212a72,selected document ids intentionally excluded
cmedqa2_external,qh_00386e0943f32b7c,D1,1.0,0.6489315753318465,VERIFIED_FROM_RELEASE,paper_results/per_query_minimal/cmedqa2_external_per_query.jsonl,876a16d098e1da3f642ef70854cbc985bae5f9e3,3e170ff0ad1d799e5899cb62fd78c9920e42982cf3202dd2d06b72a0bb212a72,selected document ids intentionally excluded
cmedqa2_external,qh_00386e0943f32b7c,D2,1.0,0.6489315753318465,VERIFIED_FROM_RELEASE,paper_results/per_query_minimal/cmedqa2_external_per_query.jsonl,876a16d098e1da3f642ef70854cbc985bae5f9e3,3e170ff0ad1d799e5899cb62fd78c9920e42982cf3202dd2d06b72a0bb212a72,selected document ids intentionally excluded
cmedqa2_external,qh_00386e0943f32b7c,D3,1.0,0.6489315753318465,VERIFIED_FROM_RELEASE,paper_results/per_query_minimal/cmedqa2_external_per_query.jsonl,876a16d098e1da3f642ef70854cbc985bae5f9e3,3e170ff0ad1d799e5899cb62fd78c9920e42982cf3202dd2d06b72a0bb212a72,selected document ids intentionally excluded
cmedqa2_external,qh_c6be39562993fa0d,B0,1.0,0.7224773966319759,VERIFIED_FROM_RELEASE,paper_results/per_query_minimal/cmedqa2_external_per_query.jsonl,876a16d098e1da3f642ef70854cbc985bae5f9e3,3e170ff0ad1d799e5899cb62fd78c9920e42982cf3202dd2d06b72a0bb212a72,selected document ids intentionally excluded
cmedqa2_external,qh_c6be39562993fa0d,D0,1.0,0.7224773966319759,VERIFIED_FROM_RELEASE,paper_results/per_query_minimal/cmedqa2_external_per_query.jsonl,876a16d098e1da3f642ef70854cbc985bae5f9e3,3e170ff0ad1d799e5899cb62fd78c9920e42982cf3202dd2d06b72a0bb212a72,selected document ids intentionally excluded
cmedqa2_external,qh_c6be39562993fa0d,D1,1.0,0.6190302475738072,VERIFIED_FROM_RELEASE,paper_results/per_query_minimal/cmedqa2_external_per_query.jsonl,876a16d098e1da3f642ef70854cbc985bae5f9e3,3e170ff0ad1d799e5899cb62fd78c9920e42982cf3202dd2d06b72a0bb212a72,selected document ids intentionally excluded
cmedqa2_external,qh_c6be39562993fa0d,D2,1.0,0.7458869056630193,VERIFIED_FROM_RELEASE,paper_results/per_query_minimal/cmedqa2_external_per_query.jsonl,876a16d098e1da3f642ef70854cbc985bae5f9e3,3e170ff0ad1d799e5899cb62fd78c9920e42982cf3202dd2d06b72a0bb212a72,selected document ids intentionally excluded
cmedqa2_external,qh_c6be39562993fa0d,D3,1.0,0.4975613632185564,VERIFIED_FROM_RELEASE,paper_results/per_query_minimal/cmedqa2_external_per_query.jsonl,876a16d098e1da3f642ef70854cbc985bae5f9e3,3e170ff0ad1d799e5899cb62fd78c9920e42982cf3202dd2d06b72a0bb212a72,selected document ids intentionally excluded
cmedqa2_external,qh_ab31eec4016eb7b0,B0,1.0,0.5447249629530071,VERIFIED_FROM_RELEASE,paper_results/per_query_minimal/cmedqa2_external_per_query.jsonl,876a16d098e1da3f642ef70854cbc985bae5f9e3,3e170ff0ad1d799e5899cb62fd78c9920e42982cf3202dd2d06b72a0bb212a72,selected document ids intentionally excluded
cmedqa2_external,qh_ab31eec4016eb7b0,D0,1.0,0.4579766441086709,VERIFIED_FROM_RELEASE,paper_results/per_query_minimal/cmedqa2_external_per_query.jsonl,876a16d098e1da3f642ef70854cbc985bae5f9e3,3e170ff0ad1d799e5899cb62fd78c9920e42982cf3202dd2d06b72a0bb212a72,selected document ids intentionally excluded
cmedqa2_external,qh_ab31eec4016eb7b0,D1,1.0,0.5447249629530071,VERIFIED_FROM_RELEASE,paper_results/per_query_minimal/cmedqa2_external_per_query.jsonl,876a16d098e1da3f642ef70854cbc985bae5f9e3,3e170ff0ad1d799e5899cb62fd78c9920e42982cf3202dd2d06b72a0bb212a72,selected document ids intentionally excluded
cmedqa2_external,qh_ab31eec4016eb7b0,D2,1.0,0.5447249629530071,VERIFIED_FROM_RELEASE,paper_results/per_query_minimal/cmedqa2_external_per_query.jsonl,876a16d098e1da3f642ef70854cbc985bae5f9e3,3e170ff0ad1d799e5899cb62fd78c9920e42982cf3202dd2d06b72a0bb212a72,selected document ids intentionally excluded
cmedqa2_external,qh_ab31eec4016eb7b0,D3,1.0,0.5447249629530071,VERIFIED_FROM_RELEASE,paper_results/per_query_minimal/cmedqa2_external_per_query.jsonl,876a16d098e1da3f642ef70854cbc985bae5f9e3,3e170ff0ad1d799e5899cb62fd78c9920e42982cf3202dd2d06b72a0bb212a72,selected document ids intentionally excluded
cmedqa2_external,qh_21a516328b971d70,B0,1.0,0.6489315753318465,VERIFIED_FROM_RELEASE,paper_results/per_query_minimal/cmedqa2_external_per_query.jsonl,876a16d098e1da3f642ef70854cbc985bae5f9e3,3e170ff0ad1d799e5899cb62fd78c9920e42982cf3202dd2d06b72a0bb212a72,selected document ids intentionally excluded
cmedqa2_external,qh_21a516328b971d70,D0,1.0,0.6489315753318465,VERIFIED_FROM_RELEASE,paper_results/per_query_minimal/cmedqa2_external_per_query.jsonl,876a16d098e1da3f642ef70854cbc985bae5f9e3,3e170ff0ad1d799e5899cb62fd78c9920e42982cf3202dd2d06b72a0bb212a72,selected document ids intentionally excluded
cmedqa2_external,qh_21a516328b971d70,D1,1.0,0.6489315753318465,VERIFIED_FROM_RELEASE,paper_results/per_query_minimal/cmedqa2_external_per_query.jsonl,876a16d098e1da3f642ef70854cbc985bae5f9e3,3e170ff0ad1d799e5899cb62fd78c9920e42982cf3202dd2d06b72a0bb212a72,selected document ids intentionally excluded
cmedqa2_external,qh_21a516328b971d70,D2,1.0,0.6489315753318465,VERIFIED_FROM_RELEASE,paper_results/per_query_minimal/cmedqa2_external_per_query.jsonl,876a16d098e1da3f642ef70854cbc985bae5f9e3,3e170ff0ad1d799e5899cb62fd78c9920e42982cf3202dd2d06b72a0bb212a72,selected document ids intentionally excluded
cmedqa2_external,qh_21a516328b971d70,D3,1.0,0.6489315753318465,VERIFIED_FROM_RELEASE,paper_results/per_query_minimal/cmedqa2_external_per_query.jsonl,876a16d098e1da3f642ef70854cbc985bae5f9e3,3e170ff0ad1d799e5899cb62fd78c9920e42982cf3202dd2d06b72a0bb212a72,selected document ids intentionally excluded
cmedqa2_external,qh_2cd91edcb1e7f6da,B0,1.0,0.3580107556099161,VERIFIED_FROM_RELEASE,paper_results/per_query_minimal/cmedqa2_external_per_query.jsonl,876a16d098e1da3f642ef70854cbc985bae5f9e3,3e170ff0ad1d799e5899cb62fd78c9920e42982cf3202dd2d06b72a0bb212a72,selected document ids intentionally excluded
cmedqa2_external,qh_2cd91edcb1e7f6da,D0,1.0,0.09271639884807328,VERIFIED_FROM_RELEASE,paper_results/per_query_minimal/cmedqa2_external_per_query.jsonl,876a16d098e1da3f642ef70854cbc985bae5f9e3,3e170ff0ad1d799e5899cb62fd78c9920e42982cf3202dd2d06b72a0bb212a72,selected document ids intentionally excluded
cmedqa2_external,qh_2cd91edcb1e7f6da,D1,1.0,0.0,VERIFIED_FROM_RELEASE,paper_results/per_query_minimal/cmedqa2_external_per_query.jsonl,876a16d098e1da3f642ef70854cbc985bae5f9e3,3e170ff0ad1d799e5899cb62fd78c9920e42982cf3202dd2d06b72a0bb212a72,selected document ids intentionally excluded
cmedqa2_external,qh_2cd91edcb1e7f6da,D2,1.0,0.09271639884807328,VERIFIED_FROM_RELEASE,paper_results/per_query_minimal/cmedqa2_external_per_query.jsonl,876a16d098e1da3f642ef70854cbc985bae5f9e3,3e170ff0ad1d799e5899cb62fd78c9920e42982cf3202dd2d06b72a0bb212a72,selected document ids intentionally excluded
cmedqa2_external,qh_2cd91edcb1e7f6da,D3,1.0,0.07986155906569621,VERIFIED_FROM_RELEASE,paper_results/per_query_minimal/cmedqa2_external_per_query.jsonl,876a16d098e1da3f642ef70854cbc985bae5f9e3,3e170ff0ad1d799e5899cb62fd78c9920e42982cf3202dd2d06b72a0bb212a72,selected document ids intentionally excluded
cmedqa2_external,qh_245af57d074d9b06,B0,1.0,0.4096287685507568,VERIFIED_FROM_RELEASE,paper_results/per_query_minimal/cmedqa2_external_per_query.jsonl,876a16d098e1da3f642ef70854cbc985bae5f9e3,3e170ff0ad1d799e5899cb62fd78c9920e42982cf3202dd2d06b72a0bb212a72,selected document ids intentionally excluded
cmedqa2_external,qh_245af57d074d9b06,D0,1.0,0.4096287685507568,VERIFIED_FROM_RELEASE,paper_results/per_query_minimal/cmedqa2_external_per_query.jsonl,876a16d098e1da3f642ef70854cbc985bae5f9e3,3e170ff0ad1d799e5899cb62fd78c9920e42982cf3202dd2d06b72a0bb212a72,selected document ids intentionally excluded
cmedqa2_external,qh_245af57d074d9b06,D1,1.0,0.44544165270537917,VERIFIED_FROM_RELEASE,paper_results/per_query_minimal/cmedqa2_external_per_query.jsonl,876a16d098e1da3f642ef70854cbc985bae5f9e3,3e170ff0ad1d799e5899cb62fd78c9920e42982cf3202dd2d06b72a0bb212a72,selected document ids intentionally excluded
cmedqa2_external,qh_245af57d074d9b06,D2,1.0,0.4288398090337664,VERIFIED_FROM_RELEASE,paper_results/per_query_minimal/cmedqa2_external_per_query.jsonl,876a16d098e1da3f642ef70854cbc985bae5f9e3,3e170ff0ad1d799e5899cb62fd78c9920e42982cf3202dd2d06b72a0bb212a72,selected document ids intentionally excluded
cmedqa2_external,qh_245af57d074d9b06,D3,1.0,0.33626484645139676,VERIFIED_FROM_RELEASE,paper_results/per_query_minimal/cmedqa2_external_per_query.jsonl,876a16d098e1da3f642ef70854cbc985bae5f9e3,3e170ff0ad1d799e5899cb62fd78c9920e42982cf3202dd2d06b72a0bb212a72,selected document ids intentionally excluded
cmedqa2_external,qh_c087113251b897c9,B0,1.0,0.6164336326286644,VERIFIED_FROM_RELEASE,paper_results/per_query_minimal/cmedqa2_external_per_query.jsonl,876a16d098e1da3f642ef70854cbc985bae5f9e3,3e170ff0ad1d799e5899cb62fd78c9920e42982cf3202dd2d06b72a0bb212a72,selected document ids intentionally excluded
cmedqa2_external,qh_c087113251b897c9,D0,1.0,0.6843515475204855,VERIFIED_FROM_RELEASE,paper_results/per_query_minimal/cmedqa2_external_per_query.jsonl,876a16d098e1da3f642ef70854cbc985bae5f9e3,3e170ff0ad1d799e5899cb62fd78c9920e42982cf3202dd2d06b72a0bb212a72,selected document ids intentionally excluded
cmedqa2_external,qh_c087113251b897c9,D1,1.0,0.6843515475204855,VERIFIED_FROM_RELEASE,paper_results/per_query_minimal/cmedqa2_external_per_query.jsonl,876a16d098e1da3f642ef70854cbc985bae5f9e3,3e170ff0ad1d799e5899cb62fd78c9920e42982cf3202dd2d06b72a0bb212a72,selected document ids intentionally excluded
cmedqa2_external,qh_c087113251b897c9,D2,1.0,0.639945385422766,VERIFIED_FROM_RELEASE,paper_results/per_query_minimal/cmedqa2_external_per_query.jsonl,876a16d098e1da3f642ef70854cbc985bae5f9e3,3e170ff0ad1d799e5899cb62fd78c9920e42982cf3202dd2d06b72a0bb212a72,selected document ids intentionally excluded
cmedqa2_external,qh_c087113251b897c9,D3,1.0,0.639945385422766,VERIFIED_FROM_RELEASE,paper_results/per_query_minimal/cmedqa2_external_per_query.jsonl,876a16d098e1da3f642ef70854cbc985bae5f9e3,3e170ff0ad1d799e5899cb62fd78c9920e42982cf3202dd2d06b72a0bb212a72,selected document ids intentionally excluded
cmedqa2_external,qh_275132d00d6dc6c6,B0,1.0,0.6489315753318465,VERIFIED_FROM_RELEASE,paper_results/per_query_minimal/cmedqa2_external_per_query.jsonl,876a16d098e1da3f642ef70854cbc985bae5f9e3,3e170ff0ad1d799e5899cb62fd78c9920e42982cf3202dd2d06b72a0bb212a72,selected document ids intentionally excluded
cmedqa2_external,qh_275132d00d6dc6c6,D0,1.0,0.6489315753318465,VERIFIED_FROM_RELEASE,paper_results/per_query_minimal/cmedqa2_external_per_query.jsonl,876a16d098e1da3f642ef70854cbc985bae5f9e3,3e170ff0ad1d799e5899cb62fd78c9920e42982cf3202dd2d06b72a0bb212a72,selected document ids intentionally excluded
cmedqa2_external,qh_275132d00d6dc6c6,D1,1.0,0.6489315753318465,VERIFIED_FROM_RELEASE,paper_results/per_query_minimal/cmedqa2_external_per_query.jsonl,876a16d098e1da3f642ef70854cbc985bae5f9e3,3e170ff0ad1d799e5899cb62fd78c9920e42982cf3202dd2d06b72a0bb212a72,selected document ids intentionally excluded
cmedqa2_external,qh_275132d00d6dc6c6,D2,1.0,0.6489315753318465,VERIFIED_FROM_RELEASE,paper_results/per_query_minimal/cmedqa2_external_per_query.jsonl,876a16d098e1da3f642ef70854cbc985bae5f9e3,3e170ff0ad1d799e5899cb62fd78c9920e42982cf3202dd2d06b72a0bb212a72,selected document ids intentionally excluded
cmedqa2_external,qh_275132d00d6dc6c6,D3,1.0,0.6489315753318465,VERIFIED_FROM_RELEASE,paper_results/per_query_minimal/cmedqa2_external_per_query.jsonl,876a16d098e1da3f642ef70854cbc985bae5f9e3,3e170ff0ad1d799e5899cb62fd78c9920e42982cf3202dd2d06b72a0bb212a72,selected document ids intentionally excluded
cmedqa2_external,qh_29ff9975b18fc1bf,B0,1.0,0.6489315753318465,VERIFIED_FROM_RELEASE,paper_results/per_query_minimal/cmedqa2_external_per_query.jsonl,876a16d098e1da3f642ef70854cbc985bae5f9e3,3e170ff0ad1d799e5899cb62fd78c9920e42982cf3202dd2d06b72a0bb212a72,selected document ids intentionally excluded
cmedqa2_external,qh_29ff9975b18fc1bf,D0,1.0,0.6489315753318465,VERIFIED_FROM_RELEASE,paper_results/per_query_minimal/cmedqa2_external_per_query.jsonl,876a16d098e1da3f642ef70854cbc985bae5f9e3,3e170ff0ad1d799e5899cb62fd78c9920e42982cf3202dd2d06b72a0bb212a72,selected document ids intentionally excluded
cmedqa2_external,qh_29ff9975b18fc1bf,D1,1.0,0.6489315753318465,VERIFIED_FROM_RELEASE,paper_results/per_query_minimal/cmedqa2_external_per_query.jsonl,876a16d098e1da3f642ef70854cbc985bae5f9e3,3e170ff0ad1d799e5899cb62fd78c9920e42982cf3202dd2d06b72a0bb212a72,selected document ids intentionally excluded
cmedqa2_external,qh_29ff9975b18fc1bf,D2,1.0,0.6489315753318465,VERIFIED_FROM_RELEASE,paper_results/per_query_minimal/cmedqa2_external_per_query.jsonl,876a16d098e1da3f642ef70854cbc985bae5f9e3,3e170ff0ad1d799e5899cb62fd78c9920e42982cf3202dd2d06b72a0bb212a72,selected document ids intentionally excluded
cmedqa2_external,qh_29ff9975b18fc1bf,D3,1.0,0.4288398090337664,VERIFIED_FROM_RELEASE,paper_results/per_query_minimal/cmedqa2_external_per_query.jsonl,876a16d098e1da3f642ef70854cbc985bae5f9e3,3e170ff0ad1d799e5899cb62fd78c9920e42982cf3202dd2d06b72a0bb212a72,selected document ids intentionally excluded
cmedqa2_external,qh_897d0d53cc56459f,B0,1.0,0.6489315753318465,VERIFIED_FROM_RELEASE,paper_results/per_query_minimal/cmedqa2_external_per_query.jsonl,876a16d098e1da3f642ef70854cbc985bae5f9e3,3e170ff0ad1d799e5899cb62fd78c9920e42982cf3202dd2d06b72a0bb212a72,selected document ids intentionally excluded
cmedqa2_external,qh_897d0d53cc56459f,D0,1.0,0.6489315753318465,VERIFIED_FROM_RELEASE,paper_results/per_query_minimal/cmedqa2_external_per_query.jsonl,876a16d098e1da3f642ef70854cbc985bae5f9e3,3e170ff0ad1d799e5899cb62fd78c9920e42982cf3202dd2d06b72a0bb212a72,selected document ids intentionally excluded
cmedqa2_external,qh_897d0d53cc56459f,D1,1.0,0.6489315753318465,VERIFIED_FROM_RELEASE,paper_results/per_query_minimal/cmedqa2_external_per_query.jsonl,876a16d098e1da3f642ef70854cbc985bae5f9e3,3e170ff0ad1d799e5899cb62fd78c9920e42982cf3202dd2d06b72a0bb212a72,selected document ids intentionally excluded
cmedqa2_external,qh_897d0d53cc56459f,D2,1.0,0.6489315753318465,VERIFIED_FROM_RELEASE,paper_results/per_query_minimal/cmedqa2_external_per_query.jsonl,876a16d098e1da3f642ef70854cbc985bae5f9e3,3e170ff0ad1d799e5899cb62fd78c9920e42982cf3202dd2d06b72a0bb212a72,selected document ids intentionally excluded
cmedqa2_external,qh_897d0d53cc56459f,D3,1.0,0.6489315753318465,VERIFIED_FROM_RELEASE,paper_results/per_query_minimal/cmedqa2_external_per_query.jsonl,876a16d098e1da3f642ef70854cbc985bae5f9e3,3e170ff0ad1d799e5899cb62fd78c9920e42982cf3202dd2d06b72a0bb212a72,selected document ids intentionally excluded
cmedqa2_external,qh_5023d6a89d0071ba,B0,1.0,0.5570020051490507,VERIFIED_FROM_RELEASE,paper_results/per_query_minimal/cmedqa2_external_per_query.jsonl,876a16d098e1da3f642ef70854cbc985bae5f9e3,3e170ff0ad1d799e5899cb62fd78c9920e42982cf3202dd2d06b72a0bb212a72,selected document ids intentionally excluded
cmedqa2_external,qh_5023d6a89d0071ba,D0,1.0,0.4915422329563775,VERIFIED_FROM_RELEASE,paper_results/per_query_minimal/cmedqa2_external_per_query.jsonl,876a16d098e1da3f642ef70854cbc985bae5f9e3,3e170ff0ad1d799e5899cb62fd78c9920e42982cf3202dd2d06b72a0bb212a72,selected document ids intentionally excluded
cmedqa2_external,qh_5023d6a89d0071ba,D1,1.0,0.4915422329563775,VERIFIED_FROM_RELEASE,paper_results/per_query_minimal/cmedqa2_external_per_query.jsonl,876a16d098e1da3f642ef70854cbc985bae5f9e3,3e170ff0ad1d799e5899cb62fd78c9920e42982cf3202dd2d06b72a0bb212a72,selected document ids intentionally excluded
cmedqa2_external,qh_5023d6a89d0071ba,D2,1.0,0.4216760034877121,VERIFIED_FROM_RELEASE,paper_results/per_query_minimal/cmedqa2_external_per_query.jsonl,876a16d098e1da3f642ef70854cbc985bae5f9e3,3e170ff0ad1d799e5899cb62fd78c9920e42982cf3202dd2d06b72a0bb212a72,selected document ids intentionally excluded
cmedqa2_external,qh_5023d6a89d0071ba,D3,1.0,0.4915422329563775,VERIFIED_FROM_RELEASE,paper_results/per_query_minimal/cmedqa2_external_per_query.jsonl,876a16d098e1da3f642ef70854cbc985bae5f9e3,3e170ff0ad1d799e5899cb62fd78c9920e42982cf3202dd2d06b72a0bb212a72,selected document ids intentionally excluded
cmedqa2_external,qh_4c4615aa0172ac9b,B0,1.0,0.5480480456545046,VERIFIED_FROM_RELEASE,paper_results/per_query_minimal/cmedqa2_external_per_query.jsonl,876a16d098e1da3f642ef70854cbc985bae5f9e3,3e170ff0ad1d799e5899cb62fd78c9920e42982cf3202dd2d06b72a0bb212a72,selected document ids intentionally excluded
cmedqa2_external,qh_4c4615aa0172ac9b,D0,1.0,0.5278244151325656,VERIFIED_FROM_RELEASE,paper_results/per_query_minimal/cmedqa2_external_per_query.jsonl,876a16d098e1da3f642ef70854cbc985bae5f9e3,3e170ff0ad1d799e5899cb62fd78c9920e42982cf3202dd2d06b72a0bb212a72,selected document ids intentionally excluded
cmedqa2_external,qh_4c4615aa0172ac9b,D1,1.0,0.5278244151325656,VERIFIED_FROM_RELEASE,paper_results/per_query_minimal/cmedqa2_external_per_query.jsonl,876a16d098e1da3f642ef70854cbc985bae5f9e3,3e170ff0ad1d799e5899cb62fd78c9920e42982cf3202dd2d06b72a0bb212a72,selected document ids intentionally excluded
cmedqa2_external,qh_4c4615aa0172ac9b,D2,1.0,0.4565940520449625,VERIFIED_FROM_RELEASE,paper_results/per_query_minimal/cmedqa2_external_per_query.jsonl,876a16d098e1da3f642ef70854cbc985bae5f9e3,3e170ff0ad1d799e5899cb62fd78c9920e42982cf3202dd2d06b72a0bb212a72,selected document ids intentionally excluded
cmedqa2_external,qh_4c4615aa0172ac9b,D3,1.0,0.4565940520449625,VERIFIED_FROM_RELEASE,paper_results/per_query_minimal/cmedqa2_external_per_query.jsonl,876a16d098e1da3f642ef70854cbc985bae5f9e3,3e170ff0ad1d799e5899cb62fd78c9920e42982cf3202dd2d06b72a0bb212a72,selected document ids intentionally excluded
cmedqa2_external,qh_70a8222e7f9a3e4d,B0,1.0,0.5921694969040991,VERIFIED_FROM_RELEASE,paper_results/per_query_minimal/cmedqa2_external_per_query.jsonl,876a16d098e1da3f642ef70854cbc985bae5f9e3,3e170ff0ad1d799e5899cb62fd78c9920e42982cf3202dd2d06b72a0bb212a72,selected document ids intentionally excluded
cmedqa2_external,qh_70a8222e7f9a3e4d,D0,1.0,0.5921694969040991,VERIFIED_FROM_RELEASE,paper_results/per_query_minimal/cmedqa2_external_per_query.jsonl,876a16d098e1da3f642ef70854cbc985bae5f9e3,3e170ff0ad1d799e5899cb62fd78c9920e42982cf3202dd2d06b72a0bb212a72,selected document ids intentionally excluded
cmedqa2_external,qh_70a8222e7f9a3e4d,D1,1.0,0.5921694969040991,VERIFIED_FROM_RELEASE,paper_results/per_query_minimal/cmedqa2_external_per_query.jsonl,876a16d098e1da3f642ef70854cbc985bae5f9e3,3e170ff0ad1d799e5899cb62fd78c9920e42982cf3202dd2d06b72a0bb212a72,selected document ids intentionally excluded
cmedqa2_external,qh_70a8222e7f9a3e4d,D2,1.0,0.6489315753318465,VERIFIED_FROM_RELEASE,paper_results/per_query_minimal/cmedqa2_external_per_query.jsonl,876a16d098e1da3f642ef70854cbc985bae5f9e3,3e170ff0ad1d799e5899cb62fd78c9920e42982cf3202dd2d06b72a0bb212a72,selected document ids intentionally excluded
cmedqa2_external,qh_70a8222e7f9a3e4d,D3,1.0,0.5289772539910653,VERIFIED_FROM_RELEASE,paper_results/per_query_minimal/cmedqa2_external_per_query.jsonl,876a16d098e1da3f642ef70854cbc985bae5f9e3,3e170ff0ad1d799e5899cb62fd78c9920e42982cf3202dd2d06b72a0bb212a72,selected document ids intentionally excluded
cmedqa2_external,qh_8c6b4a362d0f5650,B0,1.0,0.5022037311331264,VERIFIED_FROM_RELEASE,paper_results/per_query_minimal/cmedqa2_external_per_query.jsonl,876a16d098e1da3f642ef70854cbc985bae5f9e3,3e170ff0ad1d799e5899cb62fd78c9920e42982cf3202dd2d06b72a0bb212a72,selected document ids intentionally excluded
cmedqa2_external,qh_8c6b4a362d0f5650,D0,1.0,0.5563566127494769,VERIFIED_FROM_RELEASE,paper_results/per_query_minimal/cmedqa2_external_per_query.jsonl,876a16d098e1da3f642ef70854cbc985bae5f9e3,3e170ff0ad1d799e5899cb62fd78c9920e42982cf3202dd2d06b72a0bb212a72,selected document ids intentionally excluded
cmedqa2_external,qh_8c6b4a362d0f5650,D1,1.0,0.5022037311331264,VERIFIED_FROM_RELEASE,paper_results/per_query_minimal/cmedqa2_external_per_query.jsonl,876a16d098e1da3f642ef70854cbc985bae5f9e3,3e170ff0ad1d799e5899cb62fd78c9920e42982cf3202dd2d06b72a0bb212a72,selected document ids intentionally excluded
cmedqa2_external,qh_8c6b4a362d0f5650,D2,1.0,0.5022037311331264,VERIFIED_FROM_RELEASE,paper_results/per_query_minimal/cmedqa2_external_per_query.jsonl,876a16d098e1da3f642ef70854cbc985bae5f9e3,3e170ff0ad1d799e5899cb62fd78c9920e42982cf3202dd2d06b72a0bb212a72,selected document ids intentionally excluded
cmedqa2_external,qh_8c6b4a362d0f5650,D3,1.0,0.5755676532324865,VERIFIED_FROM_RELEASE,paper_results/per_query_minimal/cmedqa2_external_per_query.jsonl,876a16d098e1da3f642ef70854cbc985bae5f9e3,3e170ff0ad1d799e5899cb62fd78c9920e42982cf3202dd2d06b72a0bb212a72,selected document ids intentionally excluded
cmedqa2_external,qh_168572ba5ce323d4,B0,1.0,0.6116831762877911,VERIFIED_FROM_RELEASE,paper_results/per_query_minimal/cmedqa2_external_per_query.jsonl,876a16d098e1da3f642ef70854cbc985bae5f9e3,3e170ff0ad1d799e5899cb62fd78c9920e42982cf3202dd2d06b72a0bb212a72,selected document ids intentionally excluded
cmedqa2_external,qh_168572ba5ce323d4,D0,1.0,0.5627542724324603,VERIFIED_FROM_RELEASE,paper_results/per_query_minimal/cmedqa2_external_per_query.jsonl,876a16d098e1da3f642ef70854cbc985bae5f9e3,3e170ff0ad1d799e5899cb62fd78c9920e42982cf3202dd2d06b72a0bb212a72,selected document ids intentionally excluded
cmedqa2_external,qh_168572ba5ce323d4,D1,1.0,0.5809990232856462,VERIFIED_FROM_RELEASE,paper_results/per_query_minimal/cmedqa2_external_per_query.jsonl,876a16d098e1da3f642ef70854cbc985bae5f9e3,3e170ff0ad1d799e5899cb62fd78c9920e42982cf3202dd2d06b72a0bb212a72,selected document ids intentionally excluded
cmedqa2_external,qh_168572ba5ce323d4,D2,1.0,0.6116831762877911,VERIFIED_FROM_RELEASE,paper_results/per_query_minimal/cmedqa2_external_per_query.jsonl,876a16d098e1da3f642ef70854cbc985bae5f9e3,3e170ff0ad1d799e5899cb62fd78c9920e42982cf3202dd2d06b72a0bb212a72,selected document ids intentionally excluded
cmedqa2_external,qh_168572ba5ce323d4,D3,1.0,0.6116831762877911,VERIFIED_FROM_RELEASE,paper_results/per_query_minimal/cmedqa2_external_per_query.jsonl,876a16d098e1da3f642ef70854cbc985bae5f9e3,3e170ff0ad1d799e5899cb62fd78c9920e42982cf3202dd2d06b72a0bb212a72,selected document ids intentionally excluded
cmedqa2_external,qh_e882271a918694ec,B0,1.0,0.8311898232519659,VERIFIED_FROM_RELEASE,paper_results/per_query_minimal/cmedqa2_external_per_query.jsonl,876a16d098e1da3f642ef70854cbc985bae5f9e3,3e170ff0ad1d799e5899cb62fd78c9920e42982cf3202dd2d06b72a0bb212a72,selected document ids intentionally excluded
cmedqa2_external,qh_e882271a918694ec,D0,1.0,0.8311898232519659,VERIFIED_FROM_RELEASE,paper_results/per_query_minimal/cmedqa2_external_per_query.jsonl,876a16d098e1da3f642ef70854cbc985bae5f9e3,3e170ff0ad1d799e5899cb62fd78c9920e42982cf3202dd2d06b72a0bb212a72,selected document ids intentionally excluded
cmedqa2_external,qh_e882271a918694ec,D1,1.0,0.8311898232519659,VERIFIED_FROM_RELEASE,paper_results/per_query_minimal/cmedqa2_external_per_query.jsonl,876a16d098e1da3f642ef70854cbc985bae5f9e3,3e170ff0ad1d799e5899cb62fd78c9920e42982cf3202dd2d06b72a0bb212a72,selected document ids intentionally excluded
cmedqa2_external,qh_e882271a918694ec,D2,1.0,0.8311898232519659,VERIFIED_FROM_RELEASE,paper_results/per_query_minimal/cmedqa2_external_per_query.jsonl,876a16d098e1da3f642ef70854cbc985bae5f9e3,3e170ff0ad1d799e5899cb62fd78c9920e42982cf3202dd2d06b72a0bb212a72,selected document ids intentionally excluded
cmedqa2_external,qh_e882271a918694ec,D3,1.0,0.8311898232519659,VERIFIED_FROM_RELEASE,paper_results/per_query_minimal/cmedqa2_external_per_query.jsonl,876a16d098e1da3f642ef70854cbc985bae5f9e3,3e170ff0ad1d799e5899cb62fd78c9920e42982cf3202dd2d06b72a0bb212a72,selected document ids intentionally excluded
cmedqa2_external,qh_595566cb7d09dbdf,B0,1.0,0.7751482523375256,VERIFIED_FROM_RELEASE,paper_results/per_query_minimal/cmedqa2_external_per_query.jsonl,876a16d098e1da3f642ef70854cbc985bae5f9e3,3e170ff0ad1d799e5899cb62fd78c9920e42982cf3202dd2d06b72a0bb212a72,selected document ids intentionally excluded
cmedqa2_external,qh_595566cb7d09dbdf,D0,1.0,0.3026024134988135,VERIFIED_FROM_RELEASE,paper_results/per_query_minimal/cmedqa2_external_per_query.jsonl,876a16d098e1da3f642ef70854cbc985bae5f9e3,3e170ff0ad1d799e5899cb62fd78c9920e42982cf3202dd2d06b72a0bb212a72,selected document ids intentionally excluded
cmedqa2_external,qh_595566cb7d09dbdf,D1,1.0,0.3026024134988135,VERIFIED_FROM_RELEASE,paper_results/per_query_minimal/cmedqa2_external_per_query.jsonl,876a16d098e1da3f642ef70854cbc985bae5f9e3,3e170ff0ad1d799e5899cb62fd78c9920e42982cf3202dd2d06b72a0bb212a72,selected document ids intentionally excluded
cmedqa2_external,qh_595566cb7d09dbdf,D2,1.0,0.7751482523375256,VERIFIED_FROM_RELEASE,paper_results/per_query_minimal/cmedqa2_external_per_query.jsonl,876a16d098e1da3f642ef70854cbc985bae5f9e3,3e170ff0ad1d799e5899cb62fd78c9920e42982cf3202dd2d06b72a0bb212a72,selected document ids intentionally excluded
cmedqa2_external,qh_595566cb7d09dbdf,D3,1.0,0.7751482523375256,VERIFIED_FROM_RELEASE,paper_results/per_query_minimal/cmedqa2_external_per_query.jsonl,876a16d098e1da3f642ef70854cbc985bae5f9e3,3e170ff0ad1d799e5899cb62fd78c9920e42982cf3202dd2d06b72a0bb212a72,selected document ids intentionally excluded
cmedqa2_external,qh_816e0101b4cfd0c5,B0,1.0,0.4369154838469855,VERIFIED_FROM_RELEASE,paper_results/per_query_minimal/cmedqa2_external_per_query.jsonl,876a16d098e1da3f642ef70854cbc985bae5f9e3,3e170ff0ad1d799e5899cb62fd78c9920e42982cf3202dd2d06b72a0bb212a72,selected document ids intentionally excluded
cmedqa2_external,qh_816e0101b4cfd0c5,D0,1.0,0.3662156056570557,VERIFIED_FROM_RELEASE,paper_results/per_query_minimal/cmedqa2_external_per_query.jsonl,876a16d098e1da3f642ef70854cbc985bae5f9e3,3e170ff0ad1d799e5899cb62fd78c9920e42982cf3202dd2d06b72a0bb212a72,selected document ids intentionally excluded
cmedqa2_external,qh_816e0101b4cfd0c5,D1,1.0,0.25658620134887455,VERIFIED_FROM_RELEASE,paper_results/per_query_minimal/cmedqa2_external_per_query.jsonl,876a16d098e1da3f642ef70854cbc985bae5f9e3,3e170ff0ad1d799e5899cb62fd78c9920e42982cf3202dd2d06b72a0bb212a72,selected document ids intentionally excluded
cmedqa2_external,qh_816e0101b4cfd0c5,D2,1.0,0.4369154838469855,VERIFIED_FROM_RELEASE,paper_results/per_query_minimal/cmedqa2_external_per_query.jsonl,876a16d098e1da3f642ef70854cbc985bae5f9e3,3e170ff0ad1d799e5899cb62fd78c9920e42982cf3202dd2d06b72a0bb212a72,selected document ids intentionally excluded
cmedqa2_external,qh_816e0101b4cfd0c5,D3,1.0,0.24535336559419837,VERIFIED_FROM_RELEASE,paper_results/per_query_minimal/cmedqa2_external_per_query.jsonl,876a16d098e1da3f642ef70854cbc985bae5f9e3,3e170ff0ad1d799e5899cb62fd78c9920e42982cf3202dd2d06b72a0bb212a72,selected document ids intentionally excluded
cmedqa2_external,qh_3f3bc2bbfea0cee4,B0,1.0,0.5022037311331264,VERIFIED_FROM_RELEASE,paper_results/per_query_minimal/cmedqa2_external_per_query.jsonl,876a16d098e1da3f642ef70854cbc985bae5f9e3,3e170ff0ad1d799e5899cb62fd78c9920e42982cf3202dd2d06b72a0bb212a72,selected document ids intentionally excluded
cmedqa2_external,qh_3f3bc2bbfea0cee4,D0,1.0,0.5022037311331264,VERIFIED_FROM_RELEASE,paper_results/per_query_minimal/cmedqa2_external_per_query.jsonl,876a16d098e1da3f642ef70854cbc985bae5f9e3,3e170ff0ad1d799e5899cb62fd78c9920e42982cf3202dd2d06b72a0bb212a72,selected document ids intentionally excluded
cmedqa2_external,qh_3f3bc2bbfea0cee4,D1,1.0,0.5755676532324865,VERIFIED_FROM_RELEASE,paper_results/per_query_minimal/cmedqa2_external_per_query.jsonl,876a16d098e1da3f642ef70854cbc985bae5f9e3,3e170ff0ad1d799e5899cb62fd78c9920e42982cf3202dd2d06b72a0bb212a72,selected document ids intentionally excluded
cmedqa2_external,qh_3f3bc2bbfea0cee4,D2,1.0,0.5022037311331264,VERIFIED_FROM_RELEASE,paper_results/per_query_minimal/cmedqa2_external_per_query.jsonl,876a16d098e1da3f642ef70854cbc985bae5f9e3,3e170ff0ad1d799e5899cb62fd78c9920e42982cf3202dd2d06b72a0bb212a72,selected document ids intentionally excluded
cmedqa2_external,qh_3f3bc2bbfea0cee4,D3,1.0,0.5022037311331264,VERIFIED_FROM_RELEASE,paper_results/per_query_minimal/cmedqa2_external_per_query.jsonl,876a16d098e1da3f642ef70854cbc985bae5f9e3,3e170ff0ad1d799e5899cb62fd78c9920e42982cf3202dd2d06b72a0bb212a72,selected document ids intentionally excluded
cmedqa2_external,qh_97da9b01d15251b6,B0,1.0,0.6489315753318465,VERIFIED_FROM_RELEASE,paper_results/per_query_minimal/cmedqa2_external_per_query.jsonl,876a16d098e1da3f642ef70854cbc985bae5f9e3,3e170ff0ad1d799e5899cb62fd78c9920e42982cf3202dd2d06b72a0bb212a72,selected document ids intentionally excluded
cmedqa2_external,qh_97da9b01d15251b6,D0,1.0,0.6489315753318465,VERIFIED_FROM_RELEASE,paper_results/per_query_minimal/cmedqa2_external_per_query.jsonl,876a16d098e1da3f642ef70854cbc985bae5f9e3,3e170ff0ad1d799e5899cb62fd78c9920e42982cf3202dd2d06b72a0bb212a72,selected document ids intentionally excluded
cmedqa2_external,qh_97da9b01d15251b6,D1,1.0,0.6489315753318465,VERIFIED_FROM_RELEASE,paper_results/per_query_minimal/cmedqa2_external_per_query.jsonl,876a16d098e1da3f642ef70854cbc985bae5f9e3,3e170ff0ad1d799e5899cb62fd78c9920e42982cf3202dd2d06b72a0bb212a72,selected document ids intentionally excluded
cmedqa2_external,qh_97da9b01d15251b6,D2,1.0,0.6489315753318465,VERIFIED_FROM_RELEASE,paper_results/per_query_minimal/cmedqa2_external_per_query.jsonl,876a16d098e1da3f642ef70854cbc985bae5f9e3,3e170ff0ad1d799e5899cb62fd78c9920e42982cf3202dd2d06b72a0bb212a72,selected document ids intentionally excluded
cmedqa2_external,qh_97da9b01d15251b6,D3,1.0,0.6489315753318465,VERIFIED_FROM_RELEASE,paper_results/per_query_minimal/cmedqa2_external_per_query.jsonl,876a16d098e1da3f642ef70854cbc985bae5f9e3,3e170ff0ad1d799e5899cb62fd78c9920e42982cf3202dd2d06b72a0bb212a72,selected document ids intentionally excluded
cmedqa2_external,qh_d66007da41cc05a4,B0,1.0,0.6276865818454924,VERIFIED_FROM_RELEASE,paper_results/per_query_minimal/cmedqa2_external_per_query.jsonl,876a16d098e1da3f642ef70854cbc985bae5f9e3,3e170ff0ad1d799e5899cb62fd78c9920e42982cf3202dd2d06b72a0bb212a72,selected document ids intentionally excluded
cmedqa2_external,qh_d66007da41cc05a4,D0,1.0,0.5564699691962871,VERIFIED_FROM_RELEASE,paper_results/per_query_minimal/cmedqa2_external_per_query.jsonl,876a16d098e1da3f642ef70854cbc985bae5f9e3,3e170ff0ad1d799e5899cb62fd78c9920e42982cf3202dd2d06b72a0bb212a72,selected document ids intentionally excluded
cmedqa2_external,qh_d66007da41cc05a4,D1,1.0,0.5564699691962871,VERIFIED_FROM_RELEASE,paper_results/per_query_minimal/cmedqa2_external_per_query.jsonl,876a16d098e1da3f642ef70854cbc985bae5f9e3,3e170ff0ad1d799e5899cb62fd78c9920e42982cf3202dd2d06b72a0bb212a72,selected document ids intentionally excluded
cmedqa2_external,qh_d66007da41cc05a4,D2,1.0,0.43101476606877104,VERIFIED_FROM_RELEASE,paper_results/per_query_minimal/cmedqa2_external_per_query.jsonl,876a16d098e1da3f642ef70854cbc985bae5f9e3,3e170ff0ad1d799e5899cb62fd78c9920e42982cf3202dd2d06b72a0bb212a72,selected document ids intentionally excluded
cmedqa2_external,qh_d66007da41cc05a4,D3,1.0,0.43101476606877104,VERIFIED_FROM_RELEASE,paper_results/per_query_minimal/cmedqa2_external_per_query.jsonl,876a16d098e1da3f642ef70854cbc985bae5f9e3,3e170ff0ad1d799e5899cb62fd78c9920e42982cf3202dd2d06b72a0bb212a72,selected document ids intentionally excluded
cmedqa2_external,qh_befd1823c20c2982,B0,1.0,0.6489315753318465,VERIFIED_FROM_RELEASE,paper_results/per_query_minimal/cmedqa2_external_per_query.jsonl,876a16d098e1da3f642ef70854cbc985bae5f9e3,3e170ff0ad1d799e5899cb62fd78c9920e42982cf3202dd2d06b72a0bb212a72,selected document ids intentionally excluded
cmedqa2_external,qh_befd1823c20c2982,D0,1.0,0.48299269065011685,VERIFIED_FROM_RELEASE,paper_results/per_query_minimal/cmedqa2_external_per_query.jsonl,876a16d098e1da3f642ef70854cbc985bae5f9e3,3e170ff0ad1d799e5899cb62fd78c9920e42982cf3202dd2d06b72a0bb212a72,selected document ids intentionally excluded
cmedqa2_external,qh_befd1823c20c2982,D1,1.0,0.5123754103194527,VERIFIED_FROM_RELEASE,paper_results/per_query_minimal/cmedqa2_external_per_query.jsonl,876a16d098e1da3f642ef70854cbc985bae5f9e3,3e170ff0ad1d799e5899cb62fd78c9920e42982cf3202dd2d06b72a0bb212a72,selected document ids intentionally excluded
cmedqa2_external,qh_befd1823c20c2982,D2,1.0,0.48299269065011685,VERIFIED_FROM_RELEASE,paper_results/per_query_minimal/cmedqa2_external_per_query.jsonl,876a16d098e1da3f642ef70854cbc985bae5f9e3,3e170ff0ad1d799e5899cb62fd78c9920e42982cf3202dd2d06b72a0bb212a72,selected document ids intentionally excluded
cmedqa2_external,qh_befd1823c20c2982,D3,1.0,0.48299269065011685,VERIFIED_FROM_RELEASE,paper_results/per_query_minimal/cmedqa2_external_per_query.jsonl,876a16d098e1da3f642ef70854cbc985bae5f9e3,3e170ff0ad1d799e5899cb62fd78c9920e42982cf3202dd2d06b72a0bb212a72,selected document ids intentionally excluded
cmedqa2_external,qh_e40cb2c1dac0f026,B0,1.0,0.5541432109622958,VERIFIED_FROM_RELEASE,paper_results/per_query_minimal/cmedqa2_external_per_query.jsonl,876a16d098e1da3f642ef70854cbc985bae5f9e3,3e170ff0ad1d799e5899cb62fd78c9920e42982cf3202dd2d06b72a0bb212a72,selected document ids intentionally excluded
cmedqa2_external,qh_e40cb2c1dac0f026,D0,1.0,0.5541432109622958,VERIFIED_FROM_RELEASE,paper_results/per_query_minimal/cmedqa2_external_per_query.jsonl,876a16d098e1da3f642ef70854cbc985bae5f9e3,3e170ff0ad1d799e5899cb62fd78c9920e42982cf3202dd2d06b72a0bb212a72,selected document ids intentionally excluded
cmedqa2_external,qh_e40cb2c1dac0f026,D1,1.0,0.5541432109622958,VERIFIED_FROM_RELEASE,paper_results/per_query_minimal/cmedqa2_external_per_query.jsonl,876a16d098e1da3f642ef70854cbc985bae5f9e3,3e170ff0ad1d799e5899cb62fd78c9920e42982cf3202dd2d06b72a0bb212a72,selected document ids intentionally excluded
cmedqa2_external,qh_e40cb2c1dac0f026,D2,1.0,0.5637884576902256,VERIFIED_FROM_RELEASE,paper_results/per_query_minimal/cmedqa2_external_per_query.jsonl,876a16d098e1da3f642ef70854cbc985bae5f9e3,3e170ff0ad1d799e5899cb62fd78c9920e42982cf3202dd2d06b72a0bb212a72,selected document ids intentionally excluded
cmedqa2_external,qh_e40cb2c1dac0f026,D3,1.0,0.5541432109622958,VERIFIED_FROM_RELEASE,paper_results/per_query_minimal/cmedqa2_external_per_query.jsonl,876a16d098e1da3f642ef70854cbc985bae5f9e3,3e170ff0ad1d799e5899cb62fd78c9920e42982cf3202dd2d06b72a0bb212a72,selected document ids intentionally excluded
cmedqa2_external,qh_b43f04cde9c754cf,B0,1.0,0.5857393324188127,VERIFIED_FROM_RELEASE,paper_results/per_query_minimal/cmedqa2_external_per_query.jsonl,876a16d098e1da3f642ef70854cbc985bae5f9e3,3e170ff0ad1d799e5899cb62fd78c9920e42982cf3202dd2d06b72a0bb212a72,selected document ids intentionally excluded
cmedqa2_external,qh_b43f04cde9c754cf,D0,1.0,0.5857393324188127,VERIFIED_FROM_RELEASE,paper_results/per_query_minimal/cmedqa2_external_per_query.jsonl,876a16d098e1da3f642ef70854cbc985bae5f9e3,3e170ff0ad1d799e5899cb62fd78c9920e42982cf3202dd2d06b72a0bb212a72,selected document ids intentionally excluded
cmedqa2_external,qh_b43f04cde9c754cf,D1,1.0,0.5563566127494769,VERIFIED_FROM_RELEASE,paper_results/per_query_minimal/cmedqa2_external_per_query.jsonl,876a16d098e1da3f642ef70854cbc985bae5f9e3,3e170ff0ad1d799e5899cb62fd78c9920e42982cf3202dd2d06b72a0bb212a72,selected document ids intentionally excluded
cmedqa2_external,qh_b43f04cde9c754cf,D2,1.0,0.6489315753318465,VERIFIED_FROM_RELEASE,paper_results/per_query_minimal/cmedqa2_external_per_query.jsonl,876a16d098e1da3f642ef70854cbc985bae5f9e3,3e170ff0ad1d799e5899cb62fd78c9920e42982cf3202dd2d06b72a0bb212a72,selected document ids intentionally excluded
cmedqa2_external,qh_b43f04cde9c754cf,D3,1.0,0.5755676532324865,VERIFIED_FROM_RELEASE,paper_results/per_query_minimal/cmedqa2_external_per_query.jsonl,876a16d098e1da3f642ef70854cbc985bae5f9e3,3e170ff0ad1d799e5899cb62fd78c9920e42982cf3202dd2d06b72a0bb212a72,selected document ids intentionally excluded
cmedqa2_external,qh_86e4a0993ba58b8e,B0,1.0,0.5791567670681861,VERIFIED_FROM_RELEASE,paper_results/per_query_minimal/cmedqa2_external_per_query.jsonl,876a16d098e1da3f642ef70854cbc985bae5f9e3,3e170ff0ad1d799e5899cb62fd78c9920e42982cf3202dd2d06b72a0bb212a72,selected document ids intentionally excluded
cmedqa2_external,qh_86e4a0993ba58b8e,D0,1.0,0.24945594116399863,VERIFIED_FROM_RELEASE,paper_results/per_query_minimal/cmedqa2_external_per_query.jsonl,876a16d098e1da3f642ef70854cbc985bae5f9e3,3e170ff0ad1d799e5899cb62fd78c9920e42982cf3202dd2d06b72a0bb212a72,selected document ids intentionally excluded
cmedqa2_external,qh_86e4a0993ba58b8e,D1,1.0,0.387790948725241,VERIFIED_FROM_RELEASE,paper_results/per_query_minimal/cmedqa2_external_per_query.jsonl,876a16d098e1da3f642ef70854cbc985bae5f9e3,3e170ff0ad1d799e5899cb62fd78c9920e42982cf3202dd2d06b72a0bb212a72,selected document ids intentionally excluded
cmedqa2_external,qh_86e4a0993ba58b8e,D2,1.0,0.387790948725241,VERIFIED_FROM_RELEASE,paper_results/per_query_minimal/cmedqa2_external_per_query.jsonl,876a16d098e1da3f642ef70854cbc985bae5f9e3,3e170ff0ad1d799e5899cb62fd78c9920e42982cf3202dd2d06b72a0bb212a72,selected document ids intentionally excluded
cmedqa2_external,qh_86e4a0993ba58b8e,D3,1.0,0.387790948725241,VERIFIED_FROM_RELEASE,paper_results/per_query_minimal/cmedqa2_external_per_query.jsonl,876a16d098e1da3f642ef70854cbc985bae5f9e3,3e170ff0ad1d799e5899cb62fd78c9920e42982cf3202dd2d06b72a0bb212a72,selected document ids intentionally excluded
cmedqa2_external,qh_99a9e5ecd4a24504,B0,1.0,0.6489315753318465,VERIFIED_FROM_RELEASE,paper_results/per_query_minimal/cmedqa2_external_per_query.jsonl,876a16d098e1da3f642ef70854cbc985bae5f9e3,3e170ff0ad1d799e5899cb62fd78c9920e42982cf3202dd2d06b72a0bb212a72,selected document ids intentionally excluded
cmedqa2_external,qh_99a9e5ecd4a24504,D0,1.0,0.6489315753318465,VERIFIED_FROM_RELEASE,paper_results/per_query_minimal/cmedqa2_external_per_query.jsonl,876a16d098e1da3f642ef70854cbc985bae5f9e3,3e170ff0ad1d799e5899cb62fd78c9920e42982cf3202dd2d06b72a0bb212a72,selected document ids intentionally excluded
cmedqa2_external,qh_99a9e5ecd4a24504,D1,1.0,0.6489315753318465,VERIFIED_FROM_RELEASE,paper_results/per_query_minimal/cmedqa2_external_per_query.jsonl,876a16d098e1da3f642ef70854cbc985bae5f9e3,3e170ff0ad1d799e5899cb62fd78c9920e42982cf3202dd2d06b72a0bb212a72,selected document ids intentionally excluded
cmedqa2_external,qh_99a9e5ecd4a24504,D2,1.0,0.6489315753318465,VERIFIED_FROM_RELEASE,paper_results/per_query_minimal/cmedqa2_external_per_query.jsonl,876a16d098e1da3f642ef70854cbc985bae5f9e3,3e170ff0ad1d799e5899cb62fd78c9920e42982cf3202dd2d06b72a0bb212a72,selected document ids intentionally excluded
cmedqa2_external,qh_99a9e5ecd4a24504,D3,1.0,0.6489315753318465,VERIFIED_FROM_RELEASE,paper_results/per_query_minimal/cmedqa2_external_per_query.jsonl,876a16d098e1da3f642ef70854cbc985bae5f9e3,3e170ff0ad1d799e5899cb62fd78c9920e42982cf3202dd2d06b72a0bb212a72,selected document ids intentionally excluded
cmedqa2_external,qh_9e9422f0c019c3dc,B0,1.0,0.6400814026764726,VERIFIED_FROM_RELEASE,paper_results/per_query_minimal/cmedqa2_external_per_query.jsonl,876a16d098e1da3f642ef70854cbc985bae5f9e3,3e170ff0ad1d799e5899cb62fd78c9920e42982cf3202dd2d06b72a0bb212a72,selected document ids intentionally excluded
cmedqa2_external,qh_9e9422f0c019c3dc,D0,1.0,0.6304250603463836,VERIFIED_FROM_RELEASE,paper_results/per_query_minimal/cmedqa2_external_per_query.jsonl,876a16d098e1da3f642ef70854cbc985bae5f9e3,3e170ff0ad1d799e5899cb62fd78c9920e42982cf3202dd2d06b72a0bb212a72,selected document ids intentionally excluded
cmedqa2_external,qh_9e9422f0c019c3dc,D1,1.0,0.6304250603463836,VERIFIED_FROM_RELEASE,paper_results/per_query_minimal/cmedqa2_external_per_query.jsonl,876a16d098e1da3f642ef70854cbc985bae5f9e3,3e170ff0ad1d799e5899cb62fd78c9920e42982cf3202dd2d06b72a0bb212a72,selected document ids intentionally excluded
cmedqa2_external,qh_9e9422f0c019c3dc,D2,1.0,0.7694472474049021,VERIFIED_FROM_RELEASE,paper_results/per_query_minimal/cmedqa2_external_per_query.jsonl,876a16d098e1da3f642ef70854cbc985bae5f9e3,3e170ff0ad1d799e5899cb62fd78c9920e42982cf3202dd2d06b72a0bb212a72,selected document ids intentionally excluded
cmedqa2_external,qh_9e9422f0c019c3dc,D3,1.0,0.684206183677857,VERIFIED_FROM_RELEASE,paper_results/per_query_minimal/cmedqa2_external_per_query.jsonl,876a16d098e1da3f642ef70854cbc985bae5f9e3,3e170ff0ad1d799e5899cb62fd78c9920e42982cf3202dd2d06b72a0bb212a72,selected document ids intentionally excluded
cmedqa2_external,qh_02116300fdddd0b2,B0,1.0,0.4690000933206748,VERIFIED_FROM_RELEASE,paper_results/per_query_minimal/cmedqa2_external_per_query.jsonl,876a16d098e1da3f642ef70854cbc985bae5f9e3,3e170ff0ad1d799e5899cb62fd78c9920e42982cf3202dd2d06b72a0bb212a72,selected document ids intentionally excluded
cmedqa2_external,qh_02116300fdddd0b2,D0,1.0,0.4537425745411855,VERIFIED_FROM_RELEASE,paper_results/per_query_minimal/cmedqa2_external_per_query.jsonl,876a16d098e1da3f642ef70854cbc985bae5f9e3,3e170ff0ad1d799e5899cb62fd78c9920e42982cf3202dd2d06b72a0bb212a72,selected document ids intentionally excluded
cmedqa2_external,qh_02116300fdddd0b2,D1,1.0,0.5541432109622958,VERIFIED_FROM_RELEASE,paper_results/per_query_minimal/cmedqa2_external_per_query.jsonl,876a16d098e1da3f642ef70854cbc985bae5f9e3,3e170ff0ad1d799e5899cb62fd78c9920e42982cf3202dd2d06b72a0bb212a72,selected document ids intentionally excluded
cmedqa2_external,qh_02116300fdddd0b2,D2,1.0,0.5637884576902256,VERIFIED_FROM_RELEASE,paper_results/per_query_minimal/cmedqa2_external_per_query.jsonl,876a16d098e1da3f642ef70854cbc985bae5f9e3,3e170ff0ad1d799e5899cb62fd78c9920e42982cf3202dd2d06b72a0bb212a72,selected document ids intentionally excluded
cmedqa2_external,qh_02116300fdddd0b2,D3,1.0,0.6489315753318465,VERIFIED_FROM_RELEASE,paper_results/per_query_minimal/cmedqa2_external_per_query.jsonl,876a16d098e1da3f642ef70854cbc985bae5f9e3,3e170ff0ad1d799e5899cb62fd78c9920e42982cf3202dd2d06b72a0bb212a72,selected document ids intentionally excluded
cmedqa2_external,qh_3cc7e1f99b5e7a70,B0,1.0,0.5541432109622958,VERIFIED_FROM_RELEASE,paper_results/per_query_minimal/cmedqa2_external_per_query.jsonl,876a16d098e1da3f642ef70854cbc985bae5f9e3,3e170ff0ad1d799e5899cb62fd78c9920e42982cf3202dd2d06b72a0bb212a72,selected document ids intentionally excluded
cmedqa2_external,qh_3cc7e1f99b5e7a70,D0,1.0,0.5541432109622958,VERIFIED_FROM_RELEASE,paper_results/per_query_minimal/cmedqa2_external_per_query.jsonl,876a16d098e1da3f642ef70854cbc985bae5f9e3,3e170ff0ad1d799e5899cb62fd78c9920e42982cf3202dd2d06b72a0bb212a72,selected document ids intentionally excluded
cmedqa2_external,qh_3cc7e1f99b5e7a70,D1,1.0,0.5541432109622958,VERIFIED_FROM_RELEASE,paper_results/per_query_minimal/cmedqa2_external_per_query.jsonl,876a16d098e1da3f642ef70854cbc985bae5f9e3,3e170ff0ad1d799e5899cb62fd78c9920e42982cf3202dd2d06b72a0bb212a72,selected document ids intentionally excluded
cmedqa2_external,qh_3cc7e1f99b5e7a70,D2,1.0,0.5637884576902256,VERIFIED_FROM_RELEASE,paper_results/per_query_minimal/cmedqa2_external_per_query.jsonl,876a16d098e1da3f642ef70854cbc985bae5f9e3,3e170ff0ad1d799e5899cb62fd78c9920e42982cf3202dd2d06b72a0bb212a72,selected document ids intentionally excluded
cmedqa2_external,qh_3cc7e1f99b5e7a70,D3,1.0,0.5637884576902256,VERIFIED_FROM_RELEASE,paper_results/per_query_minimal/cmedqa2_external_per_query.jsonl,876a16d098e1da3f642ef70854cbc985bae5f9e3,3e170ff0ad1d799e5899cb62fd78c9920e42982cf3202dd2d06b72a0bb212a72,selected document ids intentionally excluded
cmedqa2_external,qh_c817c6233ff707f2,B0,1.0,0.6930221935231563,VERIFIED_FROM_RELEASE,paper_results/per_query_minimal/cmedqa2_external_per_query.jsonl,876a16d098e1da3f642ef70854cbc985bae5f9e3,3e170ff0ad1d799e5899cb62fd78c9920e42982cf3202dd2d06b72a0bb212a72,selected document ids intentionally excluded
cmedqa2_external,qh_c817c6233ff707f2,D0,1.0,0.6930221935231563,VERIFIED_FROM_RELEASE,paper_results/per_query_minimal/cmedqa2_external_per_query.jsonl,876a16d098e1da3f642ef70854cbc985bae5f9e3,3e170ff0ad1d799e5899cb62fd78c9920e42982cf3202dd2d06b72a0bb212a72,selected document ids intentionally excluded
cmedqa2_external,qh_c817c6233ff707f2,D1,1.0,0.6930221935231563,VERIFIED_FROM_RELEASE,paper_results/per_query_minimal/cmedqa2_external_per_query.jsonl,876a16d098e1da3f642ef70854cbc985bae5f9e3,3e170ff0ad1d799e5899cb62fd78c9920e42982cf3202dd2d06b72a0bb212a72,selected document ids intentionally excluded
cmedqa2_external,qh_c817c6233ff707f2,D2,1.0,0.5008655546918773,VERIFIED_FROM_RELEASE,paper_results/per_query_minimal/cmedqa2_external_per_query.jsonl,876a16d098e1da3f642ef70854cbc985bae5f9e3,3e170ff0ad1d799e5899cb62fd78c9920e42982cf3202dd2d06b72a0bb212a72,selected document ids intentionally excluded
cmedqa2_external,qh_c817c6233ff707f2,D3,1.0,0.6020941629041775,VERIFIED_FROM_RELEASE,paper_results/per_query_minimal/cmedqa2_external_per_query.jsonl,876a16d098e1da3f642ef70854cbc985bae5f9e3,3e170ff0ad1d799e5899cb62fd78c9920e42982cf3202dd2d06b72a0bb212a72,selected document ids intentionally excluded
cmedqa2_external,qh_3293488dbdcaaf9c,B0,1.0,0.7104442085771869,VERIFIED_FROM_RELEASE,paper_results/per_query_minimal/cmedqa2_external_per_query.jsonl,876a16d098e1da3f642ef70854cbc985bae5f9e3,3e170ff0ad1d799e5899cb62fd78c9920e42982cf3202dd2d06b72a0bb212a72,selected document ids intentionally excluded
cmedqa2_external,qh_3293488dbdcaaf9c,D0,1.0,0.7104442085771869,VERIFIED_FROM_RELEASE,paper_results/per_query_minimal/cmedqa2_external_per_query.jsonl,876a16d098e1da3f642ef70854cbc985bae5f9e3,3e170ff0ad1d799e5899cb62fd78c9920e42982cf3202dd2d06b72a0bb212a72,selected document ids intentionally excluded
cmedqa2_external,qh_3293488dbdcaaf9c,D1,1.0,0.7104442085771869,VERIFIED_FROM_RELEASE,paper_results/per_query_minimal/cmedqa2_external_per_query.jsonl,876a16d098e1da3f642ef70854cbc985bae5f9e3,3e170ff0ad1d799e5899cb62fd78c9920e42982cf3202dd2d06b72a0bb212a72,selected document ids intentionally excluded
cmedqa2_external,qh_3293488dbdcaaf9c,D2,1.0,0.7104442085771869,VERIFIED_FROM_RELEASE,paper_results/per_query_minimal/cmedqa2_external_per_query.jsonl,876a16d098e1da3f642ef70854cbc985bae5f9e3,3e170ff0ad1d799e5899cb62fd78c9920e42982cf3202dd2d06b72a0bb212a72,selected document ids intentionally excluded
cmedqa2_external,qh_3293488dbdcaaf9c,D3,1.0,0.7104442085771869,VERIFIED_FROM_RELEASE,paper_results/per_query_minimal/cmedqa2_external_per_query.jsonl,876a16d098e1da3f642ef70854cbc985bae5f9e3,3e170ff0ad1d799e5899cb62fd78c9920e42982cf3202dd2d06b72a0bb212a72,selected document ids intentionally excluded
cmedqa2_external,qh_7d7479f3165c9f8a,B0,0.75,0.6489315753318465,VERIFIED_FROM_RELEASE,paper_results/per_query_minimal/cmedqa2_external_per_query.jsonl,876a16d098e1da3f642ef70854cbc985bae5f9e3,3e170ff0ad1d799e5899cb62fd78c9920e42982cf3202dd2d06b72a0bb212a72,selected document ids intentionally excluded
cmedqa2_external,qh_7d7479f3165c9f8a,D0,1.0,0.6489315753318465,VERIFIED_FROM_RELEASE,paper_results/per_query_minimal/cmedqa2_external_per_query.jsonl,876a16d098e1da3f642ef70854cbc985bae5f9e3,3e170ff0ad1d799e5899cb62fd78c9920e42982cf3202dd2d06b72a0bb212a72,selected document ids intentionally excluded
cmedqa2_external,qh_7d7479f3165c9f8a,D1,1.0,0.6489315753318465,VERIFIED_FROM_RELEASE,paper_results/per_query_minimal/cmedqa2_external_per_query.jsonl,876a16d098e1da3f642ef70854cbc985bae5f9e3,3e170ff0ad1d799e5899cb62fd78c9920e42982cf3202dd2d06b72a0bb212a72,selected document ids intentionally excluded
cmedqa2_external,qh_7d7479f3165c9f8a,D2,1.0,0.6489315753318465,VERIFIED_FROM_RELEASE,paper_results/per_query_minimal/cmedqa2_external_per_query.jsonl,876a16d098e1da3f642ef70854cbc985bae5f9e3,3e170ff0ad1d799e5899cb62fd78c9920e42982cf3202dd2d06b72a0bb212a72,selected document ids intentionally excluded
cmedqa2_external,qh_7d7479f3165c9f8a,D3,1.0,0.6489315753318465,VERIFIED_FROM_RELEASE,paper_results/per_query_minimal/cmedqa2_external_per_query.jsonl,876a16d098e1da3f642ef70854cbc985bae5f9e3,3e170ff0ad1d799e5899cb62fd78c9920e42982cf3202dd2d06b72a0bb212a72,selected document ids intentionally excluded
cmedqa2_external,qh_2bef2ef35cd96872,B0,1.0,0.6489315753318465,VERIFIED_FROM_RELEASE,paper_results/per_query_minimal/cmedqa2_external_per_query.jsonl,876a16d098e1da3f642ef70854cbc985bae5f9e3,3e170ff0ad1d799e5899cb62fd78c9920e42982cf3202dd2d06b72a0bb212a72,selected document ids intentionally excluded
cmedqa2_external,qh_2bef2ef35cd96872,D0,1.0,0.6489315753318465,VERIFIED_FROM_RELEASE,paper_results/per_query_minimal/cmedqa2_external_per_query.jsonl,876a16d098e1da3f642ef70854cbc985bae5f9e3,3e170ff0ad1d799e5899cb62fd78c9920e42982cf3202dd2d06b72a0bb212a72,selected document ids intentionally excluded
cmedqa2_external,qh_2bef2ef35cd96872,D1,1.0,0.6489315753318465,VERIFIED_FROM_RELEASE,paper_results/per_query_minimal/cmedqa2_external_per_query.jsonl,876a16d098e1da3f642ef70854cbc985bae5f9e3,3e170ff0ad1d799e5899cb62fd78c9920e42982cf3202dd2d06b72a0bb212a72,selected document ids intentionally excluded
cmedqa2_external,qh_2bef2ef35cd96872,D2,1.0,0.6489315753318465,VERIFIED_FROM_RELEASE,paper_results/per_query_minimal/cmedqa2_external_per_query.jsonl,876a16d098e1da3f642ef70854cbc985bae5f9e3,3e170ff0ad1d799e5899cb62fd78c9920e42982cf3202dd2d06b72a0bb212a72,selected document ids intentionally excluded
cmedqa2_external,qh_2bef2ef35cd96872,D3,1.0,0.6489315753318465,VERIFIED_FROM_RELEASE,paper_results/per_query_minimal/cmedqa2_external_per_query.jsonl,876a16d098e1da3f642ef70854cbc985bae5f9e3,3e170ff0ad1d799e5899cb62fd78c9920e42982cf3202dd2d06b72a0bb212a72,selected document ids intentionally excluded
cmedqa2_external,qh_e20f0bb6ef0bcdd7,B0,1.0,0.8607297739115535,VERIFIED_FROM_RELEASE,paper_results/per_query_minimal/cmedqa2_external_per_query.jsonl,876a16d098e1da3f642ef70854cbc985bae5f9e3,3e170ff0ad1d799e5899cb62fd78c9920e42982cf3202dd2d06b72a0bb212a72,selected document ids intentionally excluded
cmedqa2_external,qh_e20f0bb6ef0bcdd7,D0,1.0,0.7688786312237561,VERIFIED_FROM_RELEASE,paper_results/per_query_minimal/cmedqa2_external_per_query.jsonl,876a16d098e1da3f642ef70854cbc985bae5f9e3,3e170ff0ad1d799e5899cb62fd78c9920e42982cf3202dd2d06b72a0bb212a72,selected document ids intentionally excluded
cmedqa2_external,qh_e20f0bb6ef0bcdd7,D1,1.0,0.8607297739115535,VERIFIED_FROM_RELEASE,paper_results/per_query_minimal/cmedqa2_external_per_query.jsonl,876a16d098e1da3f642ef70854cbc985bae5f9e3,3e170ff0ad1d799e5899cb62fd78c9920e42982cf3202dd2d06b72a0bb212a72,selected document ids intentionally excluded
cmedqa2_external,qh_e20f0bb6ef0bcdd7,D2,1.0,0.6622427568466038,VERIFIED_FROM_RELEASE,paper_results/per_query_minimal/cmedqa2_external_per_query.jsonl,876a16d098e1da3f642ef70854cbc985bae5f9e3,3e170ff0ad1d799e5899cb62fd78c9920e42982cf3202dd2d06b72a0bb212a72,selected document ids intentionally excluded
cmedqa2_external,qh_e20f0bb6ef0bcdd7,D3,1.0,0.7688786312237561,VERIFIED_FROM_RELEASE,paper_results/per_query_minimal/cmedqa2_external_per_query.jsonl,876a16d098e1da3f642ef70854cbc985bae5f9e3,3e170ff0ad1d799e5899cb62fd78c9920e42982cf3202dd2d06b72a0bb212a72,selected document ids intentionally excluded
cmedqa2_external,qh_61c02379080098c2,B0,1.0,0.685826319501986,VERIFIED_FROM_RELEASE,paper_results/per_query_minimal/cmedqa2_external_per_query.jsonl,876a16d098e1da3f642ef70854cbc985bae5f9e3,3e170ff0ad1d799e5899cb62fd78c9920e42982cf3202dd2d06b72a0bb212a72,selected document ids intentionally excluded
cmedqa2_external,qh_61c02379080098c2,D0,1.0,0.7930572091995284,VERIFIED_FROM_RELEASE,paper_results/per_query_minimal/cmedqa2_external_per_query.jsonl,876a16d098e1da3f642ef70854cbc985bae5f9e3,3e170ff0ad1d799e5899cb62fd78c9920e42982cf3202dd2d06b72a0bb212a72,selected document ids intentionally excluded
cmedqa2_external,qh_61c02379080098c2,D1,1.0,0.7930572091995284,VERIFIED_FROM_RELEASE,paper_results/per_query_minimal/cmedqa2_external_per_query.jsonl,876a16d098e1da3f642ef70854cbc985bae5f9e3,3e170ff0ad1d799e5899cb62fd78c9920e42982cf3202dd2d06b72a0bb212a72,selected document ids intentionally excluded
cmedqa2_external,qh_61c02379080098c2,D2,1.0,0.685826319501986,VERIFIED_FROM_RELEASE,paper_results/per_query_minimal/cmedqa2_external_per_query.jsonl,876a16d098e1da3f642ef70854cbc985bae5f9e3,3e170ff0ad1d799e5899cb62fd78c9920e42982cf3202dd2d06b72a0bb212a72,selected document ids intentionally excluded
cmedqa2_external,qh_61c02379080098c2,D3,1.0,0.685826319501986,VERIFIED_FROM_RELEASE,paper_results/per_query_minimal/cmedqa2_external_per_query.jsonl,876a16d098e1da3f642ef70854cbc985bae5f9e3,3e170ff0ad1d799e5899cb62fd78c9920e42982cf3202dd2d06b72a0bb212a72,selected document ids intentionally excluded
cmedqa2_external,qh_f68e2f28dd9889ef,B0,1.0,0.6489315753318465,VERIFIED_FROM_RELEASE,paper_results/per_query_minimal/cmedqa2_external_per_query.jsonl,876a16d098e1da3f642ef70854cbc985bae5f9e3,3e170ff0ad1d799e5899cb62fd78c9920e42982cf3202dd2d06b72a0bb212a72,selected document ids intentionally excluded
cmedqa2_external,qh_f68e2f28dd9889ef,D0,1.0,0.6489315753318465,VERIFIED_FROM_RELEASE,paper_results/per_query_minimal/cmedqa2_external_per_query.jsonl,876a16d098e1da3f642ef70854cbc985bae5f9e3,3e170ff0ad1d799e5899cb62fd78c9920e42982cf3202dd2d06b72a0bb212a72,selected document ids intentionally excluded
cmedqa2_external,qh_f68e2f28dd9889ef,D1,1.0,0.6489315753318465,VERIFIED_FROM_RELEASE,paper_results/per_query_minimal/cmedqa2_external_per_query.jsonl,876a16d098e1da3f642ef70854cbc985bae5f9e3,3e170ff0ad1d799e5899cb62fd78c9920e42982cf3202dd2d06b72a0bb212a72,selected document ids intentionally excluded
cmedqa2_external,qh_f68e2f28dd9889ef,D2,1.0,0.6489315753318465,VERIFIED_FROM_RELEASE,paper_results/per_query_minimal/cmedqa2_external_per_query.jsonl,876a16d098e1da3f642ef70854cbc985bae5f9e3,3e170ff0ad1d799e5899cb62fd78c9920e42982cf3202dd2d06b72a0bb212a72,selected document ids intentionally excluded
cmedqa2_external,qh_f68e2f28dd9889ef,D3,1.0,0.6489315753318465,VERIFIED_FROM_RELEASE,paper_results/per_query_minimal/cmedqa2_external_per_query.jsonl,876a16d098e1da3f642ef70854cbc985bae5f9e3,3e170ff0ad1d799e5899cb62fd78c9920e42982cf3202dd2d06b72a0bb212a72,selected document ids intentionally excluded
cmedqa2_external,qh_b52f140c5d0dc92b,B0,1.0,0.33484598185538733,VERIFIED_FROM_RELEASE,paper_results/per_query_minimal/cmedqa2_external_per_query.jsonl,876a16d098e1da3f642ef70854cbc985bae5f9e3,3e170ff0ad1d799e5899cb62fd78c9920e42982cf3202dd2d06b72a0bb212a72,selected document ids intentionally excluded
cmedqa2_external,qh_b52f140c5d0dc92b,D0,1.0,0.2631935409367876,VERIFIED_FROM_RELEASE,paper_results/per_query_minimal/cmedqa2_external_per_query.jsonl,876a16d098e1da3f642ef70854cbc985bae5f9e3,3e170ff0ad1d799e5899cb62fd78c9920e42982cf3202dd2d06b72a0bb212a72,selected document ids intentionally excluded
cmedqa2_external,qh_b52f140c5d0dc92b,D1,1.0,0.33484598185538733,VERIFIED_FROM_RELEASE,paper_results/per_query_minimal/cmedqa2_external_per_query.jsonl,876a16d098e1da3f642ef70854cbc985bae5f9e3,3e170ff0ad1d799e5899cb62fd78c9920e42982cf3202dd2d06b72a0bb212a72,selected document ids intentionally excluded
cmedqa2_external,qh_b52f140c5d0dc92b,D2,1.0,0.2631935409367876,VERIFIED_FROM_RELEASE,paper_results/per_query_minimal/cmedqa2_external_per_query.jsonl,876a16d098e1da3f642ef70854cbc985bae5f9e3,3e170ff0ad1d799e5899cb62fd78c9920e42982cf3202dd2d06b72a0bb212a72,selected document ids intentionally excluded
cmedqa2_external,qh_b52f140c5d0dc92b,D3,1.0,0.29091248885135507,VERIFIED_FROM_RELEASE,paper_results/per_query_minimal/cmedqa2_external_per_query.jsonl,876a16d098e1da3f642ef70854cbc985bae5f9e3,3e170ff0ad1d799e5899cb62fd78c9920e42982cf3202dd2d06b72a0bb212a72,selected document ids intentionally excluded
cmedqa2_external,qh_019bfbc05bd59e7a,B0,1.0,0.4505894982440495,VERIFIED_FROM_RELEASE,paper_results/per_query_minimal/cmedqa2_external_per_query.jsonl,876a16d098e1da3f642ef70854cbc985bae5f9e3,3e170ff0ad1d799e5899cb62fd78c9920e42982cf3202dd2d06b72a0bb212a72,selected document ids intentionally excluded
cmedqa2_external,qh_019bfbc05bd59e7a,D0,1.0,0.2777585212269066,VERIFIED_FROM_RELEASE,paper_results/per_query_minimal/cmedqa2_external_per_query.jsonl,876a16d098e1da3f642ef70854cbc985bae5f9e3,3e170ff0ad1d799e5899cb62fd78c9920e42982cf3202dd2d06b72a0bb212a72,selected document ids intentionally excluded
cmedqa2_external,qh_019bfbc05bd59e7a,D1,1.0,0.4505894982440495,VERIFIED_FROM_RELEASE,paper_results/per_query_minimal/cmedqa2_external_per_query.jsonl,876a16d098e1da3f642ef70854cbc985bae5f9e3,3e170ff0ad1d799e5899cb62fd78c9920e42982cf3202dd2d06b72a0bb212a72,selected document ids intentionally excluded
cmedqa2_external,qh_019bfbc05bd59e7a,D2,1.0,0.3541695345862003,VERIFIED_FROM_RELEASE,paper_results/per_query_minimal/cmedqa2_external_per_query.jsonl,876a16d098e1da3f642ef70854cbc985bae5f9e3,3e170ff0ad1d799e5899cb62fd78c9920e42982cf3202dd2d06b72a0bb212a72,selected document ids intentionally excluded
cmedqa2_external,qh_019bfbc05bd59e7a,D3,1.0,0.29776747152546196,VERIFIED_FROM_RELEASE,paper_results/per_query_minimal/cmedqa2_external_per_query.jsonl,876a16d098e1da3f642ef70854cbc985bae5f9e3,3e170ff0ad1d799e5899cb62fd78c9920e42982cf3202dd2d06b72a0bb212a72,selected document ids intentionally excluded
cmedqa2_external,qh_7f7f2f3561c5065a,B0,1.0,0.45379693233402835,VERIFIED_FROM_RELEASE,paper_results/per_query_minimal/cmedqa2_external_per_query.jsonl,876a16d098e1da3f642ef70854cbc985bae5f9e3,3e170ff0ad1d799e5899cb62fd78c9920e42982cf3202dd2d06b72a0bb212a72,selected document ids intentionally excluded
cmedqa2_external,qh_7f7f2f3561c5065a,D0,1.0,0.3525683241217281,VERIFIED_FROM_RELEASE,paper_results/per_query_minimal/cmedqa2_external_per_query.jsonl,876a16d098e1da3f642ef70854cbc985bae5f9e3,3e170ff0ad1d799e5899cb62fd78c9920e42982cf3202dd2d06b72a0bb212a72,selected document ids intentionally excluded
cmedqa2_external,qh_7f7f2f3561c5065a,D1,1.0,0.45379693233402835,VERIFIED_FROM_RELEASE,paper_results/per_query_minimal/cmedqa2_external_per_query.jsonl,876a16d098e1da3f642ef70854cbc985bae5f9e3,3e170ff0ad1d799e5899cb62fd78c9920e42982cf3202dd2d06b72a0bb212a72,selected document ids intentionally excluded
cmedqa2_external,qh_7f7f2f3561c5065a,D2,1.0,0.4742708106036134,VERIFIED_FROM_RELEASE,paper_results/per_query_minimal/cmedqa2_external_per_query.jsonl,876a16d098e1da3f642ef70854cbc985bae5f9e3,3e170ff0ad1d799e5899cb62fd78c9920e42982cf3202dd2d06b72a0bb212a72,selected document ids intentionally excluded
cmedqa2_external,qh_7f7f2f3561c5065a,D3,1.0,0.4742708106036134,VERIFIED_FROM_RELEASE,paper_results/per_query_minimal/cmedqa2_external_per_query.jsonl,876a16d098e1da3f642ef70854cbc985bae5f9e3,3e170ff0ad1d799e5899cb62fd78c9920e42982cf3202dd2d06b72a0bb212a72,selected document ids intentionally excluded
cmedqa2_external,qh_34d3d54da29eb2ad,B0,1.0,0.4857700910063574,VERIFIED_FROM_RELEASE,paper_results/per_query_minimal/cmedqa2_external_per_query.jsonl,876a16d098e1da3f642ef70854cbc985bae5f9e3,3e170ff0ad1d799e5899cb62fd78c9920e42982cf3202dd2d06b72a0bb212a72,selected document ids intentionally excluded
cmedqa2_external,qh_34d3d54da29eb2ad,D0,1.0,0.5598764342122433,VERIFIED_FROM_RELEASE,paper_results/per_query_minimal/cmedqa2_external_per_query.jsonl,876a16d098e1da3f642ef70854cbc985bae5f9e3,3e170ff0ad1d799e5899cb62fd78c9920e42982cf3202dd2d06b72a0bb212a72,selected document ids intentionally excluded
cmedqa2_external,qh_34d3d54da29eb2ad,D1,1.0,0.5480749986558143,VERIFIED_FROM_RELEASE,paper_results/per_query_minimal/cmedqa2_external_per_query.jsonl,876a16d098e1da3f642ef70854cbc985bae5f9e3,3e170ff0ad1d799e5899cb62fd78c9920e42982cf3202dd2d06b72a0bb212a72,selected document ids intentionally excluded
cmedqa2_external,qh_34d3d54da29eb2ad,D2,1.0,0.439014194149386,VERIFIED_FROM_RELEASE,paper_results/per_query_minimal/cmedqa2_external_per_query.jsonl,876a16d098e1da3f642ef70854cbc985bae5f9e3,3e170ff0ad1d799e5899cb62fd78c9920e42982cf3202dd2d06b72a0bb212a72,selected document ids intentionally excluded
cmedqa2_external,qh_34d3d54da29eb2ad,D3,1.0,0.6522510283226807,VERIFIED_FROM_RELEASE,paper_results/per_query_minimal/cmedqa2_external_per_query.jsonl,876a16d098e1da3f642ef70854cbc985bae5f9e3,3e170ff0ad1d799e5899cb62fd78c9920e42982cf3202dd2d06b72a0bb212a72,selected document ids intentionally excluded
cmedqa2_external,qh_7525c931106a0b76,B0,1.0,0.5598764342122433,VERIFIED_FROM_RELEASE,paper_results/per_query_minimal/cmedqa2_external_per_query.jsonl,876a16d098e1da3f642ef70854cbc985bae5f9e3,3e170ff0ad1d799e5899cb62fd78c9920e42982cf3202dd2d06b72a0bb212a72,selected document ids intentionally excluded
cmedqa2_external,qh_7525c931106a0b76,D0,1.0,0.5480749986558143,VERIFIED_FROM_RELEASE,paper_results/per_query_minimal/cmedqa2_external_per_query.jsonl,876a16d098e1da3f642ef70854cbc985bae5f9e3,3e170ff0ad1d799e5899cb62fd78c9920e42982cf3202dd2d06b72a0bb212a72,selected document ids intentionally excluded
cmedqa2_external,qh_7525c931106a0b76,D1,1.0,0.5480749986558143,VERIFIED_FROM_RELEASE,paper_results/per_query_minimal/cmedqa2_external_per_query.jsonl,876a16d098e1da3f642ef70854cbc985bae5f9e3,3e170ff0ad1d799e5899cb62fd78c9920e42982cf3202dd2d06b72a0bb212a72,selected document ids intentionally excluded
cmedqa2_external,qh_7525c931106a0b76,D2,1.0,0.5731561795922782,VERIFIED_FROM_RELEASE,paper_results/per_query_minimal/cmedqa2_external_per_query.jsonl,876a16d098e1da3f642ef70854cbc985bae5f9e3,3e170ff0ad1d799e5899cb62fd78c9920e42982cf3202dd2d06b72a0bb212a72,selected document ids intentionally excluded
cmedqa2_external,qh_7525c931106a0b76,D3,1.0,0.630576312402173,VERIFIED_FROM_RELEASE,paper_results/per_query_minimal/cmedqa2_external_per_query.jsonl,876a16d098e1da3f642ef70854cbc985bae5f9e3,3e170ff0ad1d799e5899cb62fd78c9920e42982cf3202dd2d06b72a0bb212a72,selected document ids intentionally excluded
cmedqa2_external,qh_8201cf68d10ab9bf,B0,1.0,0.4915422329563775,VERIFIED_FROM_RELEASE,paper_results/per_query_minimal/cmedqa2_external_per_query.jsonl,876a16d098e1da3f642ef70854cbc985bae5f9e3,3e170ff0ad1d799e5899cb62fd78c9920e42982cf3202dd2d06b72a0bb212a72,selected document ids intentionally excluded
cmedqa2_external,qh_8201cf68d10ab9bf,D0,1.0,0.5032725257997133,VERIFIED_FROM_RELEASE,paper_results/per_query_minimal/cmedqa2_external_per_query.jsonl,876a16d098e1da3f642ef70854cbc985bae5f9e3,3e170ff0ad1d799e5899cb62fd78c9920e42982cf3202dd2d06b72a0bb212a72,selected document ids intentionally excluded
cmedqa2_external,qh_8201cf68d10ab9bf,D1,1.0,0.5032725257997133,VERIFIED_FROM_RELEASE,paper_results/per_query_minimal/cmedqa2_external_per_query.jsonl,876a16d098e1da3f642ef70854cbc985bae5f9e3,3e170ff0ad1d799e5899cb62fd78c9920e42982cf3202dd2d06b72a0bb212a72,selected document ids intentionally excluded
cmedqa2_external,qh_8201cf68d10ab9bf,D2,1.0,0.5254272877188486,VERIFIED_FROM_RELEASE,paper_results/per_query_minimal/cmedqa2_external_per_query.jsonl,876a16d098e1da3f642ef70854cbc985bae5f9e3,3e170ff0ad1d799e5899cb62fd78c9920e42982cf3202dd2d06b72a0bb212a72,selected document ids intentionally excluded
cmedqa2_external,qh_8201cf68d10ab9bf,D3,1.0,0.5254272877188486,VERIFIED_FROM_RELEASE,paper_results/per_query_minimal/cmedqa2_external_per_query.jsonl,876a16d098e1da3f642ef70854cbc985bae5f9e3,3e170ff0ad1d799e5899cb62fd78c9920e42982cf3202dd2d06b72a0bb212a72,selected document ids intentionally excluded
cmedqa2_external,qh_05c442acffecc78b,B0,1.0,0.6489315753318465,VERIFIED_FROM_RELEASE,paper_results/per_query_minimal/cmedqa2_external_per_query.jsonl,876a16d098e1da3f642ef70854cbc985bae5f9e3,3e170ff0ad1d799e5899cb62fd78c9920e42982cf3202dd2d06b72a0bb212a72,selected document ids intentionally excluded
cmedqa2_external,qh_05c442acffecc78b,D0,1.0,0.6489315753318465,VERIFIED_FROM_RELEASE,paper_results/per_query_minimal/cmedqa2_external_per_query.jsonl,876a16d098e1da3f642ef70854cbc985bae5f9e3,3e170ff0ad1d799e5899cb62fd78c9920e42982cf3202dd2d06b72a0bb212a72,selected document ids intentionally excluded
cmedqa2_external,qh_05c442acffecc78b,D1,1.0,0.6489315753318465,VERIFIED_FROM_RELEASE,paper_results/per_query_minimal/cmedqa2_external_per_query.jsonl,876a16d098e1da3f642ef70854cbc985bae5f9e3,3e170ff0ad1d799e5899cb62fd78c9920e42982cf3202dd2d06b72a0bb212a72,selected document ids intentionally excluded
cmedqa2_external,qh_05c442acffecc78b,D2,1.0,0.6489315753318465,VERIFIED_FROM_RELEASE,paper_results/per_query_minimal/cmedqa2_external_per_query.jsonl,876a16d098e1da3f642ef70854cbc985bae5f9e3,3e170ff0ad1d799e5899cb62fd78c9920e42982cf3202dd2d06b72a0bb212a72,selected document ids intentionally excluded
cmedqa2_external,qh_05c442acffecc78b,D3,1.0,0.6489315753318465,VERIFIED_FROM_RELEASE,paper_results/per_query_minimal/cmedqa2_external_per_query.jsonl,876a16d098e1da3f642ef70854cbc985bae5f9e3,3e170ff0ad1d799e5899cb62fd78c9920e42982cf3202dd2d06b72a0bb212a72,selected document ids intentionally excluded
cmedqa2_external,qh_8d6017dd0642dc40,B0,1.0,0.47239647693714587,VERIFIED_FROM_RELEASE,paper_results/per_query_minimal/cmedqa2_external_per_query.jsonl,876a16d098e1da3f642ef70854cbc985bae5f9e3,3e170ff0ad1d799e5899cb62fd78c9920e42982cf3202dd2d06b72a0bb212a72,selected document ids intentionally excluded
cmedqa2_external,qh_8d6017dd0642dc40,D0,1.0,0.506281531699617,VERIFIED_FROM_RELEASE,paper_results/per_query_minimal/cmedqa2_external_per_query.jsonl,876a16d098e1da3f642ef70854cbc985bae5f9e3,3e170ff0ad1d799e5899cb62fd78c9920e42982cf3202dd2d06b72a0bb212a72,selected document ids intentionally excluded
cmedqa2_external,qh_8d6017dd0642dc40,D1,1.0,0.3535565596789525,VERIFIED_FROM_RELEASE,paper_results/per_query_minimal/cmedqa2_external_per_query.jsonl,876a16d098e1da3f642ef70854cbc985bae5f9e3,3e170ff0ad1d799e5899cb62fd78c9920e42982cf3202dd2d06b72a0bb212a72,selected document ids intentionally excluded
cmedqa2_external,qh_8d6017dd0642dc40,D2,1.0,0.40438414182265925,VERIFIED_FROM_RELEASE,paper_results/per_query_minimal/cmedqa2_external_per_query.jsonl,876a16d098e1da3f642ef70854cbc985bae5f9e3,3e170ff0ad1d799e5899cb62fd78c9920e42982cf3202dd2d06b72a0bb212a72,selected document ids intentionally excluded
cmedqa2_external,qh_8d6017dd0642dc40,D3,1.0,0.3963615805672714,VERIFIED_FROM_RELEASE,paper_results/per_query_minimal/cmedqa2_external_per_query.jsonl,876a16d098e1da3f642ef70854cbc985bae5f9e3,3e170ff0ad1d799e5899cb62fd78c9920e42982cf3202dd2d06b72a0bb212a72,selected document ids intentionally excluded
cmedqa2_external,qh_3e00e6e46e4a2ed8,B0,1.0,0.5921694969040991,VERIFIED_FROM_RELEASE,paper_results/per_query_minimal/cmedqa2_external_per_query.jsonl,876a16d098e1da3f642ef70854cbc985bae5f9e3,3e170ff0ad1d799e5899cb62fd78c9920e42982cf3202dd2d06b72a0bb212a72,selected document ids intentionally excluded
cmedqa2_external,qh_3e00e6e46e4a2ed8,D0,1.0,0.5123754103194527,VERIFIED_FROM_RELEASE,paper_results/per_query_minimal/cmedqa2_external_per_query.jsonl,876a16d098e1da3f642ef70854cbc985bae5f9e3,3e170ff0ad1d799e5899cb62fd78c9920e42982cf3202dd2d06b72a0bb212a72,selected document ids intentionally excluded
cmedqa2_external,qh_3e00e6e46e4a2ed8,D1,1.0,0.5123754103194527,VERIFIED_FROM_RELEASE,paper_results/per_query_minimal/cmedqa2_external_per_query.jsonl,876a16d098e1da3f642ef70854cbc985bae5f9e3,3e170ff0ad1d799e5899cb62fd78c9920e42982cf3202dd2d06b72a0bb212a72,selected document ids intentionally excluded
cmedqa2_external,qh_3e00e6e46e4a2ed8,D2,1.0,0.4995945343217296,VERIFIED_FROM_RELEASE,paper_results/per_query_minimal/cmedqa2_external_per_query.jsonl,876a16d098e1da3f642ef70854cbc985bae5f9e3,3e170ff0ad1d799e5899cb62fd78c9920e42982cf3202dd2d06b72a0bb212a72,selected document ids intentionally excluded
cmedqa2_external,qh_3e00e6e46e4a2ed8,D3,1.0,0.4995945343217296,VERIFIED_FROM_RELEASE,paper_results/per_query_minimal/cmedqa2_external_per_query.jsonl,876a16d098e1da3f642ef70854cbc985bae5f9e3,3e170ff0ad1d799e5899cb62fd78c9920e42982cf3202dd2d06b72a0bb212a72,selected document ids intentionally excluded
cmedqa2_external,qh_478eb2b7cf19b20a,B0,1.0,0.0,VERIFIED_FROM_RELEASE,paper_results/per_query_minimal/cmedqa2_external_per_query.jsonl,876a16d098e1da3f642ef70854cbc985bae5f9e3,3e170ff0ad1d799e5899cb62fd78c9920e42982cf3202dd2d06b72a0bb212a72,selected document ids intentionally excluded
cmedqa2_external,qh_478eb2b7cf19b20a,D0,1.0,0.0,VERIFIED_FROM_RELEASE,paper_results/per_query_minimal/cmedqa2_external_per_query.jsonl,876a16d098e1da3f642ef70854cbc985bae5f9e3,3e170ff0ad1d799e5899cb62fd78c9920e42982cf3202dd2d06b72a0bb212a72,selected document ids intentionally excluded
cmedqa2_external,qh_478eb2b7cf19b20a,D1,1.0,0.0,VERIFIED_FROM_RELEASE,paper_results/per_query_minimal/cmedqa2_external_per_query.jsonl,876a16d098e1da3f642ef70854cbc985bae5f9e3,3e170ff0ad1d799e5899cb62fd78c9920e42982cf3202dd2d06b72a0bb212a72,selected document ids intentionally excluded
cmedqa2_external,qh_478eb2b7cf19b20a,D2,1.0,0.0,VERIFIED_FROM_RELEASE,paper_results/per_query_minimal/cmedqa2_external_per_query.jsonl,876a16d098e1da3f642ef70854cbc985bae5f9e3,3e170ff0ad1d799e5899cb62fd78c9920e42982cf3202dd2d06b72a0bb212a72,selected document ids intentionally excluded
cmedqa2_external,qh_478eb2b7cf19b20a,D3,1.0,0.0,VERIFIED_FROM_RELEASE,paper_results/per_query_minimal/cmedqa2_external_per_query.jsonl,876a16d098e1da3f642ef70854cbc985bae5f9e3,3e170ff0ad1d799e5899cb62fd78c9920e42982cf3202dd2d06b72a0bb212a72,selected document ids intentionally excluded
cmedqa2_external,qh_3281156a674f8ce1,B0,1.0,0.7457912185292984,VERIFIED_FROM_RELEASE,paper_results/per_query_minimal/cmedqa2_external_per_query.jsonl,876a16d098e1da3f642ef70854cbc985bae5f9e3,3e170ff0ad1d799e5899cb62fd78c9920e42982cf3202dd2d06b72a0bb212a72,selected document ids intentionally excluded
cmedqa2_external,qh_3281156a674f8ce1,D0,1.0,0.6193198671454698,VERIFIED_FROM_RELEASE,paper_results/per_query_minimal/cmedqa2_external_per_query.jsonl,876a16d098e1da3f642ef70854cbc985bae5f9e3,3e170ff0ad1d799e5899cb62fd78c9920e42982cf3202dd2d06b72a0bb212a72,selected document ids intentionally excluded
cmedqa2_external,qh_3281156a674f8ce1,D1,1.0,0.4597307900205735,VERIFIED_FROM_RELEASE,paper_results/per_query_minimal/cmedqa2_external_per_query.jsonl,876a16d098e1da3f642ef70854cbc985bae5f9e3,3e170ff0ad1d799e5899cb62fd78c9920e42982cf3202dd2d06b72a0bb212a72,selected document ids intentionally excluded
cmedqa2_external,qh_3281156a674f8ce1,D2,1.0,0.7457912185292984,VERIFIED_FROM_RELEASE,paper_results/per_query_minimal/cmedqa2_external_per_query.jsonl,876a16d098e1da3f642ef70854cbc985bae5f9e3,3e170ff0ad1d799e5899cb62fd78c9920e42982cf3202dd2d06b72a0bb212a72,selected document ids intentionally excluded
cmedqa2_external,qh_3281156a674f8ce1,D3,1.0,0.7457912185292984,VERIFIED_FROM_RELEASE,paper_results/per_query_minimal/cmedqa2_external_per_query.jsonl,876a16d098e1da3f642ef70854cbc985bae5f9e3,3e170ff0ad1d799e5899cb62fd78c9920e42982cf3202dd2d06b72a0bb212a72,selected document ids intentionally excluded
cmedqa2_external,qh_a6626041e22accdf,B0,1.0,0.35651288040302725,VERIFIED_FROM_RELEASE,paper_results/per_query_minimal/cmedqa2_external_per_query.jsonl,876a16d098e1da3f642ef70854cbc985bae5f9e3,3e170ff0ad1d799e5899cb62fd78c9920e42982cf3202dd2d06b72a0bb212a72,selected document ids intentionally excluded
cmedqa2_external,qh_a6626041e22accdf,D0,1.0,0.3649078509435,VERIFIED_FROM_RELEASE,paper_results/per_query_minimal/cmedqa2_external_per_query.jsonl,876a16d098e1da3f642ef70854cbc985bae5f9e3,3e170ff0ad1d799e5899cb62fd78c9920e42982cf3202dd2d06b72a0bb212a72,selected document ids intentionally excluded
cmedqa2_external,qh_a6626041e22accdf,D1,1.0,0.4522939395294208,VERIFIED_FROM_RELEASE,paper_results/per_query_minimal/cmedqa2_external_per_query.jsonl,876a16d098e1da3f642ef70854cbc985bae5f9e3,3e170ff0ad1d799e5899cb62fd78c9920e42982cf3202dd2d06b72a0bb212a72,selected document ids intentionally excluded
cmedqa2_external,qh_a6626041e22accdf,D2,1.0,0.4522939395294208,VERIFIED_FROM_RELEASE,paper_results/per_query_minimal/cmedqa2_external_per_query.jsonl,876a16d098e1da3f642ef70854cbc985bae5f9e3,3e170ff0ad1d799e5899cb62fd78c9920e42982cf3202dd2d06b72a0bb212a72,selected document ids intentionally excluded
cmedqa2_external,qh_a6626041e22accdf,D3,1.0,0.2824065371971413,VERIFIED_FROM_RELEASE,paper_results/per_query_minimal/cmedqa2_external_per_query.jsonl,876a16d098e1da3f642ef70854cbc985bae5f9e3,3e170ff0ad1d799e5899cb62fd78c9920e42982cf3202dd2d06b72a0bb212a72,selected document ids intentionally excluded
cmedqa2_external,qh_67d95408fb2f13ec,B0,1.0,0.8275993038131767,VERIFIED_FROM_RELEASE,paper_results/per_query_minimal/cmedqa2_external_per_query.jsonl,876a16d098e1da3f642ef70854cbc985bae5f9e3,3e170ff0ad1d799e5899cb62fd78c9920e42982cf3202dd2d06b72a0bb212a72,selected document ids intentionally excluded
cmedqa2_external,qh_67d95408fb2f13ec,D0,1.0,0.8275993038131767,VERIFIED_FROM_RELEASE,paper_results/per_query_minimal/cmedqa2_external_per_query.jsonl,876a16d098e1da3f642ef70854cbc985bae5f9e3,3e170ff0ad1d799e5899cb62fd78c9920e42982cf3202dd2d06b72a0bb212a72,selected document ids intentionally excluded
cmedqa2_external,qh_67d95408fb2f13ec,D1,1.0,0.7996949566186421,VERIFIED_FROM_RELEASE,paper_results/per_query_minimal/cmedqa2_external_per_query.jsonl,876a16d098e1da3f642ef70854cbc985bae5f9e3,3e170ff0ad1d799e5899cb62fd78c9920e42982cf3202dd2d06b72a0bb212a72,selected document ids intentionally excluded
cmedqa2_external,qh_67d95408fb2f13ec,D2,1.0,0.7996949566186421,VERIFIED_FROM_RELEASE,paper_results/per_query_minimal/cmedqa2_external_per_query.jsonl,876a16d098e1da3f642ef70854cbc985bae5f9e3,3e170ff0ad1d799e5899cb62fd78c9920e42982cf3202dd2d06b72a0bb212a72,selected document ids intentionally excluded
cmedqa2_external,qh_67d95408fb2f13ec,D3,1.0,0.7996949566186421,VERIFIED_FROM_RELEASE,paper_results/per_query_minimal/cmedqa2_external_per_query.jsonl,876a16d098e1da3f642ef70854cbc985bae5f9e3,3e170ff0ad1d799e5899cb62fd78c9920e42982cf3202dd2d06b72a0bb212a72,selected document ids intentionally excluded
cmedqa2_external,qh_e065bc30baf19d7c,B0,0.75,0.0,VERIFIED_FROM_RELEASE,paper_results/per_query_minimal/cmedqa2_external_per_query.jsonl,876a16d098e1da3f642ef70854cbc985bae5f9e3,3e170ff0ad1d799e5899cb62fd78c9920e42982cf3202dd2d06b72a0bb212a72,selected document ids intentionally excluded
cmedqa2_external,qh_e065bc30baf19d7c,D0,0.75,0.2960819109658652,VERIFIED_FROM_RELEASE,paper_results/per_query_minimal/cmedqa2_external_per_query.jsonl,876a16d098e1da3f642ef70854cbc985bae5f9e3,3e170ff0ad1d799e5899cb62fd78c9920e42982cf3202dd2d06b72a0bb212a72,selected document ids intentionally excluded
cmedqa2_external,qh_e065bc30baf19d7c,D1,0.75,0.18154179253735267,VERIFIED_FROM_RELEASE,paper_results/per_query_minimal/cmedqa2_external_per_query.jsonl,876a16d098e1da3f642ef70854cbc985bae5f9e3,3e170ff0ad1d799e5899cb62fd78c9920e42982cf3202dd2d06b72a0bb212a72,selected document ids intentionally excluded
cmedqa2_external,qh_e065bc30baf19d7c,D2,0.75,0.23463936301137822,VERIFIED_FROM_RELEASE,paper_results/per_query_minimal/cmedqa2_external_per_query.jsonl,876a16d098e1da3f642ef70854cbc985bae5f9e3,3e170ff0ad1d799e5899cb62fd78c9920e42982cf3202dd2d06b72a0bb212a72,selected document ids intentionally excluded
cmedqa2_external,qh_e065bc30baf19d7c,D3,0.75,0.23463936301137822,VERIFIED_FROM_RELEASE,paper_results/per_query_minimal/cmedqa2_external_per_query.jsonl,876a16d098e1da3f642ef70854cbc985bae5f9e3,3e170ff0ad1d799e5899cb62fd78c9920e42982cf3202dd2d06b72a0bb212a72,selected document ids intentionally excluded
cmedqa2_external,qh_239775d5878fe8d2,B0,0.6666666666666666,0.7562335516812245,VERIFIED_FROM_RELEASE,paper_results/per_query_minimal/cmedqa2_external_per_query.jsonl,876a16d098e1da3f642ef70854cbc985bae5f9e3,3e170ff0ad1d799e5899cb62fd78c9920e42982cf3202dd2d06b72a0bb212a72,selected document ids intentionally excluded
cmedqa2_external,qh_239775d5878fe8d2,D0,1.0,0.6434294255597477,VERIFIED_FROM_RELEASE,paper_results/per_query_minimal/cmedqa2_external_per_query.jsonl,876a16d098e1da3f642ef70854cbc985bae5f9e3,3e170ff0ad1d799e5899cb62fd78c9920e42982cf3202dd2d06b72a0bb212a72,selected document ids intentionally excluded
cmedqa2_external,qh_239775d5878fe8d2,D1,1.0,0.6434294255597477,VERIFIED_FROM_RELEASE,paper_results/per_query_minimal/cmedqa2_external_per_query.jsonl,876a16d098e1da3f642ef70854cbc985bae5f9e3,3e170ff0ad1d799e5899cb62fd78c9920e42982cf3202dd2d06b72a0bb212a72,selected document ids intentionally excluded
cmedqa2_external,qh_239775d5878fe8d2,D2,0.6666666666666666,0.7562335516812245,VERIFIED_FROM_RELEASE,paper_results/per_query_minimal/cmedqa2_external_per_query.jsonl,876a16d098e1da3f642ef70854cbc985bae5f9e3,3e170ff0ad1d799e5899cb62fd78c9920e42982cf3202dd2d06b72a0bb212a72,selected document ids intentionally excluded
cmedqa2_external,qh_239775d5878fe8d2,D3,0.6666666666666666,0.7562335516812245,VERIFIED_FROM_RELEASE,paper_results/per_query_minimal/cmedqa2_external_per_query.jsonl,876a16d098e1da3f642ef70854cbc985bae5f9e3,3e170ff0ad1d799e5899cb62fd78c9920e42982cf3202dd2d06b72a0bb212a72,selected document ids intentionally excluded
cmedqa2_external,qh_4361c4783b82d9ce,B0,1.0,0.5388856921828065,VERIFIED_FROM_RELEASE,paper_results/per_query_minimal/cmedqa2_external_per_query.jsonl,876a16d098e1da3f642ef70854cbc985bae5f9e3,3e170ff0ad1d799e5899cb62fd78c9920e42982cf3202dd2d06b72a0bb212a72,selected document ids intentionally excluded
cmedqa2_external,qh_4361c4783b82d9ce,D0,1.0,0.6489315753318465,VERIFIED_FROM_RELEASE,paper_results/per_query_minimal/cmedqa2_external_per_query.jsonl,876a16d098e1da3f642ef70854cbc985bae5f9e3,3e170ff0ad1d799e5899cb62fd78c9920e42982cf3202dd2d06b72a0bb212a72,selected document ids intentionally excluded
cmedqa2_external,qh_4361c4783b82d9ce,D1,1.0,0.5541432109622958,VERIFIED_FROM_RELEASE,paper_results/per_query_minimal/cmedqa2_external_per_query.jsonl,876a16d098e1da3f642ef70854cbc985bae5f9e3,3e170ff0ad1d799e5899cb62fd78c9920e42982cf3202dd2d06b72a0bb212a72,selected document ids intentionally excluded
cmedqa2_external,qh_4361c4783b82d9ce,D2,1.0,0.5541432109622958,VERIFIED_FROM_RELEASE,paper_results/per_query_minimal/cmedqa2_external_per_query.jsonl,876a16d098e1da3f642ef70854cbc985bae5f9e3,3e170ff0ad1d799e5899cb62fd78c9920e42982cf3202dd2d06b72a0bb212a72,selected document ids intentionally excluded
cmedqa2_external,qh_4361c4783b82d9ce,D3,1.0,0.5541432109622958,VERIFIED_FROM_RELEASE,paper_results/per_query_minimal/cmedqa2_external_per_query.jsonl,876a16d098e1da3f642ef70854cbc985bae5f9e3,3e170ff0ad1d799e5899cb62fd78c9920e42982cf3202dd2d06b72a0bb212a72,selected document ids intentionally excluded
cmedqa2_external,qh_d3b1c7870a1647aa,B0,1.0,0.0,VERIFIED_FROM_RELEASE,paper_results/per_query_minimal/cmedqa2_external_per_query.jsonl,876a16d098e1da3f642ef70854cbc985bae5f9e3,3e170ff0ad1d799e5899cb62fd78c9920e42982cf3202dd2d06b72a0bb212a72,selected document ids intentionally excluded
cmedqa2_external,qh_d3b1c7870a1647aa,D0,1.0,0.0,VERIFIED_FROM_RELEASE,paper_results/per_query_minimal/cmedqa2_external_per_query.jsonl,876a16d098e1da3f642ef70854cbc985bae5f9e3,3e170ff0ad1d799e5899cb62fd78c9920e42982cf3202dd2d06b72a0bb212a72,selected document ids intentionally excluded
cmedqa2_external,qh_d3b1c7870a1647aa,D1,1.0,0.0,VERIFIED_FROM_RELEASE,paper_results/per_query_minimal/cmedqa2_external_per_query.jsonl,876a16d098e1da3f642ef70854cbc985bae5f9e3,3e170ff0ad1d799e5899cb62fd78c9920e42982cf3202dd2d06b72a0bb212a72,selected document ids intentionally excluded
cmedqa2_external,qh_d3b1c7870a1647aa,D2,1.0,0.0,VERIFIED_FROM_RELEASE,paper_results/per_query_minimal/cmedqa2_external_per_query.jsonl,876a16d098e1da3f642ef70854cbc985bae5f9e3,3e170ff0ad1d799e5899cb62fd78c9920e42982cf3202dd2d06b72a0bb212a72,selected document ids intentionally excluded
cmedqa2_external,qh_d3b1c7870a1647aa,D3,1.0,0.0,VERIFIED_FROM_RELEASE,paper_results/per_query_minimal/cmedqa2_external_per_query.jsonl,876a16d098e1da3f642ef70854cbc985bae5f9e3,3e170ff0ad1d799e5899cb62fd78c9920e42982cf3202dd2d06b72a0bb212a72,selected document ids intentionally excluded
cmedqa2_external,qh_afe474ce88721ab2,B0,1.0,0.5307212739772434,VERIFIED_FROM_RELEASE,paper_results/per_query_minimal/cmedqa2_external_per_query.jsonl,876a16d098e1da3f642ef70854cbc985bae5f9e3,3e170ff0ad1d799e5899cb62fd78c9920e42982cf3202dd2d06b72a0bb212a72,selected document ids intentionally excluded
cmedqa2_external,qh_afe474ce88721ab2,D0,1.0,0.7039180890341347,VERIFIED_FROM_RELEASE,paper_results/per_query_minimal/cmedqa2_external_per_query.jsonl,876a16d098e1da3f642ef70854cbc985bae5f9e3,3e170ff0ad1d799e5899cb62fd78c9920e42982cf3202dd2d06b72a0bb212a72,selected document ids intentionally excluded
cmedqa2_external,qh_afe474ce88721ab2,D1,1.0,0.7039180890341347,VERIFIED_FROM_RELEASE,paper_results/per_query_minimal/cmedqa2_external_per_query.jsonl,876a16d098e1da3f642ef70854cbc985bae5f9e3,3e170ff0ad1d799e5899cb62fd78c9920e42982cf3202dd2d06b72a0bb212a72,selected document ids intentionally excluded
cmedqa2_external,qh_afe474ce88721ab2,D2,1.0,0.2960819109658652,VERIFIED_FROM_RELEASE,paper_results/per_query_minimal/cmedqa2_external_per_query.jsonl,876a16d098e1da3f642ef70854cbc985bae5f9e3,3e170ff0ad1d799e5899cb62fd78c9920e42982cf3202dd2d06b72a0bb212a72,selected document ids intentionally excluded
cmedqa2_external,qh_afe474ce88721ab2,D3,1.0,0.7039180890341347,VERIFIED_FROM_RELEASE,paper_results/per_query_minimal/cmedqa2_external_per_query.jsonl,876a16d098e1da3f642ef70854cbc985bae5f9e3,3e170ff0ad1d799e5899cb62fd78c9920e42982cf3202dd2d06b72a0bb212a72,selected document ids intentionally excluded
cmedqa2_external,qh_8cf2d5529e7d4e58,B0,1.0,0.44149241373678083,VERIFIED_FROM_RELEASE,paper_results/per_query_minimal/cmedqa2_external_per_query.jsonl,876a16d098e1da3f642ef70854cbc985bae5f9e3,3e170ff0ad1d799e5899cb62fd78c9920e42982cf3202dd2d06b72a0bb212a72,selected document ids intentionally excluded
cmedqa2_external,qh_8cf2d5529e7d4e58,D0,1.0,0.5585075862632192,VERIFIED_FROM_RELEASE,paper_results/per_query_minimal/cmedqa2_external_per_query.jsonl,876a16d098e1da3f642ef70854cbc985bae5f9e3,3e170ff0ad1d799e5899cb62fd78c9920e42982cf3202dd2d06b72a0bb212a72,selected document ids intentionally excluded
cmedqa2_external,qh_8cf2d5529e7d4e58,D1,1.0,0.5855700749881525,VERIFIED_FROM_RELEASE,paper_results/per_query_minimal/cmedqa2_external_per_query.jsonl,876a16d098e1da3f642ef70854cbc985bae5f9e3,3e170ff0ad1d799e5899cb62fd78c9920e42982cf3202dd2d06b72a0bb212a72,selected document ids intentionally excluded
cmedqa2_external,qh_8cf2d5529e7d4e58,D2,1.0,0.36331756126716835,VERIFIED_FROM_RELEASE,paper_results/per_query_minimal/cmedqa2_external_per_query.jsonl,876a16d098e1da3f642ef70854cbc985bae5f9e3,3e170ff0ad1d799e5899cb62fd78c9920e42982cf3202dd2d06b72a0bb212a72,selected document ids intentionally excluded
cmedqa2_external,qh_8cf2d5529e7d4e58,D3,1.0,0.5855700749881525,VERIFIED_FROM_RELEASE,paper_results/per_query_minimal/cmedqa2_external_per_query.jsonl,876a16d098e1da3f642ef70854cbc985bae5f9e3,3e170ff0ad1d799e5899cb62fd78c9920e42982cf3202dd2d06b72a0bb212a72,selected document ids intentionally excluded
cmedqa2_external,qh_d16daafc0b5ce47c,B0,1.0,0.3187939258847263,VERIFIED_FROM_RELEASE,paper_results/per_query_minimal/cmedqa2_external_per_query.jsonl,876a16d098e1da3f642ef70854cbc985bae5f9e3,3e170ff0ad1d799e5899cb62fd78c9920e42982cf3202dd2d06b72a0bb212a72,selected document ids intentionally excluded
cmedqa2_external,qh_d16daafc0b5ce47c,D0,1.0,0.424926013816671,VERIFIED_FROM_RELEASE,paper_results/per_query_minimal/cmedqa2_external_per_query.jsonl,876a16d098e1da3f642ef70854cbc985bae5f9e3,3e170ff0ad1d799e5899cb62fd78c9920e42982cf3202dd2d06b72a0bb212a72,selected document ids intentionally excluded
cmedqa2_external,qh_d16daafc0b5ce47c,D1,1.0,0.424926013816671,VERIFIED_FROM_RELEASE,paper_results/per_query_minimal/cmedqa2_external_per_query.jsonl,876a16d098e1da3f642ef70854cbc985bae5f9e3,3e170ff0ad1d799e5899cb62fd78c9920e42982cf3202dd2d06b72a0bb212a72,selected document ids intentionally excluded
cmedqa2_external,qh_d16daafc0b5ce47c,D2,1.0,0.40002324830925196,VERIFIED_FROM_RELEASE,paper_results/per_query_minimal/cmedqa2_external_per_query.jsonl,876a16d098e1da3f642ef70854cbc985bae5f9e3,3e170ff0ad1d799e5899cb62fd78c9920e42982cf3202dd2d06b72a0bb212a72,selected document ids intentionally excluded
cmedqa2_external,qh_d16daafc0b5ce47c,D3,0.5,0.28997736516021183,VERIFIED_FROM_RELEASE,paper_results/per_query_minimal/cmedqa2_external_per_query.jsonl,876a16d098e1da3f642ef70854cbc985bae5f9e3,3e170ff0ad1d799e5899cb62fd78c9920e42982cf3202dd2d06b72a0bb212a72,selected document ids intentionally excluded
cmedqa2_external,qh_c5711f5a6d7e79a1,B0,1.0,0.6489315753318465,VERIFIED_FROM_RELEASE,paper_results/per_query_minimal/cmedqa2_external_per_query.jsonl,876a16d098e1da3f642ef70854cbc985bae5f9e3,3e170ff0ad1d799e5899cb62fd78c9920e42982cf3202dd2d06b72a0bb212a72,selected document ids intentionally excluded
cmedqa2_external,qh_c5711f5a6d7e79a1,D0,1.0,0.6489315753318465,VERIFIED_FROM_RELEASE,paper_results/per_query_minimal/cmedqa2_external_per_query.jsonl,876a16d098e1da3f642ef70854cbc985bae5f9e3,3e170ff0ad1d799e5899cb62fd78c9920e42982cf3202dd2d06b72a0bb212a72,selected document ids intentionally excluded
cmedqa2_external,qh_c5711f5a6d7e79a1,D1,1.0,0.6489315753318465,VERIFIED_FROM_RELEASE,paper_results/per_query_minimal/cmedqa2_external_per_query.jsonl,876a16d098e1da3f642ef70854cbc985bae5f9e3,3e170ff0ad1d799e5899cb62fd78c9920e42982cf3202dd2d06b72a0bb212a72,selected document ids intentionally excluded
cmedqa2_external,qh_c5711f5a6d7e79a1,D2,1.0,0.6489315753318465,VERIFIED_FROM_RELEASE,paper_results/per_query_minimal/cmedqa2_external_per_query.jsonl,876a16d098e1da3f642ef70854cbc985bae5f9e3,3e170ff0ad1d799e5899cb62fd78c9920e42982cf3202dd2d06b72a0bb212a72,selected document ids intentionally excluded
cmedqa2_external,qh_c5711f5a6d7e79a1,D3,1.0,0.6489315753318465,VERIFIED_FROM_RELEASE,paper_results/per_query_minimal/cmedqa2_external_per_query.jsonl,876a16d098e1da3f642ef70854cbc985bae5f9e3,3e170ff0ad1d799e5899cb62fd78c9920e42982cf3202dd2d06b72a0bb212a72,selected document ids intentionally excluded
cmedqa2_external,qh_d82bd317db0bf4a4,B0,1.0,0.1752883594882094,VERIFIED_FROM_RELEASE,paper_results/per_query_minimal/cmedqa2_external_per_query.jsonl,876a16d098e1da3f642ef70854cbc985bae5f9e3,3e170ff0ad1d799e5899cb62fd78c9920e42982cf3202dd2d06b72a0bb212a72,selected document ids intentionally excluded
cmedqa2_external,qh_d82bd317db0bf4a4,D0,1.0,0.1752883594882094,VERIFIED_FROM_RELEASE,paper_results/per_query_minimal/cmedqa2_external_per_query.jsonl,876a16d098e1da3f642ef70854cbc985bae5f9e3,3e170ff0ad1d799e5899cb62fd78c9920e42982cf3202dd2d06b72a0bb212a72,selected document ids intentionally excluded
cmedqa2_external,qh_d82bd317db0bf4a4,D1,1.0,0.30833158729303384,VERIFIED_FROM_RELEASE,paper_results/per_query_minimal/cmedqa2_external_per_query.jsonl,876a16d098e1da3f642ef70854cbc985bae5f9e3,3e170ff0ad1d799e5899cb62fd78c9920e42982cf3202dd2d06b72a0bb212a72,selected document ids intentionally excluded
cmedqa2_external,qh_d82bd317db0bf4a4,D2,1.0,0.1752883594882094,VERIFIED_FROM_RELEASE,paper_results/per_query_minimal/cmedqa2_external_per_query.jsonl,876a16d098e1da3f642ef70854cbc985bae5f9e3,3e170ff0ad1d799e5899cb62fd78c9920e42982cf3202dd2d06b72a0bb212a72,selected document ids intentionally excluded
cmedqa2_external,qh_d82bd317db0bf4a4,D3,1.0,0.1752883594882094,VERIFIED_FROM_RELEASE,paper_results/per_query_minimal/cmedqa2_external_per_query.jsonl,876a16d098e1da3f642ef70854cbc985bae5f9e3,3e170ff0ad1d799e5899cb62fd78c9920e42982cf3202dd2d06b72a0bb212a72,selected document ids intentionally excluded
cmedqa2_external,qh_73a7d637c53d5566,B0,1.0,0.47815086369258675,VERIFIED_FROM_RELEASE,paper_results/per_query_minimal/cmedqa2_external_per_query.jsonl,876a16d098e1da3f642ef70854cbc985bae5f9e3,3e170ff0ad1d799e5899cb62fd78c9920e42982cf3202dd2d06b72a0bb212a72,selected document ids intentionally excluded
cmedqa2_external,qh_73a7d637c53d5566,D0,1.0,0.33484598185538733,VERIFIED_FROM_RELEASE,paper_results/per_query_minimal/cmedqa2_external_per_query.jsonl,876a16d098e1da3f642ef70854cbc985bae5f9e3,3e170ff0ad1d799e5899cb62fd78c9920e42982cf3202dd2d06b72a0bb212a72,selected document ids intentionally excluded
cmedqa2_external,qh_73a7d637c53d5566,D1,1.0,0.33484598185538733,VERIFIED_FROM_RELEASE,paper_results/per_query_minimal/cmedqa2_external_per_query.jsonl,876a16d098e1da3f642ef70854cbc985bae5f9e3,3e170ff0ad1d799e5899cb62fd78c9920e42982cf3202dd2d06b72a0bb212a72,selected document ids intentionally excluded
cmedqa2_external,qh_73a7d637c53d5566,D2,1.0,0.5205337679056065,VERIFIED_FROM_RELEASE,paper_results/per_query_minimal/cmedqa2_external_per_query.jsonl,876a16d098e1da3f642ef70854cbc985bae5f9e3,3e170ff0ad1d799e5899cb62fd78c9920e42982cf3202dd2d06b72a0bb212a72,selected document ids intentionally excluded
cmedqa2_external,qh_73a7d637c53d5566,D3,1.0,0.5205337679056065,VERIFIED_FROM_RELEASE,paper_results/per_query_minimal/cmedqa2_external_per_query.jsonl,876a16d098e1da3f642ef70854cbc985bae5f9e3,3e170ff0ad1d799e5899cb62fd78c9920e42982cf3202dd2d06b72a0bb212a72,selected document ids intentionally excluded
cmedqa2_external,qh_ec4d506720c26111,B0,1.0,0.6489315753318465,VERIFIED_FROM_RELEASE,paper_results/per_query_minimal/cmedqa2_external_per_query.jsonl,876a16d098e1da3f642ef70854cbc985bae5f9e3,3e170ff0ad1d799e5899cb62fd78c9920e42982cf3202dd2d06b72a0bb212a72,selected document ids intentionally excluded
cmedqa2_external,qh_ec4d506720c26111,D0,1.0,0.6489315753318465,VERIFIED_FROM_RELEASE,paper_results/per_query_minimal/cmedqa2_external_per_query.jsonl,876a16d098e1da3f642ef70854cbc985bae5f9e3,3e170ff0ad1d799e5899cb62fd78c9920e42982cf3202dd2d06b72a0bb212a72,selected document ids intentionally excluded
cmedqa2_external,qh_ec4d506720c26111,D1,1.0,0.6489315753318465,VERIFIED_FROM_RELEASE,paper_results/per_query_minimal/cmedqa2_external_per_query.jsonl,876a16d098e1da3f642ef70854cbc985bae5f9e3,3e170ff0ad1d799e5899cb62fd78c9920e42982cf3202dd2d06b72a0bb212a72,selected document ids intentionally excluded
cmedqa2_external,qh_ec4d506720c26111,D2,1.0,0.6489315753318465,VERIFIED_FROM_RELEASE,paper_results/per_query_minimal/cmedqa2_external_per_query.jsonl,876a16d098e1da3f642ef70854cbc985bae5f9e3,3e170ff0ad1d799e5899cb62fd78c9920e42982cf3202dd2d06b72a0bb212a72,selected document ids intentionally excluded
cmedqa2_external,qh_ec4d506720c26111,D3,1.0,0.6489315753318465,VERIFIED_FROM_RELEASE,paper_results/per_query_minimal/cmedqa2_external_per_query.jsonl,876a16d098e1da3f642ef70854cbc985bae5f9e3,3e170ff0ad1d799e5899cb62fd78c9920e42982cf3202dd2d06b72a0bb212a72,selected document ids intentionally excluded
cmedqa2_external,qh_ff57faff495cb6e5,B0,1.0,0.5688287583307648,VERIFIED_FROM_RELEASE,paper_results/per_query_minimal/cmedqa2_external_per_query.jsonl,876a16d098e1da3f642ef70854cbc985bae5f9e3,3e170ff0ad1d799e5899cb62fd78c9920e42982cf3202dd2d06b72a0bb212a72,selected document ids intentionally excluded
cmedqa2_external,qh_ff57faff495cb6e5,D0,1.0,0.4505894982440495,VERIFIED_FROM_RELEASE,paper_results/per_query_minimal/cmedqa2_external_per_query.jsonl,876a16d098e1da3f642ef70854cbc985bae5f9e3,3e170ff0ad1d799e5899cb62fd78c9920e42982cf3202dd2d06b72a0bb212a72,selected document ids intentionally excluded
cmedqa2_external,qh_ff57faff495cb6e5,D1,1.0,0.4505894982440495,VERIFIED_FROM_RELEASE,paper_results/per_query_minimal/cmedqa2_external_per_query.jsonl,876a16d098e1da3f642ef70854cbc985bae5f9e3,3e170ff0ad1d799e5899cb62fd78c9920e42982cf3202dd2d06b72a0bb212a72,selected document ids intentionally excluded
cmedqa2_external,qh_ff57faff495cb6e5,D2,1.0,0.4505894982440495,VERIFIED_FROM_RELEASE,paper_results/per_query_minimal/cmedqa2_external_per_query.jsonl,876a16d098e1da3f642ef70854cbc985bae5f9e3,3e170ff0ad1d799e5899cb62fd78c9920e42982cf3202dd2d06b72a0bb212a72,selected document ids intentionally excluded
cmedqa2_external,qh_ff57faff495cb6e5,D3,1.0,0.4505894982440495,VERIFIED_FROM_RELEASE,paper_results/per_query_minimal/cmedqa2_external_per_query.jsonl,876a16d098e1da3f642ef70854cbc985bae5f9e3,3e170ff0ad1d799e5899cb62fd78c9920e42982cf3202dd2d06b72a0bb212a72,selected document ids intentionally excluded
cmedqa2_external,qh_d1850c0e0344e350,B0,0.0,0.05891285867802368,VERIFIED_FROM_RELEASE,paper_results/per_query_minimal/cmedqa2_external_per_query.jsonl,876a16d098e1da3f642ef70854cbc985bae5f9e3,3e170ff0ad1d799e5899cb62fd78c9920e42982cf3202dd2d06b72a0bb212a72,selected document ids intentionally excluded
cmedqa2_external,qh_d1850c0e0344e350,D0,0.0,0.05891285867802368,VERIFIED_FROM_RELEASE,paper_results/per_query_minimal/cmedqa2_external_per_query.jsonl,876a16d098e1da3f642ef70854cbc985bae5f9e3,3e170ff0ad1d799e5899cb62fd78c9920e42982cf3202dd2d06b72a0bb212a72,selected document ids intentionally excluded
cmedqa2_external,qh_d1850c0e0344e350,D1,0.0,0.0,VERIFIED_FROM_RELEASE,paper_results/per_query_minimal/cmedqa2_external_per_query.jsonl,876a16d098e1da3f642ef70854cbc985bae5f9e3,3e170ff0ad1d799e5899cb62fd78c9920e42982cf3202dd2d06b72a0bb212a72,selected document ids intentionally excluded
cmedqa2_external,qh_d1850c0e0344e350,D2,0.0,0.05891285867802368,VERIFIED_FROM_RELEASE,paper_results/per_query_minimal/cmedqa2_external_per_query.jsonl,876a16d098e1da3f642ef70854cbc985bae5f9e3,3e170ff0ad1d799e5899cb62fd78c9920e42982cf3202dd2d06b72a0bb212a72,selected document ids intentionally excluded
cmedqa2_external,qh_d1850c0e0344e350,D3,0.0,0.0,VERIFIED_FROM_RELEASE,paper_results/per_query_minimal/cmedqa2_external_per_query.jsonl,876a16d098e1da3f642ef70854cbc985bae5f9e3,3e170ff0ad1d799e5899cb62fd78c9920e42982cf3202dd2d06b72a0bb212a72,selected document ids intentionally excluded
cmedqa2_external,qh_72e58f428d656aba,B0,1.0,0.4505894982440495,VERIFIED_FROM_RELEASE,paper_results/per_query_minimal/cmedqa2_external_per_query.jsonl,876a16d098e1da3f642ef70854cbc985bae5f9e3,3e170ff0ad1d799e5899cb62fd78c9920e42982cf3202dd2d06b72a0bb212a72,selected document ids intentionally excluded
cmedqa2_external,qh_72e58f428d656aba,D0,1.0,0.4505894982440495,VERIFIED_FROM_RELEASE,paper_results/per_query_minimal/cmedqa2_external_per_query.jsonl,876a16d098e1da3f642ef70854cbc985bae5f9e3,3e170ff0ad1d799e5899cb62fd78c9920e42982cf3202dd2d06b72a0bb212a72,selected document ids intentionally excluded
cmedqa2_external,qh_72e58f428d656aba,D1,1.0,0.4505894982440495,VERIFIED_FROM_RELEASE,paper_results/per_query_minimal/cmedqa2_external_per_query.jsonl,876a16d098e1da3f642ef70854cbc985bae5f9e3,3e170ff0ad1d799e5899cb62fd78c9920e42982cf3202dd2d06b72a0bb212a72,selected document ids intentionally excluded
cmedqa2_external,qh_72e58f428d656aba,D2,1.0,0.4505894982440495,VERIFIED_FROM_RELEASE,paper_results/per_query_minimal/cmedqa2_external_per_query.jsonl,876a16d098e1da3f642ef70854cbc985bae5f9e3,3e170ff0ad1d799e5899cb62fd78c9920e42982cf3202dd2d06b72a0bb212a72,selected document ids intentionally excluded
cmedqa2_external,qh_72e58f428d656aba,D3,1.0,0.4505894982440495,VERIFIED_FROM_RELEASE,paper_results/per_query_minimal/cmedqa2_external_per_query.jsonl,876a16d098e1da3f642ef70854cbc985bae5f9e3,3e170ff0ad1d799e5899cb62fd78c9920e42982cf3202dd2d06b72a0bb212a72,selected document ids intentionally excluded
cmedqa2_external,qh_ff9a0789c1178d57,B0,0.5,0.4883505467692416,VERIFIED_FROM_RELEASE,paper_results/per_query_minimal/cmedqa2_external_per_query.jsonl,876a16d098e1da3f642ef70854cbc985bae5f9e3,3e170ff0ad1d799e5899cb62fd78c9920e42982cf3202dd2d06b72a0bb212a72,selected document ids intentionally excluded
cmedqa2_external,qh_ff9a0789c1178d57,D0,0.5,0.3507942974028176,VERIFIED_FROM_RELEASE,paper_results/per_query_minimal/cmedqa2_external_per_query.jsonl,876a16d098e1da3f642ef70854cbc985bae5f9e3,3e170ff0ad1d799e5899cb62fd78c9920e42982cf3202dd2d06b72a0bb212a72,selected document ids intentionally excluded
cmedqa2_external,qh_ff9a0789c1178d57,D1,0.5,0.224322946018989,VERIFIED_FROM_RELEASE,paper_results/per_query_minimal/cmedqa2_external_per_query.jsonl,876a16d098e1da3f642ef70854cbc985bae5f9e3,3e170ff0ad1d799e5899cb62fd78c9920e42982cf3202dd2d06b72a0bb212a72,selected document ids intentionally excluded
cmedqa2_external,qh_ff9a0789c1178d57,D2,0.5,0.4772656487866462,VERIFIED_FROM_RELEASE,paper_results/per_query_minimal/cmedqa2_external_per_query.jsonl,876a16d098e1da3f642ef70854cbc985bae5f9e3,3e170ff0ad1d799e5899cb62fd78c9920e42982cf3202dd2d06b72a0bb212a72,selected document ids intentionally excluded
cmedqa2_external,qh_ff9a0789c1178d57,D3,0.5,0.4772656487866462,VERIFIED_FROM_RELEASE,paper_results/per_query_minimal/cmedqa2_external_per_query.jsonl,876a16d098e1da3f642ef70854cbc985bae5f9e3,3e170ff0ad1d799e5899cb62fd78c9920e42982cf3202dd2d06b72a0bb212a72,selected document ids intentionally excluded
cmedqa2_external,qh_6c760bdfa27d532d,B0,1.0,0.6489315753318465,VERIFIED_FROM_RELEASE,paper_results/per_query_minimal/cmedqa2_external_per_query.jsonl,876a16d098e1da3f642ef70854cbc985bae5f9e3,3e170ff0ad1d799e5899cb62fd78c9920e42982cf3202dd2d06b72a0bb212a72,selected document ids intentionally excluded
cmedqa2_external,qh_6c760bdfa27d532d,D0,1.0,0.6489315753318465,VERIFIED_FROM_RELEASE,paper_results/per_query_minimal/cmedqa2_external_per_query.jsonl,876a16d098e1da3f642ef70854cbc985bae5f9e3,3e170ff0ad1d799e5899cb62fd78c9920e42982cf3202dd2d06b72a0bb212a72,selected document ids intentionally excluded
cmedqa2_external,qh_6c760bdfa27d532d,D1,1.0,0.6489315753318465,VERIFIED_FROM_RELEASE,paper_results/per_query_minimal/cmedqa2_external_per_query.jsonl,876a16d098e1da3f642ef70854cbc985bae5f9e3,3e170ff0ad1d799e5899cb62fd78c9920e42982cf3202dd2d06b72a0bb212a72,selected document ids intentionally excluded
cmedqa2_external,qh_6c760bdfa27d532d,D2,1.0,0.6489315753318465,VERIFIED_FROM_RELEASE,paper_results/per_query_minimal/cmedqa2_external_per_query.jsonl,876a16d098e1da3f642ef70854cbc985bae5f9e3,3e170ff0ad1d799e5899cb62fd78c9920e42982cf3202dd2d06b72a0bb212a72,selected document ids intentionally excluded
cmedqa2_external,qh_6c760bdfa27d532d,D3,1.0,0.6489315753318465,VERIFIED_FROM_RELEASE,paper_results/per_query_minimal/cmedqa2_external_per_query.jsonl,876a16d098e1da3f642ef70854cbc985bae5f9e3,3e170ff0ad1d799e5899cb62fd78c9920e42982cf3202dd2d06b72a0bb212a72,selected document ids intentionally excluded
cmedqa2_external,qh_839c80126aee82b2,B0,1.0,0.5563566127494769,VERIFIED_FROM_RELEASE,paper_results/per_query_minimal/cmedqa2_external_per_query.jsonl,876a16d098e1da3f642ef70854cbc985bae5f9e3,3e170ff0ad1d799e5899cb62fd78c9920e42982cf3202dd2d06b72a0bb212a72,selected document ids intentionally excluded
cmedqa2_external,qh_839c80126aee82b2,D0,1.0,0.6489315753318465,VERIFIED_FROM_RELEASE,paper_results/per_query_minimal/cmedqa2_external_per_query.jsonl,876a16d098e1da3f642ef70854cbc985bae5f9e3,3e170ff0ad1d799e5899cb62fd78c9920e42982cf3202dd2d06b72a0bb212a72,selected document ids intentionally excluded
cmedqa2_external,qh_839c80126aee82b2,D1,1.0,0.6489315753318465,VERIFIED_FROM_RELEASE,paper_results/per_query_minimal/cmedqa2_external_per_query.jsonl,876a16d098e1da3f642ef70854cbc985bae5f9e3,3e170ff0ad1d799e5899cb62fd78c9920e42982cf3202dd2d06b72a0bb212a72,selected document ids intentionally excluded
cmedqa2_external,qh_839c80126aee82b2,D2,1.0,0.5921694969040991,VERIFIED_FROM_RELEASE,paper_results/per_query_minimal/cmedqa2_external_per_query.jsonl,876a16d098e1da3f642ef70854cbc985bae5f9e3,3e170ff0ad1d799e5899cb62fd78c9920e42982cf3202dd2d06b72a0bb212a72,selected document ids intentionally excluded
cmedqa2_external,qh_839c80126aee82b2,D3,1.0,0.5921694969040991,VERIFIED_FROM_RELEASE,paper_results/per_query_minimal/cmedqa2_external_per_query.jsonl,876a16d098e1da3f642ef70854cbc985bae5f9e3,3e170ff0ad1d799e5899cb62fd78c9920e42982cf3202dd2d06b72a0bb212a72,selected document ids intentionally excluded
cmedqa2_external,qh_7379a10ed034e743,B0,1.0,0.0,VERIFIED_FROM_RELEASE,paper_results/per_query_minimal/cmedqa2_external_per_query.jsonl,876a16d098e1da3f642ef70854cbc985bae5f9e3,3e170ff0ad1d799e5899cb62fd78c9920e42982cf3202dd2d06b72a0bb212a72,selected document ids intentionally excluded
cmedqa2_external,qh_7379a10ed034e743,D0,1.0,0.0,VERIFIED_FROM_RELEASE,paper_results/per_query_minimal/cmedqa2_external_per_query.jsonl,876a16d098e1da3f642ef70854cbc985bae5f9e3,3e170ff0ad1d799e5899cb62fd78c9920e42982cf3202dd2d06b72a0bb212a72,selected document ids intentionally excluded
cmedqa2_external,qh_7379a10ed034e743,D1,1.0,0.0,VERIFIED_FROM_RELEASE,paper_results/per_query_minimal/cmedqa2_external_per_query.jsonl,876a16d098e1da3f642ef70854cbc985bae5f9e3,3e170ff0ad1d799e5899cb62fd78c9920e42982cf3202dd2d06b72a0bb212a72,selected document ids intentionally excluded
cmedqa2_external,qh_7379a10ed034e743,D2,1.0,0.0,VERIFIED_FROM_RELEASE,paper_results/per_query_minimal/cmedqa2_external_per_query.jsonl,876a16d098e1da3f642ef70854cbc985bae5f9e3,3e170ff0ad1d799e5899cb62fd78c9920e42982cf3202dd2d06b72a0bb212a72,selected document ids intentionally excluded
cmedqa2_external,qh_7379a10ed034e743,D3,1.0,0.0,VERIFIED_FROM_RELEASE,paper_results/per_query_minimal/cmedqa2_external_per_query.jsonl,876a16d098e1da3f642ef70854cbc985bae5f9e3,3e170ff0ad1d799e5899cb62fd78c9920e42982cf3202dd2d06b72a0bb212a72,selected document ids intentionally excluded
cmedqa2_external,qh_29dc29a14f45e5e4,B0,1.0,0.3444322261876628,VERIFIED_FROM_RELEASE,paper_results/per_query_minimal/cmedqa2_external_per_query.jsonl,876a16d098e1da3f642ef70854cbc985bae5f9e3,3e170ff0ad1d799e5899cb62fd78c9920e42982cf3202dd2d06b72a0bb212a72,selected document ids intentionally excluded
cmedqa2_external,qh_29dc29a14f45e5e4,D0,1.0,0.2489840402355346,VERIFIED_FROM_RELEASE,paper_results/per_query_minimal/cmedqa2_external_per_query.jsonl,876a16d098e1da3f642ef70854cbc985bae5f9e3,3e170ff0ad1d799e5899cb62fd78c9920e42982cf3202dd2d06b72a0bb212a72,selected document ids intentionally excluded
cmedqa2_external,qh_29dc29a14f45e5e4,D1,1.0,0.30455669337547403,VERIFIED_FROM_RELEASE,paper_results/per_query_minimal/cmedqa2_external_per_query.jsonl,876a16d098e1da3f642ef70854cbc985bae5f9e3,3e170ff0ad1d799e5899cb62fd78c9920e42982cf3202dd2d06b72a0bb212a72,selected document ids intentionally excluded
cmedqa2_external,qh_29dc29a14f45e5e4,D2,1.0,0.588000468504374,VERIFIED_FROM_RELEASE,paper_results/per_query_minimal/cmedqa2_external_per_query.jsonl,876a16d098e1da3f642ef70854cbc985bae5f9e3,3e170ff0ad1d799e5899cb62fd78c9920e42982cf3202dd2d06b72a0bb212a72,selected document ids intentionally excluded
cmedqa2_external,qh_29dc29a14f45e5e4,D3,1.0,0.588000468504374,VERIFIED_FROM_RELEASE,paper_results/per_query_minimal/cmedqa2_external_per_query.jsonl,876a16d098e1da3f642ef70854cbc985bae5f9e3,3e170ff0ad1d799e5899cb62fd78c9920e42982cf3202dd2d06b72a0bb212a72,selected document ids intentionally excluded
cmedqa2_external,qh_67e0d986ddd1c6bc,B0,1.0,0.6434294255597477,VERIFIED_FROM_RELEASE,paper_results/per_query_minimal/cmedqa2_external_per_query.jsonl,876a16d098e1da3f642ef70854cbc985bae5f9e3,3e170ff0ad1d799e5899cb62fd78c9920e42982cf3202dd2d06b72a0bb212a72,selected document ids intentionally excluded
cmedqa2_external,qh_67e0d986ddd1c6bc,D0,1.0,0.5822232271739722,VERIFIED_FROM_RELEASE,paper_results/per_query_minimal/cmedqa2_external_per_query.jsonl,876a16d098e1da3f642ef70854cbc985bae5f9e3,3e170ff0ad1d799e5899cb62fd78c9920e42982cf3202dd2d06b72a0bb212a72,selected document ids intentionally excluded
cmedqa2_external,qh_67e0d986ddd1c6bc,D1,1.0,0.5822232271739722,VERIFIED_FROM_RELEASE,paper_results/per_query_minimal/cmedqa2_external_per_query.jsonl,876a16d098e1da3f642ef70854cbc985bae5f9e3,3e170ff0ad1d799e5899cb62fd78c9920e42982cf3202dd2d06b72a0bb212a72,selected document ids intentionally excluded
cmedqa2_external,qh_67e0d986ddd1c6bc,D2,1.0,0.5688287583307648,VERIFIED_FROM_RELEASE,paper_results/per_query_minimal/cmedqa2_external_per_query.jsonl,876a16d098e1da3f642ef70854cbc985bae5f9e3,3e170ff0ad1d799e5899cb62fd78c9920e42982cf3202dd2d06b72a0bb212a72,selected document ids intentionally excluded
cmedqa2_external,qh_67e0d986ddd1c6bc,D3,1.0,0.5688287583307648,VERIFIED_FROM_RELEASE,paper_results/per_query_minimal/cmedqa2_external_per_query.jsonl,876a16d098e1da3f642ef70854cbc985bae5f9e3,3e170ff0ad1d799e5899cb62fd78c9920e42982cf3202dd2d06b72a0bb212a72,selected document ids intentionally excluded
cmedqa2_external,qh_d9fc4c04bbf0cebf,B0,1.0,0.6489315753318465,VERIFIED_FROM_RELEASE,paper_results/per_query_minimal/cmedqa2_external_per_query.jsonl,876a16d098e1da3f642ef70854cbc985bae5f9e3,3e170ff0ad1d799e5899cb62fd78c9920e42982cf3202dd2d06b72a0bb212a72,selected document ids intentionally excluded
cmedqa2_external,qh_d9fc4c04bbf0cebf,D0,1.0,0.6489315753318465,VERIFIED_FROM_RELEASE,paper_results/per_query_minimal/cmedqa2_external_per_query.jsonl,876a16d098e1da3f642ef70854cbc985bae5f9e3,3e170ff0ad1d799e5899cb62fd78c9920e42982cf3202dd2d06b72a0bb212a72,selected document ids intentionally excluded
cmedqa2_external,qh_d9fc4c04bbf0cebf,D1,1.0,0.6489315753318465,VERIFIED_FROM_RELEASE,paper_results/per_query_minimal/cmedqa2_external_per_query.jsonl,876a16d098e1da3f642ef70854cbc985bae5f9e3,3e170ff0ad1d799e5899cb62fd78c9920e42982cf3202dd2d06b72a0bb212a72,selected document ids intentionally excluded
cmedqa2_external,qh_d9fc4c04bbf0cebf,D2,1.0,0.6489315753318465,VERIFIED_FROM_RELEASE,paper_results/per_query_minimal/cmedqa2_external_per_query.jsonl,876a16d098e1da3f642ef70854cbc985bae5f9e3,3e170ff0ad1d799e5899cb62fd78c9920e42982cf3202dd2d06b72a0bb212a72,selected document ids intentionally excluded
cmedqa2_external,qh_d9fc4c04bbf0cebf,D3,1.0,0.6489315753318465,VERIFIED_FROM_RELEASE,paper_results/per_query_minimal/cmedqa2_external_per_query.jsonl,876a16d098e1da3f642ef70854cbc985bae5f9e3,3e170ff0ad1d799e5899cb62fd78c9920e42982cf3202dd2d06b72a0bb212a72,selected document ids intentionally excluded
cmedqa2_external,qh_d2a538f12edbd881,B0,1.0,0.5921694969040991,VERIFIED_FROM_RELEASE,paper_results/per_query_minimal/cmedqa2_external_per_query.jsonl,876a16d098e1da3f642ef70854cbc985bae5f9e3,3e170ff0ad1d799e5899cb62fd78c9920e42982cf3202dd2d06b72a0bb212a72,selected document ids intentionally excluded
cmedqa2_external,qh_d2a538f12edbd881,D0,1.0,0.6489315753318465,VERIFIED_FROM_RELEASE,paper_results/per_query_minimal/cmedqa2_external_per_query.jsonl,876a16d098e1da3f642ef70854cbc985bae5f9e3,3e170ff0ad1d799e5899cb62fd78c9920e42982cf3202dd2d06b72a0bb212a72,selected document ids intentionally excluded
cmedqa2_external,qh_d2a538f12edbd881,D1,1.0,0.6489315753318465,VERIFIED_FROM_RELEASE,paper_results/per_query_minimal/cmedqa2_external_per_query.jsonl,876a16d098e1da3f642ef70854cbc985bae5f9e3,3e170ff0ad1d799e5899cb62fd78c9920e42982cf3202dd2d06b72a0bb212a72,selected document ids intentionally excluded
cmedqa2_external,qh_d2a538f12edbd881,D2,1.0,0.5563566127494769,VERIFIED_FROM_RELEASE,paper_results/per_query_minimal/cmedqa2_external_per_query.jsonl,876a16d098e1da3f642ef70854cbc985bae5f9e3,3e170ff0ad1d799e5899cb62fd78c9920e42982cf3202dd2d06b72a0bb212a72,selected document ids intentionally excluded
cmedqa2_external,qh_d2a538f12edbd881,D3,1.0,0.5563566127494769,VERIFIED_FROM_RELEASE,paper_results/per_query_minimal/cmedqa2_external_per_query.jsonl,876a16d098e1da3f642ef70854cbc985bae5f9e3,3e170ff0ad1d799e5899cb62fd78c9920e42982cf3202dd2d06b72a0bb212a72,selected document ids intentionally excluded
cmedqa2_external,qh_eb8349965f9e7d11,B0,1.0,0.6238470455881189,VERIFIED_FROM_RELEASE,paper_results/per_query_minimal/cmedqa2_external_per_query.jsonl,876a16d098e1da3f642ef70854cbc985bae5f9e3,3e170ff0ad1d799e5899cb62fd78c9920e42982cf3202dd2d06b72a0bb212a72,selected document ids intentionally excluded
cmedqa2_external,qh_eb8349965f9e7d11,D0,1.0,0.3026024134988135,VERIFIED_FROM_RELEASE,paper_results/per_query_minimal/cmedqa2_external_per_query.jsonl,876a16d098e1da3f642ef70854cbc985bae5f9e3,3e170ff0ad1d799e5899cb62fd78c9920e42982cf3202dd2d06b72a0bb212a72,selected document ids intentionally excluded
cmedqa2_external,qh_eb8349965f9e7d11,D1,1.0,0.45390362024822023,VERIFIED_FROM_RELEASE,paper_results/per_query_minimal/cmedqa2_external_per_query.jsonl,876a16d098e1da3f642ef70854cbc985bae5f9e3,3e170ff0ad1d799e5899cb62fd78c9920e42982cf3202dd2d06b72a0bb212a72,selected document ids intentionally excluded
cmedqa2_external,qh_eb8349965f9e7d11,D2,1.0,0.45390362024822023,VERIFIED_FROM_RELEASE,paper_results/per_query_minimal/cmedqa2_external_per_query.jsonl,876a16d098e1da3f642ef70854cbc985bae5f9e3,3e170ff0ad1d799e5899cb62fd78c9920e42982cf3202dd2d06b72a0bb212a72,selected document ids intentionally excluded
cmedqa2_external,qh_eb8349965f9e7d11,D3,1.0,0.4935232796777482,VERIFIED_FROM_RELEASE,paper_results/per_query_minimal/cmedqa2_external_per_query.jsonl,876a16d098e1da3f642ef70854cbc985bae5f9e3,3e170ff0ad1d799e5899cb62fd78c9920e42982cf3202dd2d06b72a0bb212a72,selected document ids intentionally excluded
cmedqa2_external,qh_de964e179923c42f,B0,1.0,0.6416075333609557,VERIFIED_FROM_RELEASE,paper_results/per_query_minimal/cmedqa2_external_per_query.jsonl,876a16d098e1da3f642ef70854cbc985bae5f9e3,3e170ff0ad1d799e5899cb62fd78c9920e42982cf3202dd2d06b72a0bb212a72,selected document ids intentionally excluded
cmedqa2_external,qh_de964e179923c42f,D0,1.0,0.6754925881234267,VERIFIED_FROM_RELEASE,paper_results/per_query_minimal/cmedqa2_external_per_query.jsonl,876a16d098e1da3f642ef70854cbc985bae5f9e3,3e170ff0ad1d799e5899cb62fd78c9920e42982cf3202dd2d06b72a0bb212a72,selected document ids intentionally excluded
cmedqa2_external,qh_de964e179923c42f,D1,1.0,0.6754925881234267,VERIFIED_FROM_RELEASE,paper_results/per_query_minimal/cmedqa2_external_per_query.jsonl,876a16d098e1da3f642ef70854cbc985bae5f9e3,3e170ff0ad1d799e5899cb62fd78c9920e42982cf3202dd2d06b72a0bb212a72,selected document ids intentionally excluded
cmedqa2_external,qh_de964e179923c42f,D2,1.0,0.48412676978048164,VERIFIED_FROM_RELEASE,paper_results/per_query_minimal/cmedqa2_external_per_query.jsonl,876a16d098e1da3f642ef70854cbc985bae5f9e3,3e170ff0ad1d799e5899cb62fd78c9920e42982cf3202dd2d06b72a0bb212a72,selected document ids intentionally excluded
cmedqa2_external,qh_de964e179923c42f,D3,1.0,0.48412676978048164,VERIFIED_FROM_RELEASE,paper_results/per_query_minimal/cmedqa2_external_per_query.jsonl,876a16d098e1da3f642ef70854cbc985bae5f9e3,3e170ff0ad1d799e5899cb62fd78c9920e42982cf3202dd2d06b72a0bb212a72,selected document ids intentionally excluded
cmedqa2_external,qh_2197d9052f07d002,B0,1.0,0.6604737994089497,VERIFIED_FROM_RELEASE,paper_results/per_query_minimal/cmedqa2_external_per_query.jsonl,876a16d098e1da3f642ef70854cbc985bae5f9e3,3e170ff0ad1d799e5899cb62fd78c9920e42982cf3202dd2d06b72a0bb212a72,selected document ids intentionally excluded
cmedqa2_external,qh_2197d9052f07d002,D0,1.0,0.6604737994089497,VERIFIED_FROM_RELEASE,paper_results/per_query_minimal/cmedqa2_external_per_query.jsonl,876a16d098e1da3f642ef70854cbc985bae5f9e3,3e170ff0ad1d799e5899cb62fd78c9920e42982cf3202dd2d06b72a0bb212a72,selected document ids intentionally excluded
cmedqa2_external,qh_2197d9052f07d002,D1,1.0,0.542456189597643,VERIFIED_FROM_RELEASE,paper_results/per_query_minimal/cmedqa2_external_per_query.jsonl,876a16d098e1da3f642ef70854cbc985bae5f9e3,3e170ff0ad1d799e5899cb62fd78c9920e42982cf3202dd2d06b72a0bb212a72,selected document ids intentionally excluded
cmedqa2_external,qh_2197d9052f07d002,D2,1.0,0.4514298978877076,VERIFIED_FROM_RELEASE,paper_results/per_query_minimal/cmedqa2_external_per_query.jsonl,876a16d098e1da3f642ef70854cbc985bae5f9e3,3e170ff0ad1d799e5899cb62fd78c9920e42982cf3202dd2d06b72a0bb212a72,selected document ids intentionally excluded
cmedqa2_external,qh_2197d9052f07d002,D3,1.0,0.4514298978877076,VERIFIED_FROM_RELEASE,paper_results/per_query_minimal/cmedqa2_external_per_query.jsonl,876a16d098e1da3f642ef70854cbc985bae5f9e3,3e170ff0ad1d799e5899cb62fd78c9920e42982cf3202dd2d06b72a0bb212a72,selected document ids intentionally excluded
cmedqa2_external,qh_4ab3937db2c8a32e,B0,1.0,0.5754994188159136,VERIFIED_FROM_RELEASE,paper_results/per_query_minimal/cmedqa2_external_per_query.jsonl,876a16d098e1da3f642ef70854cbc985bae5f9e3,3e170ff0ad1d799e5899cb62fd78c9920e42982cf3202dd2d06b72a0bb212a72,selected document ids intentionally excluded
cmedqa2_external,qh_4ab3937db2c8a32e,D0,1.0,0.5447249629530071,VERIFIED_FROM_RELEASE,paper_results/per_query_minimal/cmedqa2_external_per_query.jsonl,876a16d098e1da3f642ef70854cbc985bae5f9e3,3e170ff0ad1d799e5899cb62fd78c9920e42982cf3202dd2d06b72a0bb212a72,selected document ids intentionally excluded
cmedqa2_external,qh_4ab3937db2c8a32e,D1,1.0,0.5447249629530071,VERIFIED_FROM_RELEASE,paper_results/per_query_minimal/cmedqa2_external_per_query.jsonl,876a16d098e1da3f642ef70854cbc985bae5f9e3,3e170ff0ad1d799e5899cb62fd78c9920e42982cf3202dd2d06b72a0bb212a72,selected document ids intentionally excluded
cmedqa2_external,qh_4ab3937db2c8a32e,D2,1.0,0.5754994188159136,VERIFIED_FROM_RELEASE,paper_results/per_query_minimal/cmedqa2_external_per_query.jsonl,876a16d098e1da3f642ef70854cbc985bae5f9e3,3e170ff0ad1d799e5899cb62fd78c9920e42982cf3202dd2d06b72a0bb212a72,selected document ids intentionally excluded
cmedqa2_external,qh_4ab3937db2c8a32e,D3,1.0,0.5754994188159136,VERIFIED_FROM_RELEASE,paper_results/per_query_minimal/cmedqa2_external_per_query.jsonl,876a16d098e1da3f642ef70854cbc985bae5f9e3,3e170ff0ad1d799e5899cb62fd78c9920e42982cf3202dd2d06b72a0bb212a72,selected document ids intentionally excluded
cmedqa2_external,qh_a811743ca9f6df3f,B0,1.0,0.6489315753318465,VERIFIED_FROM_RELEASE,paper_results/per_query_minimal/cmedqa2_external_per_query.jsonl,876a16d098e1da3f642ef70854cbc985bae5f9e3,3e170ff0ad1d799e5899cb62fd78c9920e42982cf3202dd2d06b72a0bb212a72,selected document ids intentionally excluded
cmedqa2_external,qh_a811743ca9f6df3f,D0,1.0,0.6489315753318465,VERIFIED_FROM_RELEASE,paper_results/per_query_minimal/cmedqa2_external_per_query.jsonl,876a16d098e1da3f642ef70854cbc985bae5f9e3,3e170ff0ad1d799e5899cb62fd78c9920e42982cf3202dd2d06b72a0bb212a72,selected document ids intentionally excluded
cmedqa2_external,qh_a811743ca9f6df3f,D1,1.0,0.6489315753318465,VERIFIED_FROM_RELEASE,paper_results/per_query_minimal/cmedqa2_external_per_query.jsonl,876a16d098e1da3f642ef70854cbc985bae5f9e3,3e170ff0ad1d799e5899cb62fd78c9920e42982cf3202dd2d06b72a0bb212a72,selected document ids intentionally excluded
cmedqa2_external,qh_a811743ca9f6df3f,D2,1.0,0.6489315753318465,VERIFIED_FROM_RELEASE,paper_results/per_query_minimal/cmedqa2_external_per_query.jsonl,876a16d098e1da3f642ef70854cbc985bae5f9e3,3e170ff0ad1d799e5899cb62fd78c9920e42982cf3202dd2d06b72a0bb212a72,selected document ids intentionally excluded
cmedqa2_external,qh_a811743ca9f6df3f,D3,1.0,0.6489315753318465,VERIFIED_FROM_RELEASE,paper_results/per_query_minimal/cmedqa2_external_per_query.jsonl,876a16d098e1da3f642ef70854cbc985bae5f9e3,3e170ff0ad1d799e5899cb62fd78c9920e42982cf3202dd2d06b72a0bb212a72,selected document ids intentionally excluded
cmedqa2_external,qh_20af573f5520cbdf,B0,1.0,0.3777451508166997,VERIFIED_FROM_RELEASE,paper_results/per_query_minimal/cmedqa2_external_per_query.jsonl,876a16d098e1da3f642ef70854cbc985bae5f9e3,3e170ff0ad1d799e5899cb62fd78c9920e42982cf3202dd2d06b72a0bb212a72,selected document ids intentionally excluded
cmedqa2_external,qh_20af573f5520cbdf,D0,1.0,0.3777451508166997,VERIFIED_FROM_RELEASE,paper_results/per_query_minimal/cmedqa2_external_per_query.jsonl,876a16d098e1da3f642ef70854cbc985bae5f9e3,3e170ff0ad1d799e5899cb62fd78c9920e42982cf3202dd2d06b72a0bb212a72,selected document ids intentionally excluded
cmedqa2_external,qh_20af573f5520cbdf,D1,1.0,0.3777451508166997,VERIFIED_FROM_RELEASE,paper_results/per_query_minimal/cmedqa2_external_per_query.jsonl,876a16d098e1da3f642ef70854cbc985bae5f9e3,3e170ff0ad1d799e5899cb62fd78c9920e42982cf3202dd2d06b72a0bb212a72,selected document ids intentionally excluded
cmedqa2_external,qh_20af573f5520cbdf,D2,0.6666666666666666,0.3777451508166997,VERIFIED_FROM_RELEASE,paper_results/per_query_minimal/cmedqa2_external_per_query.jsonl,876a16d098e1da3f642ef70854cbc985bae5f9e3,3e170ff0ad1d799e5899cb62fd78c9920e42982cf3202dd2d06b72a0bb212a72,selected document ids intentionally excluded
cmedqa2_external,qh_20af573f5520cbdf,D3,0.6666666666666666,0.3777451508166997,VERIFIED_FROM_RELEASE,paper_results/per_query_minimal/cmedqa2_external_per_query.jsonl,876a16d098e1da3f642ef70854cbc985bae5f9e3,3e170ff0ad1d799e5899cb62fd78c9920e42982cf3202dd2d06b72a0bb212a72,selected document ids intentionally excluded
cmedqa2_external,qh_51946c16cac315bd,B0,1.0,0.4312614393255136,VERIFIED_FROM_RELEASE,paper_results/per_query_minimal/cmedqa2_external_per_query.jsonl,876a16d098e1da3f642ef70854cbc985bae5f9e3,3e170ff0ad1d799e5899cb62fd78c9920e42982cf3202dd2d06b72a0bb212a72,selected document ids intentionally excluded
cmedqa2_external,qh_51946c16cac315bd,D0,1.0,0.33373987213490325,VERIFIED_FROM_RELEASE,paper_results/per_query_minimal/cmedqa2_external_per_query.jsonl,876a16d098e1da3f642ef70854cbc985bae5f9e3,3e170ff0ad1d799e5899cb62fd78c9920e42982cf3202dd2d06b72a0bb212a72,selected document ids intentionally excluded
cmedqa2_external,qh_51946c16cac315bd,D1,1.0,0.33373987213490325,VERIFIED_FROM_RELEASE,paper_results/per_query_minimal/cmedqa2_external_per_query.jsonl,876a16d098e1da3f642ef70854cbc985bae5f9e3,3e170ff0ad1d799e5899cb62fd78c9920e42982cf3202dd2d06b72a0bb212a72,selected document ids intentionally excluded
cmedqa2_external,qh_51946c16cac315bd,D2,1.0,0.5333557561136147,VERIFIED_FROM_RELEASE,paper_results/per_query_minimal/cmedqa2_external_per_query.jsonl,876a16d098e1da3f642ef70854cbc985bae5f9e3,3e170ff0ad1d799e5899cb62fd78c9920e42982cf3202dd2d06b72a0bb212a72,selected document ids intentionally excluded
cmedqa2_external,qh_51946c16cac315bd,D3,1.0,0.3540300700982785,VERIFIED_FROM_RELEASE,paper_results/per_query_minimal/cmedqa2_external_per_query.jsonl,876a16d098e1da3f642ef70854cbc985bae5f9e3,3e170ff0ad1d799e5899cb62fd78c9920e42982cf3202dd2d06b72a0bb212a72,selected document ids intentionally excluded
cmedqa2_external,qh_f3f5d4b759d41e94,B0,1.0,0.6930221935231563,VERIFIED_FROM_RELEASE,paper_results/per_query_minimal/cmedqa2_external_per_query.jsonl,876a16d098e1da3f642ef70854cbc985bae5f9e3,3e170ff0ad1d799e5899cb62fd78c9920e42982cf3202dd2d06b72a0bb212a72,selected document ids intentionally excluded
cmedqa2_external,qh_f3f5d4b759d41e94,D0,1.0,0.5917935853108561,VERIFIED_FROM_RELEASE,paper_results/per_query_minimal/cmedqa2_external_per_query.jsonl,876a16d098e1da3f642ef70854cbc985bae5f9e3,3e170ff0ad1d799e5899cb62fd78c9920e42982cf3202dd2d06b72a0bb212a72,selected document ids intentionally excluded
cmedqa2_external,qh_f3f5d4b759d41e94,D1,1.0,0.6930221935231563,VERIFIED_FROM_RELEASE,paper_results/per_query_minimal/cmedqa2_external_per_query.jsonl,876a16d098e1da3f642ef70854cbc985bae5f9e3,3e170ff0ad1d799e5899cb62fd78c9920e42982cf3202dd2d06b72a0bb212a72,selected document ids intentionally excluded
cmedqa2_external,qh_f3f5d4b759d41e94,D2,1.0,0.5008655546918773,VERIFIED_FROM_RELEASE,paper_results/per_query_minimal/cmedqa2_external_per_query.jsonl,876a16d098e1da3f642ef70854cbc985bae5f9e3,3e170ff0ad1d799e5899cb62fd78c9920e42982cf3202dd2d06b72a0bb212a72,selected document ids intentionally excluded
cmedqa2_external,qh_f3f5d4b759d41e94,D3,1.0,0.5008655546918773,VERIFIED_FROM_RELEASE,paper_results/per_query_minimal/cmedqa2_external_per_query.jsonl,876a16d098e1da3f642ef70854cbc985bae5f9e3,3e170ff0ad1d799e5899cb62fd78c9920e42982cf3202dd2d06b72a0bb212a72,selected document ids intentionally excluded
cmedqa2_external,qh_9e62ab85d5028756,B0,1.0,0.08585952344510916,VERIFIED_FROM_RELEASE,paper_results/per_query_minimal/cmedqa2_external_per_query.jsonl,876a16d098e1da3f642ef70854cbc985bae5f9e3,3e170ff0ad1d799e5899cb62fd78c9920e42982cf3202dd2d06b72a0bb212a72,selected document ids intentionally excluded
cmedqa2_external,qh_9e62ab85d5028756,D0,1.0,0.07395536807032282,VERIFIED_FROM_RELEASE,paper_results/per_query_minimal/cmedqa2_external_per_query.jsonl,876a16d098e1da3f642ef70854cbc985bae5f9e3,3e170ff0ad1d799e5899cb62fd78c9920e42982cf3202dd2d06b72a0bb212a72,selected document ids intentionally excluded
cmedqa2_external,qh_9e62ab85d5028756,D1,1.0,0.08585952344510916,VERIFIED_FROM_RELEASE,paper_results/per_query_minimal/cmedqa2_external_per_query.jsonl,876a16d098e1da3f642ef70854cbc985bae5f9e3,3e170ff0ad1d799e5899cb62fd78c9920e42982cf3202dd2d06b72a0bb212a72,selected document ids intentionally excluded
cmedqa2_external,qh_9e62ab85d5028756,D2,1.0,0.10834265593797102,VERIFIED_FROM_RELEASE,paper_results/per_query_minimal/cmedqa2_external_per_query.jsonl,876a16d098e1da3f642ef70854cbc985bae5f9e3,3e170ff0ad1d799e5899cb62fd78c9920e42982cf3202dd2d06b72a0bb212a72,selected document ids intentionally excluded
cmedqa2_external,qh_9e62ab85d5028756,D3,1.0,0.10834265593797102,VERIFIED_FROM_RELEASE,paper_results/per_query_minimal/cmedqa2_external_per_query.jsonl,876a16d098e1da3f642ef70854cbc985bae5f9e3,3e170ff0ad1d799e5899cb62fd78c9920e42982cf3202dd2d06b72a0bb212a72,selected document ids intentionally excluded
cmedqa2_external,qh_e7ab3c76123da0be,B0,0.5,1.0,VERIFIED_FROM_RELEASE,paper_results/per_query_minimal/cmedqa2_external_per_query.jsonl,876a16d098e1da3f642ef70854cbc985bae5f9e3,3e170ff0ad1d799e5899cb62fd78c9920e42982cf3202dd2d06b72a0bb212a72,selected document ids intentionally excluded
cmedqa2_external,qh_e7ab3c76123da0be,D0,1.0,0.6934264036172708,VERIFIED_FROM_RELEASE,paper_results/per_query_minimal/cmedqa2_external_per_query.jsonl,876a16d098e1da3f642ef70854cbc985bae5f9e3,3e170ff0ad1d799e5899cb62fd78c9920e42982cf3202dd2d06b72a0bb212a72,selected document ids intentionally excluded
cmedqa2_external,qh_e7ab3c76123da0be,D1,1.0,1.0,VERIFIED_FROM_RELEASE,paper_results/per_query_minimal/cmedqa2_external_per_query.jsonl,876a16d098e1da3f642ef70854cbc985bae5f9e3,3e170ff0ad1d799e5899cb62fd78c9920e42982cf3202dd2d06b72a0bb212a72,selected document ids intentionally excluded
cmedqa2_external,qh_e7ab3c76123da0be,D2,1.0,1.0,VERIFIED_FROM_RELEASE,paper_results/per_query_minimal/cmedqa2_external_per_query.jsonl,876a16d098e1da3f642ef70854cbc985bae5f9e3,3e170ff0ad1d799e5899cb62fd78c9920e42982cf3202dd2d06b72a0bb212a72,selected document ids intentionally excluded
cmedqa2_external,qh_e7ab3c76123da0be,D3,1.0,1.0,VERIFIED_FROM_RELEASE,paper_results/per_query_minimal/cmedqa2_external_per_query.jsonl,876a16d098e1da3f642ef70854cbc985bae5f9e3,3e170ff0ad1d799e5899cb62fd78c9920e42982cf3202dd2d06b72a0bb212a72,selected document ids intentionally excluded
cmedqa2_external,qh_cc0c688950c5d04c,B0,1.0,0.0,VERIFIED_FROM_RELEASE,paper_results/per_query_minimal/cmedqa2_external_per_query.jsonl,876a16d098e1da3f642ef70854cbc985bae5f9e3,3e170ff0ad1d799e5899cb62fd78c9920e42982cf3202dd2d06b72a0bb212a72,selected document ids intentionally excluded
cmedqa2_external,qh_cc0c688950c5d04c,D0,1.0,0.0,VERIFIED_FROM_RELEASE,paper_results/per_query_minimal/cmedqa2_external_per_query.jsonl,876a16d098e1da3f642ef70854cbc985bae5f9e3,3e170ff0ad1d799e5899cb62fd78c9920e42982cf3202dd2d06b72a0bb212a72,selected document ids intentionally excluded
cmedqa2_external,qh_cc0c688950c5d04c,D1,1.0,0.0,VERIFIED_FROM_RELEASE,paper_results/per_query_minimal/cmedqa2_external_per_query.jsonl,876a16d098e1da3f642ef70854cbc985bae5f9e3,3e170ff0ad1d799e5899cb62fd78c9920e42982cf3202dd2d06b72a0bb212a72,selected document ids intentionally excluded
cmedqa2_external,qh_cc0c688950c5d04c,D2,1.0,0.0,VERIFIED_FROM_RELEASE,paper_results/per_query_minimal/cmedqa2_external_per_query.jsonl,876a16d098e1da3f642ef70854cbc985bae5f9e3,3e170ff0ad1d799e5899cb62fd78c9920e42982cf3202dd2d06b72a0bb212a72,selected document ids intentionally excluded
cmedqa2_external,qh_cc0c688950c5d04c,D3,1.0,0.0,VERIFIED_FROM_RELEASE,paper_results/per_query_minimal/cmedqa2_external_per_query.jsonl,876a16d098e1da3f642ef70854cbc985bae5f9e3,3e170ff0ad1d799e5899cb62fd78c9920e42982cf3202dd2d06b72a0bb212a72,selected document ids intentionally excluded
cmedqa2_external,qh_6baa5a59520fff9f,B0,1.0,0.5123754103194527,VERIFIED_FROM_RELEASE,paper_results/per_query_minimal/cmedqa2_external_per_query.jsonl,876a16d098e1da3f642ef70854cbc985bae5f9e3,3e170ff0ad1d799e5899cb62fd78c9920e42982cf3202dd2d06b72a0bb212a72,selected document ids intentionally excluded
cmedqa2_external,qh_6baa5a59520fff9f,D0,1.0,0.6489315753318465,VERIFIED_FROM_RELEASE,paper_results/per_query_minimal/cmedqa2_external_per_query.jsonl,876a16d098e1da3f642ef70854cbc985bae5f9e3,3e170ff0ad1d799e5899cb62fd78c9920e42982cf3202dd2d06b72a0bb212a72,selected document ids intentionally excluded
cmedqa2_external,qh_6baa5a59520fff9f,D1,1.0,0.6489315753318465,VERIFIED_FROM_RELEASE,paper_results/per_query_minimal/cmedqa2_external_per_query.jsonl,876a16d098e1da3f642ef70854cbc985bae5f9e3,3e170ff0ad1d799e5899cb62fd78c9920e42982cf3202dd2d06b72a0bb212a72,selected document ids intentionally excluded
cmedqa2_external,qh_6baa5a59520fff9f,D2,1.0,0.48299269065011685,VERIFIED_FROM_RELEASE,paper_results/per_query_minimal/cmedqa2_external_per_query.jsonl,876a16d098e1da3f642ef70854cbc985bae5f9e3,3e170ff0ad1d799e5899cb62fd78c9920e42982cf3202dd2d06b72a0bb212a72,selected document ids intentionally excluded
cmedqa2_external,qh_6baa5a59520fff9f,D3,1.0,0.48299269065011685,VERIFIED_FROM_RELEASE,paper_results/per_query_minimal/cmedqa2_external_per_query.jsonl,876a16d098e1da3f642ef70854cbc985bae5f9e3,3e170ff0ad1d799e5899cb62fd78c9920e42982cf3202dd2d06b72a0bb212a72,selected document ids intentionally excluded
cmedqa2_external,qh_1ed790d55af27aff,B0,1.0,0.1909208661789347,VERIFIED_FROM_RELEASE,paper_results/per_query_minimal/cmedqa2_external_per_query.jsonl,876a16d098e1da3f642ef70854cbc985bae5f9e3,3e170ff0ad1d799e5899cb62fd78c9920e42982cf3202dd2d06b72a0bb212a72,selected document ids intentionally excluded
cmedqa2_external,qh_1ed790d55af27aff,D0,1.0,0.1909208661789347,VERIFIED_FROM_RELEASE,paper_results/per_query_minimal/cmedqa2_external_per_query.jsonl,876a16d098e1da3f642ef70854cbc985bae5f9e3,3e170ff0ad1d799e5899cb62fd78c9920e42982cf3202dd2d06b72a0bb212a72,selected document ids intentionally excluded
cmedqa2_external,qh_1ed790d55af27aff,D1,1.0,0.1909208661789347,VERIFIED_FROM_RELEASE,paper_results/per_query_minimal/cmedqa2_external_per_query.jsonl,876a16d098e1da3f642ef70854cbc985bae5f9e3,3e170ff0ad1d799e5899cb62fd78c9920e42982cf3202dd2d06b72a0bb212a72,selected document ids intentionally excluded
cmedqa2_external,qh_1ed790d55af27aff,D2,1.0,0.15130120674940675,VERIFIED_FROM_RELEASE,paper_results/per_query_minimal/cmedqa2_external_per_query.jsonl,876a16d098e1da3f642ef70854cbc985bae5f9e3,3e170ff0ad1d799e5899cb62fd78c9920e42982cf3202dd2d06b72a0bb212a72,selected document ids intentionally excluded
cmedqa2_external,qh_1ed790d55af27aff,D3,1.0,0.15130120674940675,VERIFIED_FROM_RELEASE,paper_results/per_query_minimal/cmedqa2_external_per_query.jsonl,876a16d098e1da3f642ef70854cbc985bae5f9e3,3e170ff0ad1d799e5899cb62fd78c9920e42982cf3202dd2d06b72a0bb212a72,selected document ids intentionally excluded
cmedqa2_external,qh_b82233e130d0042d,B0,0.5,0.6193198671454698,VERIFIED_FROM_RELEASE,paper_results/per_query_minimal/cmedqa2_external_per_query.jsonl,876a16d098e1da3f642ef70854cbc985bae5f9e3,3e170ff0ad1d799e5899cb62fd78c9920e42982cf3202dd2d06b72a0bb212a72,selected document ids intentionally excluded
cmedqa2_external,qh_b82233e130d0042d,D0,1.0,0.6368547259115426,VERIFIED_FROM_RELEASE,paper_results/per_query_minimal/cmedqa2_external_per_query.jsonl,876a16d098e1da3f642ef70854cbc985bae5f9e3,3e170ff0ad1d799e5899cb62fd78c9920e42982cf3202dd2d06b72a0bb212a72,selected document ids intentionally excluded
cmedqa2_external,qh_b82233e130d0042d,D1,1.0,0.7457912185292984,VERIFIED_FROM_RELEASE,paper_results/per_query_minimal/cmedqa2_external_per_query.jsonl,876a16d098e1da3f642ef70854cbc985bae5f9e3,3e170ff0ad1d799e5899cb62fd78c9920e42982cf3202dd2d06b72a0bb212a72,selected document ids intentionally excluded
cmedqa2_external,qh_b82233e130d0042d,D2,1.0,0.6193198671454698,VERIFIED_FROM_RELEASE,paper_results/per_query_minimal/cmedqa2_external_per_query.jsonl,876a16d098e1da3f642ef70854cbc985bae5f9e3,3e170ff0ad1d799e5899cb62fd78c9920e42982cf3202dd2d06b72a0bb212a72,selected document ids intentionally excluded
cmedqa2_external,qh_b82233e130d0042d,D3,1.0,0.6193198671454698,VERIFIED_FROM_RELEASE,paper_results/per_query_minimal/cmedqa2_external_per_query.jsonl,876a16d098e1da3f642ef70854cbc985bae5f9e3,3e170ff0ad1d799e5899cb62fd78c9920e42982cf3202dd2d06b72a0bb212a72,selected document ids intentionally excluded
cmedqa2_external,qh_2495fd2882eb73db,B0,1.0,0.2960819109658653,VERIFIED_FROM_RELEASE,paper_results/per_query_minimal/cmedqa2_external_per_query.jsonl,876a16d098e1da3f642ef70854cbc985bae5f9e3,3e170ff0ad1d799e5899cb62fd78c9920e42982cf3202dd2d06b72a0bb212a72,selected document ids intentionally excluded
cmedqa2_external,qh_2495fd2882eb73db,D0,1.0,0.4692787260227565,VERIFIED_FROM_RELEASE,paper_results/per_query_minimal/cmedqa2_external_per_query.jsonl,876a16d098e1da3f642ef70854cbc985bae5f9e3,3e170ff0ad1d799e5899cb62fd78c9920e42982cf3202dd2d06b72a0bb212a72,selected document ids intentionally excluded
cmedqa2_external,qh_2495fd2882eb73db,D1,1.0,0.7039180890341348,VERIFIED_FROM_RELEASE,paper_results/per_query_minimal/cmedqa2_external_per_query.jsonl,876a16d098e1da3f642ef70854cbc985bae5f9e3,3e170ff0ad1d799e5899cb62fd78c9920e42982cf3202dd2d06b72a0bb212a72,selected document ids intentionally excluded
cmedqa2_external,qh_2495fd2882eb73db,D2,1.0,0.7039180890341348,VERIFIED_FROM_RELEASE,paper_results/per_query_minimal/cmedqa2_external_per_query.jsonl,876a16d098e1da3f642ef70854cbc985bae5f9e3,3e170ff0ad1d799e5899cb62fd78c9920e42982cf3202dd2d06b72a0bb212a72,selected document ids intentionally excluded
cmedqa2_external,qh_2495fd2882eb73db,D3,1.0,0.7039180890341348,VERIFIED_FROM_RELEASE,paper_results/per_query_minimal/cmedqa2_external_per_query.jsonl,876a16d098e1da3f642ef70854cbc985bae5f9e3,3e170ff0ad1d799e5899cb62fd78c9920e42982cf3202dd2d06b72a0bb212a72,selected document ids intentionally excluded
cmedqa2_external,qh_811380d4eb0aefe2,B0,1.0,0.9197207891481876,VERIFIED_FROM_RELEASE,paper_results/per_query_minimal/cmedqa2_external_per_query.jsonl,876a16d098e1da3f642ef70854cbc985bae5f9e3,3e170ff0ad1d799e5899cb62fd78c9920e42982cf3202dd2d06b72a0bb212a72,selected document ids intentionally excluded
cmedqa2_external,qh_811380d4eb0aefe2,D0,1.0,0.8772153153380493,VERIFIED_FROM_RELEASE,paper_results/per_query_minimal/cmedqa2_external_per_query.jsonl,876a16d098e1da3f642ef70854cbc985bae5f9e3,3e170ff0ad1d799e5899cb62fd78c9920e42982cf3202dd2d06b72a0bb212a72,selected document ids intentionally excluded
cmedqa2_external,qh_811380d4eb0aefe2,D1,1.0,0.8772153153380493,VERIFIED_FROM_RELEASE,paper_results/per_query_minimal/cmedqa2_external_per_query.jsonl,876a16d098e1da3f642ef70854cbc985bae5f9e3,3e170ff0ad1d799e5899cb62fd78c9920e42982cf3202dd2d06b72a0bb212a72,selected document ids intentionally excluded
cmedqa2_external,qh_811380d4eb0aefe2,D2,1.0,1.0,VERIFIED_FROM_RELEASE,paper_results/per_query_minimal/cmedqa2_external_per_query.jsonl,876a16d098e1da3f642ef70854cbc985bae5f9e3,3e170ff0ad1d799e5899cb62fd78c9920e42982cf3202dd2d06b72a0bb212a72,selected document ids intentionally excluded
cmedqa2_external,qh_811380d4eb0aefe2,D3,1.0,0.6240505200038379,VERIFIED_FROM_RELEASE,paper_results/per_query_minimal/cmedqa2_external_per_query.jsonl,876a16d098e1da3f642ef70854cbc985bae5f9e3,3e170ff0ad1d799e5899cb62fd78c9920e42982cf3202dd2d06b72a0bb212a72,selected document ids intentionally excluded
cmedqa2_external,qh_cae27affb846a9bf,B0,1.0,0.41528076708874123,VERIFIED_FROM_RELEASE,paper_results/per_query_minimal/cmedqa2_external_per_query.jsonl,876a16d098e1da3f642ef70854cbc985bae5f9e3,3e170ff0ad1d799e5899cb62fd78c9920e42982cf3202dd2d06b72a0bb212a72,selected document ids intentionally excluded
cmedqa2_external,qh_cae27affb846a9bf,D0,1.0,0.6489315753318465,VERIFIED_FROM_RELEASE,paper_results/per_query_minimal/cmedqa2_external_per_query.jsonl,876a16d098e1da3f642ef70854cbc985bae5f9e3,3e170ff0ad1d799e5899cb62fd78c9920e42982cf3202dd2d06b72a0bb212a72,selected document ids intentionally excluded
cmedqa2_external,qh_cae27affb846a9bf,D1,1.0,0.6489315753318465,VERIFIED_FROM_RELEASE,paper_results/per_query_minimal/cmedqa2_external_per_query.jsonl,876a16d098e1da3f642ef70854cbc985bae5f9e3,3e170ff0ad1d799e5899cb62fd78c9920e42982cf3202dd2d06b72a0bb212a72,selected document ids intentionally excluded
cmedqa2_external,qh_cae27affb846a9bf,D2,1.0,0.6489315753318465,VERIFIED_FROM_RELEASE,paper_results/per_query_minimal/cmedqa2_external_per_query.jsonl,876a16d098e1da3f642ef70854cbc985bae5f9e3,3e170ff0ad1d799e5899cb62fd78c9920e42982cf3202dd2d06b72a0bb212a72,selected document ids intentionally excluded
cmedqa2_external,qh_cae27affb846a9bf,D3,1.0,0.4440973278132557,VERIFIED_FROM_RELEASE,paper_results/per_query_minimal/cmedqa2_external_per_query.jsonl,876a16d098e1da3f642ef70854cbc985bae5f9e3,3e170ff0ad1d799e5899cb62fd78c9920e42982cf3202dd2d06b72a0bb212a72,selected document ids intentionally excluded
cmedqa2_external,qh_623f52b20feffcf8,B0,1.0,0.5921694969040991,VERIFIED_FROM_RELEASE,paper_results/per_query_minimal/cmedqa2_external_per_query.jsonl,876a16d098e1da3f642ef70854cbc985bae5f9e3,3e170ff0ad1d799e5899cb62fd78c9920e42982cf3202dd2d06b72a0bb212a72,selected document ids intentionally excluded
cmedqa2_external,qh_623f52b20feffcf8,D0,1.0,0.5563566127494769,VERIFIED_FROM_RELEASE,paper_results/per_query_minimal/cmedqa2_external_per_query.jsonl,876a16d098e1da3f642ef70854cbc985bae5f9e3,3e170ff0ad1d799e5899cb62fd78c9920e42982cf3202dd2d06b72a0bb212a72,selected document ids intentionally excluded
cmedqa2_external,qh_623f52b20feffcf8,D1,1.0,0.5921694969040991,VERIFIED_FROM_RELEASE,paper_results/per_query_minimal/cmedqa2_external_per_query.jsonl,876a16d098e1da3f642ef70854cbc985bae5f9e3,3e170ff0ad1d799e5899cb62fd78c9920e42982cf3202dd2d06b72a0bb212a72,selected document ids intentionally excluded
cmedqa2_external,qh_623f52b20feffcf8,D2,1.0,0.48299269065011685,VERIFIED_FROM_RELEASE,paper_results/per_query_minimal/cmedqa2_external_per_query.jsonl,876a16d098e1da3f642ef70854cbc985bae5f9e3,3e170ff0ad1d799e5899cb62fd78c9920e42982cf3202dd2d06b72a0bb212a72,selected document ids intentionally excluded
cmedqa2_external,qh_623f52b20feffcf8,D3,1.0,0.48299269065011685,VERIFIED_FROM_RELEASE,paper_results/per_query_minimal/cmedqa2_external_per_query.jsonl,876a16d098e1da3f642ef70854cbc985bae5f9e3,3e170ff0ad1d799e5899cb62fd78c9920e42982cf3202dd2d06b72a0bb212a72,selected document ids intentionally excluded
cmedqa2_external,qh_e08a25dbf98d0b59,B0,1.0,0.5394096985063923,VERIFIED_FROM_RELEASE,paper_results/per_query_minimal/cmedqa2_external_per_query.jsonl,876a16d098e1da3f642ef70854cbc985bae5f9e3,3e170ff0ad1d799e5899cb62fd78c9920e42982cf3202dd2d06b72a0bb212a72,selected document ids intentionally excluded
cmedqa2_external,qh_e08a25dbf98d0b59,D0,1.0,0.5394096985063923,VERIFIED_FROM_RELEASE,paper_results/per_query_minimal/cmedqa2_external_per_query.jsonl,876a16d098e1da3f642ef70854cbc985bae5f9e3,3e170ff0ad1d799e5899cb62fd78c9920e42982cf3202dd2d06b72a0bb212a72,selected document ids intentionally excluded
cmedqa2_external,qh_e08a25dbf98d0b59,D1,1.0,0.5058612737088046,VERIFIED_FROM_RELEASE,paper_results/per_query_minimal/cmedqa2_external_per_query.jsonl,876a16d098e1da3f642ef70854cbc985bae5f9e3,3e170ff0ad1d799e5899cb62fd78c9920e42982cf3202dd2d06b72a0bb212a72,selected document ids intentionally excluded
cmedqa2_external,qh_e08a25dbf98d0b59,D2,1.0,0.4240403110524064,VERIFIED_FROM_RELEASE,paper_results/per_query_minimal/cmedqa2_external_per_query.jsonl,876a16d098e1da3f642ef70854cbc985bae5f9e3,3e170ff0ad1d799e5899cb62fd78c9920e42982cf3202dd2d06b72a0bb212a72,selected document ids intentionally excluded
cmedqa2_external,qh_e08a25dbf98d0b59,D3,1.0,0.4240403110524064,VERIFIED_FROM_RELEASE,paper_results/per_query_minimal/cmedqa2_external_per_query.jsonl,876a16d098e1da3f642ef70854cbc985bae5f9e3,3e170ff0ad1d799e5899cb62fd78c9920e42982cf3202dd2d06b72a0bb212a72,selected document ids intentionally excluded
cmedqa2_external,qh_c528958553e26880,B0,1.0,0.6489315753318465,VERIFIED_FROM_RELEASE,paper_results/per_query_minimal/cmedqa2_external_per_query.jsonl,876a16d098e1da3f642ef70854cbc985bae5f9e3,3e170ff0ad1d799e5899cb62fd78c9920e42982cf3202dd2d06b72a0bb212a72,selected document ids intentionally excluded
cmedqa2_external,qh_c528958553e26880,D0,1.0,0.6489315753318465,VERIFIED_FROM_RELEASE,paper_results/per_query_minimal/cmedqa2_external_per_query.jsonl,876a16d098e1da3f642ef70854cbc985bae5f9e3,3e170ff0ad1d799e5899cb62fd78c9920e42982cf3202dd2d06b72a0bb212a72,selected document ids intentionally excluded
cmedqa2_external,qh_c528958553e26880,D1,1.0,0.6489315753318465,VERIFIED_FROM_RELEASE,paper_results/per_query_minimal/cmedqa2_external_per_query.jsonl,876a16d098e1da3f642ef70854cbc985bae5f9e3,3e170ff0ad1d799e5899cb62fd78c9920e42982cf3202dd2d06b72a0bb212a72,selected document ids intentionally excluded
cmedqa2_external,qh_c528958553e26880,D2,1.0,0.6489315753318465,VERIFIED_FROM_RELEASE,paper_results/per_query_minimal/cmedqa2_external_per_query.jsonl,876a16d098e1da3f642ef70854cbc985bae5f9e3,3e170ff0ad1d799e5899cb62fd78c9920e42982cf3202dd2d06b72a0bb212a72,selected document ids intentionally excluded
cmedqa2_external,qh_c528958553e26880,D3,1.0,0.6489315753318465,VERIFIED_FROM_RELEASE,paper_results/per_query_minimal/cmedqa2_external_per_query.jsonl,876a16d098e1da3f642ef70854cbc985bae5f9e3,3e170ff0ad1d799e5899cb62fd78c9920e42982cf3202dd2d06b72a0bb212a72,selected document ids intentionally excluded
cmedqa2_external,qh_03901e3a11894d4f,B0,1.0,0.6489315753318465,VERIFIED_FROM_RELEASE,paper_results/per_query_minimal/cmedqa2_external_per_query.jsonl,876a16d098e1da3f642ef70854cbc985bae5f9e3,3e170ff0ad1d799e5899cb62fd78c9920e42982cf3202dd2d06b72a0bb212a72,selected document ids intentionally excluded
cmedqa2_external,qh_03901e3a11894d4f,D0,1.0,0.6489315753318465,VERIFIED_FROM_RELEASE,paper_results/per_query_minimal/cmedqa2_external_per_query.jsonl,876a16d098e1da3f642ef70854cbc985bae5f9e3,3e170ff0ad1d799e5899cb62fd78c9920e42982cf3202dd2d06b72a0bb212a72,selected document ids intentionally excluded
cmedqa2_external,qh_03901e3a11894d4f,D1,1.0,0.6489315753318465,VERIFIED_FROM_RELEASE,paper_results/per_query_minimal/cmedqa2_external_per_query.jsonl,876a16d098e1da3f642ef70854cbc985bae5f9e3,3e170ff0ad1d799e5899cb62fd78c9920e42982cf3202dd2d06b72a0bb212a72,selected document ids intentionally excluded
cmedqa2_external,qh_03901e3a11894d4f,D2,1.0,0.6489315753318465,VERIFIED_FROM_RELEASE,paper_results/per_query_minimal/cmedqa2_external_per_query.jsonl,876a16d098e1da3f642ef70854cbc985bae5f9e3,3e170ff0ad1d799e5899cb62fd78c9920e42982cf3202dd2d06b72a0bb212a72,selected document ids intentionally excluded
cmedqa2_external,qh_03901e3a11894d4f,D3,1.0,0.6489315753318465,VERIFIED_FROM_RELEASE,paper_results/per_query_minimal/cmedqa2_external_per_query.jsonl,876a16d098e1da3f642ef70854cbc985bae5f9e3,3e170ff0ad1d799e5899cb62fd78c9920e42982cf3202dd2d06b72a0bb212a72,selected document ids intentionally excluded
cmedqa2_external,qh_88665f3eb0b516b0,B0,1.0,0.5306972923267993,VERIFIED_FROM_RELEASE,paper_results/per_query_minimal/cmedqa2_external_per_query.jsonl,876a16d098e1da3f642ef70854cbc985bae5f9e3,3e170ff0ad1d799e5899cb62fd78c9920e42982cf3202dd2d06b72a0bb212a72,selected document ids intentionally excluded
cmedqa2_external,qh_88665f3eb0b516b0,D0,1.0,0.5186511804016662,VERIFIED_FROM_RELEASE,paper_results/per_query_minimal/cmedqa2_external_per_query.jsonl,876a16d098e1da3f642ef70854cbc985bae5f9e3,3e170ff0ad1d799e5899cb62fd78c9920e42982cf3202dd2d06b72a0bb212a72,selected document ids intentionally excluded
cmedqa2_external,qh_88665f3eb0b516b0,D1,1.0,0.5306972923267993,VERIFIED_FROM_RELEASE,paper_results/per_query_minimal/cmedqa2_external_per_query.jsonl,876a16d098e1da3f642ef70854cbc985bae5f9e3,3e170ff0ad1d799e5899cb62fd78c9920e42982cf3202dd2d06b72a0bb212a72,selected document ids intentionally excluded
cmedqa2_external,qh_88665f3eb0b516b0,D2,1.0,0.5666867828578933,VERIFIED_FROM_RELEASE,paper_results/per_query_minimal/cmedqa2_external_per_query.jsonl,876a16d098e1da3f642ef70854cbc985bae5f9e3,3e170ff0ad1d799e5899cb62fd78c9920e42982cf3202dd2d06b72a0bb212a72,selected document ids intentionally excluded
cmedqa2_external,qh_88665f3eb0b516b0,D3,1.0,0.5666867828578933,VERIFIED_FROM_RELEASE,paper_results/per_query_minimal/cmedqa2_external_per_query.jsonl,876a16d098e1da3f642ef70854cbc985bae5f9e3,3e170ff0ad1d799e5899cb62fd78c9920e42982cf3202dd2d06b72a0bb212a72,selected document ids intentionally excluded
cmedqa2_external,qh_fd4f1ef560682825,B0,0.75,0.7104442085771869,VERIFIED_FROM_RELEASE,paper_results/per_query_minimal/cmedqa2_external_per_query.jsonl,876a16d098e1da3f642ef70854cbc985bae5f9e3,3e170ff0ad1d799e5899cb62fd78c9920e42982cf3202dd2d06b72a0bb212a72,selected document ids intentionally excluded
cmedqa2_external,qh_fd4f1ef560682825,D0,0.75,0.7104442085771869,VERIFIED_FROM_RELEASE,paper_results/per_query_minimal/cmedqa2_external_per_query.jsonl,876a16d098e1da3f642ef70854cbc985bae5f9e3,3e170ff0ad1d799e5899cb62fd78c9920e42982cf3202dd2d06b72a0bb212a72,selected document ids intentionally excluded
cmedqa2_external,qh_fd4f1ef560682825,D1,0.75,0.7104442085771869,VERIFIED_FROM_RELEASE,paper_results/per_query_minimal/cmedqa2_external_per_query.jsonl,876a16d098e1da3f642ef70854cbc985bae5f9e3,3e170ff0ad1d799e5899cb62fd78c9920e42982cf3202dd2d06b72a0bb212a72,selected document ids intentionally excluded
cmedqa2_external,qh_fd4f1ef560682825,D2,0.75,0.7104442085771869,VERIFIED_FROM_RELEASE,paper_results/per_query_minimal/cmedqa2_external_per_query.jsonl,876a16d098e1da3f642ef70854cbc985bae5f9e3,3e170ff0ad1d799e5899cb62fd78c9920e42982cf3202dd2d06b72a0bb212a72,selected document ids intentionally excluded
cmedqa2_external,qh_fd4f1ef560682825,D3,0.75,0.7104442085771869,VERIFIED_FROM_RELEASE,paper_results/per_query_minimal/cmedqa2_external_per_query.jsonl,876a16d098e1da3f642ef70854cbc985bae5f9e3,3e170ff0ad1d799e5899cb62fd78c9920e42982cf3202dd2d06b72a0bb212a72,selected document ids intentionally excluded
cmedqa2_external,qh_6c704c0a6d1ad49d,B0,1.0,0.44149241373678083,VERIFIED_FROM_RELEASE,paper_results/per_query_minimal/cmedqa2_external_per_query.jsonl,876a16d098e1da3f642ef70854cbc985bae5f9e3,3e170ff0ad1d799e5899cb62fd78c9920e42982cf3202dd2d06b72a0bb212a72,selected document ids intentionally excluded
cmedqa2_external,qh_6c704c0a6d1ad49d,D0,1.0,0.7095272044910244,VERIFIED_FROM_RELEASE,paper_results/per_query_minimal/cmedqa2_external_per_query.jsonl,876a16d098e1da3f642ef70854cbc985bae5f9e3,3e170ff0ad1d799e5899cb62fd78c9920e42982cf3202dd2d06b72a0bb212a72,selected document ids intentionally excluded
cmedqa2_external,qh_6c704c0a6d1ad49d,D1,1.0,0.5143371794949736,VERIFIED_FROM_RELEASE,paper_results/per_query_minimal/cmedqa2_external_per_query.jsonl,876a16d098e1da3f642ef70854cbc985bae5f9e3,3e170ff0ad1d799e5899cb62fd78c9920e42982cf3202dd2d06b72a0bb212a72,selected document ids intentionally excluded
cmedqa2_external,qh_6c704c0a6d1ad49d,D2,1.0,0.3973220069685352,VERIFIED_FROM_RELEASE,paper_results/per_query_minimal/cmedqa2_external_per_query.jsonl,876a16d098e1da3f642ef70854cbc985bae5f9e3,3e170ff0ad1d799e5899cb62fd78c9920e42982cf3202dd2d06b72a0bb212a72,selected document ids intentionally excluded
cmedqa2_external,qh_6c704c0a6d1ad49d,D3,1.0,0.19519002499605084,VERIFIED_FROM_RELEASE,paper_results/per_query_minimal/cmedqa2_external_per_query.jsonl,876a16d098e1da3f642ef70854cbc985bae5f9e3,3e170ff0ad1d799e5899cb62fd78c9920e42982cf3202dd2d06b72a0bb212a72,selected document ids intentionally excluded
cmedqa2_external,qh_e02f6882bfab1d5d,B0,1.0,0.3639581543318238,VERIFIED_FROM_RELEASE,paper_results/per_query_minimal/cmedqa2_external_per_query.jsonl,876a16d098e1da3f642ef70854cbc985bae5f9e3,3e170ff0ad1d799e5899cb62fd78c9920e42982cf3202dd2d06b72a0bb212a72,selected document ids intentionally excluded
cmedqa2_external,qh_e02f6882bfab1d5d,D0,1.0,0.28612215608979347,VERIFIED_FROM_RELEASE,paper_results/per_query_minimal/cmedqa2_external_per_query.jsonl,876a16d098e1da3f642ef70854cbc985bae5f9e3,3e170ff0ad1d799e5899cb62fd78c9920e42982cf3202dd2d06b72a0bb212a72,selected document ids intentionally excluded
cmedqa2_external,qh_e02f6882bfab1d5d,D1,1.0,0.200126878941774,VERIFIED_FROM_RELEASE,paper_results/per_query_minimal/cmedqa2_external_per_query.jsonl,876a16d098e1da3f642ef70854cbc985bae5f9e3,3e170ff0ad1d799e5899cb62fd78c9920e42982cf3202dd2d06b72a0bb212a72,selected document ids intentionally excluded
cmedqa2_external,qh_e02f6882bfab1d5d,D2,1.0,0.200126878941774,VERIFIED_FROM_RELEASE,paper_results/per_query_minimal/cmedqa2_external_per_query.jsonl,876a16d098e1da3f642ef70854cbc985bae5f9e3,3e170ff0ad1d799e5899cb62fd78c9920e42982cf3202dd2d06b72a0bb212a72,selected document ids intentionally excluded
cmedqa2_external,qh_e02f6882bfab1d5d,D3,1.0,0.16718352410471976,VERIFIED_FROM_RELEASE,paper_results/per_query_minimal/cmedqa2_external_per_query.jsonl,876a16d098e1da3f642ef70854cbc985bae5f9e3,3e170ff0ad1d799e5899cb62fd78c9920e42982cf3202dd2d06b72a0bb212a72,selected document ids intentionally excluded
cmedqa2_external,qh_11f4bf64c0b34a24,B0,1.0,0.4505894982440495,VERIFIED_FROM_RELEASE,paper_results/per_query_minimal/cmedqa2_external_per_query.jsonl,876a16d098e1da3f642ef70854cbc985bae5f9e3,3e170ff0ad1d799e5899cb62fd78c9920e42982cf3202dd2d06b72a0bb212a72,selected document ids intentionally excluded
cmedqa2_external,qh_11f4bf64c0b34a24,D0,1.0,0.3914698682006918,VERIFIED_FROM_RELEASE,paper_results/per_query_minimal/cmedqa2_external_per_query.jsonl,876a16d098e1da3f642ef70854cbc985bae5f9e3,3e170ff0ad1d799e5899cb62fd78c9920e42982cf3202dd2d06b72a0bb212a72,selected document ids intentionally excluded
cmedqa2_external,qh_11f4bf64c0b34a24,D1,1.0,0.5030118938658036,VERIFIED_FROM_RELEASE,paper_results/per_query_minimal/cmedqa2_external_per_query.jsonl,876a16d098e1da3f642ef70854cbc985bae5f9e3,3e170ff0ad1d799e5899cb62fd78c9920e42982cf3202dd2d06b72a0bb212a72,selected document ids intentionally excluded
cmedqa2_external,qh_11f4bf64c0b34a24,D2,1.0,0.4505894982440495,VERIFIED_FROM_RELEASE,paper_results/per_query_minimal/cmedqa2_external_per_query.jsonl,876a16d098e1da3f642ef70854cbc985bae5f9e3,3e170ff0ad1d799e5899cb62fd78c9920e42982cf3202dd2d06b72a0bb212a72,selected document ids intentionally excluded
cmedqa2_external,qh_11f4bf64c0b34a24,D3,1.0,0.29776747152546196,VERIFIED_FROM_RELEASE,paper_results/per_query_minimal/cmedqa2_external_per_query.jsonl,876a16d098e1da3f642ef70854cbc985bae5f9e3,3e170ff0ad1d799e5899cb62fd78c9920e42982cf3202dd2d06b72a0bb212a72,selected document ids intentionally excluded
cmedqa2_external,qh_fee1a88515133b4e,B0,1.0,0.7458869056630193,VERIFIED_FROM_RELEASE,paper_results/per_query_minimal/cmedqa2_external_per_query.jsonl,876a16d098e1da3f642ef70854cbc985bae5f9e3,3e170ff0ad1d799e5899cb62fd78c9920e42982cf3202dd2d06b72a0bb212a72,selected document ids intentionally excluded
cmedqa2_external,qh_fee1a88515133b4e,D0,1.0,0.474151854187513,VERIFIED_FROM_RELEASE,paper_results/per_query_minimal/cmedqa2_external_per_query.jsonl,876a16d098e1da3f642ef70854cbc985bae5f9e3,3e170ff0ad1d799e5899cb62fd78c9920e42982cf3202dd2d06b72a0bb212a72,selected document ids intentionally excluded
cmedqa2_external,qh_fee1a88515133b4e,D1,1.0,0.30500968996263306,VERIFIED_FROM_RELEASE,paper_results/per_query_minimal/cmedqa2_external_per_query.jsonl,876a16d098e1da3f642ef70854cbc985bae5f9e3,3e170ff0ad1d799e5899cb62fd78c9920e42982cf3202dd2d06b72a0bb212a72,selected document ids intentionally excluded
cmedqa2_external,qh_fee1a88515133b4e,D2,1.0,0.5119039880789703,VERIFIED_FROM_RELEASE,paper_results/per_query_minimal/cmedqa2_external_per_query.jsonl,876a16d098e1da3f642ef70854cbc985bae5f9e3,3e170ff0ad1d799e5899cb62fd78c9920e42982cf3202dd2d06b72a0bb212a72,selected document ids intentionally excluded
cmedqa2_external,qh_fee1a88515133b4e,D3,1.0,0.5919416281060955,VERIFIED_FROM_RELEASE,paper_results/per_query_minimal/cmedqa2_external_per_query.jsonl,876a16d098e1da3f642ef70854cbc985bae5f9e3,3e170ff0ad1d799e5899cb62fd78c9920e42982cf3202dd2d06b72a0bb212a72,selected document ids intentionally excluded
cmedqa2_external,qh_e0acab90407309bc,B0,1.0,0.4288398090337664,VERIFIED_FROM_RELEASE,paper_results/per_query_minimal/cmedqa2_external_per_query.jsonl,876a16d098e1da3f642ef70854cbc985bae5f9e3,3e170ff0ad1d799e5899cb62fd78c9920e42982cf3202dd2d06b72a0bb212a72,selected document ids intentionally excluded
cmedqa2_external,qh_e0acab90407309bc,D0,1.0,0.424926013816671,VERIFIED_FROM_RELEASE,paper_results/per_query_minimal/cmedqa2_external_per_query.jsonl,876a16d098e1da3f642ef70854cbc985bae5f9e3,3e170ff0ad1d799e5899cb62fd78c9920e42982cf3202dd2d06b72a0bb212a72,selected document ids intentionally excluded
cmedqa2_external,qh_e0acab90407309bc,D1,1.0,0.4288398090337664,VERIFIED_FROM_RELEASE,paper_results/per_query_minimal/cmedqa2_external_per_query.jsonl,876a16d098e1da3f642ef70854cbc985bae5f9e3,3e170ff0ad1d799e5899cb62fd78c9920e42982cf3202dd2d06b72a0bb212a72,selected document ids intentionally excluded
cmedqa2_external,qh_e0acab90407309bc,D2,1.0,0.4288398090337664,VERIFIED_FROM_RELEASE,paper_results/per_query_minimal/cmedqa2_external_per_query.jsonl,876a16d098e1da3f642ef70854cbc985bae5f9e3,3e170ff0ad1d799e5899cb62fd78c9920e42982cf3202dd2d06b72a0bb212a72,selected document ids intentionally excluded
cmedqa2_external,qh_e0acab90407309bc,D3,1.0,0.4288398090337664,VERIFIED_FROM_RELEASE,paper_results/per_query_minimal/cmedqa2_external_per_query.jsonl,876a16d098e1da3f642ef70854cbc985bae5f9e3,3e170ff0ad1d799e5899cb62fd78c9920e42982cf3202dd2d06b72a0bb212a72,selected document ids intentionally excluded
cmedqa2_external,qh_296dd9779a1fea14,B0,0.6666666666666666,0.8349914298607739,VERIFIED_FROM_RELEASE,paper_results/per_query_minimal/cmedqa2_external_per_query.jsonl,876a16d098e1da3f642ef70854cbc985bae5f9e3,3e170ff0ad1d799e5899cb62fd78c9920e42982cf3202dd2d06b72a0bb212a72,selected document ids intentionally excluded
cmedqa2_external,qh_296dd9779a1fea14,D0,1.0,0.6046876227133933,VERIFIED_FROM_RELEASE,paper_results/per_query_minimal/cmedqa2_external_per_query.jsonl,876a16d098e1da3f642ef70854cbc985bae5f9e3,3e170ff0ad1d799e5899cb62fd78c9920e42982cf3202dd2d06b72a0bb212a72,selected document ids intentionally excluded
cmedqa2_external,qh_296dd9779a1fea14,D1,1.0,0.7315442808026054,VERIFIED_FROM_RELEASE,paper_results/per_query_minimal/cmedqa2_external_per_query.jsonl,876a16d098e1da3f642ef70854cbc985bae5f9e3,3e170ff0ad1d799e5899cb62fd78c9920e42982cf3202dd2d06b72a0bb212a72,selected document ids intentionally excluded
cmedqa2_external,qh_296dd9779a1fea14,D2,0.6666666666666666,0.8349914298607739,VERIFIED_FROM_RELEASE,paper_results/per_query_minimal/cmedqa2_external_per_query.jsonl,876a16d098e1da3f642ef70854cbc985bae5f9e3,3e170ff0ad1d799e5899cb62fd78c9920e42982cf3202dd2d06b72a0bb212a72,selected document ids intentionally excluded
cmedqa2_external,qh_296dd9779a1fea14,D3,0.6666666666666666,0.8349914298607739,VERIFIED_FROM_RELEASE,paper_results/per_query_minimal/cmedqa2_external_per_query.jsonl,876a16d098e1da3f642ef70854cbc985bae5f9e3,3e170ff0ad1d799e5899cb62fd78c9920e42982cf3202dd2d06b72a0bb212a72,selected document ids intentionally excluded
cmedqa2_external,qh_4cb791338952bd2d,B0,1.0,0.2119416567619452,VERIFIED_FROM_RELEASE,paper_results/per_query_minimal/cmedqa2_external_per_query.jsonl,876a16d098e1da3f642ef70854cbc985bae5f9e3,3e170ff0ad1d799e5899cb62fd78c9920e42982cf3202dd2d06b72a0bb212a72,selected document ids intentionally excluded
cmedqa2_external,qh_4cb791338952bd2d,D0,1.0,0.315058854841398,VERIFIED_FROM_RELEASE,paper_results/per_query_minimal/cmedqa2_external_per_query.jsonl,876a16d098e1da3f642ef70854cbc985bae5f9e3,3e170ff0ad1d799e5899cb62fd78c9920e42982cf3202dd2d06b72a0bb212a72,selected document ids intentionally excluded
cmedqa2_external,qh_4cb791338952bd2d,D1,1.0,0.3256530037357304,VERIFIED_FROM_RELEASE,paper_results/per_query_minimal/cmedqa2_external_per_query.jsonl,876a16d098e1da3f642ef70854cbc985bae5f9e3,3e170ff0ad1d799e5899cb62fd78c9920e42982cf3202dd2d06b72a0bb212a72,selected document ids intentionally excluded
cmedqa2_external,qh_4cb791338952bd2d,D2,1.0,0.23195060706050058,VERIFIED_FROM_RELEASE,paper_results/per_query_minimal/cmedqa2_external_per_query.jsonl,876a16d098e1da3f642ef70854cbc985bae5f9e3,3e170ff0ad1d799e5899cb62fd78c9920e42982cf3202dd2d06b72a0bb212a72,selected document ids intentionally excluded
cmedqa2_external,qh_4cb791338952bd2d,D3,1.0,0.23195060706050058,VERIFIED_FROM_RELEASE,paper_results/per_query_minimal/cmedqa2_external_per_query.jsonl,876a16d098e1da3f642ef70854cbc985bae5f9e3,3e170ff0ad1d799e5899cb62fd78c9920e42982cf3202dd2d06b72a0bb212a72,selected document ids intentionally excluded
cmedqa2_external,qh_649b63e6ce425415,B0,1.0,0.5563566127494769,VERIFIED_FROM_RELEASE,paper_results/per_query_minimal/cmedqa2_external_per_query.jsonl,876a16d098e1da3f642ef70854cbc985bae5f9e3,3e170ff0ad1d799e5899cb62fd78c9920e42982cf3202dd2d06b72a0bb212a72,selected document ids intentionally excluded
cmedqa2_external,qh_649b63e6ce425415,D0,1.0,0.5563566127494769,VERIFIED_FROM_RELEASE,paper_results/per_query_minimal/cmedqa2_external_per_query.jsonl,876a16d098e1da3f642ef70854cbc985bae5f9e3,3e170ff0ad1d799e5899cb62fd78c9920e42982cf3202dd2d06b72a0bb212a72,selected document ids intentionally excluded
cmedqa2_external,qh_649b63e6ce425415,D1,1.0,0.5563566127494769,VERIFIED_FROM_RELEASE,paper_results/per_query_minimal/cmedqa2_external_per_query.jsonl,876a16d098e1da3f642ef70854cbc985bae5f9e3,3e170ff0ad1d799e5899cb62fd78c9920e42982cf3202dd2d06b72a0bb212a72,selected document ids intentionally excluded
cmedqa2_external,qh_649b63e6ce425415,D2,1.0,0.5755676532324865,VERIFIED_FROM_RELEASE,paper_results/per_query_minimal/cmedqa2_external_per_query.jsonl,876a16d098e1da3f642ef70854cbc985bae5f9e3,3e170ff0ad1d799e5899cb62fd78c9920e42982cf3202dd2d06b72a0bb212a72,selected document ids intentionally excluded
cmedqa2_external,qh_649b63e6ce425415,D3,1.0,0.5755676532324865,VERIFIED_FROM_RELEASE,paper_results/per_query_minimal/cmedqa2_external_per_query.jsonl,876a16d098e1da3f642ef70854cbc985bae5f9e3,3e170ff0ad1d799e5899cb62fd78c9920e42982cf3202dd2d06b72a0bb212a72,selected document ids intentionally excluded
cmedqa2_external,qh_f89eb08958206033,B0,1.0,0.051126873387946276,VERIFIED_FROM_RELEASE,paper_results/per_query_minimal/cmedqa2_external_per_query.jsonl,876a16d098e1da3f642ef70854cbc985bae5f9e3,3e170ff0ad1d799e5899cb62fd78c9920e42982cf3202dd2d06b72a0bb212a72,selected document ids intentionally excluded
cmedqa2_external,qh_f89eb08958206033,D0,1.0,0.08338433901548234,VERIFIED_FROM_RELEASE,paper_results/per_query_minimal/cmedqa2_external_per_query.jsonl,876a16d098e1da3f642ef70854cbc985bae5f9e3,3e170ff0ad1d799e5899cb62fd78c9920e42982cf3202dd2d06b72a0bb212a72,selected document ids intentionally excluded
cmedqa2_external,qh_f89eb08958206033,D1,1.0,0.08338433901548234,VERIFIED_FROM_RELEASE,paper_results/per_query_minimal/cmedqa2_external_per_query.jsonl,876a16d098e1da3f642ef70854cbc985bae5f9e3,3e170ff0ad1d799e5899cb62fd78c9920e42982cf3202dd2d06b72a0bb212a72,selected document ids intentionally excluded
cmedqa2_external,qh_f89eb08958206033,D2,1.0,0.170755999005263,VERIFIED_FROM_RELEASE,paper_results/per_query_minimal/cmedqa2_external_per_query.jsonl,876a16d098e1da3f642ef70854cbc985bae5f9e3,3e170ff0ad1d799e5899cb62fd78c9920e42982cf3202dd2d06b72a0bb212a72,selected document ids intentionally excluded
cmedqa2_external,qh_f89eb08958206033,D3,1.0,0.170755999005263,VERIFIED_FROM_RELEASE,paper_results/per_query_minimal/cmedqa2_external_per_query.jsonl,876a16d098e1da3f642ef70854cbc985bae5f9e3,3e170ff0ad1d799e5899cb62fd78c9920e42982cf3202dd2d06b72a0bb212a72,selected document ids intentionally excluded
cmedqa2_external,qh_ab1acce287124ede,B0,1.0,0.6930221935231563,VERIFIED_FROM_RELEASE,paper_results/per_query_minimal/cmedqa2_external_per_query.jsonl,876a16d098e1da3f642ef70854cbc985bae5f9e3,3e170ff0ad1d799e5899cb62fd78c9920e42982cf3202dd2d06b72a0bb212a72,selected document ids intentionally excluded
cmedqa2_external,qh_ab1acce287124ede,D0,1.0,0.6930221935231563,VERIFIED_FROM_RELEASE,paper_results/per_query_minimal/cmedqa2_external_per_query.jsonl,876a16d098e1da3f642ef70854cbc985bae5f9e3,3e170ff0ad1d799e5899cb62fd78c9920e42982cf3202dd2d06b72a0bb212a72,selected document ids intentionally excluded
cmedqa2_external,qh_ab1acce287124ede,D1,1.0,0.6930221935231563,VERIFIED_FROM_RELEASE,paper_results/per_query_minimal/cmedqa2_external_per_query.jsonl,876a16d098e1da3f642ef70854cbc985bae5f9e3,3e170ff0ad1d799e5899cb62fd78c9920e42982cf3202dd2d06b72a0bb212a72,selected document ids intentionally excluded
cmedqa2_external,qh_ab1acce287124ede,D2,1.0,0.6930221935231563,VERIFIED_FROM_RELEASE,paper_results/per_query_minimal/cmedqa2_external_per_query.jsonl,876a16d098e1da3f642ef70854cbc985bae5f9e3,3e170ff0ad1d799e5899cb62fd78c9920e42982cf3202dd2d06b72a0bb212a72,selected document ids intentionally excluded
cmedqa2_external,qh_ab1acce287124ede,D3,1.0,0.6930221935231563,VERIFIED_FROM_RELEASE,paper_results/per_query_minimal/cmedqa2_external_per_query.jsonl,876a16d098e1da3f642ef70854cbc985bae5f9e3,3e170ff0ad1d799e5899cb62fd78c9920e42982cf3202dd2d06b72a0bb212a72,selected document ids intentionally excluded
cmedqa2_external,qh_0f049aaf2f2d1def,B0,1.0,0.44906195645235475,VERIFIED_FROM_RELEASE,paper_results/per_query_minimal/cmedqa2_external_per_query.jsonl,876a16d098e1da3f642ef70854cbc985bae5f9e3,3e170ff0ad1d799e5899cb62fd78c9920e42982cf3202dd2d06b72a0bb212a72,selected document ids intentionally excluded
cmedqa2_external,qh_0f049aaf2f2d1def,D0,1.0,0.26625042940766924,VERIFIED_FROM_RELEASE,paper_results/per_query_minimal/cmedqa2_external_per_query.jsonl,876a16d098e1da3f642ef70854cbc985bae5f9e3,3e170ff0ad1d799e5899cb62fd78c9920e42982cf3202dd2d06b72a0bb212a72,selected document ids intentionally excluded
cmedqa2_external,qh_0f049aaf2f2d1def,D1,1.0,0.26625042940766924,VERIFIED_FROM_RELEASE,paper_results/per_query_minimal/cmedqa2_external_per_query.jsonl,876a16d098e1da3f642ef70854cbc985bae5f9e3,3e170ff0ad1d799e5899cb62fd78c9920e42982cf3202dd2d06b72a0bb212a72,selected document ids intentionally excluded
cmedqa2_external,qh_0f049aaf2f2d1def,D2,1.0,0.5501035105984519,VERIFIED_FROM_RELEASE,paper_results/per_query_minimal/cmedqa2_external_per_query.jsonl,876a16d098e1da3f642ef70854cbc985bae5f9e3,3e170ff0ad1d799e5899cb62fd78c9920e42982cf3202dd2d06b72a0bb212a72,selected document ids intentionally excluded
cmedqa2_external,qh_0f049aaf2f2d1def,D3,1.0,0.5501035105984519,VERIFIED_FROM_RELEASE,paper_results/per_query_minimal/cmedqa2_external_per_query.jsonl,876a16d098e1da3f642ef70854cbc985bae5f9e3,3e170ff0ad1d799e5899cb62fd78c9920e42982cf3202dd2d06b72a0bb212a72,selected document ids intentionally excluded
cmedqa2_external,qh_4c3124ce16369e48,B0,1.0,0.5755676532324865,VERIFIED_FROM_RELEASE,paper_results/per_query_minimal/cmedqa2_external_per_query.jsonl,876a16d098e1da3f642ef70854cbc985bae5f9e3,3e170ff0ad1d799e5899cb62fd78c9920e42982cf3202dd2d06b72a0bb212a72,selected document ids intentionally excluded
cmedqa2_external,qh_4c3124ce16369e48,D0,1.0,0.5123754103194527,VERIFIED_FROM_RELEASE,paper_results/per_query_minimal/cmedqa2_external_per_query.jsonl,876a16d098e1da3f642ef70854cbc985bae5f9e3,3e170ff0ad1d799e5899cb62fd78c9920e42982cf3202dd2d06b72a0bb212a72,selected document ids intentionally excluded
cmedqa2_external,qh_4c3124ce16369e48,D1,1.0,0.5123754103194527,VERIFIED_FROM_RELEASE,paper_results/per_query_minimal/cmedqa2_external_per_query.jsonl,876a16d098e1da3f642ef70854cbc985bae5f9e3,3e170ff0ad1d799e5899cb62fd78c9920e42982cf3202dd2d06b72a0bb212a72,selected document ids intentionally excluded
cmedqa2_external,qh_4c3124ce16369e48,D2,1.0,0.5755676532324865,VERIFIED_FROM_RELEASE,paper_results/per_query_minimal/cmedqa2_external_per_query.jsonl,876a16d098e1da3f642ef70854cbc985bae5f9e3,3e170ff0ad1d799e5899cb62fd78c9920e42982cf3202dd2d06b72a0bb212a72,selected document ids intentionally excluded
cmedqa2_external,qh_4c3124ce16369e48,D3,1.0,0.5755676532324865,VERIFIED_FROM_RELEASE,paper_results/per_query_minimal/cmedqa2_external_per_query.jsonl,876a16d098e1da3f642ef70854cbc985bae5f9e3,3e170ff0ad1d799e5899cb62fd78c9920e42982cf3202dd2d06b72a0bb212a72,selected document ids intentionally excluded
cmedqa2_external,qh_a22703e52f2d1cf1,B0,1.0,0.76712910283109,VERIFIED_FROM_RELEASE,paper_results/per_query_minimal/cmedqa2_external_per_query.jsonl,876a16d098e1da3f642ef70854cbc985bae5f9e3,3e170ff0ad1d799e5899cb62fd78c9920e42982cf3202dd2d06b72a0bb212a72,selected document ids intentionally excluded
cmedqa2_external,qh_a22703e52f2d1cf1,D0,1.0,0.6576923753084406,VERIFIED_FROM_RELEASE,paper_results/per_query_minimal/cmedqa2_external_per_query.jsonl,876a16d098e1da3f642ef70854cbc985bae5f9e3,3e170ff0ad1d799e5899cb62fd78c9920e42982cf3202dd2d06b72a0bb212a72,selected document ids intentionally excluded
cmedqa2_external,qh_a22703e52f2d1cf1,D1,1.0,0.6804025481685709,VERIFIED_FROM_RELEASE,paper_results/per_query_minimal/cmedqa2_external_per_query.jsonl,876a16d098e1da3f642ef70854cbc985bae5f9e3,3e170ff0ad1d799e5899cb62fd78c9920e42982cf3202dd2d06b72a0bb212a72,selected document ids intentionally excluded
cmedqa2_external,qh_a22703e52f2d1cf1,D2,1.0,0.6576923753084406,VERIFIED_FROM_RELEASE,paper_results/per_query_minimal/cmedqa2_external_per_query.jsonl,876a16d098e1da3f642ef70854cbc985bae5f9e3,3e170ff0ad1d799e5899cb62fd78c9920e42982cf3202dd2d06b72a0bb212a72,selected document ids intentionally excluded
cmedqa2_external,qh_a22703e52f2d1cf1,D3,1.0,0.6576923753084406,VERIFIED_FROM_RELEASE,paper_results/per_query_minimal/cmedqa2_external_per_query.jsonl,876a16d098e1da3f642ef70854cbc985bae5f9e3,3e170ff0ad1d799e5899cb62fd78c9920e42982cf3202dd2d06b72a0bb212a72,selected document ids intentionally excluded
cmedqa2_external,qh_becbc8cfa386086b,B0,1.0,0.6930221935231563,VERIFIED_FROM_RELEASE,paper_results/per_query_minimal/cmedqa2_external_per_query.jsonl,876a16d098e1da3f642ef70854cbc985bae5f9e3,3e170ff0ad1d799e5899cb62fd78c9920e42982cf3202dd2d06b72a0bb212a72,selected document ids intentionally excluded
cmedqa2_external,qh_becbc8cfa386086b,D0,1.0,0.45379693233402835,VERIFIED_FROM_RELEASE,paper_results/per_query_minimal/cmedqa2_external_per_query.jsonl,876a16d098e1da3f642ef70854cbc985bae5f9e3,3e170ff0ad1d799e5899cb62fd78c9920e42982cf3202dd2d06b72a0bb212a72,selected document ids intentionally excluded
cmedqa2_external,qh_becbc8cfa386086b,D1,1.0,0.32597358003346427,VERIFIED_FROM_RELEASE,paper_results/per_query_minimal/cmedqa2_external_per_query.jsonl,876a16d098e1da3f642ef70854cbc985bae5f9e3,3e170ff0ad1d799e5899cb62fd78c9920e42982cf3202dd2d06b72a0bb212a72,selected document ids intentionally excluded
cmedqa2_external,qh_becbc8cfa386086b,D2,1.0,0.3833427799846345,VERIFIED_FROM_RELEASE,paper_results/per_query_minimal/cmedqa2_external_per_query.jsonl,876a16d098e1da3f642ef70854cbc985bae5f9e3,3e170ff0ad1d799e5899cb62fd78c9920e42982cf3202dd2d06b72a0bb212a72,selected document ids intentionally excluded
cmedqa2_external,qh_becbc8cfa386086b,D3,1.0,0.32597358003346427,VERIFIED_FROM_RELEASE,paper_results/per_query_minimal/cmedqa2_external_per_query.jsonl,876a16d098e1da3f642ef70854cbc985bae5f9e3,3e170ff0ad1d799e5899cb62fd78c9920e42982cf3202dd2d06b72a0bb212a72,selected document ids intentionally excluded
cmedqa2_external,qh_5d97339934c84648,B0,1.0,0.4772656487866462,VERIFIED_FROM_RELEASE,paper_results/per_query_minimal/cmedqa2_external_per_query.jsonl,876a16d098e1da3f642ef70854cbc985bae5f9e3,3e170ff0ad1d799e5899cb62fd78c9920e42982cf3202dd2d06b72a0bb212a72,selected document ids intentionally excluded
cmedqa2_external,qh_5d97339934c84648,D0,1.0,0.586202141404402,VERIFIED_FROM_RELEASE,paper_results/per_query_minimal/cmedqa2_external_per_query.jsonl,876a16d098e1da3f642ef70854cbc985bae5f9e3,3e170ff0ad1d799e5899cb62fd78c9920e42982cf3202dd2d06b72a0bb212a72,selected document ids intentionally excluded
cmedqa2_external,qh_5d97339934c84648,D1,1.0,0.586202141404402,VERIFIED_FROM_RELEASE,paper_results/per_query_minimal/cmedqa2_external_per_query.jsonl,876a16d098e1da3f642ef70854cbc985bae5f9e3,3e170ff0ad1d799e5899cb62fd78c9920e42982cf3202dd2d06b72a0bb212a72,selected document ids intentionally excluded
cmedqa2_external,qh_5d97339934c84648,D2,1.0,0.647939623894138,VERIFIED_FROM_RELEASE,paper_results/per_query_minimal/cmedqa2_external_per_query.jsonl,876a16d098e1da3f642ef70854cbc985bae5f9e3,3e170ff0ad1d799e5899cb62fd78c9920e42982cf3202dd2d06b72a0bb212a72,selected document ids intentionally excluded
cmedqa2_external,qh_5d97339934c84648,D3,1.0,0.647939623894138,VERIFIED_FROM_RELEASE,paper_results/per_query_minimal/cmedqa2_external_per_query.jsonl,876a16d098e1da3f642ef70854cbc985bae5f9e3,3e170ff0ad1d799e5899cb62fd78c9920e42982cf3202dd2d06b72a0bb212a72,selected document ids intentionally excluded
cmedqa2_external,qh_c45fe4ba2b00b890,B0,1.0,0.0,VERIFIED_FROM_RELEASE,paper_results/per_query_minimal/cmedqa2_external_per_query.jsonl,876a16d098e1da3f642ef70854cbc985bae5f9e3,3e170ff0ad1d799e5899cb62fd78c9920e42982cf3202dd2d06b72a0bb212a72,selected document ids intentionally excluded
cmedqa2_external,qh_c45fe4ba2b00b890,D0,1.0,0.0,VERIFIED_FROM_RELEASE,paper_results/per_query_minimal/cmedqa2_external_per_query.jsonl,876a16d098e1da3f642ef70854cbc985bae5f9e3,3e170ff0ad1d799e5899cb62fd78c9920e42982cf3202dd2d06b72a0bb212a72,selected document ids intentionally excluded
cmedqa2_external,qh_c45fe4ba2b00b890,D1,1.0,0.0,VERIFIED_FROM_RELEASE,paper_results/per_query_minimal/cmedqa2_external_per_query.jsonl,876a16d098e1da3f642ef70854cbc985bae5f9e3,3e170ff0ad1d799e5899cb62fd78c9920e42982cf3202dd2d06b72a0bb212a72,selected document ids intentionally excluded
cmedqa2_external,qh_c45fe4ba2b00b890,D2,1.0,0.0,VERIFIED_FROM_RELEASE,paper_results/per_query_minimal/cmedqa2_external_per_query.jsonl,876a16d098e1da3f642ef70854cbc985bae5f9e3,3e170ff0ad1d799e5899cb62fd78c9920e42982cf3202dd2d06b72a0bb212a72,selected document ids intentionally excluded
cmedqa2_external,qh_c45fe4ba2b00b890,D3,1.0,0.0,VERIFIED_FROM_RELEASE,paper_results/per_query_minimal/cmedqa2_external_per_query.jsonl,876a16d098e1da3f642ef70854cbc985bae5f9e3,3e170ff0ad1d799e5899cb62fd78c9920e42982cf3202dd2d06b72a0bb212a72,selected document ids intentionally excluded
cmedqa2_external,qh_24b92b87ff725fff,B0,1.0,0.6434294255597477,VERIFIED_FROM_RELEASE,paper_results/per_query_minimal/cmedqa2_external_per_query.jsonl,876a16d098e1da3f642ef70854cbc985bae5f9e3,3e170ff0ad1d799e5899cb62fd78c9920e42982cf3202dd2d06b72a0bb212a72,selected document ids intentionally excluded
cmedqa2_external,qh_24b92b87ff725fff,D0,1.0,0.5822232271739722,VERIFIED_FROM_RELEASE,paper_results/per_query_minimal/cmedqa2_external_per_query.jsonl,876a16d098e1da3f642ef70854cbc985bae5f9e3,3e170ff0ad1d799e5899cb62fd78c9920e42982cf3202dd2d06b72a0bb212a72,selected document ids intentionally excluded
cmedqa2_external,qh_24b92b87ff725fff,D1,1.0,0.6434294255597477,VERIFIED_FROM_RELEASE,paper_results/per_query_minimal/cmedqa2_external_per_query.jsonl,876a16d098e1da3f642ef70854cbc985bae5f9e3,3e170ff0ad1d799e5899cb62fd78c9920e42982cf3202dd2d06b72a0bb212a72,selected document ids intentionally excluded
cmedqa2_external,qh_24b92b87ff725fff,D2,1.0,0.5069915613047878,VERIFIED_FROM_RELEASE,paper_results/per_query_minimal/cmedqa2_external_per_query.jsonl,876a16d098e1da3f642ef70854cbc985bae5f9e3,3e170ff0ad1d799e5899cb62fd78c9920e42982cf3202dd2d06b72a0bb212a72,selected document ids intentionally excluded
cmedqa2_external,qh_24b92b87ff725fff,D3,1.0,0.4505894982440495,VERIFIED_FROM_RELEASE,paper_results/per_query_minimal/cmedqa2_external_per_query.jsonl,876a16d098e1da3f642ef70854cbc985bae5f9e3,3e170ff0ad1d799e5899cb62fd78c9920e42982cf3202dd2d06b72a0bb212a72,selected document ids intentionally excluded
cmedqa2_external,qh_12b952ebdfeea8d1,B0,1.0,0.6489315753318465,VERIFIED_FROM_RELEASE,paper_results/per_query_minimal/cmedqa2_external_per_query.jsonl,876a16d098e1da3f642ef70854cbc985bae5f9e3,3e170ff0ad1d799e5899cb62fd78c9920e42982cf3202dd2d06b72a0bb212a72,selected document ids intentionally excluded
cmedqa2_external,qh_12b952ebdfeea8d1,D0,1.0,0.6489315753318465,VERIFIED_FROM_RELEASE,paper_results/per_query_minimal/cmedqa2_external_per_query.jsonl,876a16d098e1da3f642ef70854cbc985bae5f9e3,3e170ff0ad1d799e5899cb62fd78c9920e42982cf3202dd2d06b72a0bb212a72,selected document ids intentionally excluded
cmedqa2_external,qh_12b952ebdfeea8d1,D1,1.0,0.6489315753318465,VERIFIED_FROM_RELEASE,paper_results/per_query_minimal/cmedqa2_external_per_query.jsonl,876a16d098e1da3f642ef70854cbc985bae5f9e3,3e170ff0ad1d799e5899cb62fd78c9920e42982cf3202dd2d06b72a0bb212a72,selected document ids intentionally excluded
cmedqa2_external,qh_12b952ebdfeea8d1,D2,1.0,0.6489315753318465,VERIFIED_FROM_RELEASE,paper_results/per_query_minimal/cmedqa2_external_per_query.jsonl,876a16d098e1da3f642ef70854cbc985bae5f9e3,3e170ff0ad1d799e5899cb62fd78c9920e42982cf3202dd2d06b72a0bb212a72,selected document ids intentionally excluded
cmedqa2_external,qh_12b952ebdfeea8d1,D3,1.0,0.6489315753318465,VERIFIED_FROM_RELEASE,paper_results/per_query_minimal/cmedqa2_external_per_query.jsonl,876a16d098e1da3f642ef70854cbc985bae5f9e3,3e170ff0ad1d799e5899cb62fd78c9920e42982cf3202dd2d06b72a0bb212a72,selected document ids intentionally excluded
cmedqa2_external,qh_95207c7e63dd028b,B0,1.0,0.3847726337790881,VERIFIED_FROM_RELEASE,paper_results/per_query_minimal/cmedqa2_external_per_query.jsonl,876a16d098e1da3f642ef70854cbc985bae5f9e3,3e170ff0ad1d799e5899cb62fd78c9920e42982cf3202dd2d06b72a0bb212a72,selected document ids intentionally excluded
cmedqa2_external,qh_95207c7e63dd028b,D0,1.0,0.3914698682006918,VERIFIED_FROM_RELEASE,paper_results/per_query_minimal/cmedqa2_external_per_query.jsonl,876a16d098e1da3f642ef70854cbc985bae5f9e3,3e170ff0ad1d799e5899cb62fd78c9920e42982cf3202dd2d06b72a0bb212a72,selected document ids intentionally excluded
cmedqa2_external,qh_95207c7e63dd028b,D1,1.0,0.3847726337790881,VERIFIED_FROM_RELEASE,paper_results/per_query_minimal/cmedqa2_external_per_query.jsonl,876a16d098e1da3f642ef70854cbc985bae5f9e3,3e170ff0ad1d799e5899cb62fd78c9920e42982cf3202dd2d06b72a0bb212a72,selected document ids intentionally excluded
cmedqa2_external,qh_95207c7e63dd028b,D2,1.0,0.3256530037357304,VERIFIED_FROM_RELEASE,paper_results/per_query_minimal/cmedqa2_external_per_query.jsonl,876a16d098e1da3f642ef70854cbc985bae5f9e3,3e170ff0ad1d799e5899cb62fd78c9920e42982cf3202dd2d06b72a0bb212a72,selected document ids intentionally excluded
cmedqa2_external,qh_95207c7e63dd028b,D3,1.0,0.315058854841398,VERIFIED_FROM_RELEASE,paper_results/per_query_minimal/cmedqa2_external_per_query.jsonl,876a16d098e1da3f642ef70854cbc985bae5f9e3,3e170ff0ad1d799e5899cb62fd78c9920e42982cf3202dd2d06b72a0bb212a72,selected document ids intentionally excluded
cmedqa2_external,qh_19bc1d96b31aa557,B0,1.0,0.33484598185538733,VERIFIED_FROM_RELEASE,paper_results/per_query_minimal/cmedqa2_external_per_query.jsonl,876a16d098e1da3f642ef70854cbc985bae5f9e3,3e170ff0ad1d799e5899cb62fd78c9920e42982cf3202dd2d06b72a0bb212a72,selected document ids intentionally excluded
cmedqa2_external,qh_19bc1d96b31aa557,D0,1.0,0.29091248885135507,VERIFIED_FROM_RELEASE,paper_results/per_query_minimal/cmedqa2_external_per_query.jsonl,876a16d098e1da3f642ef70854cbc985bae5f9e3,3e170ff0ad1d799e5899cb62fd78c9920e42982cf3202dd2d06b72a0bb212a72,selected document ids intentionally excluded
cmedqa2_external,qh_19bc1d96b31aa557,D1,1.0,0.33484598185538733,VERIFIED_FROM_RELEASE,paper_results/per_query_minimal/cmedqa2_external_per_query.jsonl,876a16d098e1da3f642ef70854cbc985bae5f9e3,3e170ff0ad1d799e5899cb62fd78c9920e42982cf3202dd2d06b72a0bb212a72,selected document ids intentionally excluded
cmedqa2_external,qh_19bc1d96b31aa557,D2,1.0,0.33484598185538733,VERIFIED_FROM_RELEASE,paper_results/per_query_minimal/cmedqa2_external_per_query.jsonl,876a16d098e1da3f642ef70854cbc985bae5f9e3,3e170ff0ad1d799e5899cb62fd78c9920e42982cf3202dd2d06b72a0bb212a72,selected document ids intentionally excluded
cmedqa2_external,qh_19bc1d96b31aa557,D3,1.0,0.33484598185538733,VERIFIED_FROM_RELEASE,paper_results/per_query_minimal/cmedqa2_external_per_query.jsonl,876a16d098e1da3f642ef70854cbc985bae5f9e3,3e170ff0ad1d799e5899cb62fd78c9920e42982cf3202dd2d06b72a0bb212a72,selected document ids intentionally excluded
cmedqa2_external,qh_a7221a2a0c43a0c7,B0,1.0,0.5394096985063923,VERIFIED_FROM_RELEASE,paper_results/per_query_minimal/cmedqa2_external_per_query.jsonl,876a16d098e1da3f642ef70854cbc985bae5f9e3,3e170ff0ad1d799e5899cb62fd78c9920e42982cf3202dd2d06b72a0bb212a72,selected document ids intentionally excluded
cmedqa2_external,qh_a7221a2a0c43a0c7,D0,1.0,0.6497629201881515,VERIFIED_FROM_RELEASE,paper_results/per_query_minimal/cmedqa2_external_per_query.jsonl,876a16d098e1da3f642ef70854cbc985bae5f9e3,3e170ff0ad1d799e5899cb62fd78c9920e42982cf3202dd2d06b72a0bb212a72,selected document ids intentionally excluded
cmedqa2_external,qh_a7221a2a0c43a0c7,D1,1.0,0.6497629201881515,VERIFIED_FROM_RELEASE,paper_results/per_query_minimal/cmedqa2_external_per_query.jsonl,876a16d098e1da3f642ef70854cbc985bae5f9e3,3e170ff0ad1d799e5899cb62fd78c9920e42982cf3202dd2d06b72a0bb212a72,selected document ids intentionally excluded
cmedqa2_external,qh_a7221a2a0c43a0c7,D2,1.0,0.6162144953905638,VERIFIED_FROM_RELEASE,paper_results/per_query_minimal/cmedqa2_external_per_query.jsonl,876a16d098e1da3f642ef70854cbc985bae5f9e3,3e170ff0ad1d799e5899cb62fd78c9920e42982cf3202dd2d06b72a0bb212a72,selected document ids intentionally excluded
cmedqa2_external,qh_a7221a2a0c43a0c7,D3,1.0,0.6162144953905638,VERIFIED_FROM_RELEASE,paper_results/per_query_minimal/cmedqa2_external_per_query.jsonl,876a16d098e1da3f642ef70854cbc985bae5f9e3,3e170ff0ad1d799e5899cb62fd78c9920e42982cf3202dd2d06b72a0bb212a72,selected document ids intentionally excluded
cmedqa2_external,qh_9995d08f8d1836e6,B0,1.0,0.3436966913921454,VERIFIED_FROM_RELEASE,paper_results/per_query_minimal/cmedqa2_external_per_query.jsonl,876a16d098e1da3f642ef70854cbc985bae5f9e3,3e170ff0ad1d799e5899cb62fd78c9920e42982cf3202dd2d06b72a0bb212a72,selected document ids intentionally excluded
cmedqa2_external,qh_9995d08f8d1836e6,D0,1.0,0.20483424751859086,VERIFIED_FROM_RELEASE,paper_results/per_query_minimal/cmedqa2_external_per_query.jsonl,876a16d098e1da3f642ef70854cbc985bae5f9e3,3e170ff0ad1d799e5899cb62fd78c9920e42982cf3202dd2d06b72a0bb212a72,selected document ids intentionally excluded
cmedqa2_external,qh_9995d08f8d1836e6,D1,1.0,0.20483424751859086,VERIFIED_FROM_RELEASE,paper_results/per_query_minimal/cmedqa2_external_per_query.jsonl,876a16d098e1da3f642ef70854cbc985bae5f9e3,3e170ff0ad1d799e5899cb62fd78c9920e42982cf3202dd2d06b72a0bb212a72,selected document ids intentionally excluded
cmedqa2_external,qh_9995d08f8d1836e6,D2,1.0,0.28997736516021183,VERIFIED_FROM_RELEASE,paper_results/per_query_minimal/cmedqa2_external_per_query.jsonl,876a16d098e1da3f642ef70854cbc985bae5f9e3,3e170ff0ad1d799e5899cb62fd78c9920e42982cf3202dd2d06b72a0bb212a72,selected document ids intentionally excluded
cmedqa2_external,qh_9995d08f8d1836e6,D3,1.0,0.28997736516021183,VERIFIED_FROM_RELEASE,paper_results/per_query_minimal/cmedqa2_external_per_query.jsonl,876a16d098e1da3f642ef70854cbc985bae5f9e3,3e170ff0ad1d799e5899cb62fd78c9920e42982cf3202dd2d06b72a0bb212a72,selected document ids intentionally excluded
cmedqa2_external,qh_ee9108ac5c5bf543,B0,1.0,0.6920788373899057,VERIFIED_FROM_RELEASE,paper_results/per_query_minimal/cmedqa2_external_per_query.jsonl,876a16d098e1da3f642ef70854cbc985bae5f9e3,3e170ff0ad1d799e5899cb62fd78c9920e42982cf3202dd2d06b72a0bb212a72,selected document ids intentionally excluded
cmedqa2_external,qh_ee9108ac5c5bf543,D0,1.0,0.5355852974309777,VERIFIED_FROM_RELEASE,paper_results/per_query_minimal/cmedqa2_external_per_query.jsonl,876a16d098e1da3f642ef70854cbc985bae5f9e3,3e170ff0ad1d799e5899cb62fd78c9920e42982cf3202dd2d06b72a0bb212a72,selected document ids intentionally excluded
cmedqa2_external,qh_ee9108ac5c5bf543,D1,1.0,0.5355852974309777,VERIFIED_FROM_RELEASE,paper_results/per_query_minimal/cmedqa2_external_per_query.jsonl,876a16d098e1da3f642ef70854cbc985bae5f9e3,3e170ff0ad1d799e5899cb62fd78c9920e42982cf3202dd2d06b72a0bb212a72,selected document ids intentionally excluded
cmedqa2_external,qh_ee9108ac5c5bf543,D2,1.0,0.7041249493150388,VERIFIED_FROM_RELEASE,paper_results/per_query_minimal/cmedqa2_external_per_query.jsonl,876a16d098e1da3f642ef70854cbc985bae5f9e3,3e170ff0ad1d799e5899cb62fd78c9920e42982cf3202dd2d06b72a0bb212a72,selected document ids intentionally excluded
cmedqa2_external,qh_ee9108ac5c5bf543,D3,1.0,0.7041249493150388,VERIFIED_FROM_RELEASE,paper_results/per_query_minimal/cmedqa2_external_per_query.jsonl,876a16d098e1da3f642ef70854cbc985bae5f9e3,3e170ff0ad1d799e5899cb62fd78c9920e42982cf3202dd2d06b72a0bb212a72,selected document ids intentionally excluded
cmedqa2_external,qh_5a2d4d386924ca66,B0,1.0,0.6489315753318465,VERIFIED_FROM_RELEASE,paper_results/per_query_minimal/cmedqa2_external_per_query.jsonl,876a16d098e1da3f642ef70854cbc985bae5f9e3,3e170ff0ad1d799e5899cb62fd78c9920e42982cf3202dd2d06b72a0bb212a72,selected document ids intentionally excluded
cmedqa2_external,qh_5a2d4d386924ca66,D0,1.0,0.5637884576902256,VERIFIED_FROM_RELEASE,paper_results/per_query_minimal/cmedqa2_external_per_query.jsonl,876a16d098e1da3f642ef70854cbc985bae5f9e3,3e170ff0ad1d799e5899cb62fd78c9920e42982cf3202dd2d06b72a0bb212a72,selected document ids intentionally excluded
cmedqa2_external,qh_5a2d4d386924ca66,D1,1.0,0.4288398090337664,VERIFIED_FROM_RELEASE,paper_results/per_query_minimal/cmedqa2_external_per_query.jsonl,876a16d098e1da3f642ef70854cbc985bae5f9e3,3e170ff0ad1d799e5899cb62fd78c9920e42982cf3202dd2d06b72a0bb212a72,selected document ids intentionally excluded
cmedqa2_external,qh_5a2d4d386924ca66,D2,1.0,0.6489315753318465,VERIFIED_FROM_RELEASE,paper_results/per_query_minimal/cmedqa2_external_per_query.jsonl,876a16d098e1da3f642ef70854cbc985bae5f9e3,3e170ff0ad1d799e5899cb62fd78c9920e42982cf3202dd2d06b72a0bb212a72,selected document ids intentionally excluded
cmedqa2_external,qh_5a2d4d386924ca66,D3,1.0,0.6489315753318465,VERIFIED_FROM_RELEASE,paper_results/per_query_minimal/cmedqa2_external_per_query.jsonl,876a16d098e1da3f642ef70854cbc985bae5f9e3,3e170ff0ad1d799e5899cb62fd78c9920e42982cf3202dd2d06b72a0bb212a72,selected document ids intentionally excluded
cmedqa2_external,qh_7579cbcf614d99be,B0,1.0,0.0,VERIFIED_FROM_RELEASE,paper_results/per_query_minimal/cmedqa2_external_per_query.jsonl,876a16d098e1da3f642ef70854cbc985bae5f9e3,3e170ff0ad1d799e5899cb62fd78c9920e42982cf3202dd2d06b72a0bb212a72,selected document ids intentionally excluded
cmedqa2_external,qh_7579cbcf614d99be,D0,1.0,0.0,VERIFIED_FROM_RELEASE,paper_results/per_query_minimal/cmedqa2_external_per_query.jsonl,876a16d098e1da3f642ef70854cbc985bae5f9e3,3e170ff0ad1d799e5899cb62fd78c9920e42982cf3202dd2d06b72a0bb212a72,selected document ids intentionally excluded
cmedqa2_external,qh_7579cbcf614d99be,D1,1.0,0.0,VERIFIED_FROM_RELEASE,paper_results/per_query_minimal/cmedqa2_external_per_query.jsonl,876a16d098e1da3f642ef70854cbc985bae5f9e3,3e170ff0ad1d799e5899cb62fd78c9920e42982cf3202dd2d06b72a0bb212a72,selected document ids intentionally excluded
cmedqa2_external,qh_7579cbcf614d99be,D2,1.0,0.0,VERIFIED_FROM_RELEASE,paper_results/per_query_minimal/cmedqa2_external_per_query.jsonl,876a16d098e1da3f642ef70854cbc985bae5f9e3,3e170ff0ad1d799e5899cb62fd78c9920e42982cf3202dd2d06b72a0bb212a72,selected document ids intentionally excluded
cmedqa2_external,qh_7579cbcf614d99be,D3,1.0,0.0,VERIFIED_FROM_RELEASE,paper_results/per_query_minimal/cmedqa2_external_per_query.jsonl,876a16d098e1da3f642ef70854cbc985bae5f9e3,3e170ff0ad1d799e5899cb62fd78c9920e42982cf3202dd2d06b72a0bb212a72,selected document ids intentionally excluded
cmedqa2_external,qh_8c8667c11f46168a,B0,1.0,0.6535587830362364,VERIFIED_FROM_RELEASE,paper_results/per_query_minimal/cmedqa2_external_per_query.jsonl,876a16d098e1da3f642ef70854cbc985bae5f9e3,3e170ff0ad1d799e5899cb62fd78c9920e42982cf3202dd2d06b72a0bb212a72,selected document ids intentionally excluded
cmedqa2_external,qh_8c8667c11f46168a,D0,1.0,0.5085794396330904,VERIFIED_FROM_RELEASE,paper_results/per_query_minimal/cmedqa2_external_per_query.jsonl,876a16d098e1da3f642ef70854cbc985bae5f9e3,3e170ff0ad1d799e5899cb62fd78c9920e42982cf3202dd2d06b72a0bb212a72,selected document ids intentionally excluded
cmedqa2_external,qh_8c8667c11f46168a,D1,1.0,0.3764843638155568,VERIFIED_FROM_RELEASE,paper_results/per_query_minimal/cmedqa2_external_per_query.jsonl,876a16d098e1da3f642ef70854cbc985bae5f9e3,3e170ff0ad1d799e5899cb62fd78c9920e42982cf3202dd2d06b72a0bb212a72,selected document ids intentionally excluded
cmedqa2_external,qh_8c8667c11f46168a,D2,1.0,0.7263573715285666,VERIFIED_FROM_RELEASE,paper_results/per_query_minimal/cmedqa2_external_per_query.jsonl,876a16d098e1da3f642ef70854cbc985bae5f9e3,3e170ff0ad1d799e5899cb62fd78c9920e42982cf3202dd2d06b72a0bb212a72,selected document ids intentionally excluded
cmedqa2_external,qh_8c8667c11f46168a,D3,1.0,0.4857700910063574,VERIFIED_FROM_RELEASE,paper_results/per_query_minimal/cmedqa2_external_per_query.jsonl,876a16d098e1da3f642ef70854cbc985bae5f9e3,3e170ff0ad1d799e5899cb62fd78c9920e42982cf3202dd2d06b72a0bb212a72,selected document ids intentionally excluded
cmedqa2_external,qh_647b53704700bd74,B0,1.0,0.6391877770719535,VERIFIED_FROM_RELEASE,paper_results/per_query_minimal/cmedqa2_external_per_query.jsonl,876a16d098e1da3f642ef70854cbc985bae5f9e3,3e170ff0ad1d799e5899cb62fd78c9920e42982cf3202dd2d06b72a0bb212a72,selected document ids intentionally excluded
cmedqa2_external,qh_647b53704700bd74,D0,1.0,0.6391877770719535,VERIFIED_FROM_RELEASE,paper_results/per_query_minimal/cmedqa2_external_per_query.jsonl,876a16d098e1da3f642ef70854cbc985bae5f9e3,3e170ff0ad1d799e5899cb62fd78c9920e42982cf3202dd2d06b72a0bb212a72,selected document ids intentionally excluded
cmedqa2_external,qh_647b53704700bd74,D1,1.0,0.6391877770719535,VERIFIED_FROM_RELEASE,paper_results/per_query_minimal/cmedqa2_external_per_query.jsonl,876a16d098e1da3f642ef70854cbc985bae5f9e3,3e170ff0ad1d799e5899cb62fd78c9920e42982cf3202dd2d06b72a0bb212a72,selected document ids intentionally excluded
cmedqa2_external,qh_647b53704700bd74,D2,1.0,0.6157782680409101,VERIFIED_FROM_RELEASE,paper_results/per_query_minimal/cmedqa2_external_per_query.jsonl,876a16d098e1da3f642ef70854cbc985bae5f9e3,3e170ff0ad1d799e5899cb62fd78c9920e42982cf3202dd2d06b72a0bb212a72,selected document ids intentionally excluded
cmedqa2_external,qh_647b53704700bd74,D3,1.0,0.6157782680409101,VERIFIED_FROM_RELEASE,paper_results/per_query_minimal/cmedqa2_external_per_query.jsonl,876a16d098e1da3f642ef70854cbc985bae5f9e3,3e170ff0ad1d799e5899cb62fd78c9920e42982cf3202dd2d06b72a0bb212a72,selected document ids intentionally excluded
cmedqa2_external,qh_5dcd7a12fc9325a1,B0,1.0,0.603411524962637,VERIFIED_FROM_RELEASE,paper_results/per_query_minimal/cmedqa2_external_per_query.jsonl,876a16d098e1da3f642ef70854cbc985bae5f9e3,3e170ff0ad1d799e5899cb62fd78c9920e42982cf3202dd2d06b72a0bb212a72,selected document ids intentionally excluded
cmedqa2_external,qh_5dcd7a12fc9325a1,D0,1.0,0.5822232271739722,VERIFIED_FROM_RELEASE,paper_results/per_query_minimal/cmedqa2_external_per_query.jsonl,876a16d098e1da3f642ef70854cbc985bae5f9e3,3e170ff0ad1d799e5899cb62fd78c9920e42982cf3202dd2d06b72a0bb212a72,selected document ids intentionally excluded
cmedqa2_external,qh_5dcd7a12fc9325a1,D1,1.0,0.6434294255597477,VERIFIED_FROM_RELEASE,paper_results/per_query_minimal/cmedqa2_external_per_query.jsonl,876a16d098e1da3f642ef70854cbc985bae5f9e3,3e170ff0ad1d799e5899cb62fd78c9920e42982cf3202dd2d06b72a0bb212a72,selected document ids intentionally excluded
cmedqa2_external,qh_5dcd7a12fc9325a1,D2,1.0,0.603411524962637,VERIFIED_FROM_RELEASE,paper_results/per_query_minimal/cmedqa2_external_per_query.jsonl,876a16d098e1da3f642ef70854cbc985bae5f9e3,3e170ff0ad1d799e5899cb62fd78c9920e42982cf3202dd2d06b72a0bb212a72,selected document ids intentionally excluded
cmedqa2_external,qh_5dcd7a12fc9325a1,D3,1.0,0.6434294255597477,VERIFIED_FROM_RELEASE,paper_results/per_query_minimal/cmedqa2_external_per_query.jsonl,876a16d098e1da3f642ef70854cbc985bae5f9e3,3e170ff0ad1d799e5899cb62fd78c9920e42982cf3202dd2d06b72a0bb212a72,selected document ids intentionally excluded
cmedqa2_external,qh_b298e7b8608047b6,B0,1.0,0.44149241373678083,VERIFIED_FROM_RELEASE,paper_results/per_query_minimal/cmedqa2_external_per_query.jsonl,876a16d098e1da3f642ef70854cbc985bae5f9e3,3e170ff0ad1d799e5899cb62fd78c9920e42982cf3202dd2d06b72a0bb212a72,selected document ids intentionally excluded
cmedqa2_external,qh_b298e7b8608047b6,D0,1.0,0.0,VERIFIED_FROM_RELEASE,paper_results/per_query_minimal/cmedqa2_external_per_query.jsonl,876a16d098e1da3f642ef70854cbc985bae5f9e3,3e170ff0ad1d799e5899cb62fd78c9920e42982cf3202dd2d06b72a0bb212a72,selected document ids intentionally excluded
cmedqa2_external,qh_b298e7b8608047b6,D1,1.0,0.15101961822780524,VERIFIED_FROM_RELEASE,paper_results/per_query_minimal/cmedqa2_external_per_query.jsonl,876a16d098e1da3f642ef70854cbc985bae5f9e3,3e170ff0ad1d799e5899cb62fd78c9920e42982cf3202dd2d06b72a0bb212a72,selected document ids intentionally excluded
cmedqa2_external,qh_b298e7b8608047b6,D2,1.0,0.24630238874073,VERIFIED_FROM_RELEASE,paper_results/per_query_minimal/cmedqa2_external_per_query.jsonl,876a16d098e1da3f642ef70854cbc985bae5f9e3,3e170ff0ad1d799e5899cb62fd78c9920e42982cf3202dd2d06b72a0bb212a72,selected document ids intentionally excluded
cmedqa2_external,qh_b298e7b8608047b6,D3,1.0,0.44149241373678083,VERIFIED_FROM_RELEASE,paper_results/per_query_minimal/cmedqa2_external_per_query.jsonl,876a16d098e1da3f642ef70854cbc985bae5f9e3,3e170ff0ad1d799e5899cb62fd78c9920e42982cf3202dd2d06b72a0bb212a72,selected document ids intentionally excluded
cmedqa2_external,qh_cadb78095742db55,B0,1.0,0.53654462602926,VERIFIED_FROM_RELEASE,paper_results/per_query_minimal/cmedqa2_external_per_query.jsonl,876a16d098e1da3f642ef70854cbc985bae5f9e3,3e170ff0ad1d799e5899cb62fd78c9920e42982cf3202dd2d06b72a0bb212a72,selected document ids intentionally excluded
cmedqa2_external,qh_cadb78095742db55,D0,1.0,0.5444033502122022,VERIFIED_FROM_RELEASE,paper_results/per_query_minimal/cmedqa2_external_per_query.jsonl,876a16d098e1da3f642ef70854cbc985bae5f9e3,3e170ff0ad1d799e5899cb62fd78c9920e42982cf3202dd2d06b72a0bb212a72,selected document ids intentionally excluded
cmedqa2_external,qh_cadb78095742db55,D1,1.0,0.5444033502122022,VERIFIED_FROM_RELEASE,paper_results/per_query_minimal/cmedqa2_external_per_query.jsonl,876a16d098e1da3f642ef70854cbc985bae5f9e3,3e170ff0ad1d799e5899cb62fd78c9920e42982cf3202dd2d06b72a0bb212a72,selected document ids intentionally excluded
cmedqa2_external,qh_cadb78095742db55,D2,1.0,0.6137759952564951,VERIFIED_FROM_RELEASE,paper_results/per_query_minimal/cmedqa2_external_per_query.jsonl,876a16d098e1da3f642ef70854cbc985bae5f9e3,3e170ff0ad1d799e5899cb62fd78c9920e42982cf3202dd2d06b72a0bb212a72,selected document ids intentionally excluded
cmedqa2_external,qh_cadb78095742db55,D3,1.0,0.6137759952564951,VERIFIED_FROM_RELEASE,paper_results/per_query_minimal/cmedqa2_external_per_query.jsonl,876a16d098e1da3f642ef70854cbc985bae5f9e3,3e170ff0ad1d799e5899cb62fd78c9920e42982cf3202dd2d06b72a0bb212a72,selected document ids intentionally excluded
cmedqa2_external,qh_49713c597d55c21f,B0,1.0,0.6489315753318465,VERIFIED_FROM_RELEASE,paper_results/per_query_minimal/cmedqa2_external_per_query.jsonl,876a16d098e1da3f642ef70854cbc985bae5f9e3,3e170ff0ad1d799e5899cb62fd78c9920e42982cf3202dd2d06b72a0bb212a72,selected document ids intentionally excluded
cmedqa2_external,qh_49713c597d55c21f,D0,1.0,0.6489315753318465,VERIFIED_FROM_RELEASE,paper_results/per_query_minimal/cmedqa2_external_per_query.jsonl,876a16d098e1da3f642ef70854cbc985bae5f9e3,3e170ff0ad1d799e5899cb62fd78c9920e42982cf3202dd2d06b72a0bb212a72,selected document ids intentionally excluded
cmedqa2_external,qh_49713c597d55c21f,D1,1.0,0.6489315753318465,VERIFIED_FROM_RELEASE,paper_results/per_query_minimal/cmedqa2_external_per_query.jsonl,876a16d098e1da3f642ef70854cbc985bae5f9e3,3e170ff0ad1d799e5899cb62fd78c9920e42982cf3202dd2d06b72a0bb212a72,selected document ids intentionally excluded
cmedqa2_external,qh_49713c597d55c21f,D2,1.0,0.6489315753318465,VERIFIED_FROM_RELEASE,paper_results/per_query_minimal/cmedqa2_external_per_query.jsonl,876a16d098e1da3f642ef70854cbc985bae5f9e3,3e170ff0ad1d799e5899cb62fd78c9920e42982cf3202dd2d06b72a0bb212a72,selected document ids intentionally excluded
cmedqa2_external,qh_49713c597d55c21f,D3,1.0,0.6489315753318465,VERIFIED_FROM_RELEASE,paper_results/per_query_minimal/cmedqa2_external_per_query.jsonl,876a16d098e1da3f642ef70854cbc985bae5f9e3,3e170ff0ad1d799e5899cb62fd78c9920e42982cf3202dd2d06b72a0bb212a72,selected document ids intentionally excluded
cmedqa2_external,qh_2e11e0e64c80437f,B0,1.0,0.38504732998975827,VERIFIED_FROM_RELEASE,paper_results/per_query_minimal/cmedqa2_external_per_query.jsonl,876a16d098e1da3f642ef70854cbc985bae5f9e3,3e170ff0ad1d799e5899cb62fd78c9920e42982cf3202dd2d06b72a0bb212a72,selected document ids intentionally excluded
cmedqa2_external,qh_2e11e0e64c80437f,D0,1.0,0.30500968996263306,VERIFIED_FROM_RELEASE,paper_results/per_query_minimal/cmedqa2_external_per_query.jsonl,876a16d098e1da3f642ef70854cbc985bae5f9e3,3e170ff0ad1d799e5899cb62fd78c9920e42982cf3202dd2d06b72a0bb212a72,selected document ids intentionally excluded
cmedqa2_external,qh_2e11e0e64c80437f,D1,1.0,0.4084568390208017,VERIFIED_FROM_RELEASE,paper_results/per_query_minimal/cmedqa2_external_per_query.jsonl,876a16d098e1da3f642ef70854cbc985bae5f9e3,3e170ff0ad1d799e5899cb62fd78c9920e42982cf3202dd2d06b72a0bb212a72,selected document ids intentionally excluded
cmedqa2_external,qh_2e11e0e64c80437f,D2,1.0,0.4084568390208017,VERIFIED_FROM_RELEASE,paper_results/per_query_minimal/cmedqa2_external_per_query.jsonl,876a16d098e1da3f642ef70854cbc985bae5f9e3,3e170ff0ad1d799e5899cb62fd78c9920e42982cf3202dd2d06b72a0bb212a72,selected document ids intentionally excluded
cmedqa2_external,qh_2e11e0e64c80437f,D3,1.0,0.4084568390208017,VERIFIED_FROM_RELEASE,paper_results/per_query_minimal/cmedqa2_external_per_query.jsonl,876a16d098e1da3f642ef70854cbc985bae5f9e3,3e170ff0ad1d799e5899cb62fd78c9920e42982cf3202dd2d06b72a0bb212a72,selected document ids intentionally excluded
cmedqa2_external,qh_636b13d1e969c3cf,B0,1.0,0.4227129678634519,VERIFIED_FROM_RELEASE,paper_results/per_query_minimal/cmedqa2_external_per_query.jsonl,876a16d098e1da3f642ef70854cbc985bae5f9e3,3e170ff0ad1d799e5899cb62fd78c9920e42982cf3202dd2d06b72a0bb212a72,selected document ids intentionally excluded
cmedqa2_external,qh_636b13d1e969c3cf,D0,1.0,0.5205337679056065,VERIFIED_FROM_RELEASE,paper_results/per_query_minimal/cmedqa2_external_per_query.jsonl,876a16d098e1da3f642ef70854cbc985bae5f9e3,3e170ff0ad1d799e5899cb62fd78c9920e42982cf3202dd2d06b72a0bb212a72,selected document ids intentionally excluded
cmedqa2_external,qh_636b13d1e969c3cf,D1,1.0,0.5205337679056065,VERIFIED_FROM_RELEASE,paper_results/per_query_minimal/cmedqa2_external_per_query.jsonl,876a16d098e1da3f642ef70854cbc985bae5f9e3,3e170ff0ad1d799e5899cb62fd78c9920e42982cf3202dd2d06b72a0bb212a72,selected document ids intentionally excluded
cmedqa2_external,qh_636b13d1e969c3cf,D2,1.0,0.4326667818975418,VERIFIED_FROM_RELEASE,paper_results/per_query_minimal/cmedqa2_external_per_query.jsonl,876a16d098e1da3f642ef70854cbc985bae5f9e3,3e170ff0ad1d799e5899cb62fd78c9920e42982cf3202dd2d06b72a0bb212a72,selected document ids intentionally excluded
cmedqa2_external,qh_636b13d1e969c3cf,D3,1.0,0.4326667818975418,VERIFIED_FROM_RELEASE,paper_results/per_query_minimal/cmedqa2_external_per_query.jsonl,876a16d098e1da3f642ef70854cbc985bae5f9e3,3e170ff0ad1d799e5899cb62fd78c9920e42982cf3202dd2d06b72a0bb212a72,selected document ids intentionally excluded
cmedqa2_external,qh_591b32b9cd54deec,B0,1.0,0.5882112248956434,VERIFIED_FROM_RELEASE,paper_results/per_query_minimal/cmedqa2_external_per_query.jsonl,876a16d098e1da3f642ef70854cbc985bae5f9e3,3e170ff0ad1d799e5899cb62fd78c9920e42982cf3202dd2d06b72a0bb212a72,selected document ids intentionally excluded
cmedqa2_external,qh_591b32b9cd54deec,D0,1.0,0.6260846348072886,VERIFIED_FROM_RELEASE,paper_results/per_query_minimal/cmedqa2_external_per_query.jsonl,876a16d098e1da3f642ef70854cbc985bae5f9e3,3e170ff0ad1d799e5899cb62fd78c9920e42982cf3202dd2d06b72a0bb212a72,selected document ids intentionally excluded
cmedqa2_external,qh_591b32b9cd54deec,D1,1.0,0.6260846348072886,VERIFIED_FROM_RELEASE,paper_results/per_query_minimal/cmedqa2_external_per_query.jsonl,876a16d098e1da3f642ef70854cbc985bae5f9e3,3e170ff0ad1d799e5899cb62fd78c9920e42982cf3202dd2d06b72a0bb212a72,selected document ids intentionally excluded
cmedqa2_external,qh_591b32b9cd54deec,D2,1.0,0.44635967775386753,VERIFIED_FROM_RELEASE,paper_results/per_query_minimal/cmedqa2_external_per_query.jsonl,876a16d098e1da3f642ef70854cbc985bae5f9e3,3e170ff0ad1d799e5899cb62fd78c9920e42982cf3202dd2d06b72a0bb212a72,selected document ids intentionally excluded
cmedqa2_external,qh_591b32b9cd54deec,D3,1.0,0.44635967775386753,VERIFIED_FROM_RELEASE,paper_results/per_query_minimal/cmedqa2_external_per_query.jsonl,876a16d098e1da3f642ef70854cbc985bae5f9e3,3e170ff0ad1d799e5899cb62fd78c9920e42982cf3202dd2d06b72a0bb212a72,selected document ids intentionally excluded
cmedqa2_external,qh_89d600705fe795b8,B0,0.6666666666666666,0.36704861348969203,VERIFIED_FROM_RELEASE,paper_results/per_query_minimal/cmedqa2_external_per_query.jsonl,876a16d098e1da3f642ef70854cbc985bae5f9e3,3e170ff0ad1d799e5899cb62fd78c9920e42982cf3202dd2d06b72a0bb212a72,selected document ids intentionally excluded
cmedqa2_external,qh_89d600705fe795b8,D0,1.0,0.45379693233402835,VERIFIED_FROM_RELEASE,paper_results/per_query_minimal/cmedqa2_external_per_query.jsonl,876a16d098e1da3f642ef70854cbc985bae5f9e3,3e170ff0ad1d799e5899cb62fd78c9920e42982cf3202dd2d06b72a0bb212a72,selected document ids intentionally excluded
cmedqa2_external,qh_89d600705fe795b8,D1,0.6666666666666666,0.3525683241217281,VERIFIED_FROM_RELEASE,paper_results/per_query_minimal/cmedqa2_external_per_query.jsonl,876a16d098e1da3f642ef70854cbc985bae5f9e3,3e170ff0ad1d799e5899cb62fd78c9920e42982cf3202dd2d06b72a0bb212a72,selected document ids intentionally excluded
cmedqa2_external,qh_89d600705fe795b8,D2,0.6666666666666666,0.4272021882457645,VERIFIED_FROM_RELEASE,paper_results/per_query_minimal/cmedqa2_external_per_query.jsonl,876a16d098e1da3f642ef70854cbc985bae5f9e3,3e170ff0ad1d799e5899cb62fd78c9920e42982cf3202dd2d06b72a0bb212a72,selected document ids intentionally excluded
cmedqa2_external,qh_89d600705fe795b8,D3,0.6666666666666666,0.3525683241217281,VERIFIED_FROM_RELEASE,paper_results/per_query_minimal/cmedqa2_external_per_query.jsonl,876a16d098e1da3f642ef70854cbc985bae5f9e3,3e170ff0ad1d799e5899cb62fd78c9920e42982cf3202dd2d06b72a0bb212a72,selected document ids intentionally excluded
cmedqa2_external,qh_56c2f311211abd9b,B0,1.0,0.6489315753318465,VERIFIED_FROM_RELEASE,paper_results/per_query_minimal/cmedqa2_external_per_query.jsonl,876a16d098e1da3f642ef70854cbc985bae5f9e3,3e170ff0ad1d799e5899cb62fd78c9920e42982cf3202dd2d06b72a0bb212a72,selected document ids intentionally excluded
cmedqa2_external,qh_56c2f311211abd9b,D0,1.0,0.6489315753318465,VERIFIED_FROM_RELEASE,paper_results/per_query_minimal/cmedqa2_external_per_query.jsonl,876a16d098e1da3f642ef70854cbc985bae5f9e3,3e170ff0ad1d799e5899cb62fd78c9920e42982cf3202dd2d06b72a0bb212a72,selected document ids intentionally excluded
cmedqa2_external,qh_56c2f311211abd9b,D1,1.0,0.6489315753318465,VERIFIED_FROM_RELEASE,paper_results/per_query_minimal/cmedqa2_external_per_query.jsonl,876a16d098e1da3f642ef70854cbc985bae5f9e3,3e170ff0ad1d799e5899cb62fd78c9920e42982cf3202dd2d06b72a0bb212a72,selected document ids intentionally excluded
cmedqa2_external,qh_56c2f311211abd9b,D2,1.0,0.6489315753318465,VERIFIED_FROM_RELEASE,paper_results/per_query_minimal/cmedqa2_external_per_query.jsonl,876a16d098e1da3f642ef70854cbc985bae5f9e3,3e170ff0ad1d799e5899cb62fd78c9920e42982cf3202dd2d06b72a0bb212a72,selected document ids intentionally excluded
cmedqa2_external,qh_56c2f311211abd9b,D3,1.0,0.6489315753318465,VERIFIED_FROM_RELEASE,paper_results/per_query_minimal/cmedqa2_external_per_query.jsonl,876a16d098e1da3f642ef70854cbc985bae5f9e3,3e170ff0ad1d799e5899cb62fd78c9920e42982cf3202dd2d06b72a0bb212a72,selected document ids intentionally excluded
cmedqa2_external,qh_684d6e8f728896de,B0,1.0,0.3777451508166997,VERIFIED_FROM_RELEASE,paper_results/per_query_minimal/cmedqa2_external_per_query.jsonl,876a16d098e1da3f642ef70854cbc985bae5f9e3,3e170ff0ad1d799e5899cb62fd78c9920e42982cf3202dd2d06b72a0bb212a72,selected document ids intentionally excluded
cmedqa2_external,qh_684d6e8f728896de,D0,1.0,0.3777451508166997,VERIFIED_FROM_RELEASE,paper_results/per_query_minimal/cmedqa2_external_per_query.jsonl,876a16d098e1da3f642ef70854cbc985bae5f9e3,3e170ff0ad1d799e5899cb62fd78c9920e42982cf3202dd2d06b72a0bb212a72,selected document ids intentionally excluded
cmedqa2_external,qh_684d6e8f728896de,D1,1.0,0.3777451508166997,VERIFIED_FROM_RELEASE,paper_results/per_query_minimal/cmedqa2_external_per_query.jsonl,876a16d098e1da3f642ef70854cbc985bae5f9e3,3e170ff0ad1d799e5899cb62fd78c9920e42982cf3202dd2d06b72a0bb212a72,selected document ids intentionally excluded
cmedqa2_external,qh_684d6e8f728896de,D2,1.0,0.3777451508166997,VERIFIED_FROM_RELEASE,paper_results/per_query_minimal/cmedqa2_external_per_query.jsonl,876a16d098e1da3f642ef70854cbc985bae5f9e3,3e170ff0ad1d799e5899cb62fd78c9920e42982cf3202dd2d06b72a0bb212a72,selected document ids intentionally excluded
cmedqa2_external,qh_684d6e8f728896de,D3,1.0,0.3777451508166997,VERIFIED_FROM_RELEASE,paper_results/per_query_minimal/cmedqa2_external_per_query.jsonl,876a16d098e1da3f642ef70854cbc985bae5f9e3,3e170ff0ad1d799e5899cb62fd78c9920e42982cf3202dd2d06b72a0bb212a72,selected document ids intentionally excluded
cmedqa2_external,qh_ac0cd15fd3c63e13,B0,1.0,0.30523488393970116,VERIFIED_FROM_RELEASE,paper_results/per_query_minimal/cmedqa2_external_per_query.jsonl,876a16d098e1da3f642ef70854cbc985bae5f9e3,3e170ff0ad1d799e5899cb62fd78c9920e42982cf3202dd2d06b72a0bb212a72,selected document ids intentionally excluded
cmedqa2_external,qh_ac0cd15fd3c63e13,D0,1.0,0.22400556151517553,VERIFIED_FROM_RELEASE,paper_results/per_query_minimal/cmedqa2_external_per_query.jsonl,876a16d098e1da3f642ef70854cbc985bae5f9e3,3e170ff0ad1d799e5899cb62fd78c9920e42982cf3202dd2d06b72a0bb212a72,selected document ids intentionally excluded
cmedqa2_external,qh_ac0cd15fd3c63e13,D1,1.0,0.3589542101716347,VERIFIED_FROM_RELEASE,paper_results/per_query_minimal/cmedqa2_external_per_query.jsonl,876a16d098e1da3f642ef70854cbc985bae5f9e3,3e170ff0ad1d799e5899cb62fd78c9920e42982cf3202dd2d06b72a0bb212a72,selected document ids intentionally excluded
cmedqa2_external,qh_ac0cd15fd3c63e13,D2,1.0,0.3589542101716347,VERIFIED_FROM_RELEASE,paper_results/per_query_minimal/cmedqa2_external_per_query.jsonl,876a16d098e1da3f642ef70854cbc985bae5f9e3,3e170ff0ad1d799e5899cb62fd78c9920e42982cf3202dd2d06b72a0bb212a72,selected document ids intentionally excluded
cmedqa2_external,qh_ac0cd15fd3c63e13,D3,1.0,0.3589542101716347,VERIFIED_FROM_RELEASE,paper_results/per_query_minimal/cmedqa2_external_per_query.jsonl,876a16d098e1da3f642ef70854cbc985bae5f9e3,3e170ff0ad1d799e5899cb62fd78c9920e42982cf3202dd2d06b72a0bb212a72,selected document ids intentionally excluded
cmedqa2_external,qh_b97911f3504cb05d,B0,1.0,0.2683637998873703,VERIFIED_FROM_RELEASE,paper_results/per_query_minimal/cmedqa2_external_per_query.jsonl,876a16d098e1da3f642ef70854cbc985bae5f9e3,3e170ff0ad1d799e5899cb62fd78c9920e42982cf3202dd2d06b72a0bb212a72,selected document ids intentionally excluded
cmedqa2_external,qh_b97911f3504cb05d,D0,1.0,0.2683637998873703,VERIFIED_FROM_RELEASE,paper_results/per_query_minimal/cmedqa2_external_per_query.jsonl,876a16d098e1da3f642ef70854cbc985bae5f9e3,3e170ff0ad1d799e5899cb62fd78c9920e42982cf3202dd2d06b72a0bb212a72,selected document ids intentionally excluded
cmedqa2_external,qh_b97911f3504cb05d,D1,1.0,0.30798345931689824,VERIFIED_FROM_RELEASE,paper_results/per_query_minimal/cmedqa2_external_per_query.jsonl,876a16d098e1da3f642ef70854cbc985bae5f9e3,3e170ff0ad1d799e5899cb62fd78c9920e42982cf3202dd2d06b72a0bb212a72,selected document ids intentionally excluded
cmedqa2_external,qh_b97911f3504cb05d,D2,1.0,0.32124463208930537,VERIFIED_FROM_RELEASE,paper_results/per_query_minimal/cmedqa2_external_per_query.jsonl,876a16d098e1da3f642ef70854cbc985bae5f9e3,3e170ff0ad1d799e5899cb62fd78c9920e42982cf3202dd2d06b72a0bb212a72,selected document ids intentionally excluded
cmedqa2_external,qh_b97911f3504cb05d,D3,1.0,0.32124463208930537,VERIFIED_FROM_RELEASE,paper_results/per_query_minimal/cmedqa2_external_per_query.jsonl,876a16d098e1da3f642ef70854cbc985bae5f9e3,3e170ff0ad1d799e5899cb62fd78c9920e42982cf3202dd2d06b72a0bb212a72,selected document ids intentionally excluded
cmedqa2_external,qh_08932718ed053f97,B0,1.0,0.3026024134988135,VERIFIED_FROM_RELEASE,paper_results/per_query_minimal/cmedqa2_external_per_query.jsonl,876a16d098e1da3f642ef70854cbc985bae5f9e3,3e170ff0ad1d799e5899cb62fd78c9920e42982cf3202dd2d06b72a0bb212a72,selected document ids intentionally excluded
cmedqa2_external,qh_08932718ed053f97,D0,1.0,0.1909208661789347,VERIFIED_FROM_RELEASE,paper_results/per_query_minimal/cmedqa2_external_per_query.jsonl,876a16d098e1da3f642ef70854cbc985bae5f9e3,3e170ff0ad1d799e5899cb62fd78c9920e42982cf3202dd2d06b72a0bb212a72,selected document ids intentionally excluded
cmedqa2_external,qh_08932718ed053f97,D1,1.0,0.1909208661789347,VERIFIED_FROM_RELEASE,paper_results/per_query_minimal/cmedqa2_external_per_query.jsonl,876a16d098e1da3f642ef70854cbc985bae5f9e3,3e170ff0ad1d799e5899cb62fd78c9920e42982cf3202dd2d06b72a0bb212a72,selected document ids intentionally excluded
cmedqa2_external,qh_08932718ed053f97,D2,1.0,0.3026024134988135,VERIFIED_FROM_RELEASE,paper_results/per_query_minimal/cmedqa2_external_per_query.jsonl,876a16d098e1da3f642ef70854cbc985bae5f9e3,3e170ff0ad1d799e5899cb62fd78c9920e42982cf3202dd2d06b72a0bb212a72,selected document ids intentionally excluded
cmedqa2_external,qh_08932718ed053f97,D3,1.0,0.3026024134988135,VERIFIED_FROM_RELEASE,paper_results/per_query_minimal/cmedqa2_external_per_query.jsonl,876a16d098e1da3f642ef70854cbc985bae5f9e3,3e170ff0ad1d799e5899cb62fd78c9920e42982cf3202dd2d06b72a0bb212a72,selected document ids intentionally excluded
cmedqa2_external,qh_b80c83f6ddf2e0c1,B0,1.0,0.6489315753318465,VERIFIED_FROM_RELEASE,paper_results/per_query_minimal/cmedqa2_external_per_query.jsonl,876a16d098e1da3f642ef70854cbc985bae5f9e3,3e170ff0ad1d799e5899cb62fd78c9920e42982cf3202dd2d06b72a0bb212a72,selected document ids intentionally excluded
cmedqa2_external,qh_b80c83f6ddf2e0c1,D0,1.0,0.6489315753318465,VERIFIED_FROM_RELEASE,paper_results/per_query_minimal/cmedqa2_external_per_query.jsonl,876a16d098e1da3f642ef70854cbc985bae5f9e3,3e170ff0ad1d799e5899cb62fd78c9920e42982cf3202dd2d06b72a0bb212a72,selected document ids intentionally excluded
cmedqa2_external,qh_b80c83f6ddf2e0c1,D1,1.0,0.6489315753318465,VERIFIED_FROM_RELEASE,paper_results/per_query_minimal/cmedqa2_external_per_query.jsonl,876a16d098e1da3f642ef70854cbc985bae5f9e3,3e170ff0ad1d799e5899cb62fd78c9920e42982cf3202dd2d06b72a0bb212a72,selected document ids intentionally excluded
cmedqa2_external,qh_b80c83f6ddf2e0c1,D2,1.0,0.6489315753318465,VERIFIED_FROM_RELEASE,paper_results/per_query_minimal/cmedqa2_external_per_query.jsonl,876a16d098e1da3f642ef70854cbc985bae5f9e3,3e170ff0ad1d799e5899cb62fd78c9920e42982cf3202dd2d06b72a0bb212a72,selected document ids intentionally excluded
cmedqa2_external,qh_b80c83f6ddf2e0c1,D3,1.0,0.6489315753318465,VERIFIED_FROM_RELEASE,paper_results/per_query_minimal/cmedqa2_external_per_query.jsonl,876a16d098e1da3f642ef70854cbc985bae5f9e3,3e170ff0ad1d799e5899cb62fd78c9920e42982cf3202dd2d06b72a0bb212a72,selected document ids intentionally excluded
cmedqa2_external,qh_1336f8c676ef36c3,B0,1.0,0.0,VERIFIED_FROM_RELEASE,paper_results/per_query_minimal/cmedqa2_external_per_query.jsonl,876a16d098e1da3f642ef70854cbc985bae5f9e3,3e170ff0ad1d799e5899cb62fd78c9920e42982cf3202dd2d06b72a0bb212a72,selected document ids intentionally excluded
cmedqa2_external,qh_1336f8c676ef36c3,D0,1.0,0.0,VERIFIED_FROM_RELEASE,paper_results/per_query_minimal/cmedqa2_external_per_query.jsonl,876a16d098e1da3f642ef70854cbc985bae5f9e3,3e170ff0ad1d799e5899cb62fd78c9920e42982cf3202dd2d06b72a0bb212a72,selected document ids intentionally excluded
cmedqa2_external,qh_1336f8c676ef36c3,D1,1.0,0.0,VERIFIED_FROM_RELEASE,paper_results/per_query_minimal/cmedqa2_external_per_query.jsonl,876a16d098e1da3f642ef70854cbc985bae5f9e3,3e170ff0ad1d799e5899cb62fd78c9920e42982cf3202dd2d06b72a0bb212a72,selected document ids intentionally excluded
cmedqa2_external,qh_1336f8c676ef36c3,D2,1.0,0.0,VERIFIED_FROM_RELEASE,paper_results/per_query_minimal/cmedqa2_external_per_query.jsonl,876a16d098e1da3f642ef70854cbc985bae5f9e3,3e170ff0ad1d799e5899cb62fd78c9920e42982cf3202dd2d06b72a0bb212a72,selected document ids intentionally excluded
cmedqa2_external,qh_1336f8c676ef36c3,D3,1.0,0.0,VERIFIED_FROM_RELEASE,paper_results/per_query_minimal/cmedqa2_external_per_query.jsonl,876a16d098e1da3f642ef70854cbc985bae5f9e3,3e170ff0ad1d799e5899cb62fd78c9920e42982cf3202dd2d06b72a0bb212a72,selected document ids intentionally excluded
cmedqa2_external,qh_e256aa895f9f1513,B0,0.0,0.0,VERIFIED_FROM_RELEASE,paper_results/per_query_minimal/cmedqa2_external_per_query.jsonl,876a16d098e1da3f642ef70854cbc985bae5f9e3,3e170ff0ad1d799e5899cb62fd78c9920e42982cf3202dd2d06b72a0bb212a72,selected document ids intentionally excluded
cmedqa2_external,qh_e256aa895f9f1513,D0,1.0,0.0,VERIFIED_FROM_RELEASE,paper_results/per_query_minimal/cmedqa2_external_per_query.jsonl,876a16d098e1da3f642ef70854cbc985bae5f9e3,3e170ff0ad1d799e5899cb62fd78c9920e42982cf3202dd2d06b72a0bb212a72,selected document ids intentionally excluded
cmedqa2_external,qh_e256aa895f9f1513,D1,1.0,0.0,VERIFIED_FROM_RELEASE,paper_results/per_query_minimal/cmedqa2_external_per_query.jsonl,876a16d098e1da3f642ef70854cbc985bae5f9e3,3e170ff0ad1d799e5899cb62fd78c9920e42982cf3202dd2d06b72a0bb212a72,selected document ids intentionally excluded
cmedqa2_external,qh_e256aa895f9f1513,D2,1.0,0.6131471927654584,VERIFIED_FROM_RELEASE,paper_results/per_query_minimal/cmedqa2_external_per_query.jsonl,876a16d098e1da3f642ef70854cbc985bae5f9e3,3e170ff0ad1d799e5899cb62fd78c9920e42982cf3202dd2d06b72a0bb212a72,selected document ids intentionally excluded
cmedqa2_external,qh_e256aa895f9f1513,D3,1.0,0.6131471927654584,VERIFIED_FROM_RELEASE,paper_results/per_query_minimal/cmedqa2_external_per_query.jsonl,876a16d098e1da3f642ef70854cbc985bae5f9e3,3e170ff0ad1d799e5899cb62fd78c9920e42982cf3202dd2d06b72a0bb212a72,selected document ids intentionally excluded
cmedqa2_external,qh_1f1de9e1fc02cddd,B0,1.0,1.0,VERIFIED_FROM_RELEASE,paper_results/per_query_minimal/cmedqa2_external_per_query.jsonl,876a16d098e1da3f642ef70854cbc985bae5f9e3,3e170ff0ad1d799e5899cb62fd78c9920e42982cf3202dd2d06b72a0bb212a72,selected document ids intentionally excluded
cmedqa2_external,qh_1f1de9e1fc02cddd,D0,1.0,0.6309297535714575,VERIFIED_FROM_RELEASE,paper_results/per_query_minimal/cmedqa2_external_per_query.jsonl,876a16d098e1da3f642ef70854cbc985bae5f9e3,3e170ff0ad1d799e5899cb62fd78c9920e42982cf3202dd2d06b72a0bb212a72,selected document ids intentionally excluded
cmedqa2_external,qh_1f1de9e1fc02cddd,D1,1.0,1.0,VERIFIED_FROM_RELEASE,paper_results/per_query_minimal/cmedqa2_external_per_query.jsonl,876a16d098e1da3f642ef70854cbc985bae5f9e3,3e170ff0ad1d799e5899cb62fd78c9920e42982cf3202dd2d06b72a0bb212a72,selected document ids intentionally excluded
cmedqa2_external,qh_1f1de9e1fc02cddd,D2,1.0,1.0,VERIFIED_FROM_RELEASE,paper_results/per_query_minimal/cmedqa2_external_per_query.jsonl,876a16d098e1da3f642ef70854cbc985bae5f9e3,3e170ff0ad1d799e5899cb62fd78c9920e42982cf3202dd2d06b72a0bb212a72,selected document ids intentionally excluded
cmedqa2_external,qh_1f1de9e1fc02cddd,D3,1.0,0.6309297535714575,VERIFIED_FROM_RELEASE,paper_results/per_query_minimal/cmedqa2_external_per_query.jsonl,876a16d098e1da3f642ef70854cbc985bae5f9e3,3e170ff0ad1d799e5899cb62fd78c9920e42982cf3202dd2d06b72a0bb212a72,selected document ids intentionally excluded
cmedqa2_external,qh_330952029f182a2a,B0,1.0,0.6675258213984973,VERIFIED_FROM_RELEASE,paper_results/per_query_minimal/cmedqa2_external_per_query.jsonl,876a16d098e1da3f642ef70854cbc985bae5f9e3,3e170ff0ad1d799e5899cb62fd78c9920e42982cf3202dd2d06b72a0bb212a72,selected document ids intentionally excluded
cmedqa2_external,qh_330952029f182a2a,D0,1.0,0.3777451508166997,VERIFIED_FROM_RELEASE,paper_results/per_query_minimal/cmedqa2_external_per_query.jsonl,876a16d098e1da3f642ef70854cbc985bae5f9e3,3e170ff0ad1d799e5899cb62fd78c9920e42982cf3202dd2d06b72a0bb212a72,selected document ids intentionally excluded
cmedqa2_external,qh_330952029f182a2a,D1,1.0,0.7443306182826688,VERIFIED_FROM_RELEASE,paper_results/per_query_minimal/cmedqa2_external_per_query.jsonl,876a16d098e1da3f642ef70854cbc985bae5f9e3,3e170ff0ad1d799e5899cb62fd78c9920e42982cf3202dd2d06b72a0bb212a72,selected document ids intentionally excluded
cmedqa2_external,qh_330952029f182a2a,D2,1.0,0.5394096985063923,VERIFIED_FROM_RELEASE,paper_results/per_query_minimal/cmedqa2_external_per_query.jsonl,876a16d098e1da3f642ef70854cbc985bae5f9e3,3e170ff0ad1d799e5899cb62fd78c9920e42982cf3202dd2d06b72a0bb212a72,selected document ids intentionally excluded
cmedqa2_external,qh_330952029f182a2a,D3,1.0,0.5394096985063923,VERIFIED_FROM_RELEASE,paper_results/per_query_minimal/cmedqa2_external_per_query.jsonl,876a16d098e1da3f642ef70854cbc985bae5f9e3,3e170ff0ad1d799e5899cb62fd78c9920e42982cf3202dd2d06b72a0bb212a72,selected document ids intentionally excluded
cmedqa2_external,qh_2b565e19b7c76ba7,B0,1.0,0.46199666478344925,VERIFIED_FROM_RELEASE,paper_results/per_query_minimal/cmedqa2_external_per_query.jsonl,876a16d098e1da3f642ef70854cbc985bae5f9e3,3e170ff0ad1d799e5899cb62fd78c9920e42982cf3202dd2d06b72a0bb212a72,selected document ids intentionally excluded
cmedqa2_external,qh_2b565e19b7c76ba7,D0,1.0,0.36201812038681935,VERIFIED_FROM_RELEASE,paper_results/per_query_minimal/cmedqa2_external_per_query.jsonl,876a16d098e1da3f642ef70854cbc985bae5f9e3,3e170ff0ad1d799e5899cb62fd78c9920e42982cf3202dd2d06b72a0bb212a72,selected document ids intentionally excluded
cmedqa2_external,qh_2b565e19b7c76ba7,D1,1.0,0.43271799857674914,VERIFIED_FROM_RELEASE,paper_results/per_query_minimal/cmedqa2_external_per_query.jsonl,876a16d098e1da3f642ef70854cbc985bae5f9e3,3e170ff0ad1d799e5899cb62fd78c9920e42982cf3202dd2d06b72a0bb212a72,selected document ids intentionally excluded
cmedqa2_external,qh_2b565e19b7c76ba7,D2,1.0,0.5564699691962871,VERIFIED_FROM_RELEASE,paper_results/per_query_minimal/cmedqa2_external_per_query.jsonl,876a16d098e1da3f642ef70854cbc985bae5f9e3,3e170ff0ad1d799e5899cb62fd78c9920e42982cf3202dd2d06b72a0bb212a72,selected document ids intentionally excluded
cmedqa2_external,qh_2b565e19b7c76ba7,D3,1.0,0.5564699691962871,VERIFIED_FROM_RELEASE,paper_results/per_query_minimal/cmedqa2_external_per_query.jsonl,876a16d098e1da3f642ef70854cbc985bae5f9e3,3e170ff0ad1d799e5899cb62fd78c9920e42982cf3202dd2d06b72a0bb212a72,selected document ids intentionally excluded
cmedqa2_external,qh_8797956a2b5c37ec,B0,1.0,0.47141445457032993,VERIFIED_FROM_RELEASE,paper_results/per_query_minimal/cmedqa2_external_per_query.jsonl,876a16d098e1da3f642ef70854cbc985bae5f9e3,3e170ff0ad1d799e5899cb62fd78c9920e42982cf3202dd2d06b72a0bb212a72,selected document ids intentionally excluded
cmedqa2_external,qh_8797956a2b5c37ec,D0,1.0,0.47141445457032993,VERIFIED_FROM_RELEASE,paper_results/per_query_minimal/cmedqa2_external_per_query.jsonl,876a16d098e1da3f642ef70854cbc985bae5f9e3,3e170ff0ad1d799e5899cb62fd78c9920e42982cf3202dd2d06b72a0bb212a72,selected document ids intentionally excluded
cmedqa2_external,qh_8797956a2b5c37ec,D1,1.0,0.47141445457032993,VERIFIED_FROM_RELEASE,paper_results/per_query_minimal/cmedqa2_external_per_query.jsonl,876a16d098e1da3f642ef70854cbc985bae5f9e3,3e170ff0ad1d799e5899cb62fd78c9920e42982cf3202dd2d06b72a0bb212a72,selected document ids intentionally excluded
cmedqa2_external,qh_8797956a2b5c37ec,D2,1.0,0.47141445457032993,VERIFIED_FROM_RELEASE,paper_results/per_query_minimal/cmedqa2_external_per_query.jsonl,876a16d098e1da3f642ef70854cbc985bae5f9e3,3e170ff0ad1d799e5899cb62fd78c9920e42982cf3202dd2d06b72a0bb212a72,selected document ids intentionally excluded
cmedqa2_external,qh_8797956a2b5c37ec,D3,1.0,0.47141445457032993,VERIFIED_FROM_RELEASE,paper_results/per_query_minimal/cmedqa2_external_per_query.jsonl,876a16d098e1da3f642ef70854cbc985bae5f9e3,3e170ff0ad1d799e5899cb62fd78c9920e42982cf3202dd2d06b72a0bb212a72,selected document ids intentionally excluded
