result_id,experiment_family,split,method,metric,value,sample_size,status,source_release,source_commit,source_file,source_sha256,verification_method,local_rerun,notes
b0_d3.cmedqa2_external.B0.dc,b0_d3,cmedqa2_external,B0,dc,0.9630281690140845,142,VERIFIED_FROM_RELEASE,historical v1.x paper-support release,876a16d098e1da3f642ef70854cbc985bae5f9e3,PAPER_REPRODUCTION_REPORT.json,2936269b3556bb5b26eac36163e30ff71928f7380924d533b6b404fac2bfcbc5,sha256_schema_row_count,false,rounding fields retained
b0_d3.cmedqa2_external.B0.ndcg,b0_d3,cmedqa2_external,B0,ndcg,0.516580224354952,142,VERIFIED_FROM_RELEASE,historical v1.x paper-support release,876a16d098e1da3f642ef70854cbc985bae5f9e3,PAPER_REPRODUCTION_REPORT.json,2936269b3556bb5b26eac36163e30ff71928f7380924d533b6b404fac2bfcbc5,sha256_schema_row_count,false,rounding fields retained
b0_d3.cmedqa2_external.D0.dc,b0_d3,cmedqa2_external,D0,dc,0.9859154929577465,142,VERIFIED_FROM_RELEASE,historical v1.x paper-support release,876a16d098e1da3f642ef70854cbc985bae5f9e3,PAPER_REPRODUCTION_REPORT.json,2936269b3556bb5b26eac36163e30ff71928f7380924d533b6b404fac2bfcbc5,sha256_schema_row_count,false,rounding fields retained
b0_d3.cmedqa2_external.D0.ndcg,b0_d3,cmedqa2_external,D0,ndcg,0.4848592838181505,142,VERIFIED_FROM_RELEASE,historical v1.x paper-support release,876a16d098e1da3f642ef70854cbc985bae5f9e3,PAPER_REPRODUCTION_REPORT.json,2936269b3556bb5b26eac36163e30ff71928f7380924d533b6b404fac2bfcbc5,sha256_schema_row_count,false,rounding fields retained
b0_d3.cmedqa2_external.D1.dc,b0_d3,cmedqa2_external,D1,dc,0.9835680751173709,142,VERIFIED_FROM_RELEASE,historical v1.x paper-support release,876a16d098e1da3f642ef70854cbc985bae5f9e3,PAPER_REPRODUCTION_REPORT.json,2936269b3556bb5b26eac36163e30ff71928f7380924d533b6b404fac2bfcbc5,sha256_schema_row_count,false,rounding fields retained
b0_d3.cmedqa2_external.D1.ndcg,b0_d3,cmedqa2_external,D1,ndcg,0.49607464596440715,142,VERIFIED_FROM_RELEASE,historical v1.x paper-support release,876a16d098e1da3f642ef70854cbc985bae5f9e3,PAPER_REPRODUCTION_REPORT.json,2936269b3556bb5b26eac36163e30ff71928f7380924d533b6b404fac2bfcbc5,sha256_schema_row_count,false,rounding fields retained
b0_d3.cmedqa2_external.D2.dc,b0_d3,cmedqa2_external,D2,dc,0.976525821596244,142,VERIFIED_FROM_RELEASE,historical v1.x paper-support release,876a16d098e1da3f642ef70854cbc985bae5f9e3,PAPER_REPRODUCTION_REPORT.json,2936269b3556bb5b26eac36163e30ff71928f7380924d533b6b404fac2bfcbc5,sha256_schema_row_count,false,rounding fields retained
b0_d3.cmedqa2_external.D2.ndcg,b0_d3,cmedqa2_external,D2,ndcg,0.507411937032788,142,VERIFIED_FROM_RELEASE,historical v1.x paper-support release,876a16d098e1da3f642ef70854cbc985bae5f9e3,PAPER_REPRODUCTION_REPORT.json,2936269b3556bb5b26eac36163e30ff71928f7380924d533b6b404fac2bfcbc5,sha256_schema_row_count,false,rounding fields retained
b0_d3.cmedqa2_external.D3.dc,b0_d3,cmedqa2_external,D3,dc,0.9730046948356806,142,VERIFIED_FROM_RELEASE,historical v1.x paper-support release,876a16d098e1da3f642ef70854cbc985bae5f9e3,PAPER_REPRODUCTION_REPORT.json,2936269b3556bb5b26eac36163e30ff71928f7380924d533b6b404fac2bfcbc5,sha256_schema_row_count,false,rounding fields retained
b0_d3.cmedqa2_external.D3.ndcg,b0_d3,cmedqa2_external,D3,ndcg,0.495437213703779,142,VERIFIED_FROM_RELEASE,historical v1.x paper-support release,876a16d098e1da3f642ef70854cbc985bae5f9e3,PAPER_REPRODUCTION_REPORT.json,2936269b3556bb5b26eac36163e30ff71928f7380924d533b6b404fac2bfcbc5,sha256_schema_row_count,false,rounding fields retained
b0_d3.formal_train.B0.dc,b0_d3,formal_train,B0,dc,0.87625,200,VERIFIED_FROM_RELEASE,historical v1.x paper-support release,876a16d098e1da3f642ef70854cbc985bae5f9e3,PAPER_REPRODUCTION_REPORT.json,2936269b3556bb5b26eac36163e30ff71928f7380924d533b6b404fac2bfcbc5,sha256_schema_row_count,false,rounding fields retained
b0_d3.formal_train.B0.ndcg,b0_d3,formal_train,B0,ndcg,0.6412953739285708,200,VERIFIED_FROM_RELEASE,historical v1.x paper-support release,876a16d098e1da3f642ef70854cbc985bae5f9e3,PAPER_REPRODUCTION_REPORT.json,2936269b3556bb5b26eac36163e30ff71928f7380924d533b6b404fac2bfcbc5,sha256_schema_row_count,false,rounding fields retained
b0_d3.formal_train.D0.dc,b0_d3,formal_train,D0,dc,0.9398333333333333,200,VERIFIED_FROM_RELEASE,historical v1.x paper-support release,876a16d098e1da3f642ef70854cbc985bae5f9e3,PAPER_REPRODUCTION_REPORT.json,2936269b3556bb5b26eac36163e30ff71928f7380924d533b6b404fac2bfcbc5,sha256_schema_row_count,false,rounding fields retained
b0_d3.formal_train.D0.ndcg,b0_d3,formal_train,D0,ndcg,0.601176050625174,200,VERIFIED_FROM_RELEASE,historical v1.x paper-support release,876a16d098e1da3f642ef70854cbc985bae5f9e3,PAPER_REPRODUCTION_REPORT.json,2936269b3556bb5b26eac36163e30ff71928f7380924d533b6b404fac2bfcbc5,sha256_schema_row_count,false,rounding fields retained
b0_d3.formal_train.D1.dc,b0_d3,formal_train,D1,dc,0.9219166666666666,200,VERIFIED_FROM_RELEASE,historical v1.x paper-support release,876a16d098e1da3f642ef70854cbc985bae5f9e3,PAPER_REPRODUCTION_REPORT.json,2936269b3556bb5b26eac36163e30ff71928f7380924d533b6b404fac2bfcbc5,sha256_schema_row_count,false,rounding fields retained
b0_d3.formal_train.D1.ndcg,b0_d3,formal_train,D1,ndcg,0.6064899280950251,200,VERIFIED_FROM_RELEASE,historical v1.x paper-support release,876a16d098e1da3f642ef70854cbc985bae5f9e3,PAPER_REPRODUCTION_REPORT.json,2936269b3556bb5b26eac36163e30ff71928f7380924d533b6b404fac2bfcbc5,sha256_schema_row_count,false,rounding fields retained
b0_d3.formal_train.D2.dc,b0_d3,formal_train,D2,dc,0.8701666666666666,200,VERIFIED_FROM_RELEASE,historical v1.x paper-support release,876a16d098e1da3f642ef70854cbc985bae5f9e3,PAPER_REPRODUCTION_REPORT.json,2936269b3556bb5b26eac36163e30ff71928f7380924d533b6b404fac2bfcbc5,sha256_schema_row_count,false,rounding fields retained
b0_d3.formal_train.D2.ndcg,b0_d3,formal_train,D2,ndcg,0.6319405114675472,200,VERIFIED_FROM_RELEASE,historical v1.x paper-support release,876a16d098e1da3f642ef70854cbc985bae5f9e3,PAPER_REPRODUCTION_REPORT.json,2936269b3556bb5b26eac36163e30ff71928f7380924d533b6b404fac2bfcbc5,sha256_schema_row_count,false,rounding fields retained
b0_d3.formal_train.D3.dc,b0_d3,formal_train,D3,dc,0.8745,200,VERIFIED_FROM_RELEASE,historical v1.x paper-support release,876a16d098e1da3f642ef70854cbc985bae5f9e3,PAPER_REPRODUCTION_REPORT.json,2936269b3556bb5b26eac36163e30ff71928f7380924d533b6b404fac2bfcbc5,sha256_schema_row_count,false,rounding fields retained
b0_d3.formal_train.D3.ndcg,b0_d3,formal_train,D3,ndcg,0.6293016054029836,200,VERIFIED_FROM_RELEASE,historical v1.x paper-support release,876a16d098e1da3f642ef70854cbc985bae5f9e3,PAPER_REPRODUCTION_REPORT.json,2936269b3556bb5b26eac36163e30ff71928f7380924d533b6b404fac2bfcbc5,sha256_schema_row_count,false,rounding fields retained
b0_d3.internal_blind.B0.dc,b0_d3,internal_blind,B0,dc,0.91825,200,VERIFIED_FROM_RELEASE,historical v1.x paper-support release,876a16d098e1da3f642ef70854cbc985bae5f9e3,PAPER_REPRODUCTION_REPORT.json,2936269b3556bb5b26eac36163e30ff71928f7380924d533b6b404fac2bfcbc5,sha256_schema_row_count,false,rounding fields retained
b0_d3.internal_blind.B0.ndcg,b0_d3,internal_blind,B0,ndcg,0.5338465872783622,200,VERIFIED_FROM_RELEASE,historical v1.x paper-support release,876a16d098e1da3f642ef70854cbc985bae5f9e3,PAPER_REPRODUCTION_REPORT.json,2936269b3556bb5b26eac36163e30ff71928f7380924d533b6b404fac2bfcbc5,sha256_schema_row_count,false,rounding fields retained
b0_d3.internal_blind.D0.dc,b0_d3,internal_blind,D0,dc,0.9819166666666667,200,VERIFIED_FROM_RELEASE,historical v1.x paper-support release,876a16d098e1da3f642ef70854cbc985bae5f9e3,PAPER_REPRODUCTION_REPORT.json,2936269b3556bb5b26eac36163e30ff71928f7380924d533b6b404fac2bfcbc5,sha256_schema_row_count,false,rounding fields retained
b0_d3.internal_blind.D0.ndcg,b0_d3,internal_blind,D0,ndcg,0.4988143252263111,200,VERIFIED_FROM_RELEASE,historical v1.x paper-support release,876a16d098e1da3f642ef70854cbc985bae5f9e3,PAPER_REPRODUCTION_REPORT.json,2936269b3556bb5b26eac36163e30ff71928f7380924d533b6b404fac2bfcbc5,sha256_schema_row_count,false,rounding fields retained
b0_d3.internal_blind.D1.dc,b0_d3,internal_blind,D1,dc,0.9536666666666666,200,VERIFIED_FROM_RELEASE,historical v1.x paper-support release,876a16d098e1da3f642ef70854cbc985bae5f9e3,PAPER_REPRODUCTION_REPORT.json,2936269b3556bb5b26eac36163e30ff71928f7380924d533b6b404fac2bfcbc5,sha256_schema_row_count,false,rounding fields retained
b0_d3.internal_blind.D1.ndcg,b0_d3,internal_blind,D1,ndcg,0.5094467786452282,200,VERIFIED_FROM_RELEASE,historical v1.x paper-support release,876a16d098e1da3f642ef70854cbc985bae5f9e3,PAPER_REPRODUCTION_REPORT.json,2936269b3556bb5b26eac36163e30ff71928f7380924d533b6b404fac2bfcbc5,sha256_schema_row_count,false,rounding fields retained
b0_d3.internal_blind.D2.dc,b0_d3,internal_blind,D2,dc,0.92825,200,VERIFIED_FROM_RELEASE,historical v1.x paper-support release,876a16d098e1da3f642ef70854cbc985bae5f9e3,PAPER_REPRODUCTION_REPORT.json,2936269b3556bb5b26eac36163e30ff71928f7380924d533b6b404fac2bfcbc5,sha256_schema_row_count,false,rounding fields retained
b0_d3.internal_blind.D2.ndcg,b0_d3,internal_blind,D2,ndcg,0.5109220432465904,200,VERIFIED_FROM_RELEASE,historical v1.x paper-support release,876a16d098e1da3f642ef70854cbc985bae5f9e3,PAPER_REPRODUCTION_REPORT.json,2936269b3556bb5b26eac36163e30ff71928f7380924d533b6b404fac2bfcbc5,sha256_schema_row_count,false,rounding fields retained
b0_d3.internal_blind.D3.dc,b0_d3,internal_blind,D3,dc,0.9215833333333333,200,VERIFIED_FROM_RELEASE,historical v1.x paper-support release,876a16d098e1da3f642ef70854cbc985bae5f9e3,PAPER_REPRODUCTION_REPORT.json,2936269b3556bb5b26eac36163e30ff71928f7380924d533b6b404fac2bfcbc5,sha256_schema_row_count,false,rounding fields retained
b0_d3.internal_blind.D3.ndcg,b0_d3,internal_blind,D3,ndcg,0.5074724685384393,200,VERIFIED_FROM_RELEASE,historical v1.x paper-support release,876a16d098e1da3f642ef70854cbc985bae5f9e3,PAPER_REPRODUCTION_REPORT.json,2936269b3556bb5b26eac36163e30ff71928f7380924d533b6b404fac2bfcbc5,sha256_schema_row_count,false,rounding fields retained
b0_d3_component_gaps.0.oracle_gain,b0_d3_component_gaps,formal_train,,oracle_gain,0.0636,,VERIFIED_FROM_RELEASE,historical v1.x paper-support release,876a16d098e1da3f642ef70854cbc985bae5f9e3,paper_results/manifests/gap_decomposition.csv,2da1114fefd1fa7c5650f4010cfb63538557cbaef334197fb4ee5924d9c562fb,sha256_schema_row_count,false,
b0_d3_component_gaps.0.query_loss,b0_d3_component_gaps,formal_train,,query_loss,0.0179,,VERIFIED_FROM_RELEASE,historical v1.x paper-support release,876a16d098e1da3f642ef70854cbc985bae5f9e3,paper_results/manifests/gap_decomposition.csv,2da1114fefd1fa7c5650f4010cfb63538557cbaef334197fb4ee5924d9c562fb,sha256_schema_row_count,false,
b0_d3_component_gaps.0.evidence_loss,b0_d3_component_gaps,formal_train,,evidence_loss,0.0697,,VERIFIED_FROM_RELEASE,historical v1.x paper-support release,876a16d098e1da3f642ef70854cbc985bae5f9e3,paper_results/manifests/gap_decomposition.csv,2da1114fefd1fa7c5650f4010cfb63538557cbaef334197fb4ee5924d9c562fb,sha256_schema_row_count,false,
b0_d3_component_gaps.0.interaction_loss,b0_d3_component_gaps,formal_train,,interaction_loss,-0.0222,,VERIFIED_FROM_RELEASE,historical v1.x paper-support release,876a16d098e1da3f642ef70854cbc985bae5f9e3,paper_results/manifests/gap_decomposition.csv,2da1114fefd1fa7c5650f4010cfb63538557cbaef334197fb4ee5924d9c562fb,sha256_schema_row_count,false,
b0_d3_component_gaps.1.oracle_gain,b0_d3_component_gaps,internal_blind,,oracle_gain,0.0637,,VERIFIED_FROM_RELEASE,historical v1.x paper-support release,876a16d098e1da3f642ef70854cbc985bae5f9e3,paper_results/manifests/gap_decomposition.csv,2da1114fefd1fa7c5650f4010cfb63538557cbaef334197fb4ee5924d9c562fb,sha256_schema_row_count,false,
b0_d3_component_gaps.1.query_loss,b0_d3_component_gaps,internal_blind,,query_loss,0.0282,,VERIFIED_FROM_RELEASE,historical v1.x paper-support release,876a16d098e1da3f642ef70854cbc985bae5f9e3,paper_results/manifests/gap_decomposition.csv,2da1114fefd1fa7c5650f4010cfb63538557cbaef334197fb4ee5924d9c562fb,sha256_schema_row_count,false,
b0_d3_component_gaps.1.evidence_loss,b0_d3_component_gaps,internal_blind,,evidence_loss,0.0537,,VERIFIED_FROM_RELEASE,historical v1.x paper-support release,876a16d098e1da3f642ef70854cbc985bae5f9e3,paper_results/manifests/gap_decomposition.csv,2da1114fefd1fa7c5650f4010cfb63538557cbaef334197fb4ee5924d9c562fb,sha256_schema_row_count,false,
b0_d3_component_gaps.1.interaction_loss,b0_d3_component_gaps,internal_blind,,interaction_loss,-0.0216,,VERIFIED_FROM_RELEASE,historical v1.x paper-support release,876a16d098e1da3f642ef70854cbc985bae5f9e3,paper_results/manifests/gap_decomposition.csv,2da1114fefd1fa7c5650f4010cfb63538557cbaef334197fb4ee5924d9c562fb,sha256_schema_row_count,false,
b0_d3_component_gaps.2.oracle_gain,b0_d3_component_gaps,cmedqa2_external,,oracle_gain,0.0229,,VERIFIED_FROM_RELEASE,historical v1.x paper-support release,876a16d098e1da3f642ef70854cbc985bae5f9e3,paper_results/manifests/gap_decomposition.csv,2da1114fefd1fa7c5650f4010cfb63538557cbaef334197fb4ee5924d9c562fb,sha256_schema_row_count,false,
b0_d3_component_gaps.2.query_loss,b0_d3_component_gaps,cmedqa2_external,,query_loss,0.0023,,VERIFIED_FROM_RELEASE,historical v1.x paper-support release,876a16d098e1da3f642ef70854cbc985bae5f9e3,paper_results/manifests/gap_decomposition.csv,2da1114fefd1fa7c5650f4010cfb63538557cbaef334197fb4ee5924d9c562fb,sha256_schema_row_count,false,
b0_d3_component_gaps.2.evidence_loss,b0_d3_component_gaps,cmedqa2_external,,evidence_loss,0.0094,,VERIFIED_FROM_RELEASE,historical v1.x paper-support release,876a16d098e1da3f642ef70854cbc985bae5f9e3,paper_results/manifests/gap_decomposition.csv,2da1114fefd1fa7c5650f4010cfb63538557cbaef334197fb4ee5924d9c562fb,sha256_schema_row_count,false,
b0_d3_component_gaps.2.interaction_loss,b0_d3_component_gaps,cmedqa2_external,,interaction_loss,0.0012,,VERIFIED_FROM_RELEASE,historical v1.x paper-support release,876a16d098e1da3f642ef70854cbc985bae5f9e3,paper_results/manifests/gap_decomposition.csv,2da1114fefd1fa7c5650f4010cfb63538557cbaef334197fb4ee5924d9c562fb,sha256_schema_row_count,false,
b0_d3_statistics.0.diff,b0_d3_statistics,formal_train,,diff,0.0636,,VERIFIED_FROM_RELEASE,historical v1.x paper-support release,876a16d098e1da3f642ef70854cbc985bae5f9e3,paper_results/manifests/significance.csv,a1c49d730a037063670e44d42816cd2e919cdedf0724cc8cb91bcd9a81bc62fd,sha256_schema_row_count,false,
b0_d3_statistics.0.p_value,b0_d3_statistics,formal_train,,p_value,0.0002,,VERIFIED_FROM_RELEASE,historical v1.x paper-support release,876a16d098e1da3f642ef70854cbc985bae5f9e3,paper_results/manifests/significance.csv,a1c49d730a037063670e44d42816cd2e919cdedf0724cc8cb91bcd9a81bc62fd,sha256_schema_row_count,false,
b0_d3_statistics.0.ci95_low,b0_d3_statistics,formal_train,,ci95_low,0.0445,,VERIFIED_FROM_RELEASE,historical v1.x paper-support release,876a16d098e1da3f642ef70854cbc985bae5f9e3,paper_results/manifests/significance.csv,a1c49d730a037063670e44d42816cd2e919cdedf0724cc8cb91bcd9a81bc62fd,sha256_schema_row_count,false,
b0_d3_statistics.0.ci95_high,b0_d3_statistics,formal_train,,ci95_high,0.0845,,VERIFIED_FROM_RELEASE,historical v1.x paper-support release,876a16d098e1da3f642ef70854cbc985bae5f9e3,paper_results/manifests/significance.csv,a1c49d730a037063670e44d42816cd2e919cdedf0724cc8cb91bcd9a81bc62fd,sha256_schema_row_count,false,
b0_d3_statistics.1.diff,b0_d3_statistics,formal_train,,diff,0.0457,,VERIFIED_FROM_RELEASE,historical v1.x paper-support release,876a16d098e1da3f642ef70854cbc985bae5f9e3,paper_results/manifests/significance.csv,a1c49d730a037063670e44d42816cd2e919cdedf0724cc8cb91bcd9a81bc62fd,sha256_schema_row_count,false,
b0_d3_statistics.1.p_value,b0_d3_statistics,formal_train,,p_value,0.0002,,VERIFIED_FROM_RELEASE,historical v1.x paper-support release,876a16d098e1da3f642ef70854cbc985bae5f9e3,paper_results/manifests/significance.csv,a1c49d730a037063670e44d42816cd2e919cdedf0724cc8cb91bcd9a81bc62fd,sha256_schema_row_count,false,
b0_d3_statistics.1.ci95_low,b0_d3_statistics,formal_train,,ci95_low,0.029,,VERIFIED_FROM_RELEASE,historical v1.x paper-support release,876a16d098e1da3f642ef70854cbc985bae5f9e3,paper_results/manifests/significance.csv,a1c49d730a037063670e44d42816cd2e919cdedf0724cc8cb91bcd9a81bc62fd,sha256_schema_row_count,false,
b0_d3_statistics.1.ci95_high,b0_d3_statistics,formal_train,,ci95_high,0.0639,,VERIFIED_FROM_RELEASE,historical v1.x paper-support release,876a16d098e1da3f642ef70854cbc985bae5f9e3,paper_results/manifests/significance.csv,a1c49d730a037063670e44d42816cd2e919cdedf0724cc8cb91bcd9a81bc62fd,sha256_schema_row_count,false,
b0_d3_statistics.2.diff,b0_d3_statistics,formal_train,,diff,-0.0061,,VERIFIED_FROM_RELEASE,historical v1.x paper-support release,876a16d098e1da3f642ef70854cbc985bae5f9e3,paper_results/manifests/significance.csv,a1c49d730a037063670e44d42816cd2e919cdedf0724cc8cb91bcd9a81bc62fd,sha256_schema_row_count,false,
b0_d3_statistics.2.p_value,b0_d3_statistics,formal_train,,p_value,0.49975,,VERIFIED_FROM_RELEASE,historical v1.x paper-support release,876a16d098e1da3f642ef70854cbc985bae5f9e3,paper_results/manifests/significance.csv,a1c49d730a037063670e44d42816cd2e919cdedf0724cc8cb91bcd9a81bc62fd,sha256_schema_row_count,false,
b0_d3_statistics.2.ci95_low,b0_d3_statistics,formal_train,,ci95_low,-0.0248,,VERIFIED_FROM_RELEASE,historical v1.x paper-support release,876a16d098e1da3f642ef70854cbc985bae5f9e3,paper_results/manifests/significance.csv,a1c49d730a037063670e44d42816cd2e919cdedf0724cc8cb91bcd9a81bc62fd,sha256_schema_row_count,false,
b0_d3_statistics.2.ci95_high,b0_d3_statistics,formal_train,,ci95_high,0.0095,,VERIFIED_FROM_RELEASE,historical v1.x paper-support release,876a16d098e1da3f642ef70854cbc985bae5f9e3,paper_results/manifests/significance.csv,a1c49d730a037063670e44d42816cd2e919cdedf0724cc8cb91bcd9a81bc62fd,sha256_schema_row_count,false,
b0_d3_statistics.3.diff,b0_d3_statistics,formal_train,,diff,-0.0017,,VERIFIED_FROM_RELEASE,historical v1.x paper-support release,876a16d098e1da3f642ef70854cbc985bae5f9e3,paper_results/manifests/significance.csv,a1c49d730a037063670e44d42816cd2e919cdedf0724cc8cb91bcd9a81bc62fd,sha256_schema_row_count,false,
b0_d3_statistics.3.p_value,b0_d3_statistics,formal_train,,p_value,0.887911,,VERIFIED_FROM_RELEASE,historical v1.x paper-support release,876a16d098e1da3f642ef70854cbc985bae5f9e3,paper_results/manifests/significance.csv,a1c49d730a037063670e44d42816cd2e919cdedf0724cc8cb91bcd9a81bc62fd,sha256_schema_row_count,false,
b0_d3_statistics.3.ci95_low,b0_d3_statistics,formal_train,,ci95_low,-0.0207,,VERIFIED_FROM_RELEASE,historical v1.x paper-support release,876a16d098e1da3f642ef70854cbc985bae5f9e3,paper_results/manifests/significance.csv,a1c49d730a037063670e44d42816cd2e919cdedf0724cc8cb91bcd9a81bc62fd,sha256_schema_row_count,false,
b0_d3_statistics.3.ci95_high,b0_d3_statistics,formal_train,,ci95_high,0.0139,,VERIFIED_FROM_RELEASE,historical v1.x paper-support release,876a16d098e1da3f642ef70854cbc985bae5f9e3,paper_results/manifests/significance.csv,a1c49d730a037063670e44d42816cd2e919cdedf0724cc8cb91bcd9a81bc62fd,sha256_schema_row_count,false,
b0_d3_statistics.4.diff,b0_d3_statistics,internal_blind,,diff,0.0637,,VERIFIED_FROM_RELEASE,historical v1.x paper-support release,876a16d098e1da3f642ef70854cbc985bae5f9e3,paper_results/manifests/significance.csv,a1c49d730a037063670e44d42816cd2e919cdedf0724cc8cb91bcd9a81bc62fd,sha256_schema_row_count,false,
b0_d3_statistics.4.p_value,b0_d3_statistics,internal_blind,,p_value,0.0002,,VERIFIED_FROM_RELEASE,historical v1.x paper-support release,876a16d098e1da3f642ef70854cbc985bae5f9e3,paper_results/manifests/significance.csv,a1c49d730a037063670e44d42816cd2e919cdedf0724cc8cb91bcd9a81bc62fd,sha256_schema_row_count,false,
b0_d3_statistics.4.ci95_low,b0_d3_statistics,internal_blind,,ci95_low,0.0418,,VERIFIED_FROM_RELEASE,historical v1.x paper-support release,876a16d098e1da3f642ef70854cbc985bae5f9e3,paper_results/manifests/significance.csv,a1c49d730a037063670e44d42816cd2e919cdedf0724cc8cb91bcd9a81bc62fd,sha256_schema_row_count,false,
b0_d3_statistics.4.ci95_high,b0_d3_statistics,internal_blind,,ci95_high,0.088,,VERIFIED_FROM_RELEASE,historical v1.x paper-support release,876a16d098e1da3f642ef70854cbc985bae5f9e3,paper_results/manifests/significance.csv,a1c49d730a037063670e44d42816cd2e919cdedf0724cc8cb91bcd9a81bc62fd,sha256_schema_row_count,false,
b0_d3_statistics.5.diff,b0_d3_statistics,internal_blind,,diff,0.0354,,VERIFIED_FROM_RELEASE,historical v1.x paper-support release,876a16d098e1da3f642ef70854cbc985bae5f9e3,paper_results/manifests/significance.csv,a1c49d730a037063670e44d42816cd2e919cdedf0724cc8cb91bcd9a81bc62fd,sha256_schema_row_count,false,
b0_d3_statistics.5.p_value,b0_d3_statistics,internal_blind,,p_value,0.0002,,VERIFIED_FROM_RELEASE,historical v1.x paper-support release,876a16d098e1da3f642ef70854cbc985bae5f9e3,paper_results/manifests/significance.csv,a1c49d730a037063670e44d42816cd2e919cdedf0724cc8cb91bcd9a81bc62fd,sha256_schema_row_count,false,
b0_d3_statistics.5.ci95_low,b0_d3_statistics,internal_blind,,ci95_low,0.0184,,VERIFIED_FROM_RELEASE,historical v1.x paper-support release,876a16d098e1da3f642ef70854cbc985bae5f9e3,paper_results/manifests/significance.csv,a1c49d730a037063670e44d42816cd2e919cdedf0724cc8cb91bcd9a81bc62fd,sha256_schema_row_count,false,
b0_d3_statistics.5.ci95_high,b0_d3_statistics,internal_blind,,ci95_high,0.0549,,VERIFIED_FROM_RELEASE,historical v1.x paper-support release,876a16d098e1da3f642ef70854cbc985bae5f9e3,paper_results/manifests/significance.csv,a1c49d730a037063670e44d42816cd2e919cdedf0724cc8cb91bcd9a81bc62fd,sha256_schema_row_count,false,
b0_d3_statistics.6.diff,b0_d3_statistics,internal_blind,,diff,0.01,,VERIFIED_FROM_RELEASE,historical v1.x paper-support release,876a16d098e1da3f642ef70854cbc985bae5f9e3,paper_results/manifests/significance.csv,a1c49d730a037063670e44d42816cd2e919cdedf0724cc8cb91bcd9a81bc62fd,sha256_schema_row_count,false,
b0_d3_statistics.6.p_value,b0_d3_statistics,internal_blind,,p_value,0.154385,,VERIFIED_FROM_RELEASE,historical v1.x paper-support release,876a16d098e1da3f642ef70854cbc985bae5f9e3,paper_results/manifests/significance.csv,a1c49d730a037063670e44d42816cd2e919cdedf0724cc8cb91bcd9a81bc62fd,sha256_schema_row_count,false,
b0_d3_statistics.6.ci95_low,b0_d3_statistics,internal_blind,,ci95_low,-0.0036,,VERIFIED_FROM_RELEASE,historical v1.x paper-support release,876a16d098e1da3f642ef70854cbc985bae5f9e3,paper_results/manifests/significance.csv,a1c49d730a037063670e44d42816cd2e919cdedf0724cc8cb91bcd9a81bc62fd,sha256_schema_row_count,false,
b0_d3_statistics.6.ci95_high,b0_d3_statistics,internal_blind,,ci95_high,0.0243,,VERIFIED_FROM_RELEASE,historical v1.x paper-support release,876a16d098e1da3f642ef70854cbc985bae5f9e3,paper_results/manifests/significance.csv,a1c49d730a037063670e44d42816cd2e919cdedf0724cc8cb91bcd9a81bc62fd,sha256_schema_row_count,false,
b0_d3_statistics.7.diff,b0_d3_statistics,internal_blind,,diff,0.0033,,VERIFIED_FROM_RELEASE,historical v1.x paper-support release,876a16d098e1da3f642ef70854cbc985bae5f9e3,paper_results/manifests/significance.csv,a1c49d730a037063670e44d42816cd2e919cdedf0724cc8cb91bcd9a81bc62fd,sha256_schema_row_count,false,
b0_d3_statistics.7.p_value,b0_d3_statistics,internal_blind,,p_value,0.671533,,VERIFIED_FROM_RELEASE,historical v1.x paper-support release,876a16d098e1da3f642ef70854cbc985bae5f9e3,paper_results/manifests/significance.csv,a1c49d730a037063670e44d42816cd2e919cdedf0724cc8cb91bcd9a81bc62fd,sha256_schema_row_count,false,
b0_d3_statistics.7.ci95_low,b0_d3_statistics,internal_blind,,ci95_low,-0.0125,,VERIFIED_FROM_RELEASE,historical v1.x paper-support release,876a16d098e1da3f642ef70854cbc985bae5f9e3,paper_results/manifests/significance.csv,a1c49d730a037063670e44d42816cd2e919cdedf0724cc8cb91bcd9a81bc62fd,sha256_schema_row_count,false,
b0_d3_statistics.7.ci95_high,b0_d3_statistics,internal_blind,,ci95_high,0.0192,,VERIFIED_FROM_RELEASE,historical v1.x paper-support release,876a16d098e1da3f642ef70854cbc985bae5f9e3,paper_results/manifests/significance.csv,a1c49d730a037063670e44d42816cd2e919cdedf0724cc8cb91bcd9a81bc62fd,sha256_schema_row_count,false,
b0_d3_statistics.8.diff,b0_d3_statistics,cmedqa2_external,,diff,0.0229,,VERIFIED_FROM_RELEASE,historical v1.x paper-support release,876a16d098e1da3f642ef70854cbc985bae5f9e3,paper_results/manifests/significance.csv,a1c49d730a037063670e44d42816cd2e919cdedf0724cc8cb91bcd9a81bc62fd,sha256_schema_row_count,false,
b0_d3_statistics.8.p_value,b0_d3_statistics,cmedqa2_external,,p_value,0.0016,,VERIFIED_FROM_RELEASE,historical v1.x paper-support release,876a16d098e1da3f642ef70854cbc985bae5f9e3,paper_results/manifests/significance.csv,a1c49d730a037063670e44d42816cd2e919cdedf0724cc8cb91bcd9a81bc62fd,sha256_schema_row_count,false,
b0_d3_statistics.8.ci95_low,b0_d3_statistics,cmedqa2_external,,ci95_low,0.007,,VERIFIED_FROM_RELEASE,historical v1.x paper-support release,876a16d098e1da3f642ef70854cbc985bae5f9e3,paper_results/manifests/significance.csv,a1c49d730a037063670e44d42816cd2e919cdedf0724cc8cb91bcd9a81bc62fd,sha256_schema_row_count,false,
b0_d3_statistics.8.ci95_high,b0_d3_statistics,cmedqa2_external,,ci95_high,0.0434,,VERIFIED_FROM_RELEASE,historical v1.x paper-support release,876a16d098e1da3f642ef70854cbc985bae5f9e3,paper_results/manifests/significance.csv,a1c49d730a037063670e44d42816cd2e919cdedf0724cc8cb91bcd9a81bc62fd,sha256_schema_row_count,false,
b0_d3_statistics.9.diff,b0_d3_statistics,cmedqa2_external,,diff,0.0205,,VERIFIED_FROM_RELEASE,historical v1.x paper-support release,876a16d098e1da3f642ef70854cbc985bae5f9e3,paper_results/manifests/significance.csv,a1c49d730a037063670e44d42816cd2e919cdedf0724cc8cb91bcd9a81bc62fd,sha256_schema_row_count,false,
b0_d3_statistics.9.p_value,b0_d3_statistics,cmedqa2_external,,p_value,0.004,,VERIFIED_FROM_RELEASE,historical v1.x paper-support release,876a16d098e1da3f642ef70854cbc985bae5f9e3,paper_results/manifests/significance.csv,a1c49d730a037063670e44d42816cd2e919cdedf0724cc8cb91bcd9a81bc62fd,sha256_schema_row_count,false,
b0_d3_statistics.9.ci95_low,b0_d3_statistics,cmedqa2_external,,ci95_low,0.0053,,VERIFIED_FROM_RELEASE,historical v1.x paper-support release,876a16d098e1da3f642ef70854cbc985bae5f9e3,paper_results/manifests/significance.csv,a1c49d730a037063670e44d42816cd2e919cdedf0724cc8cb91bcd9a81bc62fd,sha256_schema_row_count,false,
b0_d3_statistics.9.ci95_high,b0_d3_statistics,cmedqa2_external,,ci95_high,0.0411,,VERIFIED_FROM_RELEASE,historical v1.x paper-support release,876a16d098e1da3f642ef70854cbc985bae5f9e3,paper_results/manifests/significance.csv,a1c49d730a037063670e44d42816cd2e919cdedf0724cc8cb91bcd9a81bc62fd,sha256_schema_row_count,false,
b0_d3_statistics.10.diff,b0_d3_statistics,cmedqa2_external,,diff,0.0135,,VERIFIED_FROM_RELEASE,historical v1.x paper-support release,876a16d098e1da3f642ef70854cbc985bae5f9e3,paper_results/manifests/significance.csv,a1c49d730a037063670e44d42816cd2e919cdedf0724cc8cb91bcd9a81bc62fd,sha256_schema_row_count,false,
b0_d3_statistics.10.p_value,b0_d3_statistics,cmedqa2_external,,p_value,0.108589,,VERIFIED_FROM_RELEASE,historical v1.x paper-support release,876a16d098e1da3f642ef70854cbc985bae5f9e3,paper_results/manifests/significance.csv,a1c49d730a037063670e44d42816cd2e919cdedf0724cc8cb91bcd9a81bc62fd,sha256_schema_row_count,false,
b0_d3_statistics.10.ci95_low,b0_d3_statistics,cmedqa2_external,,ci95_low,-0.0018,,VERIFIED_FROM_RELEASE,historical v1.x paper-support release,876a16d098e1da3f642ef70854cbc985bae5f9e3,paper_results/manifests/significance.csv,a1c49d730a037063670e44d42816cd2e919cdedf0724cc8cb91bcd9a81bc62fd,sha256_schema_row_count,false,
b0_d3_statistics.10.ci95_high,b0_d3_statistics,cmedqa2_external,,ci95_high,0.0335,,VERIFIED_FROM_RELEASE,historical v1.x paper-support release,876a16d098e1da3f642ef70854cbc985bae5f9e3,paper_results/manifests/significance.csv,a1c49d730a037063670e44d42816cd2e919cdedf0724cc8cb91bcd9a81bc62fd,sha256_schema_row_count,false,
b0_d3_statistics.11.diff,b0_d3_statistics,cmedqa2_external,,diff,0.01,,VERIFIED_FROM_RELEASE,historical v1.x paper-support release,876a16d098e1da3f642ef70854cbc985bae5f9e3,paper_results/manifests/significance.csv,a1c49d730a037063670e44d42816cd2e919cdedf0724cc8cb91bcd9a81bc62fd,sha256_schema_row_count,false,
b0_d3_statistics.11.p_value,b0_d3_statistics,cmedqa2_external,,p_value,0.326367,,VERIFIED_FROM_RELEASE,historical v1.x paper-support release,876a16d098e1da3f642ef70854cbc985bae5f9e3,paper_results/manifests/significance.csv,a1c49d730a037063670e44d42816cd2e919cdedf0724cc8cb91bcd9a81bc62fd,sha256_schema_row_count,false,
b0_d3_statistics.11.ci95_low,b0_d3_statistics,cmedqa2_external,,ci95_low,-0.007,,VERIFIED_FROM_RELEASE,historical v1.x paper-support release,876a16d098e1da3f642ef70854cbc985bae5f9e3,paper_results/manifests/significance.csv,a1c49d730a037063670e44d42816cd2e919cdedf0724cc8cb91bcd9a81bc62fd,sha256_schema_row_count,false,
b0_d3_statistics.11.ci95_high,b0_d3_statistics,cmedqa2_external,,ci95_high,0.0311,,VERIFIED_FROM_RELEASE,historical v1.x paper-support release,876a16d098e1da3f642ef70854cbc985bae5f9e3,paper_results/manifests/significance.csv,a1c49d730a037063670e44d42816cd2e919cdedf0724cc8cb91bcd9a81bc62fd,sha256_schema_row_count,false,
mmr.0.demand_cov_5,mmr,formal_train,B0,demand_cov_5,0.87625000,200,VERIFIED_FROM_RELEASE,historical v1.x paper-support release,876a16d098e1da3f642ef70854cbc985bae5f9e3,paper_results/revision_v5/tables/mmr_summary.csv,0165e9f77187877990e97f75293daf07145f7267f8aa87c5e6ee489f2da783aa,sha256_schema_row_count,false,
mmr.0.ndcg_10,mmr,formal_train,B0,ndcg_10,0.64129537,200,VERIFIED_FROM_RELEASE,historical v1.x paper-support release,876a16d098e1da3f642ef70854cbc985bae5f9e3,paper_results/revision_v5/tables/mmr_summary.csv,0165e9f77187877990e97f75293daf07145f7267f8aa87c5e6ee489f2da783aa,sha256_schema_row_count,false,
mmr.0.redundancy,mmr,formal_train,B0,redundancy,0.58265000,200,VERIFIED_FROM_RELEASE,historical v1.x paper-support release,876a16d098e1da3f642ef70854cbc985bae5f9e3,paper_results/revision_v5/tables/mmr_summary.csv,0165e9f77187877990e97f75293daf07145f7267f8aa87c5e6ee489f2da783aa,sha256_schema_row_count,false,
mmr.0.jaccard_vs_b0,mmr,formal_train,B0,jaccard_vs_b0,1.00000000,200,VERIFIED_FROM_RELEASE,historical v1.x paper-support release,876a16d098e1da3f642ef70854cbc985bae5f9e3,paper_results/revision_v5/tables/mmr_summary.csv,0165e9f77187877990e97f75293daf07145f7267f8aa87c5e6ee489f2da783aa,sha256_schema_row_count,false,
mmr.1.demand_cov_5,mmr,formal_train,MMR,demand_cov_5,0.87675000,200,VERIFIED_FROM_RELEASE,historical v1.x paper-support release,876a16d098e1da3f642ef70854cbc985bae5f9e3,paper_results/revision_v5/tables/mmr_summary.csv,0165e9f77187877990e97f75293daf07145f7267f8aa87c5e6ee489f2da783aa,sha256_schema_row_count,false,
mmr.1.ndcg_10,mmr,formal_train,MMR,ndcg_10,0.62938052,200,VERIFIED_FROM_RELEASE,historical v1.x paper-support release,876a16d098e1da3f642ef70854cbc985bae5f9e3,paper_results/revision_v5/tables/mmr_summary.csv,0165e9f77187877990e97f75293daf07145f7267f8aa87c5e6ee489f2da783aa,sha256_schema_row_count,false,
mmr.1.redundancy,mmr,formal_train,MMR,redundancy,0.52783333,200,VERIFIED_FROM_RELEASE,historical v1.x paper-support release,876a16d098e1da3f642ef70854cbc985bae5f9e3,paper_results/revision_v5/tables/mmr_summary.csv,0165e9f77187877990e97f75293daf07145f7267f8aa87c5e6ee489f2da783aa,sha256_schema_row_count,false,
mmr.1.jaccard_vs_b0,mmr,formal_train,MMR,jaccard_vs_b0,0.59488095,200,VERIFIED_FROM_RELEASE,historical v1.x paper-support release,876a16d098e1da3f642ef70854cbc985bae5f9e3,paper_results/revision_v5/tables/mmr_summary.csv,0165e9f77187877990e97f75293daf07145f7267f8aa87c5e6ee489f2da783aa,sha256_schema_row_count,false,
mmr.2.demand_cov_5,mmr,formal_train,D3_TFIDF,demand_cov_5,0.87450000,200,VERIFIED_FROM_RELEASE,historical v1.x paper-support release,876a16d098e1da3f642ef70854cbc985bae5f9e3,paper_results/revision_v5/tables/mmr_summary.csv,0165e9f77187877990e97f75293daf07145f7267f8aa87c5e6ee489f2da783aa,sha256_schema_row_count,false,
mmr.2.ndcg_10,mmr,formal_train,D3_TFIDF,ndcg_10,0.62930161,200,VERIFIED_FROM_RELEASE,historical v1.x paper-support release,876a16d098e1da3f642ef70854cbc985bae5f9e3,paper_results/revision_v5/tables/mmr_summary.csv,0165e9f77187877990e97f75293daf07145f7267f8aa87c5e6ee489f2da783aa,sha256_schema_row_count,false,
mmr.2.redundancy,mmr,formal_train,D3_TFIDF,redundancy,0.54776667,200,VERIFIED_FROM_RELEASE,historical v1.x paper-support release,876a16d098e1da3f642ef70854cbc985bae5f9e3,paper_results/revision_v5/tables/mmr_summary.csv,0165e9f77187877990e97f75293daf07145f7267f8aa87c5e6ee489f2da783aa,sha256_schema_row_count,false,
mmr.2.jaccard_vs_b0,mmr,formal_train,D3_TFIDF,jaccard_vs_b0,0.75777778,200,VERIFIED_FROM_RELEASE,historical v1.x paper-support release,876a16d098e1da3f642ef70854cbc985bae5f9e3,paper_results/revision_v5/tables/mmr_summary.csv,0165e9f77187877990e97f75293daf07145f7267f8aa87c5e6ee489f2da783aa,sha256_schema_row_count,false,
mmr.3.demand_cov_5,mmr,internal_blind,B0,demand_cov_5,0.91825000,200,VERIFIED_FROM_RELEASE,historical v1.x paper-support release,876a16d098e1da3f642ef70854cbc985bae5f9e3,paper_results/revision_v5/tables/mmr_summary.csv,0165e9f77187877990e97f75293daf07145f7267f8aa87c5e6ee489f2da783aa,sha256_schema_row_count,false,
mmr.3.ndcg_10,mmr,internal_blind,B0,ndcg_10,0.53384659,200,VERIFIED_FROM_RELEASE,historical v1.x paper-support release,876a16d098e1da3f642ef70854cbc985bae5f9e3,paper_results/revision_v5/tables/mmr_summary.csv,0165e9f77187877990e97f75293daf07145f7267f8aa87c5e6ee489f2da783aa,sha256_schema_row_count,false,
mmr.3.redundancy,mmr,internal_blind,B0,redundancy,0.50845833,200,VERIFIED_FROM_RELEASE,historical v1.x paper-support release,876a16d098e1da3f642ef70854cbc985bae5f9e3,paper_results/revision_v5/tables/mmr_summary.csv,0165e9f77187877990e97f75293daf07145f7267f8aa87c5e6ee489f2da783aa,sha256_schema_row_count,false,
mmr.3.jaccard_vs_b0,mmr,internal_blind,B0,jaccard_vs_b0,1.00000000,200,VERIFIED_FROM_RELEASE,historical v1.x paper-support release,876a16d098e1da3f642ef70854cbc985bae5f9e3,paper_results/revision_v5/tables/mmr_summary.csv,0165e9f77187877990e97f75293daf07145f7267f8aa87c5e6ee489f2da783aa,sha256_schema_row_count,false,
mmr.4.demand_cov_5,mmr,internal_blind,MMR,demand_cov_5,0.93100000,200,VERIFIED_FROM_RELEASE,historical v1.x paper-support release,876a16d098e1da3f642ef70854cbc985bae5f9e3,paper_results/revision_v5/tables/mmr_summary.csv,0165e9f77187877990e97f75293daf07145f7267f8aa87c5e6ee489f2da783aa,sha256_schema_row_count,false,
mmr.4.ndcg_10,mmr,internal_blind,MMR,ndcg_10,0.51801722,200,VERIFIED_FROM_RELEASE,historical v1.x paper-support release,876a16d098e1da3f642ef70854cbc985bae5f9e3,paper_results/revision_v5/tables/mmr_summary.csv,0165e9f77187877990e97f75293daf07145f7267f8aa87c5e6ee489f2da783aa,sha256_schema_row_count,false,
mmr.4.redundancy,mmr,internal_blind,MMR,redundancy,0.47225000,200,VERIFIED_FROM_RELEASE,historical v1.x paper-support release,876a16d098e1da3f642ef70854cbc985bae5f9e3,paper_results/revision_v5/tables/mmr_summary.csv,0165e9f77187877990e97f75293daf07145f7267f8aa87c5e6ee489f2da783aa,sha256_schema_row_count,false,
mmr.4.jaccard_vs_b0,mmr,internal_blind,MMR,jaccard_vs_b0,0.62458333,200,VERIFIED_FROM_RELEASE,historical v1.x paper-support release,876a16d098e1da3f642ef70854cbc985bae5f9e3,paper_results/revision_v5/tables/mmr_summary.csv,0165e9f77187877990e97f75293daf07145f7267f8aa87c5e6ee489f2da783aa,sha256_schema_row_count,false,
mmr.5.demand_cov_5,mmr,internal_blind,D3_TFIDF,demand_cov_5,0.92158333,200,VERIFIED_FROM_RELEASE,historical v1.x paper-support release,876a16d098e1da3f642ef70854cbc985bae5f9e3,paper_results/revision_v5/tables/mmr_summary.csv,0165e9f77187877990e97f75293daf07145f7267f8aa87c5e6ee489f2da783aa,sha256_schema_row_count,false,
mmr.5.ndcg_10,mmr,internal_blind,D3_TFIDF,ndcg_10,0.50747247,200,VERIFIED_FROM_RELEASE,historical v1.x paper-support release,876a16d098e1da3f642ef70854cbc985bae5f9e3,paper_results/revision_v5/tables/mmr_summary.csv,0165e9f77187877990e97f75293daf07145f7267f8aa87c5e6ee489f2da783aa,sha256_schema_row_count,false,
mmr.5.redundancy,mmr,internal_blind,D3_TFIDF,redundancy,0.47498333,200,VERIFIED_FROM_RELEASE,historical v1.x paper-support release,876a16d098e1da3f642ef70854cbc985bae5f9e3,paper_results/revision_v5/tables/mmr_summary.csv,0165e9f77187877990e97f75293daf07145f7267f8aa87c5e6ee489f2da783aa,sha256_schema_row_count,false,
mmr.5.jaccard_vs_b0,mmr,internal_blind,D3_TFIDF,jaccard_vs_b0,0.64382937,200,VERIFIED_FROM_RELEASE,historical v1.x paper-support release,876a16d098e1da3f642ef70854cbc985bae5f9e3,paper_results/revision_v5/tables/mmr_summary.csv,0165e9f77187877990e97f75293daf07145f7267f8aa87c5e6ee489f2da783aa,sha256_schema_row_count,false,
mmr.6.demand_cov_5,mmr,cmedqa2_external,B0,demand_cov_5,0.96302817,142,VERIFIED_FROM_RELEASE,historical v1.x paper-support release,876a16d098e1da3f642ef70854cbc985bae5f9e3,paper_results/revision_v5/tables/mmr_summary.csv,0165e9f77187877990e97f75293daf07145f7267f8aa87c5e6ee489f2da783aa,sha256_schema_row_count,false,
mmr.6.ndcg_10,mmr,cmedqa2_external,B0,ndcg_10,0.51658022,142,VERIFIED_FROM_RELEASE,historical v1.x paper-support release,876a16d098e1da3f642ef70854cbc985bae5f9e3,paper_results/revision_v5/tables/mmr_summary.csv,0165e9f77187877990e97f75293daf07145f7267f8aa87c5e6ee489f2da783aa,sha256_schema_row_count,false,
mmr.6.redundancy,mmr,cmedqa2_external,B0,redundancy,0.56390845,142,VERIFIED_FROM_RELEASE,historical v1.x paper-support release,876a16d098e1da3f642ef70854cbc985bae5f9e3,paper_results/revision_v5/tables/mmr_summary.csv,0165e9f77187877990e97f75293daf07145f7267f8aa87c5e6ee489f2da783aa,sha256_schema_row_count,false,
mmr.6.jaccard_vs_b0,mmr,cmedqa2_external,B0,jaccard_vs_b0,1.00000000,142,VERIFIED_FROM_RELEASE,historical v1.x paper-support release,876a16d098e1da3f642ef70854cbc985bae5f9e3,paper_results/revision_v5/tables/mmr_summary.csv,0165e9f77187877990e97f75293daf07145f7267f8aa87c5e6ee489f2da783aa,sha256_schema_row_count,false,
mmr.7.demand_cov_5,mmr,cmedqa2_external,MMR,demand_cov_5,0.95892019,142,VERIFIED_FROM_RELEASE,historical v1.x paper-support release,876a16d098e1da3f642ef70854cbc985bae5f9e3,paper_results/revision_v5/tables/mmr_summary.csv,0165e9f77187877990e97f75293daf07145f7267f8aa87c5e6ee489f2da783aa,sha256_schema_row_count,false,
mmr.7.ndcg_10,mmr,cmedqa2_external,MMR,ndcg_10,0.50112287,142,VERIFIED_FROM_RELEASE,historical v1.x paper-support release,876a16d098e1da3f642ef70854cbc985bae5f9e3,paper_results/revision_v5/tables/mmr_summary.csv,0165e9f77187877990e97f75293daf07145f7267f8aa87c5e6ee489f2da783aa,sha256_schema_row_count,false,
mmr.7.redundancy,mmr,cmedqa2_external,MMR,redundancy,0.52760563,142,VERIFIED_FROM_RELEASE,historical v1.x paper-support release,876a16d098e1da3f642ef70854cbc985bae5f9e3,paper_results/revision_v5/tables/mmr_summary.csv,0165e9f77187877990e97f75293daf07145f7267f8aa87c5e6ee489f2da783aa,sha256_schema_row_count,false,
mmr.7.jaccard_vs_b0,mmr,cmedqa2_external,MMR,jaccard_vs_b0,0.68706685,142,VERIFIED_FROM_RELEASE,historical v1.x paper-support release,876a16d098e1da3f642ef70854cbc985bae5f9e3,paper_results/revision_v5/tables/mmr_summary.csv,0165e9f77187877990e97f75293daf07145f7267f8aa87c5e6ee489f2da783aa,sha256_schema_row_count,false,
mmr.8.demand_cov_5,mmr,cmedqa2_external,D3_TFIDF,demand_cov_5,0.97300469,142,VERIFIED_FROM_RELEASE,historical v1.x paper-support release,876a16d098e1da3f642ef70854cbc985bae5f9e3,paper_results/revision_v5/tables/mmr_summary.csv,0165e9f77187877990e97f75293daf07145f7267f8aa87c5e6ee489f2da783aa,sha256_schema_row_count,false,
mmr.8.ndcg_10,mmr,cmedqa2_external,D3_TFIDF,ndcg_10,0.49543721,142,VERIFIED_FROM_RELEASE,historical v1.x paper-support release,876a16d098e1da3f642ef70854cbc985bae5f9e3,paper_results/revision_v5/tables/mmr_summary.csv,0165e9f77187877990e97f75293daf07145f7267f8aa87c5e6ee489f2da783aa,sha256_schema_row_count,false,
mmr.8.redundancy,mmr,cmedqa2_external,D3_TFIDF,redundancy,0.54090376,142,VERIFIED_FROM_RELEASE,historical v1.x paper-support release,876a16d098e1da3f642ef70854cbc985bae5f9e3,paper_results/revision_v5/tables/mmr_summary.csv,0165e9f77187877990e97f75293daf07145f7267f8aa87c5e6ee489f2da783aa,sha256_schema_row_count,false,
mmr.8.jaccard_vs_b0,mmr,cmedqa2_external,D3_TFIDF,jaccard_vs_b0,0.65481780,142,VERIFIED_FROM_RELEASE,historical v1.x paper-support release,876a16d098e1da3f642ef70854cbc985bae5f9e3,paper_results/revision_v5/tables/mmr_summary.csv,0165e9f77187877990e97f75293daf07145f7267f8aa87c5e6ee489f2da783aa,sha256_schema_row_count,false,
topk.0.demand_cov_at_k,topk,formal_train,B0,demand_cov_at_k,0.81141667,200,VERIFIED_FROM_RELEASE,historical v1.x paper-support release,876a16d098e1da3f642ef70854cbc985bae5f9e3,paper_results/revision_v5/tables/topk_sensitivity_summary.csv,d80596b5952071be71ab0edf05829ee7ae29a82e2d45bf7e5150b70249a579aa,sha256_schema_row_count,false,
topk.0.ndcg_at_k,topk,formal_train,B0,ndcg_at_k,0.89783897,200,VERIFIED_FROM_RELEASE,historical v1.x paper-support release,876a16d098e1da3f642ef70854cbc985bae5f9e3,paper_results/revision_v5/tables/topk_sensitivity_summary.csv,d80596b5952071be71ab0edf05829ee7ae29a82e2d45bf7e5150b70249a579aa,sha256_schema_row_count,false,
topk.0.official_ndcg_10,topk,formal_train,B0,official_ndcg_10,0.46898218,200,VERIFIED_FROM_RELEASE,historical v1.x paper-support release,876a16d098e1da3f642ef70854cbc985bae5f9e3,paper_results/revision_v5/tables/topk_sensitivity_summary.csv,d80596b5952071be71ab0edf05829ee7ae29a82e2d45bf7e5150b70249a579aa,sha256_schema_row_count,false,
topk.0.redundancy,topk,formal_train,B0,redundancy,0.58316667,200,VERIFIED_FROM_RELEASE,historical v1.x paper-support release,876a16d098e1da3f642ef70854cbc985bae5f9e3,paper_results/revision_v5/tables/topk_sensitivity_summary.csv,d80596b5952071be71ab0edf05829ee7ae29a82e2d45bf7e5150b70249a579aa,sha256_schema_row_count,false,
topk.1.demand_cov_at_k,topk,formal_train,B0,demand_cov_at_k,0.87625000,200,VERIFIED_FROM_RELEASE,historical v1.x paper-support release,876a16d098e1da3f642ef70854cbc985bae5f9e3,paper_results/revision_v5/tables/topk_sensitivity_summary.csv,d80596b5952071be71ab0edf05829ee7ae29a82e2d45bf7e5150b70249a579aa,sha256_schema_row_count,false,
topk.1.ndcg_at_k,topk,formal_train,B0,ndcg_at_k,0.89977570,200,VERIFIED_FROM_RELEASE,historical v1.x paper-support release,876a16d098e1da3f642ef70854cbc985bae5f9e3,paper_results/revision_v5/tables/topk_sensitivity_summary.csv,d80596b5952071be71ab0edf05829ee7ae29a82e2d45bf7e5150b70249a579aa,sha256_schema_row_count,false,
topk.1.official_ndcg_10,topk,formal_train,B0,official_ndcg_10,0.64129537,200,VERIFIED_FROM_RELEASE,historical v1.x paper-support release,876a16d098e1da3f642ef70854cbc985bae5f9e3,paper_results/revision_v5/tables/topk_sensitivity_summary.csv,d80596b5952071be71ab0edf05829ee7ae29a82e2d45bf7e5150b70249a579aa,sha256_schema_row_count,false,
topk.1.redundancy,topk,formal_train,B0,redundancy,0.58265000,200,VERIFIED_FROM_RELEASE,historical v1.x paper-support release,876a16d098e1da3f642ef70854cbc985bae5f9e3,paper_results/revision_v5/tables/topk_sensitivity_summary.csv,d80596b5952071be71ab0edf05829ee7ae29a82e2d45bf7e5150b70249a579aa,sha256_schema_row_count,false,
topk.2.demand_cov_at_k,topk,formal_train,B0,demand_cov_at_k,0.91133333,200,VERIFIED_FROM_RELEASE,historical v1.x paper-support release,876a16d098e1da3f642ef70854cbc985bae5f9e3,paper_results/revision_v5/tables/topk_sensitivity_summary.csv,d80596b5952071be71ab0edf05829ee7ae29a82e2d45bf7e5150b70249a579aa,sha256_schema_row_count,false,
topk.2.ndcg_at_k,topk,formal_train,B0,ndcg_at_k,0.90482654,200,VERIFIED_FROM_RELEASE,historical v1.x paper-support release,876a16d098e1da3f642ef70854cbc985bae5f9e3,paper_results/revision_v5/tables/topk_sensitivity_summary.csv,d80596b5952071be71ab0edf05829ee7ae29a82e2d45bf7e5150b70249a579aa,sha256_schema_row_count,false,
topk.2.official_ndcg_10,topk,formal_train,B0,official_ndcg_10,0.77974031,200,VERIFIED_FROM_RELEASE,historical v1.x paper-support release,876a16d098e1da3f642ef70854cbc985bae5f9e3,paper_results/revision_v5/tables/topk_sensitivity_summary.csv,d80596b5952071be71ab0edf05829ee7ae29a82e2d45bf7e5150b70249a579aa,sha256_schema_row_count,false,
topk.2.redundancy,topk,formal_train,B0,redundancy,0.56877778,200,VERIFIED_FROM_RELEASE,historical v1.x paper-support release,876a16d098e1da3f642ef70854cbc985bae5f9e3,paper_results/revision_v5/tables/topk_sensitivity_summary.csv,d80596b5952071be71ab0edf05829ee7ae29a82e2d45bf7e5150b70249a579aa,sha256_schema_row_count,false,
topk.3.demand_cov_at_k,topk,formal_train,D0,demand_cov_at_k,0.93983333,200,VERIFIED_FROM_RELEASE,historical v1.x paper-support release,876a16d098e1da3f642ef70854cbc985bae5f9e3,paper_results/revision_v5/tables/topk_sensitivity_summary.csv,d80596b5952071be71ab0edf05829ee7ae29a82e2d45bf7e5150b70249a579aa,sha256_schema_row_count,false,
topk.3.ndcg_at_k,topk,formal_train,D0,ndcg_at_k,0.83731329,200,VERIFIED_FROM_RELEASE,historical v1.x paper-support release,876a16d098e1da3f642ef70854cbc985bae5f9e3,paper_results/revision_v5/tables/topk_sensitivity_summary.csv,d80596b5952071be71ab0edf05829ee7ae29a82e2d45bf7e5150b70249a579aa,sha256_schema_row_count,false,
topk.3.official_ndcg_10,topk,formal_train,D0,official_ndcg_10,0.44559642,200,VERIFIED_FROM_RELEASE,historical v1.x paper-support release,876a16d098e1da3f642ef70854cbc985bae5f9e3,paper_results/revision_v5/tables/topk_sensitivity_summary.csv,d80596b5952071be71ab0edf05829ee7ae29a82e2d45bf7e5150b70249a579aa,sha256_schema_row_count,false,
topk.3.redundancy,topk,formal_train,D0,redundancy,0.35777778,200,VERIFIED_FROM_RELEASE,historical v1.x paper-support release,876a16d098e1da3f642ef70854cbc985bae5f9e3,paper_results/revision_v5/tables/topk_sensitivity_summary.csv,d80596b5952071be71ab0edf05829ee7ae29a82e2d45bf7e5150b70249a579aa,sha256_schema_row_count,false,
topk.4.demand_cov_at_k,topk,formal_train,D0,demand_cov_at_k,0.93983333,200,VERIFIED_FROM_RELEASE,historical v1.x paper-support release,876a16d098e1da3f642ef70854cbc985bae5f9e3,paper_results/revision_v5/tables/topk_sensitivity_summary.csv,d80596b5952071be71ab0edf05829ee7ae29a82e2d45bf7e5150b70249a579aa,sha256_schema_row_count,false,
topk.4.ndcg_at_k,topk,formal_train,D0,ndcg_at_k,0.84198448,200,VERIFIED_FROM_RELEASE,historical v1.x paper-support release,876a16d098e1da3f642ef70854cbc985bae5f9e3,paper_results/revision_v5/tables/topk_sensitivity_summary.csv,d80596b5952071be71ab0edf05829ee7ae29a82e2d45bf7e5150b70249a579aa,sha256_schema_row_count,false,
topk.4.official_ndcg_10,topk,formal_train,D0,official_ndcg_10,0.60117605,200,VERIFIED_FROM_RELEASE,historical v1.x paper-support release,876a16d098e1da3f642ef70854cbc985bae5f9e3,paper_results/revision_v5/tables/topk_sensitivity_summary.csv,d80596b5952071be71ab0edf05829ee7ae29a82e2d45bf7e5150b70249a579aa,sha256_schema_row_count,false,
topk.4.redundancy,topk,formal_train,D0,redundancy,0.44148333,200,VERIFIED_FROM_RELEASE,historical v1.x paper-support release,876a16d098e1da3f642ef70854cbc985bae5f9e3,paper_results/revision_v5/tables/topk_sensitivity_summary.csv,d80596b5952071be71ab0edf05829ee7ae29a82e2d45bf7e5150b70249a579aa,sha256_schema_row_count,false,
topk.5.demand_cov_at_k,topk,formal_train,D0,demand_cov_at_k,0.94108333,200,VERIFIED_FROM_RELEASE,historical v1.x paper-support release,876a16d098e1da3f642ef70854cbc985bae5f9e3,paper_results/revision_v5/tables/topk_sensitivity_summary.csv,d80596b5952071be71ab0edf05829ee7ae29a82e2d45bf7e5150b70249a579aa,sha256_schema_row_count,false,
topk.5.ndcg_at_k,topk,formal_train,D0,ndcg_at_k,0.86135759,200,VERIFIED_FROM_RELEASE,historical v1.x paper-support release,876a16d098e1da3f642ef70854cbc985bae5f9e3,paper_results/revision_v5/tables/topk_sensitivity_summary.csv,d80596b5952071be71ab0edf05829ee7ae29a82e2d45bf7e5150b70249a579aa,sha256_schema_row_count,false,
topk.5.official_ndcg_10,topk,formal_train,D0,official_ndcg_10,0.74186153,200,VERIFIED_FROM_RELEASE,historical v1.x paper-support release,876a16d098e1da3f642ef70854cbc985bae5f9e3,paper_results/revision_v5/tables/topk_sensitivity_summary.csv,d80596b5952071be71ab0edf05829ee7ae29a82e2d45bf7e5150b70249a579aa,sha256_schema_row_count,false,
topk.5.redundancy,topk,formal_train,D0,redundancy,0.49132540,200,VERIFIED_FROM_RELEASE,historical v1.x paper-support release,876a16d098e1da3f642ef70854cbc985bae5f9e3,paper_results/revision_v5/tables/topk_sensitivity_summary.csv,d80596b5952071be71ab0edf05829ee7ae29a82e2d45bf7e5150b70249a579aa,sha256_schema_row_count,false,
topk.6.demand_cov_at_k,topk,formal_train,D1,demand_cov_at_k,0.90441667,200,VERIFIED_FROM_RELEASE,historical v1.x paper-support release,876a16d098e1da3f642ef70854cbc985bae5f9e3,paper_results/revision_v5/tables/topk_sensitivity_summary.csv,d80596b5952071be71ab0edf05829ee7ae29a82e2d45bf7e5150b70249a579aa,sha256_schema_row_count,false,
topk.6.ndcg_at_k,topk,formal_train,D1,ndcg_at_k,0.84864706,200,VERIFIED_FROM_RELEASE,historical v1.x paper-support release,876a16d098e1da3f642ef70854cbc985bae5f9e3,paper_results/revision_v5/tables/topk_sensitivity_summary.csv,d80596b5952071be71ab0edf05829ee7ae29a82e2d45bf7e5150b70249a579aa,sha256_schema_row_count,false,
topk.6.official_ndcg_10,topk,formal_train,D1,official_ndcg_10,0.44996037,200,VERIFIED_FROM_RELEASE,historical v1.x paper-support release,876a16d098e1da3f642ef70854cbc985bae5f9e3,paper_results/revision_v5/tables/topk_sensitivity_summary.csv,d80596b5952071be71ab0edf05829ee7ae29a82e2d45bf7e5150b70249a579aa,sha256_schema_row_count,false,
topk.6.redundancy,topk,formal_train,D1,redundancy,0.39605556,200,VERIFIED_FROM_RELEASE,historical v1.x paper-support release,876a16d098e1da3f642ef70854cbc985bae5f9e3,paper_results/revision_v5/tables/topk_sensitivity_summary.csv,d80596b5952071be71ab0edf05829ee7ae29a82e2d45bf7e5150b70249a579aa,sha256_schema_row_count,false,
topk.7.demand_cov_at_k,topk,formal_train,D1,demand_cov_at_k,0.92191667,200,VERIFIED_FROM_RELEASE,historical v1.x paper-support release,876a16d098e1da3f642ef70854cbc985bae5f9e3,paper_results/revision_v5/tables/topk_sensitivity_summary.csv,d80596b5952071be71ab0edf05829ee7ae29a82e2d45bf7e5150b70249a579aa,sha256_schema_row_count,false,
topk.7.ndcg_at_k,topk,formal_train,D1,ndcg_at_k,0.84981654,200,VERIFIED_FROM_RELEASE,historical v1.x paper-support release,876a16d098e1da3f642ef70854cbc985bae5f9e3,paper_results/revision_v5/tables/topk_sensitivity_summary.csv,d80596b5952071be71ab0edf05829ee7ae29a82e2d45bf7e5150b70249a579aa,sha256_schema_row_count,false,
topk.7.official_ndcg_10,topk,formal_train,D1,official_ndcg_10,0.60648993,200,VERIFIED_FROM_RELEASE,historical v1.x paper-support release,876a16d098e1da3f642ef70854cbc985bae5f9e3,paper_results/revision_v5/tables/topk_sensitivity_summary.csv,d80596b5952071be71ab0edf05829ee7ae29a82e2d45bf7e5150b70249a579aa,sha256_schema_row_count,false,
topk.7.redundancy,topk,formal_train,D1,redundancy,0.46295000,200,VERIFIED_FROM_RELEASE,historical v1.x paper-support release,876a16d098e1da3f642ef70854cbc985bae5f9e3,paper_results/revision_v5/tables/topk_sensitivity_summary.csv,d80596b5952071be71ab0edf05829ee7ae29a82e2d45bf7e5150b70249a579aa,sha256_schema_row_count,false,
topk.8.demand_cov_at_k,topk,formal_train,D1,demand_cov_at_k,0.93050000,200,VERIFIED_FROM_RELEASE,historical v1.x paper-support release,876a16d098e1da3f642ef70854cbc985bae5f9e3,paper_results/revision_v5/tables/topk_sensitivity_summary.csv,d80596b5952071be71ab0edf05829ee7ae29a82e2d45bf7e5150b70249a579aa,sha256_schema_row_count,false,
topk.8.ndcg_at_k,topk,formal_train,D1,ndcg_at_k,0.86261691,200,VERIFIED_FROM_RELEASE,historical v1.x paper-support release,876a16d098e1da3f642ef70854cbc985bae5f9e3,paper_results/revision_v5/tables/topk_sensitivity_summary.csv,d80596b5952071be71ab0edf05829ee7ae29a82e2d45bf7e5150b70249a579aa,sha256_schema_row_count,false,
topk.8.official_ndcg_10,topk,formal_train,D1,official_ndcg_10,0.74264455,200,VERIFIED_FROM_RELEASE,historical v1.x paper-support release,876a16d098e1da3f642ef70854cbc985bae5f9e3,paper_results/revision_v5/tables/topk_sensitivity_summary.csv,d80596b5952071be71ab0edf05829ee7ae29a82e2d45bf7e5150b70249a579aa,sha256_schema_row_count,false,
topk.8.redundancy,topk,formal_train,D1,redundancy,0.49860317,200,VERIFIED_FROM_RELEASE,historical v1.x paper-support release,876a16d098e1da3f642ef70854cbc985bae5f9e3,paper_results/revision_v5/tables/topk_sensitivity_summary.csv,d80596b5952071be71ab0edf05829ee7ae29a82e2d45bf7e5150b70249a579aa,sha256_schema_row_count,false,
topk.9.demand_cov_at_k,topk,formal_train,D2,demand_cov_at_k,0.82566667,200,VERIFIED_FROM_RELEASE,historical v1.x paper-support release,876a16d098e1da3f642ef70854cbc985bae5f9e3,paper_results/revision_v5/tables/topk_sensitivity_summary.csv,d80596b5952071be71ab0edf05829ee7ae29a82e2d45bf7e5150b70249a579aa,sha256_schema_row_count,false,
topk.9.ndcg_at_k,topk,formal_train,D2,ndcg_at_k,0.88993380,200,VERIFIED_FROM_RELEASE,historical v1.x paper-support release,876a16d098e1da3f642ef70854cbc985bae5f9e3,paper_results/revision_v5/tables/topk_sensitivity_summary.csv,d80596b5952071be71ab0edf05829ee7ae29a82e2d45bf7e5150b70249a579aa,sha256_schema_row_count,false,
topk.9.official_ndcg_10,topk,formal_train,D2,official_ndcg_10,0.46473216,200,VERIFIED_FROM_RELEASE,historical v1.x paper-support release,876a16d098e1da3f642ef70854cbc985bae5f9e3,paper_results/revision_v5/tables/topk_sensitivity_summary.csv,d80596b5952071be71ab0edf05829ee7ae29a82e2d45bf7e5150b70249a579aa,sha256_schema_row_count,false,
topk.9.redundancy,topk,formal_train,D2,redundancy,0.55655556,200,VERIFIED_FROM_RELEASE,historical v1.x paper-support release,876a16d098e1da3f642ef70854cbc985bae5f9e3,paper_results/revision_v5/tables/topk_sensitivity_summary.csv,d80596b5952071be71ab0edf05829ee7ae29a82e2d45bf7e5150b70249a579aa,sha256_schema_row_count,false,
topk.10.demand_cov_at_k,topk,formal_train,D2,demand_cov_at_k,0.87016667,200,VERIFIED_FROM_RELEASE,historical v1.x paper-support release,876a16d098e1da3f642ef70854cbc985bae5f9e3,paper_results/revision_v5/tables/topk_sensitivity_summary.csv,d80596b5952071be71ab0edf05829ee7ae29a82e2d45bf7e5150b70249a579aa,sha256_schema_row_count,false,
topk.10.ndcg_at_k,topk,formal_train,D2,ndcg_at_k,0.88849010,200,VERIFIED_FROM_RELEASE,historical v1.x paper-support release,876a16d098e1da3f642ef70854cbc985bae5f9e3,paper_results/revision_v5/tables/topk_sensitivity_summary.csv,d80596b5952071be71ab0edf05829ee7ae29a82e2d45bf7e5150b70249a579aa,sha256_schema_row_count,false,
topk.10.official_ndcg_10,topk,formal_train,D2,official_ndcg_10,0.63194051,200,VERIFIED_FROM_RELEASE,historical v1.x paper-support release,876a16d098e1da3f642ef70854cbc985bae5f9e3,paper_results/revision_v5/tables/topk_sensitivity_summary.csv,d80596b5952071be71ab0edf05829ee7ae29a82e2d45bf7e5150b70249a579aa,sha256_schema_row_count,false,
topk.10.redundancy,topk,formal_train,D2,redundancy,0.55044167,200,VERIFIED_FROM_RELEASE,historical v1.x paper-support release,876a16d098e1da3f642ef70854cbc985bae5f9e3,paper_results/revision_v5/tables/topk_sensitivity_summary.csv,d80596b5952071be71ab0edf05829ee7ae29a82e2d45bf7e5150b70249a579aa,sha256_schema_row_count,false,
topk.11.demand_cov_at_k,topk,formal_train,D2,demand_cov_at_k,0.89783333,200,VERIFIED_FROM_RELEASE,historical v1.x paper-support release,876a16d098e1da3f642ef70854cbc985bae5f9e3,paper_results/revision_v5/tables/topk_sensitivity_summary.csv,d80596b5952071be71ab0edf05829ee7ae29a82e2d45bf7e5150b70249a579aa,sha256_schema_row_count,false,
topk.11.ndcg_at_k,topk,formal_train,D2,ndcg_at_k,0.89106546,200,VERIFIED_FROM_RELEASE,historical v1.x paper-support release,876a16d098e1da3f642ef70854cbc985bae5f9e3,paper_results/revision_v5/tables/topk_sensitivity_summary.csv,d80596b5952071be71ab0edf05829ee7ae29a82e2d45bf7e5150b70249a579aa,sha256_schema_row_count,false,
topk.11.official_ndcg_10,topk,formal_train,D2,official_ndcg_10,0.76665776,200,VERIFIED_FROM_RELEASE,historical v1.x paper-support release,876a16d098e1da3f642ef70854cbc985bae5f9e3,paper_results/revision_v5/tables/topk_sensitivity_summary.csv,d80596b5952071be71ab0edf05829ee7ae29a82e2d45bf7e5150b70249a579aa,sha256_schema_row_count,false,
topk.11.redundancy,topk,formal_train,D2,redundancy,0.53988095,200,VERIFIED_FROM_RELEASE,historical v1.x paper-support release,876a16d098e1da3f642ef70854cbc985bae5f9e3,paper_results/revision_v5/tables/topk_sensitivity_summary.csv,d80596b5952071be71ab0edf05829ee7ae29a82e2d45bf7e5150b70249a579aa,sha256_schema_row_count,false,
topk.12.demand_cov_at_k,topk,formal_train,D3_TFIDF,demand_cov_at_k,0.82741667,200,VERIFIED_FROM_RELEASE,historical v1.x paper-support release,876a16d098e1da3f642ef70854cbc985bae5f9e3,paper_results/revision_v5/tables/topk_sensitivity_summary.csv,d80596b5952071be71ab0edf05829ee7ae29a82e2d45bf7e5150b70249a579aa,sha256_schema_row_count,false,
topk.12.ndcg_at_k,topk,formal_train,D3_TFIDF,ndcg_at_k,0.88983793,200,VERIFIED_FROM_RELEASE,historical v1.x paper-support release,876a16d098e1da3f642ef70854cbc985bae5f9e3,paper_results/revision_v5/tables/topk_sensitivity_summary.csv,d80596b5952071be71ab0edf05829ee7ae29a82e2d45bf7e5150b70249a579aa,sha256_schema_row_count,false,
topk.12.official_ndcg_10,topk,formal_train,D3_TFIDF,official_ndcg_10,0.46368079,200,VERIFIED_FROM_RELEASE,historical v1.x paper-support release,876a16d098e1da3f642ef70854cbc985bae5f9e3,paper_results/revision_v5/tables/topk_sensitivity_summary.csv,d80596b5952071be71ab0edf05829ee7ae29a82e2d45bf7e5150b70249a579aa,sha256_schema_row_count,false,
topk.12.redundancy,topk,formal_train,D3_TFIDF,redundancy,0.56027778,200,VERIFIED_FROM_RELEASE,historical v1.x paper-support release,876a16d098e1da3f642ef70854cbc985bae5f9e3,paper_results/revision_v5/tables/topk_sensitivity_summary.csv,d80596b5952071be71ab0edf05829ee7ae29a82e2d45bf7e5150b70249a579aa,sha256_schema_row_count,false,
topk.13.demand_cov_at_k,topk,formal_train,D3_TFIDF,demand_cov_at_k,0.87450000,200,VERIFIED_FROM_RELEASE,historical v1.x paper-support release,876a16d098e1da3f642ef70854cbc985bae5f9e3,paper_results/revision_v5/tables/topk_sensitivity_summary.csv,d80596b5952071be71ab0edf05829ee7ae29a82e2d45bf7e5150b70249a579aa,sha256_schema_row_count,false,
topk.13.ndcg_at_k,topk,formal_train,D3_TFIDF,ndcg_at_k,0.88610616,200,VERIFIED_FROM_RELEASE,historical v1.x paper-support release,876a16d098e1da3f642ef70854cbc985bae5f9e3,paper_results/revision_v5/tables/topk_sensitivity_summary.csv,d80596b5952071be71ab0edf05829ee7ae29a82e2d45bf7e5150b70249a579aa,sha256_schema_row_count,false,
topk.13.official_ndcg_10,topk,formal_train,D3_TFIDF,official_ndcg_10,0.62930161,200,VERIFIED_FROM_RELEASE,historical v1.x paper-support release,876a16d098e1da3f642ef70854cbc985bae5f9e3,paper_results/revision_v5/tables/topk_sensitivity_summary.csv,d80596b5952071be71ab0edf05829ee7ae29a82e2d45bf7e5150b70249a579aa,sha256_schema_row_count,false,
topk.13.redundancy,topk,formal_train,D3_TFIDF,redundancy,0.54776667,200,VERIFIED_FROM_RELEASE,historical v1.x paper-support release,876a16d098e1da3f642ef70854cbc985bae5f9e3,paper_results/revision_v5/tables/topk_sensitivity_summary.csv,d80596b5952071be71ab0edf05829ee7ae29a82e2d45bf7e5150b70249a579aa,sha256_schema_row_count,false,
topk.14.demand_cov_at_k,topk,formal_train,D3_TFIDF,demand_cov_at_k,0.90158333,200,VERIFIED_FROM_RELEASE,historical v1.x paper-support release,876a16d098e1da3f642ef70854cbc985bae5f9e3,paper_results/revision_v5/tables/topk_sensitivity_summary.csv,d80596b5952071be71ab0edf05829ee7ae29a82e2d45bf7e5150b70249a579aa,sha256_schema_row_count,false,
topk.14.ndcg_at_k,topk,formal_train,D3_TFIDF,ndcg_at_k,0.89291300,200,VERIFIED_FROM_RELEASE,historical v1.x paper-support release,876a16d098e1da3f642ef70854cbc985bae5f9e3,paper_results/revision_v5/tables/topk_sensitivity_summary.csv,d80596b5952071be71ab0edf05829ee7ae29a82e2d45bf7e5150b70249a579aa,sha256_schema_row_count,false,
topk.14.official_ndcg_10,topk,formal_train,D3_TFIDF,official_ndcg_10,0.76840068,200,VERIFIED_FROM_RELEASE,historical v1.x paper-support release,876a16d098e1da3f642ef70854cbc985bae5f9e3,paper_results/revision_v5/tables/topk_sensitivity_summary.csv,d80596b5952071be71ab0edf05829ee7ae29a82e2d45bf7e5150b70249a579aa,sha256_schema_row_count,false,
topk.14.redundancy,topk,formal_train,D3_TFIDF,redundancy,0.54250000,200,VERIFIED_FROM_RELEASE,historical v1.x paper-support release,876a16d098e1da3f642ef70854cbc985bae5f9e3,paper_results/revision_v5/tables/topk_sensitivity_summary.csv,d80596b5952071be71ab0edf05829ee7ae29a82e2d45bf7e5150b70249a579aa,sha256_schema_row_count,false,
topk.15.demand_cov_at_k,topk,formal_train,MMR,demand_cov_at_k,0.83025000,200,VERIFIED_FROM_RELEASE,historical v1.x paper-support release,876a16d098e1da3f642ef70854cbc985bae5f9e3,paper_results/revision_v5/tables/topk_sensitivity_summary.csv,d80596b5952071be71ab0edf05829ee7ae29a82e2d45bf7e5150b70249a579aa,sha256_schema_row_count,false,
topk.15.ndcg_at_k,topk,formal_train,MMR,ndcg_at_k,0.88901217,200,VERIFIED_FROM_RELEASE,historical v1.x paper-support release,876a16d098e1da3f642ef70854cbc985bae5f9e3,paper_results/revision_v5/tables/topk_sensitivity_summary.csv,d80596b5952071be71ab0edf05829ee7ae29a82e2d45bf7e5150b70249a579aa,sha256_schema_row_count,false,
topk.15.official_ndcg_10,topk,formal_train,MMR,official_ndcg_10,0.46473174,200,VERIFIED_FROM_RELEASE,historical v1.x paper-support release,876a16d098e1da3f642ef70854cbc985bae5f9e3,paper_results/revision_v5/tables/topk_sensitivity_summary.csv,d80596b5952071be71ab0edf05829ee7ae29a82e2d45bf7e5150b70249a579aa,sha256_schema_row_count,false,
topk.15.redundancy,topk,formal_train,MMR,redundancy,0.52052778,200,VERIFIED_FROM_RELEASE,historical v1.x paper-support release,876a16d098e1da3f642ef70854cbc985bae5f9e3,paper_results/revision_v5/tables/topk_sensitivity_summary.csv,d80596b5952071be71ab0edf05829ee7ae29a82e2d45bf7e5150b70249a579aa,sha256_schema_row_count,false,
topk.16.demand_cov_at_k,topk,formal_train,MMR,demand_cov_at_k,0.87675000,200,VERIFIED_FROM_RELEASE,historical v1.x paper-support release,876a16d098e1da3f642ef70854cbc985bae5f9e3,paper_results/revision_v5/tables/topk_sensitivity_summary.csv,d80596b5952071be71ab0edf05829ee7ae29a82e2d45bf7e5150b70249a579aa,sha256_schema_row_count,false,
topk.16.ndcg_at_k,topk,formal_train,MMR,ndcg_at_k,0.88469032,200,VERIFIED_FROM_RELEASE,historical v1.x paper-support release,876a16d098e1da3f642ef70854cbc985bae5f9e3,paper_results/revision_v5/tables/topk_sensitivity_summary.csv,d80596b5952071be71ab0edf05829ee7ae29a82e2d45bf7e5150b70249a579aa,sha256_schema_row_count,false,
topk.16.official_ndcg_10,topk,formal_train,MMR,official_ndcg_10,0.62938052,200,VERIFIED_FROM_RELEASE,historical v1.x paper-support release,876a16d098e1da3f642ef70854cbc985bae5f9e3,paper_results/revision_v5/tables/topk_sensitivity_summary.csv,d80596b5952071be71ab0edf05829ee7ae29a82e2d45bf7e5150b70249a579aa,sha256_schema_row_count,false,
topk.16.redundancy,topk,formal_train,MMR,redundancy,0.52783333,200,VERIFIED_FROM_RELEASE,historical v1.x paper-support release,876a16d098e1da3f642ef70854cbc985bae5f9e3,paper_results/revision_v5/tables/topk_sensitivity_summary.csv,d80596b5952071be71ab0edf05829ee7ae29a82e2d45bf7e5150b70249a579aa,sha256_schema_row_count,false,
topk.17.demand_cov_at_k,topk,formal_train,MMR,demand_cov_at_k,0.92158333,200,VERIFIED_FROM_RELEASE,historical v1.x paper-support release,876a16d098e1da3f642ef70854cbc985bae5f9e3,paper_results/revision_v5/tables/topk_sensitivity_summary.csv,d80596b5952071be71ab0edf05829ee7ae29a82e2d45bf7e5150b70249a579aa,sha256_schema_row_count,false,
topk.17.ndcg_at_k,topk,formal_train,MMR,ndcg_at_k,0.89616014,200,VERIFIED_FROM_RELEASE,historical v1.x paper-support release,876a16d098e1da3f642ef70854cbc985bae5f9e3,paper_results/revision_v5/tables/topk_sensitivity_summary.csv,d80596b5952071be71ab0edf05829ee7ae29a82e2d45bf7e5150b70249a579aa,sha256_schema_row_count,false,
topk.17.official_ndcg_10,topk,formal_train,MMR,official_ndcg_10,0.77214888,200,VERIFIED_FROM_RELEASE,historical v1.x paper-support release,876a16d098e1da3f642ef70854cbc985bae5f9e3,paper_results/revision_v5/tables/topk_sensitivity_summary.csv,d80596b5952071be71ab0edf05829ee7ae29a82e2d45bf7e5150b70249a579aa,sha256_schema_row_count,false,
topk.17.redundancy,topk,formal_train,MMR,redundancy,0.53666270,200,VERIFIED_FROM_RELEASE,historical v1.x paper-support release,876a16d098e1da3f642ef70854cbc985bae5f9e3,paper_results/revision_v5/tables/topk_sensitivity_summary.csv,d80596b5952071be71ab0edf05829ee7ae29a82e2d45bf7e5150b70249a579aa,sha256_schema_row_count,false,
topk.18.demand_cov_at_k,topk,internal_blind,B0,demand_cov_at_k,0.87150000,200,VERIFIED_FROM_RELEASE,historical v1.x paper-support release,876a16d098e1da3f642ef70854cbc985bae5f9e3,paper_results/revision_v5/tables/topk_sensitivity_summary.csv,d80596b5952071be71ab0edf05829ee7ae29a82e2d45bf7e5150b70249a579aa,sha256_schema_row_count,false,
topk.18.ndcg_at_k,topk,internal_blind,B0,ndcg_at_k,0.66350203,200,VERIFIED_FROM_RELEASE,historical v1.x paper-support release,876a16d098e1da3f642ef70854cbc985bae5f9e3,paper_results/revision_v5/tables/topk_sensitivity_summary.csv,d80596b5952071be71ab0edf05829ee7ae29a82e2d45bf7e5150b70249a579aa,sha256_schema_row_count,false,
topk.18.official_ndcg_10,topk,internal_blind,B0,official_ndcg_10,0.39909441,200,VERIFIED_FROM_RELEASE,historical v1.x paper-support release,876a16d098e1da3f642ef70854cbc985bae5f9e3,paper_results/revision_v5/tables/topk_sensitivity_summary.csv,d80596b5952071be71ab0edf05829ee7ae29a82e2d45bf7e5150b70249a579aa,sha256_schema_row_count,false,
topk.18.redundancy,topk,internal_blind,B0,redundancy,0.51538889,200,VERIFIED_FROM_RELEASE,historical v1.x paper-support release,876a16d098e1da3f642ef70854cbc985bae5f9e3,paper_results/revision_v5/tables/topk_sensitivity_summary.csv,d80596b5952071be71ab0edf05829ee7ae29a82e2d45bf7e5150b70249a579aa,sha256_schema_row_count,false,
topk.19.demand_cov_at_k,topk,internal_blind,B0,demand_cov_at_k,0.91825000,200,VERIFIED_FROM_RELEASE,historical v1.x paper-support release,876a16d098e1da3f642ef70854cbc985bae5f9e3,paper_results/revision_v5/tables/topk_sensitivity_summary.csv,d80596b5952071be71ab0edf05829ee7ae29a82e2d45bf7e5150b70249a579aa,sha256_schema_row_count,false,
topk.19.ndcg_at_k,topk,internal_blind,B0,ndcg_at_k,0.69112824,200,VERIFIED_FROM_RELEASE,historical v1.x paper-support release,876a16d098e1da3f642ef70854cbc985bae5f9e3,paper_results/revision_v5/tables/topk_sensitivity_summary.csv,d80596b5952071be71ab0edf05829ee7ae29a82e2d45bf7e5150b70249a579aa,sha256_schema_row_count,false,
topk.19.official_ndcg_10,topk,internal_blind,B0,official_ndcg_10,0.53384659,200,VERIFIED_FROM_RELEASE,historical v1.x paper-support release,876a16d098e1da3f642ef70854cbc985bae5f9e3,paper_results/revision_v5/tables/topk_sensitivity_summary.csv,d80596b5952071be71ab0edf05829ee7ae29a82e2d45bf7e5150b70249a579aa,sha256_schema_row_count,false,
topk.19.redundancy,topk,internal_blind,B0,redundancy,0.50845833,200,VERIFIED_FROM_RELEASE,historical v1.x paper-support release,876a16d098e1da3f642ef70854cbc985bae5f9e3,paper_results/revision_v5/tables/topk_sensitivity_summary.csv,d80596b5952071be71ab0edf05829ee7ae29a82e2d45bf7e5150b70249a579aa,sha256_schema_row_count,false,
topk.20.demand_cov_at_k,topk,internal_blind,B0,demand_cov_at_k,0.93191667,200,VERIFIED_FROM_RELEASE,historical v1.x paper-support release,876a16d098e1da3f642ef70854cbc985bae5f9e3,paper_results/revision_v5/tables/topk_sensitivity_summary.csv,d80596b5952071be71ab0edf05829ee7ae29a82e2d45bf7e5150b70249a579aa,sha256_schema_row_count,false,
topk.20.ndcg_at_k,topk,internal_blind,B0,ndcg_at_k,0.71610912,200,VERIFIED_FROM_RELEASE,historical v1.x paper-support release,876a16d098e1da3f642ef70854cbc985bae5f9e3,paper_results/revision_v5/tables/topk_sensitivity_summary.csv,d80596b5952071be71ab0edf05829ee7ae29a82e2d45bf7e5150b70249a579aa,sha256_schema_row_count,false,
topk.20.official_ndcg_10,topk,internal_blind,B0,official_ndcg_10,0.63808714,200,VERIFIED_FROM_RELEASE,historical v1.x paper-support release,876a16d098e1da3f642ef70854cbc985bae5f9e3,paper_results/revision_v5/tables/topk_sensitivity_summary.csv,d80596b5952071be71ab0edf05829ee7ae29a82e2d45bf7e5150b70249a579aa,sha256_schema_row_count,false,
topk.20.redundancy,topk,internal_blind,B0,redundancy,0.50898413,200,VERIFIED_FROM_RELEASE,historical v1.x paper-support release,876a16d098e1da3f642ef70854cbc985bae5f9e3,paper_results/revision_v5/tables/topk_sensitivity_summary.csv,d80596b5952071be71ab0edf05829ee7ae29a82e2d45bf7e5150b70249a579aa,sha256_schema_row_count,false,
topk.21.demand_cov_at_k,topk,internal_blind,D0,demand_cov_at_k,0.98025000,200,VERIFIED_FROM_RELEASE,historical v1.x paper-support release,876a16d098e1da3f642ef70854cbc985bae5f9e3,paper_results/revision_v5/tables/topk_sensitivity_summary.csv,d80596b5952071be71ab0edf05829ee7ae29a82e2d45bf7e5150b70249a579aa,sha256_schema_row_count,false,
topk.21.ndcg_at_k,topk,internal_blind,D0,ndcg_at_k,0.63287144,200,VERIFIED_FROM_RELEASE,historical v1.x paper-support release,876a16d098e1da3f642ef70854cbc985bae5f9e3,paper_results/revision_v5/tables/topk_sensitivity_summary.csv,d80596b5952071be71ab0edf05829ee7ae29a82e2d45bf7e5150b70249a579aa,sha256_schema_row_count,false,
topk.21.official_ndcg_10,topk,internal_blind,D0,official_ndcg_10,0.37742344,200,VERIFIED_FROM_RELEASE,historical v1.x paper-support release,876a16d098e1da3f642ef70854cbc985bae5f9e3,paper_results/revision_v5/tables/topk_sensitivity_summary.csv,d80596b5952071be71ab0edf05829ee7ae29a82e2d45bf7e5150b70249a579aa,sha256_schema_row_count,false,
topk.21.redundancy,topk,internal_blind,D0,redundancy,0.41350000,200,VERIFIED_FROM_RELEASE,historical v1.x paper-support release,876a16d098e1da3f642ef70854cbc985bae5f9e3,paper_results/revision_v5/tables/topk_sensitivity_summary.csv,d80596b5952071be71ab0edf05829ee7ae29a82e2d45bf7e5150b70249a579aa,sha256_schema_row_count,false,
topk.22.demand_cov_at_k,topk,internal_blind,D0,demand_cov_at_k,0.98191667,200,VERIFIED_FROM_RELEASE,historical v1.x paper-support release,876a16d098e1da3f642ef70854cbc985bae5f9e3,paper_results/revision_v5/tables/topk_sensitivity_summary.csv,d80596b5952071be71ab0edf05829ee7ae29a82e2d45bf7e5150b70249a579aa,sha256_schema_row_count,false,
topk.22.ndcg_at_k,topk,internal_blind,D0,ndcg_at_k,0.65172854,200,VERIFIED_FROM_RELEASE,historical v1.x paper-support release,876a16d098e1da3f642ef70854cbc985bae5f9e3,paper_results/revision_v5/tables/topk_sensitivity_summary.csv,d80596b5952071be71ab0edf05829ee7ae29a82e2d45bf7e5150b70249a579aa,sha256_schema_row_count,false,
topk.22.official_ndcg_10,topk,internal_blind,D0,official_ndcg_10,0.49881433,200,VERIFIED_FROM_RELEASE,historical v1.x paper-support release,876a16d098e1da3f642ef70854cbc985bae5f9e3,paper_results/revision_v5/tables/topk_sensitivity_summary.csv,d80596b5952071be71ab0edf05829ee7ae29a82e2d45bf7e5150b70249a579aa,sha256_schema_row_count,false,
topk.22.redundancy,topk,internal_blind,D0,redundancy,0.45142500,200,VERIFIED_FROM_RELEASE,historical v1.x paper-support release,876a16d098e1da3f642ef70854cbc985bae5f9e3,paper_results/revision_v5/tables/topk_sensitivity_summary.csv,d80596b5952071be71ab0edf05829ee7ae29a82e2d45bf7e5150b70249a579aa,sha256_schema_row_count,false,
topk.23.demand_cov_at_k,topk,internal_blind,D0,demand_cov_at_k,0.98358333,200,VERIFIED_FROM_RELEASE,historical v1.x paper-support release,876a16d098e1da3f642ef70854cbc985bae5f9e3,paper_results/revision_v5/tables/topk_sensitivity_summary.csv,d80596b5952071be71ab0edf05829ee7ae29a82e2d45bf7e5150b70249a579aa,sha256_schema_row_count,false,
topk.23.ndcg_at_k,topk,internal_blind,D0,ndcg_at_k,0.68194103,200,VERIFIED_FROM_RELEASE,historical v1.x paper-support release,876a16d098e1da3f642ef70854cbc985bae5f9e3,paper_results/revision_v5/tables/topk_sensitivity_summary.csv,d80596b5952071be71ab0edf05829ee7ae29a82e2d45bf7e5150b70249a579aa,sha256_schema_row_count,false,
topk.23.official_ndcg_10,topk,internal_blind,D0,official_ndcg_10,0.60562402,200,VERIFIED_FROM_RELEASE,historical v1.x paper-support release,876a16d098e1da3f642ef70854cbc985bae5f9e3,paper_results/revision_v5/tables/topk_sensitivity_summary.csv,d80596b5952071be71ab0edf05829ee7ae29a82e2d45bf7e5150b70249a579aa,sha256_schema_row_count,false,
topk.23.redundancy,topk,internal_blind,D0,redundancy,0.47689683,200,VERIFIED_FROM_RELEASE,historical v1.x paper-support release,876a16d098e1da3f642ef70854cbc985bae5f9e3,paper_results/revision_v5/tables/topk_sensitivity_summary.csv,d80596b5952071be71ab0edf05829ee7ae29a82e2d45bf7e5150b70249a579aa,sha256_schema_row_count,false,
topk.24.demand_cov_at_k,topk,internal_blind,D1,demand_cov_at_k,0.93766667,200,VERIFIED_FROM_RELEASE,historical v1.x paper-support release,876a16d098e1da3f642ef70854cbc985bae5f9e3,paper_results/revision_v5/tables/topk_sensitivity_summary.csv,d80596b5952071be71ab0edf05829ee7ae29a82e2d45bf7e5150b70249a579aa,sha256_schema_row_count,false,
topk.24.ndcg_at_k,topk,internal_blind,D1,ndcg_at_k,0.64030251,200,VERIFIED_FROM_RELEASE,historical v1.x paper-support release,876a16d098e1da3f642ef70854cbc985bae5f9e3,paper_results/revision_v5/tables/topk_sensitivity_summary.csv,d80596b5952071be71ab0edf05829ee7ae29a82e2d45bf7e5150b70249a579aa,sha256_schema_row_count,false,
topk.24.official_ndcg_10,topk,internal_blind,D1,official_ndcg_10,0.38337091,200,VERIFIED_FROM_RELEASE,historical v1.x paper-support release,876a16d098e1da3f642ef70854cbc985bae5f9e3,paper_results/revision_v5/tables/topk_sensitivity_summary.csv,d80596b5952071be71ab0edf05829ee7ae29a82e2d45bf7e5150b70249a579aa,sha256_schema_row_count,false,
topk.24.redundancy,topk,internal_blind,D1,redundancy,0.40738889,200,VERIFIED_FROM_RELEASE,historical v1.x paper-support release,876a16d098e1da3f642ef70854cbc985bae5f9e3,paper_results/revision_v5/tables/topk_sensitivity_summary.csv,d80596b5952071be71ab0edf05829ee7ae29a82e2d45bf7e5150b70249a579aa,sha256_schema_row_count,false,
topk.25.demand_cov_at_k,topk,internal_blind,D1,demand_cov_at_k,0.95366667,200,VERIFIED_FROM_RELEASE,historical v1.x paper-support release,876a16d098e1da3f642ef70854cbc985bae5f9e3,paper_results/revision_v5/tables/topk_sensitivity_summary.csv,d80596b5952071be71ab0edf05829ee7ae29a82e2d45bf7e5150b70249a579aa,sha256_schema_row_count,false,
topk.25.ndcg_at_k,topk,internal_blind,D1,ndcg_at_k,0.66288648,200,VERIFIED_FROM_RELEASE,historical v1.x paper-support release,876a16d098e1da3f642ef70854cbc985bae5f9e3,paper_results/revision_v5/tables/topk_sensitivity_summary.csv,d80596b5952071be71ab0edf05829ee7ae29a82e2d45bf7e5150b70249a579aa,sha256_schema_row_count,false,
topk.25.official_ndcg_10,topk,internal_blind,D1,official_ndcg_10,0.50944678,200,VERIFIED_FROM_RELEASE,historical v1.x paper-support release,876a16d098e1da3f642ef70854cbc985bae5f9e3,paper_results/revision_v5/tables/topk_sensitivity_summary.csv,d80596b5952071be71ab0edf05829ee7ae29a82e2d45bf7e5150b70249a579aa,sha256_schema_row_count,false,
topk.25.redundancy,topk,internal_blind,D1,redundancy,0.45240833,200,VERIFIED_FROM_RELEASE,historical v1.x paper-support release,876a16d098e1da3f642ef70854cbc985bae5f9e3,paper_results/revision_v5/tables/topk_sensitivity_summary.csv,d80596b5952071be71ab0edf05829ee7ae29a82e2d45bf7e5150b70249a579aa,sha256_schema_row_count,false,
topk.26.demand_cov_at_k,topk,internal_blind,D1,demand_cov_at_k,0.96483333,200,VERIFIED_FROM_RELEASE,historical v1.x paper-support release,876a16d098e1da3f642ef70854cbc985bae5f9e3,paper_results/revision_v5/tables/topk_sensitivity_summary.csv,d80596b5952071be71ab0edf05829ee7ae29a82e2d45bf7e5150b70249a579aa,sha256_schema_row_count,false,
topk.26.ndcg_at_k,topk,internal_blind,D1,ndcg_at_k,0.69065508,200,VERIFIED_FROM_RELEASE,historical v1.x paper-support release,876a16d098e1da3f642ef70854cbc985bae5f9e3,paper_results/revision_v5/tables/topk_sensitivity_summary.csv,d80596b5952071be71ab0edf05829ee7ae29a82e2d45bf7e5150b70249a579aa,sha256_schema_row_count,false,
topk.26.official_ndcg_10,topk,internal_blind,D1,official_ndcg_10,0.61445639,200,VERIFIED_FROM_RELEASE,historical v1.x paper-support release,876a16d098e1da3f642ef70854cbc985bae5f9e3,paper_results/revision_v5/tables/topk_sensitivity_summary.csv,d80596b5952071be71ab0edf05829ee7ae29a82e2d45bf7e5150b70249a579aa,sha256_schema_row_count,false,
topk.26.redundancy,topk,internal_blind,D1,redundancy,0.47465476,200,VERIFIED_FROM_RELEASE,historical v1.x paper-support release,876a16d098e1da3f642ef70854cbc985bae5f9e3,paper_results/revision_v5/tables/topk_sensitivity_summary.csv,d80596b5952071be71ab0edf05829ee7ae29a82e2d45bf7e5150b70249a579aa,sha256_schema_row_count,false,
topk.27.demand_cov_at_k,topk,internal_blind,D2,demand_cov_at_k,0.87416667,200,VERIFIED_FROM_RELEASE,historical v1.x paper-support release,876a16d098e1da3f642ef70854cbc985bae5f9e3,paper_results/revision_v5/tables/topk_sensitivity_summary.csv,d80596b5952071be71ab0edf05829ee7ae29a82e2d45bf7e5150b70249a579aa,sha256_schema_row_count,false,
topk.27.ndcg_at_k,topk,internal_blind,D2,ndcg_at_k,0.65228293,200,VERIFIED_FROM_RELEASE,historical v1.x paper-support release,876a16d098e1da3f642ef70854cbc985bae5f9e3,paper_results/revision_v5/tables/topk_sensitivity_summary.csv,d80596b5952071be71ab0edf05829ee7ae29a82e2d45bf7e5150b70249a579aa,sha256_schema_row_count,false,
topk.27.official_ndcg_10,topk,internal_blind,D2,official_ndcg_10,0.38943426,200,VERIFIED_FROM_RELEASE,historical v1.x paper-support release,876a16d098e1da3f642ef70854cbc985bae5f9e3,paper_results/revision_v5/tables/topk_sensitivity_summary.csv,d80596b5952071be71ab0edf05829ee7ae29a82e2d45bf7e5150b70249a579aa,sha256_schema_row_count,false,
topk.27.redundancy,topk,internal_blind,D2,redundancy,0.49733333,200,VERIFIED_FROM_RELEASE,historical v1.x paper-support release,876a16d098e1da3f642ef70854cbc985bae5f9e3,paper_results/revision_v5/tables/topk_sensitivity_summary.csv,d80596b5952071be71ab0edf05829ee7ae29a82e2d45bf7e5150b70249a579aa,sha256_schema_row_count,false,
topk.28.demand_cov_at_k,topk,internal_blind,D2,demand_cov_at_k,0.92825000,200,VERIFIED_FROM_RELEASE,historical v1.x paper-support release,876a16d098e1da3f642ef70854cbc985bae5f9e3,paper_results/revision_v5/tables/topk_sensitivity_summary.csv,d80596b5952071be71ab0edf05829ee7ae29a82e2d45bf7e5150b70249a579aa,sha256_schema_row_count,false,
topk.28.ndcg_at_k,topk,internal_blind,D2,ndcg_at_k,0.66510197,200,VERIFIED_FROM_RELEASE,historical v1.x paper-support release,876a16d098e1da3f642ef70854cbc985bae5f9e3,paper_results/revision_v5/tables/topk_sensitivity_summary.csv,d80596b5952071be71ab0edf05829ee7ae29a82e2d45bf7e5150b70249a579aa,sha256_schema_row_count,false,
topk.28.official_ndcg_10,topk,internal_blind,D2,official_ndcg_10,0.51092204,200,VERIFIED_FROM_RELEASE,historical v1.x paper-support release,876a16d098e1da3f642ef70854cbc985bae5f9e3,paper_results/revision_v5/tables/topk_sensitivity_summary.csv,d80596b5952071be71ab0edf05829ee7ae29a82e2d45bf7e5150b70249a579aa,sha256_schema_row_count,false,
topk.28.redundancy,topk,internal_blind,D2,redundancy,0.48370000,200,VERIFIED_FROM_RELEASE,historical v1.x paper-support release,876a16d098e1da3f642ef70854cbc985bae5f9e3,paper_results/revision_v5/tables/topk_sensitivity_summary.csv,d80596b5952071be71ab0edf05829ee7ae29a82e2d45bf7e5150b70249a579aa,sha256_schema_row_count,false,
topk.29.demand_cov_at_k,topk,internal_blind,D2,demand_cov_at_k,0.94116667,200,VERIFIED_FROM_RELEASE,historical v1.x paper-support release,876a16d098e1da3f642ef70854cbc985bae5f9e3,paper_results/revision_v5/tables/topk_sensitivity_summary.csv,d80596b5952071be71ab0edf05829ee7ae29a82e2d45bf7e5150b70249a579aa,sha256_schema_row_count,false,
topk.29.ndcg_at_k,topk,internal_blind,D2,ndcg_at_k,0.69614477,200,VERIFIED_FROM_RELEASE,historical v1.x paper-support release,876a16d098e1da3f642ef70854cbc985bae5f9e3,paper_results/revision_v5/tables/topk_sensitivity_summary.csv,d80596b5952071be71ab0edf05829ee7ae29a82e2d45bf7e5150b70249a579aa,sha256_schema_row_count,false,
topk.29.official_ndcg_10,topk,internal_blind,D2,official_ndcg_10,0.61913683,200,VERIFIED_FROM_RELEASE,historical v1.x paper-support release,876a16d098e1da3f642ef70854cbc985bae5f9e3,paper_results/revision_v5/tables/topk_sensitivity_summary.csv,d80596b5952071be71ab0edf05829ee7ae29a82e2d45bf7e5150b70249a579aa,sha256_schema_row_count,false,
topk.29.redundancy,topk,internal_blind,D2,redundancy,0.49144444,200,VERIFIED_FROM_RELEASE,historical v1.x paper-support release,876a16d098e1da3f642ef70854cbc985bae5f9e3,paper_results/revision_v5/tables/topk_sensitivity_summary.csv,d80596b5952071be71ab0edf05829ee7ae29a82e2d45bf7e5150b70249a579aa,sha256_schema_row_count,false,
topk.30.demand_cov_at_k,topk,internal_blind,D3_TFIDF,demand_cov_at_k,0.86525000,200,VERIFIED_FROM_RELEASE,historical v1.x paper-support release,876a16d098e1da3f642ef70854cbc985bae5f9e3,paper_results/revision_v5/tables/topk_sensitivity_summary.csv,d80596b5952071be71ab0edf05829ee7ae29a82e2d45bf7e5150b70249a579aa,sha256_schema_row_count,false,
topk.30.ndcg_at_k,topk,internal_blind,D3_TFIDF,ndcg_at_k,0.63908867,200,VERIFIED_FROM_RELEASE,historical v1.x paper-support release,876a16d098e1da3f642ef70854cbc985bae5f9e3,paper_results/revision_v5/tables/topk_sensitivity_summary.csv,d80596b5952071be71ab0edf05829ee7ae29a82e2d45bf7e5150b70249a579aa,sha256_schema_row_count,false,
topk.30.official_ndcg_10,topk,internal_blind,D3_TFIDF,official_ndcg_10,0.38034590,200,VERIFIED_FROM_RELEASE,historical v1.x paper-support release,876a16d098e1da3f642ef70854cbc985bae5f9e3,paper_results/revision_v5/tables/topk_sensitivity_summary.csv,d80596b5952071be71ab0edf05829ee7ae29a82e2d45bf7e5150b70249a579aa,sha256_schema_row_count,false,
topk.30.redundancy,topk,internal_blind,D3_TFIDF,redundancy,0.48011111,200,VERIFIED_FROM_RELEASE,historical v1.x paper-support release,876a16d098e1da3f642ef70854cbc985bae5f9e3,paper_results/revision_v5/tables/topk_sensitivity_summary.csv,d80596b5952071be71ab0edf05829ee7ae29a82e2d45bf7e5150b70249a579aa,sha256_schema_row_count,false,
topk.31.demand_cov_at_k,topk,internal_blind,D3_TFIDF,demand_cov_at_k,0.92158333,200,VERIFIED_FROM_RELEASE,historical v1.x paper-support release,876a16d098e1da3f642ef70854cbc985bae5f9e3,paper_results/revision_v5/tables/topk_sensitivity_summary.csv,d80596b5952071be71ab0edf05829ee7ae29a82e2d45bf7e5150b70249a579aa,sha256_schema_row_count,false,
topk.31.ndcg_at_k,topk,internal_blind,D3_TFIDF,ndcg_at_k,0.65945772,200,VERIFIED_FROM_RELEASE,historical v1.x paper-support release,876a16d098e1da3f642ef70854cbc985bae5f9e3,paper_results/revision_v5/tables/topk_sensitivity_summary.csv,d80596b5952071be71ab0edf05829ee7ae29a82e2d45bf7e5150b70249a579aa,sha256_schema_row_count,false,
topk.31.official_ndcg_10,topk,internal_blind,D3_TFIDF,official_ndcg_10,0.50747247,200,VERIFIED_FROM_RELEASE,historical v1.x paper-support release,876a16d098e1da3f642ef70854cbc985bae5f9e3,paper_results/revision_v5/tables/topk_sensitivity_summary.csv,d80596b5952071be71ab0edf05829ee7ae29a82e2d45bf7e5150b70249a579aa,sha256_schema_row_count,false,
topk.31.redundancy,topk,internal_blind,D3_TFIDF,redundancy,0.47498333,200,VERIFIED_FROM_RELEASE,historical v1.x paper-support release,876a16d098e1da3f642ef70854cbc985bae5f9e3,paper_results/revision_v5/tables/topk_sensitivity_summary.csv,d80596b5952071be71ab0edf05829ee7ae29a82e2d45bf7e5150b70249a579aa,sha256_schema_row_count,false,
topk.32.demand_cov_at_k,topk,internal_blind,D3_TFIDF,demand_cov_at_k,0.93991667,200,VERIFIED_FROM_RELEASE,historical v1.x paper-support release,876a16d098e1da3f642ef70854cbc985bae5f9e3,paper_results/revision_v5/tables/topk_sensitivity_summary.csv,d80596b5952071be71ab0edf05829ee7ae29a82e2d45bf7e5150b70249a579aa,sha256_schema_row_count,false,
topk.32.ndcg_at_k,topk,internal_blind,D3_TFIDF,ndcg_at_k,0.68757756,200,VERIFIED_FROM_RELEASE,historical v1.x paper-support release,876a16d098e1da3f642ef70854cbc985bae5f9e3,paper_results/revision_v5/tables/topk_sensitivity_summary.csv,d80596b5952071be71ab0edf05829ee7ae29a82e2d45bf7e5150b70249a579aa,sha256_schema_row_count,false,
topk.32.official_ndcg_10,topk,internal_blind,D3_TFIDF,official_ndcg_10,0.61163092,200,VERIFIED_FROM_RELEASE,historical v1.x paper-support release,876a16d098e1da3f642ef70854cbc985bae5f9e3,paper_results/revision_v5/tables/topk_sensitivity_summary.csv,d80596b5952071be71ab0edf05829ee7ae29a82e2d45bf7e5150b70249a579aa,sha256_schema_row_count,false,
topk.32.redundancy,topk,internal_blind,D3_TFIDF,redundancy,0.48731746,200,VERIFIED_FROM_RELEASE,historical v1.x paper-support release,876a16d098e1da3f642ef70854cbc985bae5f9e3,paper_results/revision_v5/tables/topk_sensitivity_summary.csv,d80596b5952071be71ab0edf05829ee7ae29a82e2d45bf7e5150b70249a579aa,sha256_schema_row_count,false,
topk.33.demand_cov_at_k,topk,internal_blind,MMR,demand_cov_at_k,0.87383333,200,VERIFIED_FROM_RELEASE,historical v1.x paper-support release,876a16d098e1da3f642ef70854cbc985bae5f9e3,paper_results/revision_v5/tables/topk_sensitivity_summary.csv,d80596b5952071be71ab0edf05829ee7ae29a82e2d45bf7e5150b70249a579aa,sha256_schema_row_count,false,
topk.33.ndcg_at_k,topk,internal_blind,MMR,ndcg_at_k,0.66004211,200,VERIFIED_FROM_RELEASE,historical v1.x paper-support release,876a16d098e1da3f642ef70854cbc985bae5f9e3,paper_results/revision_v5/tables/topk_sensitivity_summary.csv,d80596b5952071be71ab0edf05829ee7ae29a82e2d45bf7e5150b70249a579aa,sha256_schema_row_count,false,
topk.33.official_ndcg_10,topk,internal_blind,MMR,official_ndcg_10,0.39701427,200,VERIFIED_FROM_RELEASE,historical v1.x paper-support release,876a16d098e1da3f642ef70854cbc985bae5f9e3,paper_results/revision_v5/tables/topk_sensitivity_summary.csv,d80596b5952071be71ab0edf05829ee7ae29a82e2d45bf7e5150b70249a579aa,sha256_schema_row_count,false,
topk.33.redundancy,topk,internal_blind,MMR,redundancy,0.46666667,200,VERIFIED_FROM_RELEASE,historical v1.x paper-support release,876a16d098e1da3f642ef70854cbc985bae5f9e3,paper_results/revision_v5/tables/topk_sensitivity_summary.csv,d80596b5952071be71ab0edf05829ee7ae29a82e2d45bf7e5150b70249a579aa,sha256_schema_row_count,false,
topk.34.demand_cov_at_k,topk,internal_blind,MMR,demand_cov_at_k,0.93100000,200,VERIFIED_FROM_RELEASE,historical v1.x paper-support release,876a16d098e1da3f642ef70854cbc985bae5f9e3,paper_results/revision_v5/tables/topk_sensitivity_summary.csv,d80596b5952071be71ab0edf05829ee7ae29a82e2d45bf7e5150b70249a579aa,sha256_schema_row_count,false,
topk.34.ndcg_at_k,topk,internal_blind,MMR,ndcg_at_k,0.67253109,200,VERIFIED_FROM_RELEASE,historical v1.x paper-support release,876a16d098e1da3f642ef70854cbc985bae5f9e3,paper_results/revision_v5/tables/topk_sensitivity_summary.csv,d80596b5952071be71ab0edf05829ee7ae29a82e2d45bf7e5150b70249a579aa,sha256_schema_row_count,false,
topk.34.official_ndcg_10,topk,internal_blind,MMR,official_ndcg_10,0.51801722,200,VERIFIED_FROM_RELEASE,historical v1.x paper-support release,876a16d098e1da3f642ef70854cbc985bae5f9e3,paper_results/revision_v5/tables/topk_sensitivity_summary.csv,d80596b5952071be71ab0edf05829ee7ae29a82e2d45bf7e5150b70249a579aa,sha256_schema_row_count,false,
topk.34.redundancy,topk,internal_blind,MMR,redundancy,0.47225000,200,VERIFIED_FROM_RELEASE,historical v1.x paper-support release,876a16d098e1da3f642ef70854cbc985bae5f9e3,paper_results/revision_v5/tables/topk_sensitivity_summary.csv,d80596b5952071be71ab0edf05829ee7ae29a82e2d45bf7e5150b70249a579aa,sha256_schema_row_count,false,
topk.35.demand_cov_at_k,topk,internal_blind,MMR,demand_cov_at_k,0.94550000,200,VERIFIED_FROM_RELEASE,historical v1.x paper-support release,876a16d098e1da3f642ef70854cbc985bae5f9e3,paper_results/revision_v5/tables/topk_sensitivity_summary.csv,d80596b5952071be71ab0edf05829ee7ae29a82e2d45bf7e5150b70249a579aa,sha256_schema_row_count,false,
topk.35.ndcg_at_k,topk,internal_blind,MMR,ndcg_at_k,0.70280353,200,VERIFIED_FROM_RELEASE,historical v1.x paper-support release,876a16d098e1da3f642ef70854cbc985bae5f9e3,paper_results/revision_v5/tables/topk_sensitivity_summary.csv,d80596b5952071be71ab0edf05829ee7ae29a82e2d45bf7e5150b70249a579aa,sha256_schema_row_count,false,
topk.35.official_ndcg_10,topk,internal_blind,MMR,official_ndcg_10,0.62582367,200,VERIFIED_FROM_RELEASE,historical v1.x paper-support release,876a16d098e1da3f642ef70854cbc985bae5f9e3,paper_results/revision_v5/tables/topk_sensitivity_summary.csv,d80596b5952071be71ab0edf05829ee7ae29a82e2d45bf7e5150b70249a579aa,sha256_schema_row_count,false,
topk.35.redundancy,topk,internal_blind,MMR,redundancy,0.48325794,200,VERIFIED_FROM_RELEASE,historical v1.x paper-support release,876a16d098e1da3f642ef70854cbc985bae5f9e3,paper_results/revision_v5/tables/topk_sensitivity_summary.csv,d80596b5952071be71ab0edf05829ee7ae29a82e2d45bf7e5150b70249a579aa,sha256_schema_row_count,false,
topk.36.demand_cov_at_k,topk,cmedqa2_external,B0,demand_cov_at_k,0.91373239,142,VERIFIED_FROM_RELEASE,historical v1.x paper-support release,876a16d098e1da3f642ef70854cbc985bae5f9e3,paper_results/revision_v5/tables/topk_sensitivity_summary.csv,d80596b5952071be71ab0edf05829ee7ae29a82e2d45bf7e5150b70249a579aa,sha256_schema_row_count,false,
topk.36.ndcg_at_k,topk,cmedqa2_external,B0,ndcg_at_k,0.68921996,142,VERIFIED_FROM_RELEASE,historical v1.x paper-support release,876a16d098e1da3f642ef70854cbc985bae5f9e3,paper_results/revision_v5/tables/topk_sensitivity_summary.csv,d80596b5952071be71ab0edf05829ee7ae29a82e2d45bf7e5150b70249a579aa,sha256_schema_row_count,false,
topk.36.official_ndcg_10,topk,cmedqa2_external,B0,official_ndcg_10,0.39241064,142,VERIFIED_FROM_RELEASE,historical v1.x paper-support release,876a16d098e1da3f642ef70854cbc985bae5f9e3,paper_results/revision_v5/tables/topk_sensitivity_summary.csv,d80596b5952071be71ab0edf05829ee7ae29a82e2d45bf7e5150b70249a579aa,sha256_schema_row_count,false,
topk.36.redundancy,topk,cmedqa2_external,B0,redundancy,0.58141628,142,VERIFIED_FROM_RELEASE,historical v1.x paper-support release,876a16d098e1da3f642ef70854cbc985bae5f9e3,paper_results/revision_v5/tables/topk_sensitivity_summary.csv,d80596b5952071be71ab0edf05829ee7ae29a82e2d45bf7e5150b70249a579aa,sha256_schema_row_count,false,
topk.37.demand_cov_at_k,topk,cmedqa2_external,B0,demand_cov_at_k,0.96302817,142,VERIFIED_FROM_RELEASE,historical v1.x paper-support release,876a16d098e1da3f642ef70854cbc985bae5f9e3,paper_results/revision_v5/tables/topk_sensitivity_summary.csv,d80596b5952071be71ab0edf05829ee7ae29a82e2d45bf7e5150b70249a579aa,sha256_schema_row_count,false,
topk.37.ndcg_at_k,topk,cmedqa2_external,B0,ndcg_at_k,0.69558209,142,VERIFIED_FROM_RELEASE,historical v1.x paper-support release,876a16d098e1da3f642ef70854cbc985bae5f9e3,paper_results/revision_v5/tables/topk_sensitivity_summary.csv,d80596b5952071be71ab0edf05829ee7ae29a82e2d45bf7e5150b70249a579aa,sha256_schema_row_count,false,
topk.37.official_ndcg_10,topk,cmedqa2_external,B0,official_ndcg_10,0.51658022,142,VERIFIED_FROM_RELEASE,historical v1.x paper-support release,876a16d098e1da3f642ef70854cbc985bae5f9e3,paper_results/revision_v5/tables/topk_sensitivity_summary.csv,d80596b5952071be71ab0edf05829ee7ae29a82e2d45bf7e5150b70249a579aa,sha256_schema_row_count,false,
topk.37.redundancy,topk,cmedqa2_external,B0,redundancy,0.56390845,142,VERIFIED_FROM_RELEASE,historical v1.x paper-support release,876a16d098e1da3f642ef70854cbc985bae5f9e3,paper_results/revision_v5/tables/topk_sensitivity_summary.csv,d80596b5952071be71ab0edf05829ee7ae29a82e2d45bf7e5150b70249a579aa,sha256_schema_row_count,false,
topk.38.demand_cov_at_k,topk,cmedqa2_external,B0,demand_cov_at_k,0.97065728,142,VERIFIED_FROM_RELEASE,historical v1.x paper-support release,876a16d098e1da3f642ef70854cbc985bae5f9e3,paper_results/revision_v5/tables/topk_sensitivity_summary.csv,d80596b5952071be71ab0edf05829ee7ae29a82e2d45bf7e5150b70249a579aa,sha256_schema_row_count,false,
topk.38.ndcg_at_k,topk,cmedqa2_external,B0,ndcg_at_k,0.71257794,142,VERIFIED_FROM_RELEASE,historical v1.x paper-support release,876a16d098e1da3f642ef70854cbc985bae5f9e3,paper_results/revision_v5/tables/topk_sensitivity_summary.csv,d80596b5952071be71ab0edf05829ee7ae29a82e2d45bf7e5150b70249a579aa,sha256_schema_row_count,false,
topk.38.official_ndcg_10,topk,cmedqa2_external,B0,official_ndcg_10,0.61980032,142,VERIFIED_FROM_RELEASE,historical v1.x paper-support release,876a16d098e1da3f642ef70854cbc985bae5f9e3,paper_results/revision_v5/tables/topk_sensitivity_summary.csv,d80596b5952071be71ab0edf05829ee7ae29a82e2d45bf7e5150b70249a579aa,sha256_schema_row_count,false,
topk.38.redundancy,topk,cmedqa2_external,B0,redundancy,0.55378940,142,VERIFIED_FROM_RELEASE,historical v1.x paper-support release,876a16d098e1da3f642ef70854cbc985bae5f9e3,paper_results/revision_v5/tables/topk_sensitivity_summary.csv,d80596b5952071be71ab0edf05829ee7ae29a82e2d45bf7e5150b70249a579aa,sha256_schema_row_count,false,
topk.39.demand_cov_at_k,topk,cmedqa2_external,D0,demand_cov_at_k,0.98356808,142,VERIFIED_FROM_RELEASE,historical v1.x paper-support release,876a16d098e1da3f642ef70854cbc985bae5f9e3,paper_results/revision_v5/tables/topk_sensitivity_summary.csv,d80596b5952071be71ab0edf05829ee7ae29a82e2d45bf7e5150b70249a579aa,sha256_schema_row_count,false,
topk.39.ndcg_at_k,topk,cmedqa2_external,D0,ndcg_at_k,0.63599449,142,VERIFIED_FROM_RELEASE,historical v1.x paper-support release,876a16d098e1da3f642ef70854cbc985bae5f9e3,paper_results/revision_v5/tables/topk_sensitivity_summary.csv,d80596b5952071be71ab0edf05829ee7ae29a82e2d45bf7e5150b70249a579aa,sha256_schema_row_count,false,
topk.39.official_ndcg_10,topk,cmedqa2_external,D0,official_ndcg_10,0.35688941,142,VERIFIED_FROM_RELEASE,historical v1.x paper-support release,876a16d098e1da3f642ef70854cbc985bae5f9e3,paper_results/revision_v5/tables/topk_sensitivity_summary.csv,d80596b5952071be71ab0edf05829ee7ae29a82e2d45bf7e5150b70249a579aa,sha256_schema_row_count,false,
topk.39.redundancy,topk,cmedqa2_external,D0,redundancy,0.47957746,142,VERIFIED_FROM_RELEASE,historical v1.x paper-support release,876a16d098e1da3f642ef70854cbc985bae5f9e3,paper_results/revision_v5/tables/topk_sensitivity_summary.csv,d80596b5952071be71ab0edf05829ee7ae29a82e2d45bf7e5150b70249a579aa,sha256_schema_row_count,false,
topk.40.demand_cov_at_k,topk,cmedqa2_external,D0,demand_cov_at_k,0.98591549,142,VERIFIED_FROM_RELEASE,historical v1.x paper-support release,876a16d098e1da3f642ef70854cbc985bae5f9e3,paper_results/revision_v5/tables/topk_sensitivity_summary.csv,d80596b5952071be71ab0edf05829ee7ae29a82e2d45bf7e5150b70249a579aa,sha256_schema_row_count,false,
topk.40.ndcg_at_k,topk,cmedqa2_external,D0,ndcg_at_k,0.65715936,142,VERIFIED_FROM_RELEASE,historical v1.x paper-support release,876a16d098e1da3f642ef70854cbc985bae5f9e3,paper_results/revision_v5/tables/topk_sensitivity_summary.csv,d80596b5952071be71ab0edf05829ee7ae29a82e2d45bf7e5150b70249a579aa,sha256_schema_row_count,false,
topk.40.official_ndcg_10,topk,cmedqa2_external,D0,official_ndcg_10,0.48485928,142,VERIFIED_FROM_RELEASE,historical v1.x paper-support release,876a16d098e1da3f642ef70854cbc985bae5f9e3,paper_results/revision_v5/tables/topk_sensitivity_summary.csv,d80596b5952071be71ab0edf05829ee7ae29a82e2d45bf7e5150b70249a579aa,sha256_schema_row_count,false,
topk.40.redundancy,topk,cmedqa2_external,D0,redundancy,0.50830986,142,VERIFIED_FROM_RELEASE,historical v1.x paper-support release,876a16d098e1da3f642ef70854cbc985bae5f9e3,paper_results/revision_v5/tables/topk_sensitivity_summary.csv,d80596b5952071be71ab0edf05829ee7ae29a82e2d45bf7e5150b70249a579aa,sha256_schema_row_count,false,
topk.41.demand_cov_at_k,topk,cmedqa2_external,D0,demand_cov_at_k,0.98591549,142,VERIFIED_FROM_RELEASE,historical v1.x paper-support release,876a16d098e1da3f642ef70854cbc985bae5f9e3,paper_results/revision_v5/tables/topk_sensitivity_summary.csv,d80596b5952071be71ab0edf05829ee7ae29a82e2d45bf7e5150b70249a579aa,sha256_schema_row_count,false,
topk.41.ndcg_at_k,topk,cmedqa2_external,D0,ndcg_at_k,0.68506745,142,VERIFIED_FROM_RELEASE,historical v1.x paper-support release,876a16d098e1da3f642ef70854cbc985bae5f9e3,paper_results/revision_v5/tables/topk_sensitivity_summary.csv,d80596b5952071be71ab0edf05829ee7ae29a82e2d45bf7e5150b70249a579aa,sha256_schema_row_count,false,
topk.41.official_ndcg_10,topk,cmedqa2_external,D0,official_ndcg_10,0.59417845,142,VERIFIED_FROM_RELEASE,historical v1.x paper-support release,876a16d098e1da3f642ef70854cbc985bae5f9e3,paper_results/revision_v5/tables/topk_sensitivity_summary.csv,d80596b5952071be71ab0edf05829ee7ae29a82e2d45bf7e5150b70249a579aa,sha256_schema_row_count,false,
topk.41.redundancy,topk,cmedqa2_external,D0,redundancy,0.52076347,142,VERIFIED_FROM_RELEASE,historical v1.x paper-support release,876a16d098e1da3f642ef70854cbc985bae5f9e3,paper_results/revision_v5/tables/topk_sensitivity_summary.csv,d80596b5952071be71ab0edf05829ee7ae29a82e2d45bf7e5150b70249a579aa,sha256_schema_row_count,false,
topk.42.demand_cov_at_k,topk,cmedqa2_external,D1,demand_cov_at_k,0.97593897,142,VERIFIED_FROM_RELEASE,historical v1.x paper-support release,876a16d098e1da3f642ef70854cbc985bae5f9e3,paper_results/revision_v5/tables/topk_sensitivity_summary.csv,d80596b5952071be71ab0edf05829ee7ae29a82e2d45bf7e5150b70249a579aa,sha256_schema_row_count,false,
topk.42.ndcg_at_k,topk,cmedqa2_external,D1,ndcg_at_k,0.65382100,142,VERIFIED_FROM_RELEASE,historical v1.x paper-support release,876a16d098e1da3f642ef70854cbc985bae5f9e3,paper_results/revision_v5/tables/topk_sensitivity_summary.csv,d80596b5952071be71ab0edf05829ee7ae29a82e2d45bf7e5150b70249a579aa,sha256_schema_row_count,false,
topk.42.official_ndcg_10,topk,cmedqa2_external,D1,official_ndcg_10,0.37022952,142,VERIFIED_FROM_RELEASE,historical v1.x paper-support release,876a16d098e1da3f642ef70854cbc985bae5f9e3,paper_results/revision_v5/tables/topk_sensitivity_summary.csv,d80596b5952071be71ab0edf05829ee7ae29a82e2d45bf7e5150b70249a579aa,sha256_schema_row_count,false,
topk.42.redundancy,topk,cmedqa2_external,D1,redundancy,0.45723787,142,VERIFIED_FROM_RELEASE,historical v1.x paper-support release,876a16d098e1da3f642ef70854cbc985bae5f9e3,paper_results/revision_v5/tables/topk_sensitivity_summary.csv,d80596b5952071be71ab0edf05829ee7ae29a82e2d45bf7e5150b70249a579aa,sha256_schema_row_count,false,
topk.43.demand_cov_at_k,topk,cmedqa2_external,D1,demand_cov_at_k,0.98356808,142,VERIFIED_FROM_RELEASE,historical v1.x paper-support release,876a16d098e1da3f642ef70854cbc985bae5f9e3,paper_results/revision_v5/tables/topk_sensitivity_summary.csv,d80596b5952071be71ab0edf05829ee7ae29a82e2d45bf7e5150b70249a579aa,sha256_schema_row_count,false,
topk.43.ndcg_at_k,topk,cmedqa2_external,D1,ndcg_at_k,0.67023775,142,VERIFIED_FROM_RELEASE,historical v1.x paper-support release,876a16d098e1da3f642ef70854cbc985bae5f9e3,paper_results/revision_v5/tables/topk_sensitivity_summary.csv,d80596b5952071be71ab0edf05829ee7ae29a82e2d45bf7e5150b70249a579aa,sha256_schema_row_count,false,
topk.43.official_ndcg_10,topk,cmedqa2_external,D1,official_ndcg_10,0.49607465,142,VERIFIED_FROM_RELEASE,historical v1.x paper-support release,876a16d098e1da3f642ef70854cbc985bae5f9e3,paper_results/revision_v5/tables/topk_sensitivity_summary.csv,d80596b5952071be71ab0edf05829ee7ae29a82e2d45bf7e5150b70249a579aa,sha256_schema_row_count,false,
topk.43.redundancy,topk,cmedqa2_external,D1,redundancy,0.49929577,142,VERIFIED_FROM_RELEASE,historical v1.x paper-support release,876a16d098e1da3f642ef70854cbc985bae5f9e3,paper_results/revision_v5/tables/topk_sensitivity_summary.csv,d80596b5952071be71ab0edf05829ee7ae29a82e2d45bf7e5150b70249a579aa,sha256_schema_row_count,false,
topk.44.demand_cov_at_k,topk,cmedqa2_external,D1,demand_cov_at_k,0.98356808,142,VERIFIED_FROM_RELEASE,historical v1.x paper-support release,876a16d098e1da3f642ef70854cbc985bae5f9e3,paper_results/revision_v5/tables/topk_sensitivity_summary.csv,d80596b5952071be71ab0edf05829ee7ae29a82e2d45bf7e5150b70249a579aa,sha256_schema_row_count,false,
topk.44.ndcg_at_k,topk,cmedqa2_external,D1,ndcg_at_k,0.69456935,142,VERIFIED_FROM_RELEASE,historical v1.x paper-support release,876a16d098e1da3f642ef70854cbc985bae5f9e3,paper_results/revision_v5/tables/topk_sensitivity_summary.csv,d80596b5952071be71ab0edf05829ee7ae29a82e2d45bf7e5150b70249a579aa,sha256_schema_row_count,false,
topk.44.official_ndcg_10,topk,cmedqa2_external,D1,official_ndcg_10,0.60298843,142,VERIFIED_FROM_RELEASE,historical v1.x paper-support release,876a16d098e1da3f642ef70854cbc985bae5f9e3,paper_results/revision_v5/tables/topk_sensitivity_summary.csv,d80596b5952071be71ab0edf05829ee7ae29a82e2d45bf7e5150b70249a579aa,sha256_schema_row_count,false,
topk.44.redundancy,topk,cmedqa2_external,D1,redundancy,0.51334675,142,VERIFIED_FROM_RELEASE,historical v1.x paper-support release,876a16d098e1da3f642ef70854cbc985bae5f9e3,paper_results/revision_v5/tables/topk_sensitivity_summary.csv,d80596b5952071be71ab0edf05829ee7ae29a82e2d45bf7e5150b70249a579aa,sha256_schema_row_count,false,
topk.45.demand_cov_at_k,topk,cmedqa2_external,D2,demand_cov_at_k,0.93661972,142,VERIFIED_FROM_RELEASE,historical v1.x paper-support release,876a16d098e1da3f642ef70854cbc985bae5f9e3,paper_results/revision_v5/tables/topk_sensitivity_summary.csv,d80596b5952071be71ab0edf05829ee7ae29a82e2d45bf7e5150b70249a579aa,sha256_schema_row_count,false,
topk.45.ndcg_at_k,topk,cmedqa2_external,D2,ndcg_at_k,0.67027288,142,VERIFIED_FROM_RELEASE,historical v1.x paper-support release,876a16d098e1da3f642ef70854cbc985bae5f9e3,paper_results/revision_v5/tables/topk_sensitivity_summary.csv,d80596b5952071be71ab0edf05829ee7ae29a82e2d45bf7e5150b70249a579aa,sha256_schema_row_count,false,
topk.45.official_ndcg_10,topk,cmedqa2_external,D2,official_ndcg_10,0.38214982,142,VERIFIED_FROM_RELEASE,historical v1.x paper-support release,876a16d098e1da3f642ef70854cbc985bae5f9e3,paper_results/revision_v5/tables/topk_sensitivity_summary.csv,d80596b5952071be71ab0edf05829ee7ae29a82e2d45bf7e5150b70249a579aa,sha256_schema_row_count,false,
topk.45.redundancy,topk,cmedqa2_external,D2,redundancy,0.52586072,142,VERIFIED_FROM_RELEASE,historical v1.x paper-support release,876a16d098e1da3f642ef70854cbc985bae5f9e3,paper_results/revision_v5/tables/topk_sensitivity_summary.csv,d80596b5952071be71ab0edf05829ee7ae29a82e2d45bf7e5150b70249a579aa,sha256_schema_row_count,false,
topk.46.demand_cov_at_k,topk,cmedqa2_external,D2,demand_cov_at_k,0.97652582,142,VERIFIED_FROM_RELEASE,historical v1.x paper-support release,876a16d098e1da3f642ef70854cbc985bae5f9e3,paper_results/revision_v5/tables/topk_sensitivity_summary.csv,d80596b5952071be71ab0edf05829ee7ae29a82e2d45bf7e5150b70249a579aa,sha256_schema_row_count,false,
topk.46.ndcg_at_k,topk,cmedqa2_external,D2,ndcg_at_k,0.68197839,142,VERIFIED_FROM_RELEASE,historical v1.x paper-support release,876a16d098e1da3f642ef70854cbc985bae5f9e3,paper_results/revision_v5/tables/topk_sensitivity_summary.csv,d80596b5952071be71ab0edf05829ee7ae29a82e2d45bf7e5150b70249a579aa,sha256_schema_row_count,false,
topk.46.official_ndcg_10,topk,cmedqa2_external,D2,official_ndcg_10,0.50741194,142,VERIFIED_FROM_RELEASE,historical v1.x paper-support release,876a16d098e1da3f642ef70854cbc985bae5f9e3,paper_results/revision_v5/tables/topk_sensitivity_summary.csv,d80596b5952071be71ab0edf05829ee7ae29a82e2d45bf7e5150b70249a579aa,sha256_schema_row_count,false,
topk.46.redundancy,topk,cmedqa2_external,D2,redundancy,0.53330986,142,VERIFIED_FROM_RELEASE,historical v1.x paper-support release,876a16d098e1da3f642ef70854cbc985bae5f9e3,paper_results/revision_v5/tables/topk_sensitivity_summary.csv,d80596b5952071be71ab0edf05829ee7ae29a82e2d45bf7e5150b70249a579aa,sha256_schema_row_count,false,
topk.47.demand_cov_at_k,topk,cmedqa2_external,D2,demand_cov_at_k,0.98122066,142,VERIFIED_FROM_RELEASE,historical v1.x paper-support release,876a16d098e1da3f642ef70854cbc985bae5f9e3,paper_results/revision_v5/tables/topk_sensitivity_summary.csv,d80596b5952071be71ab0edf05829ee7ae29a82e2d45bf7e5150b70249a579aa,sha256_schema_row_count,false,
topk.47.ndcg_at_k,topk,cmedqa2_external,D2,ndcg_at_k,0.70411562,142,VERIFIED_FROM_RELEASE,historical v1.x paper-support release,876a16d098e1da3f642ef70854cbc985bae5f9e3,paper_results/revision_v5/tables/topk_sensitivity_summary.csv,d80596b5952071be71ab0edf05829ee7ae29a82e2d45bf7e5150b70249a579aa,sha256_schema_row_count,false,
topk.47.official_ndcg_10,topk,cmedqa2_external,D2,official_ndcg_10,0.61320301,142,VERIFIED_FROM_RELEASE,historical v1.x paper-support release,876a16d098e1da3f642ef70854cbc985bae5f9e3,paper_results/revision_v5/tables/topk_sensitivity_summary.csv,d80596b5952071be71ab0edf05829ee7ae29a82e2d45bf7e5150b70249a579aa,sha256_schema_row_count,false,
topk.47.redundancy,topk,cmedqa2_external,D2,redundancy,0.53152806,142,VERIFIED_FROM_RELEASE,historical v1.x paper-support release,876a16d098e1da3f642ef70854cbc985bae5f9e3,paper_results/revision_v5/tables/topk_sensitivity_summary.csv,d80596b5952071be71ab0edf05829ee7ae29a82e2d45bf7e5150b70249a579aa,sha256_schema_row_count,false,
topk.48.demand_cov_at_k,topk,cmedqa2_external,D3_TFIDF,demand_cov_at_k,0.94542254,142,VERIFIED_FROM_RELEASE,historical v1.x paper-support release,876a16d098e1da3f642ef70854cbc985bae5f9e3,paper_results/revision_v5/tables/topk_sensitivity_summary.csv,d80596b5952071be71ab0edf05829ee7ae29a82e2d45bf7e5150b70249a579aa,sha256_schema_row_count,false,
topk.48.ndcg_at_k,topk,cmedqa2_external,D3_TFIDF,ndcg_at_k,0.65201612,142,VERIFIED_FROM_RELEASE,historical v1.x paper-support release,876a16d098e1da3f642ef70854cbc985bae5f9e3,paper_results/revision_v5/tables/topk_sensitivity_summary.csv,d80596b5952071be71ab0edf05829ee7ae29a82e2d45bf7e5150b70249a579aa,sha256_schema_row_count,false,
topk.48.official_ndcg_10,topk,cmedqa2_external,D3_TFIDF,official_ndcg_10,0.37133687,142,VERIFIED_FROM_RELEASE,historical v1.x paper-support release,876a16d098e1da3f642ef70854cbc985bae5f9e3,paper_results/revision_v5/tables/topk_sensitivity_summary.csv,d80596b5952071be71ab0edf05829ee7ae29a82e2d45bf7e5150b70249a579aa,sha256_schema_row_count,false,
topk.48.redundancy,topk,cmedqa2_external,D3_TFIDF,redundancy,0.52703443,142,VERIFIED_FROM_RELEASE,historical v1.x paper-support release,876a16d098e1da3f642ef70854cbc985bae5f9e3,paper_results/revision_v5/tables/topk_sensitivity_summary.csv,d80596b5952071be71ab0edf05829ee7ae29a82e2d45bf7e5150b70249a579aa,sha256_schema_row_count,false,
topk.49.demand_cov_at_k,topk,cmedqa2_external,D3_TFIDF,demand_cov_at_k,0.97300469,142,VERIFIED_FROM_RELEASE,historical v1.x paper-support release,876a16d098e1da3f642ef70854cbc985bae5f9e3,paper_results/revision_v5/tables/topk_sensitivity_summary.csv,d80596b5952071be71ab0edf05829ee7ae29a82e2d45bf7e5150b70249a579aa,sha256_schema_row_count,false,
topk.49.ndcg_at_k,topk,cmedqa2_external,D3_TFIDF,ndcg_at_k,0.66603190,142,VERIFIED_FROM_RELEASE,historical v1.x paper-support release,876a16d098e1da3f642ef70854cbc985bae5f9e3,paper_results/revision_v5/tables/topk_sensitivity_summary.csv,d80596b5952071be71ab0edf05829ee7ae29a82e2d45bf7e5150b70249a579aa,sha256_schema_row_count,false,
topk.49.official_ndcg_10,topk,cmedqa2_external,D3_TFIDF,official_ndcg_10,0.49543721,142,VERIFIED_FROM_RELEASE,historical v1.x paper-support release,876a16d098e1da3f642ef70854cbc985bae5f9e3,paper_results/revision_v5/tables/topk_sensitivity_summary.csv,d80596b5952071be71ab0edf05829ee7ae29a82e2d45bf7e5150b70249a579aa,sha256_schema_row_count,false,
topk.49.redundancy,topk,cmedqa2_external,D3_TFIDF,redundancy,0.54090376,142,VERIFIED_FROM_RELEASE,historical v1.x paper-support release,876a16d098e1da3f642ef70854cbc985bae5f9e3,paper_results/revision_v5/tables/topk_sensitivity_summary.csv,d80596b5952071be71ab0edf05829ee7ae29a82e2d45bf7e5150b70249a579aa,sha256_schema_row_count,false,
topk.50.demand_cov_at_k,topk,cmedqa2_external,D3_TFIDF,demand_cov_at_k,0.98122066,142,VERIFIED_FROM_RELEASE,historical v1.x paper-support release,876a16d098e1da3f642ef70854cbc985bae5f9e3,paper_results/revision_v5/tables/topk_sensitivity_summary.csv,d80596b5952071be71ab0edf05829ee7ae29a82e2d45bf7e5150b70249a579aa,sha256_schema_row_count,false,
topk.50.ndcg_at_k,topk,cmedqa2_external,D3_TFIDF,ndcg_at_k,0.69723651,142,VERIFIED_FROM_RELEASE,historical v1.x paper-support release,876a16d098e1da3f642ef70854cbc985bae5f9e3,paper_results/revision_v5/tables/topk_sensitivity_summary.csv,d80596b5952071be71ab0edf05829ee7ae29a82e2d45bf7e5150b70249a579aa,sha256_schema_row_count,false,
topk.50.official_ndcg_10,topk,cmedqa2_external,D3_TFIDF,official_ndcg_10,0.60754929,142,VERIFIED_FROM_RELEASE,historical v1.x paper-support release,876a16d098e1da3f642ef70854cbc985bae5f9e3,paper_results/revision_v5/tables/topk_sensitivity_summary.csv,d80596b5952071be71ab0edf05829ee7ae29a82e2d45bf7e5150b70249a579aa,sha256_schema_row_count,false,
topk.50.redundancy,topk,cmedqa2_external,D3_TFIDF,redundancy,0.53364073,142,VERIFIED_FROM_RELEASE,historical v1.x paper-support release,876a16d098e1da3f642ef70854cbc985bae5f9e3,paper_results/revision_v5/tables/topk_sensitivity_summary.csv,d80596b5952071be71ab0edf05829ee7ae29a82e2d45bf7e5150b70249a579aa,sha256_schema_row_count,false,
topk.51.demand_cov_at_k,topk,cmedqa2_external,MMR,demand_cov_at_k,0.90199531,142,VERIFIED_FROM_RELEASE,historical v1.x paper-support release,876a16d098e1da3f642ef70854cbc985bae5f9e3,paper_results/revision_v5/tables/topk_sensitivity_summary.csv,d80596b5952071be71ab0edf05829ee7ae29a82e2d45bf7e5150b70249a579aa,sha256_schema_row_count,false,
topk.51.ndcg_at_k,topk,cmedqa2_external,MMR,ndcg_at_k,0.66137441,142,VERIFIED_FROM_RELEASE,historical v1.x paper-support release,876a16d098e1da3f642ef70854cbc985bae5f9e3,paper_results/revision_v5/tables/topk_sensitivity_summary.csv,d80596b5952071be71ab0edf05829ee7ae29a82e2d45bf7e5150b70249a579aa,sha256_schema_row_count,false,
topk.51.official_ndcg_10,topk,cmedqa2_external,MMR,official_ndcg_10,0.37503334,142,VERIFIED_FROM_RELEASE,historical v1.x paper-support release,876a16d098e1da3f642ef70854cbc985bae5f9e3,paper_results/revision_v5/tables/topk_sensitivity_summary.csv,d80596b5952071be71ab0edf05829ee7ae29a82e2d45bf7e5150b70249a579aa,sha256_schema_row_count,false,
topk.51.redundancy,topk,cmedqa2_external,MMR,redundancy,0.53661972,142,VERIFIED_FROM_RELEASE,historical v1.x paper-support release,876a16d098e1da3f642ef70854cbc985bae5f9e3,paper_results/revision_v5/tables/topk_sensitivity_summary.csv,d80596b5952071be71ab0edf05829ee7ae29a82e2d45bf7e5150b70249a579aa,sha256_schema_row_count,false,
topk.52.demand_cov_at_k,topk,cmedqa2_external,MMR,demand_cov_at_k,0.95892019,142,VERIFIED_FROM_RELEASE,historical v1.x paper-support release,876a16d098e1da3f642ef70854cbc985bae5f9e3,paper_results/revision_v5/tables/topk_sensitivity_summary.csv,d80596b5952071be71ab0edf05829ee7ae29a82e2d45bf7e5150b70249a579aa,sha256_schema_row_count,false,
topk.52.ndcg_at_k,topk,cmedqa2_external,MMR,ndcg_at_k,0.67597012,142,VERIFIED_FROM_RELEASE,historical v1.x paper-support release,876a16d098e1da3f642ef70854cbc985bae5f9e3,paper_results/revision_v5/tables/topk_sensitivity_summary.csv,d80596b5952071be71ab0edf05829ee7ae29a82e2d45bf7e5150b70249a579aa,sha256_schema_row_count,false,
topk.52.official_ndcg_10,topk,cmedqa2_external,MMR,official_ndcg_10,0.50112287,142,VERIFIED_FROM_RELEASE,historical v1.x paper-support release,876a16d098e1da3f642ef70854cbc985bae5f9e3,paper_results/revision_v5/tables/topk_sensitivity_summary.csv,d80596b5952071be71ab0edf05829ee7ae29a82e2d45bf7e5150b70249a579aa,sha256_schema_row_count,false,
topk.52.redundancy,topk,cmedqa2_external,MMR,redundancy,0.52760563,142,VERIFIED_FROM_RELEASE,historical v1.x paper-support release,876a16d098e1da3f642ef70854cbc985bae5f9e3,paper_results/revision_v5/tables/topk_sensitivity_summary.csv,d80596b5952071be71ab0edf05829ee7ae29a82e2d45bf7e5150b70249a579aa,sha256_schema_row_count,false,
topk.53.demand_cov_at_k,topk,cmedqa2_external,MMR,demand_cov_at_k,0.97417840,142,VERIFIED_FROM_RELEASE,historical v1.x paper-support release,876a16d098e1da3f642ef70854cbc985bae5f9e3,paper_results/revision_v5/tables/topk_sensitivity_summary.csv,d80596b5952071be71ab0edf05829ee7ae29a82e2d45bf7e5150b70249a579aa,sha256_schema_row_count,false,
topk.53.ndcg_at_k,topk,cmedqa2_external,MMR,ndcg_at_k,0.70898122,142,VERIFIED_FROM_RELEASE,historical v1.x paper-support release,876a16d098e1da3f642ef70854cbc985bae5f9e3,paper_results/revision_v5/tables/topk_sensitivity_summary.csv,d80596b5952071be71ab0edf05829ee7ae29a82e2d45bf7e5150b70249a579aa,sha256_schema_row_count,false,
topk.53.official_ndcg_10,topk,cmedqa2_external,MMR,official_ndcg_10,0.61709346,142,VERIFIED_FROM_RELEASE,historical v1.x paper-support release,876a16d098e1da3f642ef70854cbc985bae5f9e3,paper_results/revision_v5/tables/topk_sensitivity_summary.csv,d80596b5952071be71ab0edf05829ee7ae29a82e2d45bf7e5150b70249a579aa,sha256_schema_row_count,false,
topk.53.redundancy,topk,cmedqa2_external,MMR,redundancy,0.52067963,142,VERIFIED_FROM_RELEASE,historical v1.x paper-support release,876a16d098e1da3f642ef70854cbc985bae5f9e3,paper_results/revision_v5/tables/topk_sensitivity_summary.csv,d80596b5952071be71ab0edf05829ee7ae29a82e2d45bf7e5150b70249a579aa,sha256_schema_row_count,false,
generation_validation.0.faithfulness_mean,generation_validation,B0,B0,faithfulness_mean,1.916667,60,VERIFIED_FROM_RELEASE,historical v1.x paper-support release,876a16d098e1da3f642ef70854cbc985bae5f9e3,paper_results/generation/v3_frozen/generation_paper_method_summary.csv,4b5756f3b4b898640317e6d70c6c2e36b18677f8d8eb6d3754f805453a14f93f,sha256_schema_row_count,false,
generation_validation.0.demand_completeness_mean,generation_validation,B0,B0,demand_completeness_mean,1.816667,60,VERIFIED_FROM_RELEASE,historical v1.x paper-support release,876a16d098e1da3f642ef70854cbc985bae5f9e3,paper_results/generation/v3_frozen/generation_paper_method_summary.csv,4b5756f3b4b898640317e6d70c6c2e36b18677f8d8eb6d3754f805453a14f93f,sha256_schema_row_count,false,
generation_validation.0.overall_utility_mean,generation_validation,B0,B0,overall_utility_mean,1.733333,60,VERIFIED_FROM_RELEASE,historical v1.x paper-support release,876a16d098e1da3f642ef70854cbc985bae5f9e3,paper_results/generation/v3_frozen/generation_paper_method_summary.csv,4b5756f3b4b898640317e6d70c6c2e36b18677f8d8eb6d3754f805453a14f93f,sha256_schema_row_count,false,
generation_validation.0.unsupported_claim_mean,generation_validation,B0,B0,unsupported_claim_mean,0.033333,60,VERIFIED_FROM_RELEASE,historical v1.x paper-support release,876a16d098e1da3f642ef70854cbc985bae5f9e3,paper_results/generation/v3_frozen/generation_paper_method_summary.csv,4b5756f3b4b898640317e6d70c6c2e36b18677f8d8eb6d3754f805453a14f93f,sha256_schema_row_count,false,
generation_validation.0.critical_risk_omission_mean,generation_validation,B0,B0,critical_risk_omission_mean,0.016667,60,VERIFIED_FROM_RELEASE,historical v1.x paper-support release,876a16d098e1da3f642ef70854cbc985bae5f9e3,paper_results/generation/v3_frozen/generation_paper_method_summary.csv,4b5756f3b4b898640317e6d70c6c2e36b18677f8d8eb6d3754f805453a14f93f,sha256_schema_row_count,false,
generation_validation.1.faithfulness_mean,generation_validation,D0,D0,faithfulness_mean,1.933333,60,VERIFIED_FROM_RELEASE,historical v1.x paper-support release,876a16d098e1da3f642ef70854cbc985bae5f9e3,paper_results/generation/v3_frozen/generation_paper_method_summary.csv,4b5756f3b4b898640317e6d70c6c2e36b18677f8d8eb6d3754f805453a14f93f,sha256_schema_row_count,false,
generation_validation.1.demand_completeness_mean,generation_validation,D0,D0,demand_completeness_mean,1.8,60,VERIFIED_FROM_RELEASE,historical v1.x paper-support release,876a16d098e1da3f642ef70854cbc985bae5f9e3,paper_results/generation/v3_frozen/generation_paper_method_summary.csv,4b5756f3b4b898640317e6d70c6c2e36b18677f8d8eb6d3754f805453a14f93f,sha256_schema_row_count,false,
generation_validation.1.overall_utility_mean,generation_validation,D0,D0,overall_utility_mean,1.766667,60,VERIFIED_FROM_RELEASE,historical v1.x paper-support release,876a16d098e1da3f642ef70854cbc985bae5f9e3,paper_results/generation/v3_frozen/generation_paper_method_summary.csv,4b5756f3b4b898640317e6d70c6c2e36b18677f8d8eb6d3754f805453a14f93f,sha256_schema_row_count,false,
generation_validation.1.unsupported_claim_mean,generation_validation,D0,D0,unsupported_claim_mean,0.033333,60,VERIFIED_FROM_RELEASE,historical v1.x paper-support release,876a16d098e1da3f642ef70854cbc985bae5f9e3,paper_results/generation/v3_frozen/generation_paper_method_summary.csv,4b5756f3b4b898640317e6d70c6c2e36b18677f8d8eb6d3754f805453a14f93f,sha256_schema_row_count,false,
generation_validation.1.critical_risk_omission_mean,generation_validation,D0,D0,critical_risk_omission_mean,0.016667,60,VERIFIED_FROM_RELEASE,historical v1.x paper-support release,876a16d098e1da3f642ef70854cbc985bae5f9e3,paper_results/generation/v3_frozen/generation_paper_method_summary.csv,4b5756f3b4b898640317e6d70c6c2e36b18677f8d8eb6d3754f805453a14f93f,sha256_schema_row_count,false,
generation_validation.2.faithfulness_mean,generation_validation,D3_TFIDF,D3_TFIDF,faithfulness_mean,1.966667,60,VERIFIED_FROM_RELEASE,historical v1.x paper-support release,876a16d098e1da3f642ef70854cbc985bae5f9e3,paper_results/generation/v3_frozen/generation_paper_method_summary.csv,4b5756f3b4b898640317e6d70c6c2e36b18677f8d8eb6d3754f805453a14f93f,sha256_schema_row_count,false,
generation_validation.2.demand_completeness_mean,generation_validation,D3_TFIDF,D3_TFIDF,demand_completeness_mean,1.866667,60,VERIFIED_FROM_RELEASE,historical v1.x paper-support release,876a16d098e1da3f642ef70854cbc985bae5f9e3,paper_results/generation/v3_frozen/generation_paper_method_summary.csv,4b5756f3b4b898640317e6d70c6c2e36b18677f8d8eb6d3754f805453a14f93f,sha256_schema_row_count,false,
generation_validation.2.overall_utility_mean,generation_validation,D3_TFIDF,D3_TFIDF,overall_utility_mean,1.85,60,VERIFIED_FROM_RELEASE,historical v1.x paper-support release,876a16d098e1da3f642ef70854cbc985bae5f9e3,paper_results/generation/v3_frozen/generation_paper_method_summary.csv,4b5756f3b4b898640317e6d70c6c2e36b18677f8d8eb6d3754f805453a14f93f,sha256_schema_row_count,false,
generation_validation.2.unsupported_claim_mean,generation_validation,D3_TFIDF,D3_TFIDF,unsupported_claim_mean,0.033333,60,VERIFIED_FROM_RELEASE,historical v1.x paper-support release,876a16d098e1da3f642ef70854cbc985bae5f9e3,paper_results/generation/v3_frozen/generation_paper_method_summary.csv,4b5756f3b4b898640317e6d70c6c2e36b18677f8d8eb6d3754f805453a14f93f,sha256_schema_row_count,false,
generation_validation.2.critical_risk_omission_mean,generation_validation,D3_TFIDF,D3_TFIDF,critical_risk_omission_mean,0.0,60,VERIFIED_FROM_RELEASE,historical v1.x paper-support release,876a16d098e1da3f642ef70854cbc985bae5f9e3,paper_results/generation/v3_frozen/generation_paper_method_summary.csv,4b5756f3b4b898640317e6d70c6c2e36b18677f8d8eb6d3754f805453a14f93f,sha256_schema_row_count,false,
generation_validation.3.faithfulness_mean,generation_validation,D3_ROBERTA,D3_ROBERTA,faithfulness_mean,1.9,60,VERIFIED_FROM_RELEASE,historical v1.x paper-support release,876a16d098e1da3f642ef70854cbc985bae5f9e3,paper_results/generation/v3_frozen/generation_paper_method_summary.csv,4b5756f3b4b898640317e6d70c6c2e36b18677f8d8eb6d3754f805453a14f93f,sha256_schema_row_count,false,
generation_validation.3.demand_completeness_mean,generation_validation,D3_ROBERTA,D3_ROBERTA,demand_completeness_mean,1.85,60,VERIFIED_FROM_RELEASE,historical v1.x paper-support release,876a16d098e1da3f642ef70854cbc985bae5f9e3,paper_results/generation/v3_frozen/generation_paper_method_summary.csv,4b5756f3b4b898640317e6d70c6c2e36b18677f8d8eb6d3754f805453a14f93f,sha256_schema_row_count,false,
generation_validation.3.overall_utility_mean,generation_validation,D3_ROBERTA,D3_ROBERTA,overall_utility_mean,1.766667,60,VERIFIED_FROM_RELEASE,historical v1.x paper-support release,876a16d098e1da3f642ef70854cbc985bae5f9e3,paper_results/generation/v3_frozen/generation_paper_method_summary.csv,4b5756f3b4b898640317e6d70c6c2e36b18677f8d8eb6d3754f805453a14f93f,sha256_schema_row_count,false,
generation_validation.3.unsupported_claim_mean,generation_validation,D3_ROBERTA,D3_ROBERTA,unsupported_claim_mean,0.083333,60,VERIFIED_FROM_RELEASE,historical v1.x paper-support release,876a16d098e1da3f642ef70854cbc985bae5f9e3,paper_results/generation/v3_frozen/generation_paper_method_summary.csv,4b5756f3b4b898640317e6d70c6c2e36b18677f8d8eb6d3754f805453a14f93f,sha256_schema_row_count,false,
generation_validation.3.critical_risk_omission_mean,generation_validation,D3_ROBERTA,D3_ROBERTA,critical_risk_omission_mean,0.033333,60,VERIFIED_FROM_RELEASE,historical v1.x paper-support release,876a16d098e1da3f642ef70854cbc985bae5f9e3,paper_results/generation/v3_frozen/generation_paper_method_summary.csv,4b5756f3b4b898640317e6d70c6c2e36b18677f8d8eb6d3754f805453a14f93f,sha256_schema_row_count,false,
leakage_injection_effect.0.mean_demand_cov,leakage_injection_effect,all,joint,mean_demand_cov,0.8745,50,VERIFIED_FROM_RELEASE,historical v1.x paper-support release,876a16d098e1da3f642ef70854cbc985bae5f9e3,paper_results/manifests/leakage_summary.csv,86f61afbbae407f5f9969a4d2901a646fe5469bef1000ecf29b07faeb882c266,sha256_schema_row_count,false,
leakage_injection_effect.0.std_demand_cov,leakage_injection_effect,all,joint,std_demand_cov,0.0000,50,VERIFIED_FROM_RELEASE,historical v1.x paper-support release,876a16d098e1da3f642ef70854cbc985bae5f9e3,paper_results/manifests/leakage_summary.csv,86f61afbbae407f5f9969a4d2901a646fe5469bef1000ecf29b07faeb882c266,sha256_schema_row_count,false,
leakage_injection_effect.0.ci95_low,leakage_injection_effect,all,joint,ci95_low,0.8745,50,VERIFIED_FROM_RELEASE,historical v1.x paper-support release,876a16d098e1da3f642ef70854cbc985bae5f9e3,paper_results/manifests/leakage_summary.csv,86f61afbbae407f5f9969a4d2901a646fe5469bef1000ecf29b07faeb882c266,sha256_schema_row_count,false,
leakage_injection_effect.0.ci95_high,leakage_injection_effect,all,joint,ci95_high,0.8745,50,VERIFIED_FROM_RELEASE,historical v1.x paper-support release,876a16d098e1da3f642ef70854cbc985bae5f9e3,paper_results/manifests/leakage_summary.csv,86f61afbbae407f5f9969a4d2901a646fe5469bef1000ecf29b07faeb882c266,sha256_schema_row_count,false,
leakage_injection_effect.0.mean_ndcg,leakage_injection_effect,all,joint,mean_ndcg,0.0,50,VERIFIED_FROM_RELEASE,historical v1.x paper-support release,876a16d098e1da3f642ef70854cbc985bae5f9e3,paper_results/manifests/leakage_summary.csv,86f61afbbae407f5f9969a4d2901a646fe5469bef1000ecf29b07faeb882c266,sha256_schema_row_count,false,
leakage_injection_effect.1.mean_demand_cov,leakage_injection_effect,all,joint,mean_demand_cov,0.8735,50,VERIFIED_FROM_RELEASE,historical v1.x paper-support release,876a16d098e1da3f642ef70854cbc985bae5f9e3,paper_results/manifests/leakage_summary.csv,86f61afbbae407f5f9969a4d2901a646fe5469bef1000ecf29b07faeb882c266,sha256_schema_row_count,false,
leakage_injection_effect.1.std_demand_cov,leakage_injection_effect,all,joint,std_demand_cov,0.0030,50,VERIFIED_FROM_RELEASE,historical v1.x paper-support release,876a16d098e1da3f642ef70854cbc985bae5f9e3,paper_results/manifests/leakage_summary.csv,86f61afbbae407f5f9969a4d2901a646fe5469bef1000ecf29b07faeb882c266,sha256_schema_row_count,false,
leakage_injection_effect.1.ci95_low,leakage_injection_effect,all,joint,ci95_low,0.8682,50,VERIFIED_FROM_RELEASE,historical v1.x paper-support release,876a16d098e1da3f642ef70854cbc985bae5f9e3,paper_results/manifests/leakage_summary.csv,86f61afbbae407f5f9969a4d2901a646fe5469bef1000ecf29b07faeb882c266,sha256_schema_row_count,false,
leakage_injection_effect.1.ci95_high,leakage_injection_effect,all,joint,ci95_high,0.8791,50,VERIFIED_FROM_RELEASE,historical v1.x paper-support release,876a16d098e1da3f642ef70854cbc985bae5f9e3,paper_results/manifests/leakage_summary.csv,86f61afbbae407f5f9969a4d2901a646fe5469bef1000ecf29b07faeb882c266,sha256_schema_row_count,false,
leakage_injection_effect.1.mean_ndcg,leakage_injection_effect,all,joint,mean_ndcg,0.0,50,VERIFIED_FROM_RELEASE,historical v1.x paper-support release,876a16d098e1da3f642ef70854cbc985bae5f9e3,paper_results/manifests/leakage_summary.csv,86f61afbbae407f5f9969a4d2901a646fe5469bef1000ecf29b07faeb882c266,sha256_schema_row_count,false,
leakage_injection_effect.2.mean_demand_cov,leakage_injection_effect,all,joint,mean_demand_cov,0.8729,50,VERIFIED_FROM_RELEASE,historical v1.x paper-support release,876a16d098e1da3f642ef70854cbc985bae5f9e3,paper_results/manifests/leakage_summary.csv,86f61afbbae407f5f9969a4d2901a646fe5469bef1000ecf29b07faeb882c266,sha256_schema_row_count,false,
leakage_injection_effect.2.std_demand_cov,leakage_injection_effect,all,joint,std_demand_cov,0.0043,50,VERIFIED_FROM_RELEASE,historical v1.x paper-support release,876a16d098e1da3f642ef70854cbc985bae5f9e3,paper_results/manifests/leakage_summary.csv,86f61afbbae407f5f9969a4d2901a646fe5469bef1000ecf29b07faeb882c266,sha256_schema_row_count,false,
leakage_injection_effect.2.ci95_low,leakage_injection_effect,all,joint,ci95_low,0.8641,50,VERIFIED_FROM_RELEASE,historical v1.x paper-support release,876a16d098e1da3f642ef70854cbc985bae5f9e3,paper_results/manifests/leakage_summary.csv,86f61afbbae407f5f9969a4d2901a646fe5469bef1000ecf29b07faeb882c266,sha256_schema_row_count,false,
leakage_injection_effect.2.ci95_high,leakage_injection_effect,all,joint,ci95_high,0.8807,50,VERIFIED_FROM_RELEASE,historical v1.x paper-support release,876a16d098e1da3f642ef70854cbc985bae5f9e3,paper_results/manifests/leakage_summary.csv,86f61afbbae407f5f9969a4d2901a646fe5469bef1000ecf29b07faeb882c266,sha256_schema_row_count,false,
leakage_injection_effect.2.mean_ndcg,leakage_injection_effect,all,joint,mean_ndcg,0.0,50,VERIFIED_FROM_RELEASE,historical v1.x paper-support release,876a16d098e1da3f642ef70854cbc985bae5f9e3,paper_results/manifests/leakage_summary.csv,86f61afbbae407f5f9969a4d2901a646fe5469bef1000ecf29b07faeb882c266,sha256_schema_row_count,false,
leakage_injection_effect.3.mean_demand_cov,leakage_injection_effect,all,joint,mean_demand_cov,0.8765,50,VERIFIED_FROM_RELEASE,historical v1.x paper-support release,876a16d098e1da3f642ef70854cbc985bae5f9e3,paper_results/manifests/leakage_summary.csv,86f61afbbae407f5f9969a4d2901a646fe5469bef1000ecf29b07faeb882c266,sha256_schema_row_count,false,
leakage_injection_effect.3.std_demand_cov,leakage_injection_effect,all,joint,std_demand_cov,0.0057,50,VERIFIED_FROM_RELEASE,historical v1.x paper-support release,876a16d098e1da3f642ef70854cbc985bae5f9e3,paper_results/manifests/leakage_summary.csv,86f61afbbae407f5f9969a4d2901a646fe5469bef1000ecf29b07faeb882c266,sha256_schema_row_count,false,
leakage_injection_effect.3.ci95_low,leakage_injection_effect,all,joint,ci95_low,0.8635,50,VERIFIED_FROM_RELEASE,historical v1.x paper-support release,876a16d098e1da3f642ef70854cbc985bae5f9e3,paper_results/manifests/leakage_summary.csv,86f61afbbae407f5f9969a4d2901a646fe5469bef1000ecf29b07faeb882c266,sha256_schema_row_count,false,
leakage_injection_effect.3.ci95_high,leakage_injection_effect,all,joint,ci95_high,0.8873,50,VERIFIED_FROM_RELEASE,historical v1.x paper-support release,876a16d098e1da3f642ef70854cbc985bae5f9e3,paper_results/manifests/leakage_summary.csv,86f61afbbae407f5f9969a4d2901a646fe5469bef1000ecf29b07faeb882c266,sha256_schema_row_count,false,
leakage_injection_effect.3.mean_ndcg,leakage_injection_effect,all,joint,mean_ndcg,0.0,50,VERIFIED_FROM_RELEASE,historical v1.x paper-support release,876a16d098e1da3f642ef70854cbc985bae5f9e3,paper_results/manifests/leakage_summary.csv,86f61afbbae407f5f9969a4d2901a646fe5469bef1000ecf29b07faeb882c266,sha256_schema_row_count,false,
leakage_injection_effect.4.mean_demand_cov,leakage_injection_effect,all,joint,mean_demand_cov,0.8848,50,VERIFIED_FROM_RELEASE,historical v1.x paper-support release,876a16d098e1da3f642ef70854cbc985bae5f9e3,paper_results/manifests/leakage_summary.csv,86f61afbbae407f5f9969a4d2901a646fe5469bef1000ecf29b07faeb882c266,sha256_schema_row_count,false,
leakage_injection_effect.4.std_demand_cov,leakage_injection_effect,all,joint,std_demand_cov,0.0073,50,VERIFIED_FROM_RELEASE,historical v1.x paper-support release,876a16d098e1da3f642ef70854cbc985bae5f9e3,paper_results/manifests/leakage_summary.csv,86f61afbbae407f5f9969a4d2901a646fe5469bef1000ecf29b07faeb882c266,sha256_schema_row_count,false,
leakage_injection_effect.4.ci95_low,leakage_injection_effect,all,joint,ci95_low,0.8660,50,VERIFIED_FROM_RELEASE,historical v1.x paper-support release,876a16d098e1da3f642ef70854cbc985bae5f9e3,paper_results/manifests/leakage_summary.csv,86f61afbbae407f5f9969a4d2901a646fe5469bef1000ecf29b07faeb882c266,sha256_schema_row_count,false,
leakage_injection_effect.4.ci95_high,leakage_injection_effect,all,joint,ci95_high,0.8972,50,VERIFIED_FROM_RELEASE,historical v1.x paper-support release,876a16d098e1da3f642ef70854cbc985bae5f9e3,paper_results/manifests/leakage_summary.csv,86f61afbbae407f5f9969a4d2901a646fe5469bef1000ecf29b07faeb882c266,sha256_schema_row_count,false,
leakage_injection_effect.4.mean_ndcg,leakage_injection_effect,all,joint,mean_ndcg,0.0,50,VERIFIED_FROM_RELEASE,historical v1.x paper-support release,876a16d098e1da3f642ef70854cbc985bae5f9e3,paper_results/manifests/leakage_summary.csv,86f61afbbae407f5f9969a4d2901a646fe5469bef1000ecf29b07faeb882c266,sha256_schema_row_count,false,
leakage_injection_effect.5.mean_demand_cov,leakage_injection_effect,all,joint,mean_demand_cov,0.9052,50,VERIFIED_FROM_RELEASE,historical v1.x paper-support release,876a16d098e1da3f642ef70854cbc985bae5f9e3,paper_results/manifests/leakage_summary.csv,86f61afbbae407f5f9969a4d2901a646fe5469bef1000ecf29b07faeb882c266,sha256_schema_row_count,false,
leakage_injection_effect.5.std_demand_cov,leakage_injection_effect,all,joint,std_demand_cov,0.0065,50,VERIFIED_FROM_RELEASE,historical v1.x paper-support release,876a16d098e1da3f642ef70854cbc985bae5f9e3,paper_results/manifests/leakage_summary.csv,86f61afbbae407f5f9969a4d2901a646fe5469bef1000ecf29b07faeb882c266,sha256_schema_row_count,false,
leakage_injection_effect.5.ci95_low,leakage_injection_effect,all,joint,ci95_low,0.8922,50,VERIFIED_FROM_RELEASE,historical v1.x paper-support release,876a16d098e1da3f642ef70854cbc985bae5f9e3,paper_results/manifests/leakage_summary.csv,86f61afbbae407f5f9969a4d2901a646fe5469bef1000ecf29b07faeb882c266,sha256_schema_row_count,false,
leakage_injection_effect.5.ci95_high,leakage_injection_effect,all,joint,ci95_high,0.9151,50,VERIFIED_FROM_RELEASE,historical v1.x paper-support release,876a16d098e1da3f642ef70854cbc985bae5f9e3,paper_results/manifests/leakage_summary.csv,86f61afbbae407f5f9969a4d2901a646fe5469bef1000ecf29b07faeb882c266,sha256_schema_row_count,false,
leakage_injection_effect.5.mean_ndcg,leakage_injection_effect,all,joint,mean_ndcg,0.0,50,VERIFIED_FROM_RELEASE,historical v1.x paper-support release,876a16d098e1da3f642ef70854cbc985bae5f9e3,paper_results/manifests/leakage_summary.csv,86f61afbbae407f5f9969a4d2901a646fe5469bef1000ecf29b07faeb882c266,sha256_schema_row_count,false,
leakage_injection_effect.6.mean_demand_cov,leakage_injection_effect,all,joint,mean_demand_cov,0.9398,50,VERIFIED_FROM_RELEASE,historical v1.x paper-support release,876a16d098e1da3f642ef70854cbc985bae5f9e3,paper_results/manifests/leakage_summary.csv,86f61afbbae407f5f9969a4d2901a646fe5469bef1000ecf29b07faeb882c266,sha256_schema_row_count,false,
leakage_injection_effect.6.std_demand_cov,leakage_injection_effect,all,joint,std_demand_cov,0.0000,50,VERIFIED_FROM_RELEASE,historical v1.x paper-support release,876a16d098e1da3f642ef70854cbc985bae5f9e3,paper_results/manifests/leakage_summary.csv,86f61afbbae407f5f9969a4d2901a646fe5469bef1000ecf29b07faeb882c266,sha256_schema_row_count,false,
leakage_injection_effect.6.ci95_low,leakage_injection_effect,all,joint,ci95_low,0.9398,50,VERIFIED_FROM_RELEASE,historical v1.x paper-support release,876a16d098e1da3f642ef70854cbc985bae5f9e3,paper_results/manifests/leakage_summary.csv,86f61afbbae407f5f9969a4d2901a646fe5469bef1000ecf29b07faeb882c266,sha256_schema_row_count,false,
leakage_injection_effect.6.ci95_high,leakage_injection_effect,all,joint,ci95_high,0.9398,50,VERIFIED_FROM_RELEASE,historical v1.x paper-support release,876a16d098e1da3f642ef70854cbc985bae5f9e3,paper_results/manifests/leakage_summary.csv,86f61afbbae407f5f9969a4d2901a646fe5469bef1000ecf29b07faeb882c266,sha256_schema_row_count,false,
leakage_injection_effect.6.mean_ndcg,leakage_injection_effect,all,joint,mean_ndcg,0.0,50,VERIFIED_FROM_RELEASE,historical v1.x paper-support release,876a16d098e1da3f642ef70854cbc985bae5f9e3,paper_results/manifests/leakage_summary.csv,86f61afbbae407f5f9969a4d2901a646fe5469bef1000ecf29b07faeb882c266,sha256_schema_row_count,false,
leakage_injection_effect.7.mean_demand_cov,leakage_injection_effect,all,query_only,mean_demand_cov,0.8745,50,VERIFIED_FROM_RELEASE,historical v1.x paper-support release,876a16d098e1da3f642ef70854cbc985bae5f9e3,paper_results/manifests/leakage_summary.csv,86f61afbbae407f5f9969a4d2901a646fe5469bef1000ecf29b07faeb882c266,sha256_schema_row_count,false,
leakage_injection_effect.7.std_demand_cov,leakage_injection_effect,all,query_only,std_demand_cov,0.0000,50,VERIFIED_FROM_RELEASE,historical v1.x paper-support release,876a16d098e1da3f642ef70854cbc985bae5f9e3,paper_results/manifests/leakage_summary.csv,86f61afbbae407f5f9969a4d2901a646fe5469bef1000ecf29b07faeb882c266,sha256_schema_row_count,false,
leakage_injection_effect.7.ci95_low,leakage_injection_effect,all,query_only,ci95_low,0.8745,50,VERIFIED_FROM_RELEASE,historical v1.x paper-support release,876a16d098e1da3f642ef70854cbc985bae5f9e3,paper_results/manifests/leakage_summary.csv,86f61afbbae407f5f9969a4d2901a646fe5469bef1000ecf29b07faeb882c266,sha256_schema_row_count,false,
leakage_injection_effect.7.ci95_high,leakage_injection_effect,all,query_only,ci95_high,0.8745,50,VERIFIED_FROM_RELEASE,historical v1.x paper-support release,876a16d098e1da3f642ef70854cbc985bae5f9e3,paper_results/manifests/leakage_summary.csv,86f61afbbae407f5f9969a4d2901a646fe5469bef1000ecf29b07faeb882c266,sha256_schema_row_count,false,
leakage_injection_effect.7.mean_ndcg,leakage_injection_effect,all,query_only,mean_ndcg,0.0,50,VERIFIED_FROM_RELEASE,historical v1.x paper-support release,876a16d098e1da3f642ef70854cbc985bae5f9e3,paper_results/manifests/leakage_summary.csv,86f61afbbae407f5f9969a4d2901a646fe5469bef1000ecf29b07faeb882c266,sha256_schema_row_count,false,
leakage_injection_effect.8.mean_demand_cov,leakage_injection_effect,all,query_only,mean_demand_cov,0.8743,50,VERIFIED_FROM_RELEASE,historical v1.x paper-support release,876a16d098e1da3f642ef70854cbc985bae5f9e3,paper_results/manifests/leakage_summary.csv,86f61afbbae407f5f9969a4d2901a646fe5469bef1000ecf29b07faeb882c266,sha256_schema_row_count,false,
leakage_injection_effect.8.std_demand_cov,leakage_injection_effect,all,query_only,std_demand_cov,0.0007,50,VERIFIED_FROM_RELEASE,historical v1.x paper-support release,876a16d098e1da3f642ef70854cbc985bae5f9e3,paper_results/manifests/leakage_summary.csv,86f61afbbae407f5f9969a4d2901a646fe5469bef1000ecf29b07faeb882c266,sha256_schema_row_count,false,
leakage_injection_effect.8.ci95_low,leakage_injection_effect,all,query_only,ci95_low,0.8728,50,VERIFIED_FROM_RELEASE,historical v1.x paper-support release,876a16d098e1da3f642ef70854cbc985bae5f9e3,paper_results/manifests/leakage_summary.csv,86f61afbbae407f5f9969a4d2901a646fe5469bef1000ecf29b07faeb882c266,sha256_schema_row_count,false,
leakage_injection_effect.8.ci95_high,leakage_injection_effect,all,query_only,ci95_high,0.8745,50,VERIFIED_FROM_RELEASE,historical v1.x paper-support release,876a16d098e1da3f642ef70854cbc985bae5f9e3,paper_results/manifests/leakage_summary.csv,86f61afbbae407f5f9969a4d2901a646fe5469bef1000ecf29b07faeb882c266,sha256_schema_row_count,false,
leakage_injection_effect.8.mean_ndcg,leakage_injection_effect,all,query_only,mean_ndcg,0.0,50,VERIFIED_FROM_RELEASE,historical v1.x paper-support release,876a16d098e1da3f642ef70854cbc985bae5f9e3,paper_results/manifests/leakage_summary.csv,86f61afbbae407f5f9969a4d2901a646fe5469bef1000ecf29b07faeb882c266,sha256_schema_row_count,false,
leakage_injection_effect.9.mean_demand_cov,leakage_injection_effect,all,query_only,mean_demand_cov,0.8740,50,VERIFIED_FROM_RELEASE,historical v1.x paper-support release,876a16d098e1da3f642ef70854cbc985bae5f9e3,paper_results/manifests/leakage_summary.csv,86f61afbbae407f5f9969a4d2901a646fe5469bef1000ecf29b07faeb882c266,sha256_schema_row_count,false,
leakage_injection_effect.9.std_demand_cov,leakage_injection_effect,all,query_only,std_demand_cov,0.0010,50,VERIFIED_FROM_RELEASE,historical v1.x paper-support release,876a16d098e1da3f642ef70854cbc985bae5f9e3,paper_results/manifests/leakage_summary.csv,86f61afbbae407f5f9969a4d2901a646fe5469bef1000ecf29b07faeb882c266,sha256_schema_row_count,false,
leakage_injection_effect.9.ci95_low,leakage_injection_effect,all,query_only,ci95_low,0.8714,50,VERIFIED_FROM_RELEASE,historical v1.x paper-support release,876a16d098e1da3f642ef70854cbc985bae5f9e3,paper_results/manifests/leakage_summary.csv,86f61afbbae407f5f9969a4d2901a646fe5469bef1000ecf29b07faeb882c266,sha256_schema_row_count,false,
leakage_injection_effect.9.ci95_high,leakage_injection_effect,all,query_only,ci95_high,0.8757,50,VERIFIED_FROM_RELEASE,historical v1.x paper-support release,876a16d098e1da3f642ef70854cbc985bae5f9e3,paper_results/manifests/leakage_summary.csv,86f61afbbae407f5f9969a4d2901a646fe5469bef1000ecf29b07faeb882c266,sha256_schema_row_count,false,
leakage_injection_effect.9.mean_ndcg,leakage_injection_effect,all,query_only,mean_ndcg,0.0,50,VERIFIED_FROM_RELEASE,historical v1.x paper-support release,876a16d098e1da3f642ef70854cbc985bae5f9e3,paper_results/manifests/leakage_summary.csv,86f61afbbae407f5f9969a4d2901a646fe5469bef1000ecf29b07faeb882c266,sha256_schema_row_count,false,
leakage_injection_effect.10.mean_demand_cov,leakage_injection_effect,all,query_only,mean_demand_cov,0.8735,50,VERIFIED_FROM_RELEASE,historical v1.x paper-support release,876a16d098e1da3f642ef70854cbc985bae5f9e3,paper_results/manifests/leakage_summary.csv,86f61afbbae407f5f9969a4d2901a646fe5469bef1000ecf29b07faeb882c266,sha256_schema_row_count,false,
leakage_injection_effect.10.std_demand_cov,leakage_injection_effect,all,query_only,std_demand_cov,0.0014,50,VERIFIED_FROM_RELEASE,historical v1.x paper-support release,876a16d098e1da3f642ef70854cbc985bae5f9e3,paper_results/manifests/leakage_summary.csv,86f61afbbae407f5f9969a4d2901a646fe5469bef1000ecf29b07faeb882c266,sha256_schema_row_count,false,
leakage_injection_effect.10.ci95_low,leakage_injection_effect,all,query_only,ci95_low,0.8708,50,VERIFIED_FROM_RELEASE,historical v1.x paper-support release,876a16d098e1da3f642ef70854cbc985bae5f9e3,paper_results/manifests/leakage_summary.csv,86f61afbbae407f5f9969a4d2901a646fe5469bef1000ecf29b07faeb882c266,sha256_schema_row_count,false,
leakage_injection_effect.10.ci95_high,leakage_injection_effect,all,query_only,ci95_high,0.8757,50,VERIFIED_FROM_RELEASE,historical v1.x paper-support release,876a16d098e1da3f642ef70854cbc985bae5f9e3,paper_results/manifests/leakage_summary.csv,86f61afbbae407f5f9969a4d2901a646fe5469bef1000ecf29b07faeb882c266,sha256_schema_row_count,false,
leakage_injection_effect.10.mean_ndcg,leakage_injection_effect,all,query_only,mean_ndcg,0.0,50,VERIFIED_FROM_RELEASE,historical v1.x paper-support release,876a16d098e1da3f642ef70854cbc985bae5f9e3,paper_results/manifests/leakage_summary.csv,86f61afbbae407f5f9969a4d2901a646fe5469bef1000ecf29b07faeb882c266,sha256_schema_row_count,false,
leakage_injection_effect.11.mean_demand_cov,leakage_injection_effect,all,query_only,mean_demand_cov,0.8728,50,VERIFIED_FROM_RELEASE,historical v1.x paper-support release,876a16d098e1da3f642ef70854cbc985bae5f9e3,paper_results/manifests/leakage_summary.csv,86f61afbbae407f5f9969a4d2901a646fe5469bef1000ecf29b07faeb882c266,sha256_schema_row_count,false,
leakage_injection_effect.11.std_demand_cov,leakage_injection_effect,all,query_only,std_demand_cov,0.0016,50,VERIFIED_FROM_RELEASE,historical v1.x paper-support release,876a16d098e1da3f642ef70854cbc985bae5f9e3,paper_results/manifests/leakage_summary.csv,86f61afbbae407f5f9969a4d2901a646fe5469bef1000ecf29b07faeb882c266,sha256_schema_row_count,false,
leakage_injection_effect.11.ci95_low,leakage_injection_effect,all,query_only,ci95_low,0.8700,50,VERIFIED_FROM_RELEASE,historical v1.x paper-support release,876a16d098e1da3f642ef70854cbc985bae5f9e3,paper_results/manifests/leakage_summary.csv,86f61afbbae407f5f9969a4d2901a646fe5469bef1000ecf29b07faeb882c266,sha256_schema_row_count,false,
leakage_injection_effect.11.ci95_high,leakage_injection_effect,all,query_only,ci95_high,0.8757,50,VERIFIED_FROM_RELEASE,historical v1.x paper-support release,876a16d098e1da3f642ef70854cbc985bae5f9e3,paper_results/manifests/leakage_summary.csv,86f61afbbae407f5f9969a4d2901a646fe5469bef1000ecf29b07faeb882c266,sha256_schema_row_count,false,
leakage_injection_effect.11.mean_ndcg,leakage_injection_effect,all,query_only,mean_ndcg,0.0,50,VERIFIED_FROM_RELEASE,historical v1.x paper-support release,876a16d098e1da3f642ef70854cbc985bae5f9e3,paper_results/manifests/leakage_summary.csv,86f61afbbae407f5f9969a4d2901a646fe5469bef1000ecf29b07faeb882c266,sha256_schema_row_count,false,
leakage_injection_effect.12.mean_demand_cov,leakage_injection_effect,all,query_only,mean_demand_cov,0.8712,50,VERIFIED_FROM_RELEASE,historical v1.x paper-support release,876a16d098e1da3f642ef70854cbc985bae5f9e3,paper_results/manifests/leakage_summary.csv,86f61afbbae407f5f9969a4d2901a646fe5469bef1000ecf29b07faeb882c266,sha256_schema_row_count,false,
leakage_injection_effect.12.std_demand_cov,leakage_injection_effect,all,query_only,std_demand_cov,0.0014,50,VERIFIED_FROM_RELEASE,historical v1.x paper-support release,876a16d098e1da3f642ef70854cbc985bae5f9e3,paper_results/manifests/leakage_summary.csv,86f61afbbae407f5f9969a4d2901a646fe5469bef1000ecf29b07faeb882c266,sha256_schema_row_count,false,
leakage_injection_effect.12.ci95_low,leakage_injection_effect,all,query_only,ci95_low,0.8689,50,VERIFIED_FROM_RELEASE,historical v1.x paper-support release,876a16d098e1da3f642ef70854cbc985bae5f9e3,paper_results/manifests/leakage_summary.csv,86f61afbbae407f5f9969a4d2901a646fe5469bef1000ecf29b07faeb882c266,sha256_schema_row_count,false,
leakage_injection_effect.12.ci95_high,leakage_injection_effect,all,query_only,ci95_high,0.8741,50,VERIFIED_FROM_RELEASE,historical v1.x paper-support release,876a16d098e1da3f642ef70854cbc985bae5f9e3,paper_results/manifests/leakage_summary.csv,86f61afbbae407f5f9969a4d2901a646fe5469bef1000ecf29b07faeb882c266,sha256_schema_row_count,false,
leakage_injection_effect.12.mean_ndcg,leakage_injection_effect,all,query_only,mean_ndcg,0.0,50,VERIFIED_FROM_RELEASE,historical v1.x paper-support release,876a16d098e1da3f642ef70854cbc985bae5f9e3,paper_results/manifests/leakage_summary.csv,86f61afbbae407f5f9969a4d2901a646fe5469bef1000ecf29b07faeb882c266,sha256_schema_row_count,false,
leakage_injection_effect.13.mean_demand_cov,leakage_injection_effect,all,query_only,mean_demand_cov,0.8702,50,VERIFIED_FROM_RELEASE,historical v1.x paper-support release,876a16d098e1da3f642ef70854cbc985bae5f9e3,paper_results/manifests/leakage_summary.csv,86f61afbbae407f5f9969a4d2901a646fe5469bef1000ecf29b07faeb882c266,sha256_schema_row_count,false,
leakage_injection_effect.13.std_demand_cov,leakage_injection_effect,all,query_only,std_demand_cov,0.0000,50,VERIFIED_FROM_RELEASE,historical v1.x paper-support release,876a16d098e1da3f642ef70854cbc985bae5f9e3,paper_results/manifests/leakage_summary.csv,86f61afbbae407f5f9969a4d2901a646fe5469bef1000ecf29b07faeb882c266,sha256_schema_row_count,false,
leakage_injection_effect.13.ci95_low,leakage_injection_effect,all,query_only,ci95_low,0.8702,50,VERIFIED_FROM_RELEASE,historical v1.x paper-support release,876a16d098e1da3f642ef70854cbc985bae5f9e3,paper_results/manifests/leakage_summary.csv,86f61afbbae407f5f9969a4d2901a646fe5469bef1000ecf29b07faeb882c266,sha256_schema_row_count,false,
leakage_injection_effect.13.ci95_high,leakage_injection_effect,all,query_only,ci95_high,0.8702,50,VERIFIED_FROM_RELEASE,historical v1.x paper-support release,876a16d098e1da3f642ef70854cbc985bae5f9e3,paper_results/manifests/leakage_summary.csv,86f61afbbae407f5f9969a4d2901a646fe5469bef1000ecf29b07faeb882c266,sha256_schema_row_count,false,
leakage_injection_effect.13.mean_ndcg,leakage_injection_effect,all,query_only,mean_ndcg,0.0,50,VERIFIED_FROM_RELEASE,historical v1.x paper-support release,876a16d098e1da3f642ef70854cbc985bae5f9e3,paper_results/manifests/leakage_summary.csv,86f61afbbae407f5f9969a4d2901a646fe5469bef1000ecf29b07faeb882c266,sha256_schema_row_count,false,
leakage_injection_effect.14.mean_demand_cov,leakage_injection_effect,all,evidence_only,mean_demand_cov,0.8745,50,VERIFIED_FROM_RELEASE,historical v1.x paper-support release,876a16d098e1da3f642ef70854cbc985bae5f9e3,paper_results/manifests/leakage_summary.csv,86f61afbbae407f5f9969a4d2901a646fe5469bef1000ecf29b07faeb882c266,sha256_schema_row_count,false,
leakage_injection_effect.14.std_demand_cov,leakage_injection_effect,all,evidence_only,std_demand_cov,0.0000,50,VERIFIED_FROM_RELEASE,historical v1.x paper-support release,876a16d098e1da3f642ef70854cbc985bae5f9e3,paper_results/manifests/leakage_summary.csv,86f61afbbae407f5f9969a4d2901a646fe5469bef1000ecf29b07faeb882c266,sha256_schema_row_count,false,
leakage_injection_effect.14.ci95_low,leakage_injection_effect,all,evidence_only,ci95_low,0.8745,50,VERIFIED_FROM_RELEASE,historical v1.x paper-support release,876a16d098e1da3f642ef70854cbc985bae5f9e3,paper_results/manifests/leakage_summary.csv,86f61afbbae407f5f9969a4d2901a646fe5469bef1000ecf29b07faeb882c266,sha256_schema_row_count,false,
leakage_injection_effect.14.ci95_high,leakage_injection_effect,all,evidence_only,ci95_high,0.8745,50,VERIFIED_FROM_RELEASE,historical v1.x paper-support release,876a16d098e1da3f642ef70854cbc985bae5f9e3,paper_results/manifests/leakage_summary.csv,86f61afbbae407f5f9969a4d2901a646fe5469bef1000ecf29b07faeb882c266,sha256_schema_row_count,false,
leakage_injection_effect.14.mean_ndcg,leakage_injection_effect,all,evidence_only,mean_ndcg,0.0,50,VERIFIED_FROM_RELEASE,historical v1.x paper-support release,876a16d098e1da3f642ef70854cbc985bae5f9e3,paper_results/manifests/leakage_summary.csv,86f61afbbae407f5f9969a4d2901a646fe5469bef1000ecf29b07faeb882c266,sha256_schema_row_count,false,
leakage_injection_effect.15.mean_demand_cov,leakage_injection_effect,all,evidence_only,mean_demand_cov,0.8740,50,VERIFIED_FROM_RELEASE,historical v1.x paper-support release,876a16d098e1da3f642ef70854cbc985bae5f9e3,paper_results/manifests/leakage_summary.csv,86f61afbbae407f5f9969a4d2901a646fe5469bef1000ecf29b07faeb882c266,sha256_schema_row_count,false,
leakage_injection_effect.15.std_demand_cov,leakage_injection_effect,all,evidence_only,std_demand_cov,0.0039,50,VERIFIED_FROM_RELEASE,historical v1.x paper-support release,876a16d098e1da3f642ef70854cbc985bae5f9e3,paper_results/manifests/leakage_summary.csv,86f61afbbae407f5f9969a4d2901a646fe5469bef1000ecf29b07faeb882c266,sha256_schema_row_count,false,
leakage_injection_effect.15.ci95_low,leakage_injection_effect,all,evidence_only,ci95_low,0.8662,50,VERIFIED_FROM_RELEASE,historical v1.x paper-support release,876a16d098e1da3f642ef70854cbc985bae5f9e3,paper_results/manifests/leakage_summary.csv,86f61afbbae407f5f9969a4d2901a646fe5469bef1000ecf29b07faeb882c266,sha256_schema_row_count,false,
leakage_injection_effect.15.ci95_high,leakage_injection_effect,all,evidence_only,ci95_high,0.8806,50,VERIFIED_FROM_RELEASE,historical v1.x paper-support release,876a16d098e1da3f642ef70854cbc985bae5f9e3,paper_results/manifests/leakage_summary.csv,86f61afbbae407f5f9969a4d2901a646fe5469bef1000ecf29b07faeb882c266,sha256_schema_row_count,false,
leakage_injection_effect.15.mean_ndcg,leakage_injection_effect,all,evidence_only,mean_ndcg,0.0,50,VERIFIED_FROM_RELEASE,historical v1.x paper-support release,876a16d098e1da3f642ef70854cbc985bae5f9e3,paper_results/manifests/leakage_summary.csv,86f61afbbae407f5f9969a4d2901a646fe5469bef1000ecf29b07faeb882c266,sha256_schema_row_count,false,
leakage_injection_effect.16.mean_demand_cov,leakage_injection_effect,all,evidence_only,mean_demand_cov,0.8739,50,VERIFIED_FROM_RELEASE,historical v1.x paper-support release,876a16d098e1da3f642ef70854cbc985bae5f9e3,paper_results/manifests/leakage_summary.csv,86f61afbbae407f5f9969a4d2901a646fe5469bef1000ecf29b07faeb882c266,sha256_schema_row_count,false,
leakage_injection_effect.16.std_demand_cov,leakage_injection_effect,all,evidence_only,std_demand_cov,0.0047,50,VERIFIED_FROM_RELEASE,historical v1.x paper-support release,876a16d098e1da3f642ef70854cbc985bae5f9e3,paper_results/manifests/leakage_summary.csv,86f61afbbae407f5f9969a4d2901a646fe5469bef1000ecf29b07faeb882c266,sha256_schema_row_count,false,
leakage_injection_effect.16.ci95_low,leakage_injection_effect,all,evidence_only,ci95_low,0.8660,50,VERIFIED_FROM_RELEASE,historical v1.x paper-support release,876a16d098e1da3f642ef70854cbc985bae5f9e3,paper_results/manifests/leakage_summary.csv,86f61afbbae407f5f9969a4d2901a646fe5469bef1000ecf29b07faeb882c266,sha256_schema_row_count,false,
leakage_injection_effect.16.ci95_high,leakage_injection_effect,all,evidence_only,ci95_high,0.8827,50,VERIFIED_FROM_RELEASE,historical v1.x paper-support release,876a16d098e1da3f642ef70854cbc985bae5f9e3,paper_results/manifests/leakage_summary.csv,86f61afbbae407f5f9969a4d2901a646fe5469bef1000ecf29b07faeb882c266,sha256_schema_row_count,false,
leakage_injection_effect.16.mean_ndcg,leakage_injection_effect,all,evidence_only,mean_ndcg,0.0,50,VERIFIED_FROM_RELEASE,historical v1.x paper-support release,876a16d098e1da3f642ef70854cbc985bae5f9e3,paper_results/manifests/leakage_summary.csv,86f61afbbae407f5f9969a4d2901a646fe5469bef1000ecf29b07faeb882c266,sha256_schema_row_count,false,
leakage_injection_effect.17.mean_demand_cov,leakage_injection_effect,all,evidence_only,mean_demand_cov,0.8758,50,VERIFIED_FROM_RELEASE,historical v1.x paper-support release,876a16d098e1da3f642ef70854cbc985bae5f9e3,paper_results/manifests/leakage_summary.csv,86f61afbbae407f5f9969a4d2901a646fe5469bef1000ecf29b07faeb882c266,sha256_schema_row_count,false,
leakage_injection_effect.17.std_demand_cov,leakage_injection_effect,all,evidence_only,std_demand_cov,0.0050,50,VERIFIED_FROM_RELEASE,historical v1.x paper-support release,876a16d098e1da3f642ef70854cbc985bae5f9e3,paper_results/manifests/leakage_summary.csv,86f61afbbae407f5f9969a4d2901a646fe5469bef1000ecf29b07faeb882c266,sha256_schema_row_count,false,
leakage_injection_effect.17.ci95_low,leakage_injection_effect,all,evidence_only,ci95_low,0.8666,50,VERIFIED_FROM_RELEASE,historical v1.x paper-support release,876a16d098e1da3f642ef70854cbc985bae5f9e3,paper_results/manifests/leakage_summary.csv,86f61afbbae407f5f9969a4d2901a646fe5469bef1000ecf29b07faeb882c266,sha256_schema_row_count,false,
leakage_injection_effect.17.ci95_high,leakage_injection_effect,all,evidence_only,ci95_high,0.8863,50,VERIFIED_FROM_RELEASE,historical v1.x paper-support release,876a16d098e1da3f642ef70854cbc985bae5f9e3,paper_results/manifests/leakage_summary.csv,86f61afbbae407f5f9969a4d2901a646fe5469bef1000ecf29b07faeb882c266,sha256_schema_row_count,false,
leakage_injection_effect.17.mean_ndcg,leakage_injection_effect,all,evidence_only,mean_ndcg,0.0,50,VERIFIED_FROM_RELEASE,historical v1.x paper-support release,876a16d098e1da3f642ef70854cbc985bae5f9e3,paper_results/manifests/leakage_summary.csv,86f61afbbae407f5f9969a4d2901a646fe5469bef1000ecf29b07faeb882c266,sha256_schema_row_count,false,
leakage_injection_effect.18.mean_demand_cov,leakage_injection_effect,all,evidence_only,mean_demand_cov,0.8782,50,VERIFIED_FROM_RELEASE,historical v1.x paper-support release,876a16d098e1da3f642ef70854cbc985bae5f9e3,paper_results/manifests/leakage_summary.csv,86f61afbbae407f5f9969a4d2901a646fe5469bef1000ecf29b07faeb882c266,sha256_schema_row_count,false,
leakage_injection_effect.18.std_demand_cov,leakage_injection_effect,all,evidence_only,std_demand_cov,0.0075,50,VERIFIED_FROM_RELEASE,historical v1.x paper-support release,876a16d098e1da3f642ef70854cbc985bae5f9e3,paper_results/manifests/leakage_summary.csv,86f61afbbae407f5f9969a4d2901a646fe5469bef1000ecf29b07faeb882c266,sha256_schema_row_count,false,
leakage_injection_effect.18.ci95_low,leakage_injection_effect,all,evidence_only,ci95_low,0.8639,50,VERIFIED_FROM_RELEASE,historical v1.x paper-support release,876a16d098e1da3f642ef70854cbc985bae5f9e3,paper_results/manifests/leakage_summary.csv,86f61afbbae407f5f9969a4d2901a646fe5469bef1000ecf29b07faeb882c266,sha256_schema_row_count,false,
leakage_injection_effect.18.ci95_high,leakage_injection_effect,all,evidence_only,ci95_high,0.8901,50,VERIFIED_FROM_RELEASE,historical v1.x paper-support release,876a16d098e1da3f642ef70854cbc985bae5f9e3,paper_results/manifests/leakage_summary.csv,86f61afbbae407f5f9969a4d2901a646fe5469bef1000ecf29b07faeb882c266,sha256_schema_row_count,false,
leakage_injection_effect.18.mean_ndcg,leakage_injection_effect,all,evidence_only,mean_ndcg,0.0,50,VERIFIED_FROM_RELEASE,historical v1.x paper-support release,876a16d098e1da3f642ef70854cbc985bae5f9e3,paper_results/manifests/leakage_summary.csv,86f61afbbae407f5f9969a4d2901a646fe5469bef1000ecf29b07faeb882c266,sha256_schema_row_count,false,
leakage_injection_effect.19.mean_demand_cov,leakage_injection_effect,all,evidence_only,mean_demand_cov,0.8870,50,VERIFIED_FROM_RELEASE,historical v1.x paper-support release,876a16d098e1da3f642ef70854cbc985bae5f9e3,paper_results/manifests/leakage_summary.csv,86f61afbbae407f5f9969a4d2901a646fe5469bef1000ecf29b07faeb882c266,sha256_schema_row_count,false,
leakage_injection_effect.19.std_demand_cov,leakage_injection_effect,all,evidence_only,std_demand_cov,0.0079,50,VERIFIED_FROM_RELEASE,historical v1.x paper-support release,876a16d098e1da3f642ef70854cbc985bae5f9e3,paper_results/manifests/leakage_summary.csv,86f61afbbae407f5f9969a4d2901a646fe5469bef1000ecf29b07faeb882c266,sha256_schema_row_count,false,
leakage_injection_effect.19.ci95_low,leakage_injection_effect,all,evidence_only,ci95_low,0.8712,50,VERIFIED_FROM_RELEASE,historical v1.x paper-support release,876a16d098e1da3f642ef70854cbc985bae5f9e3,paper_results/manifests/leakage_summary.csv,86f61afbbae407f5f9969a4d2901a646fe5469bef1000ecf29b07faeb882c266,sha256_schema_row_count,false,
leakage_injection_effect.19.ci95_high,leakage_injection_effect,all,evidence_only,ci95_high,0.8992,50,VERIFIED_FROM_RELEASE,historical v1.x paper-support release,876a16d098e1da3f642ef70854cbc985bae5f9e3,paper_results/manifests/leakage_summary.csv,86f61afbbae407f5f9969a4d2901a646fe5469bef1000ecf29b07faeb882c266,sha256_schema_row_count,false,
leakage_injection_effect.19.mean_ndcg,leakage_injection_effect,all,evidence_only,mean_ndcg,0.0,50,VERIFIED_FROM_RELEASE,historical v1.x paper-support release,876a16d098e1da3f642ef70854cbc985bae5f9e3,paper_results/manifests/leakage_summary.csv,86f61afbbae407f5f9969a4d2901a646fe5469bef1000ecf29b07faeb882c266,sha256_schema_row_count,false,
leakage_injection_effect.20.mean_demand_cov,leakage_injection_effect,all,evidence_only,mean_demand_cov,0.9219,50,VERIFIED_FROM_RELEASE,historical v1.x paper-support release,876a16d098e1da3f642ef70854cbc985bae5f9e3,paper_results/manifests/leakage_summary.csv,86f61afbbae407f5f9969a4d2901a646fe5469bef1000ecf29b07faeb882c266,sha256_schema_row_count,false,
leakage_injection_effect.20.std_demand_cov,leakage_injection_effect,all,evidence_only,std_demand_cov,0.0000,50,VERIFIED_FROM_RELEASE,historical v1.x paper-support release,876a16d098e1da3f642ef70854cbc985bae5f9e3,paper_results/manifests/leakage_summary.csv,86f61afbbae407f5f9969a4d2901a646fe5469bef1000ecf29b07faeb882c266,sha256_schema_row_count,false,
leakage_injection_effect.20.ci95_low,leakage_injection_effect,all,evidence_only,ci95_low,0.9219,50,VERIFIED_FROM_RELEASE,historical v1.x paper-support release,876a16d098e1da3f642ef70854cbc985bae5f9e3,paper_results/manifests/leakage_summary.csv,86f61afbbae407f5f9969a4d2901a646fe5469bef1000ecf29b07faeb882c266,sha256_schema_row_count,false,
leakage_injection_effect.20.ci95_high,leakage_injection_effect,all,evidence_only,ci95_high,0.9219,50,VERIFIED_FROM_RELEASE,historical v1.x paper-support release,876a16d098e1da3f642ef70854cbc985bae5f9e3,paper_results/manifests/leakage_summary.csv,86f61afbbae407f5f9969a4d2901a646fe5469bef1000ecf29b07faeb882c266,sha256_schema_row_count,false,
leakage_injection_effect.20.mean_ndcg,leakage_injection_effect,all,evidence_only,mean_ndcg,0.0,50,VERIFIED_FROM_RELEASE,historical v1.x paper-support release,876a16d098e1da3f642ef70854cbc985bae5f9e3,paper_results/manifests/leakage_summary.csv,86f61afbbae407f5f9969a4d2901a646fe5469bef1000ecf29b07faeb882c266,sha256_schema_row_count,false,
