detected,predicted_family,source_type,sink,module,field,file,line,path_valid,evidence,case_id,detector,config_sha256,policy_sha256,status
True,UNKNOWN_LEAK,,,keyword_static_baseline,label,adapter.py,,,keyword:label,c_016e57250c5645a7,keyword_static_baseline,c69fff36c89963f0a8a55bd267584fe3b32aad093936e970cae5aac6d917ea90,4640ce4a3328e6b8b4e4383e059d2e1d0bb0bc06625b1b637acee6b99986ee1f,REPRODUCED
False,,,,,,,,,,c_016e57250c5645a7,ast_static_dataflow,c69fff36c89963f0a8a55bd267584fe3b32aad093936e970cae5aac6d917ea90,4640ce4a3328e6b8b4e4383e059d2e1d0bb0bc06625b1b637acee6b99986ee1f,REPRODUCED
False,,,,,,,,,,c_016e57250c5645a7,schema_guard,c69fff36c89963f0a8a55bd267584fe3b32aad093936e970cae5aac6d917ea90,4640ce4a3328e6b8b4e4383e059d2e1d0bb0bc06625b1b637acee6b99986ee1f,REPRODUCED
True,UNKNOWN_LEAK,EvidenceGold,candidate_scoring,selector,aux_71,runtime_taint_trace.jsonl,,True,taint reached deployment sink,c_016e57250c5645a7,runtime_taint,c69fff36c89963f0a8a55bd267584fe3b32aad093936e970cae5aac6d917ea90,4640ce4a3328e6b8b4e4383e059d2e1d0bb0bc06625b1b637acee6b99986ee1f,REPRODUCED
False,,,,,,,,,,c_016e57250c5645a7,invariance,c69fff36c89963f0a8a55bd267584fe3b32aad093936e970cae5aac6d917ea90,4640ce4a3328e6b8b4e4383e059d2e1d0bb0bc06625b1b637acee6b99986ee1f,REPRODUCED
True,UNKNOWN_LEAK,EvidenceGold,candidate_scoring,selector,aux_71,runtime_taint_trace.jsonl,,True,full_audit_component=runtime_taint; taint reached deployment sink,c_016e57250c5645a7,full_audit,c69fff36c89963f0a8a55bd267584fe3b32aad093936e970cae5aac6d917ea90,4640ce4a3328e6b8b4e4383e059d2e1d0bb0bc06625b1b637acee6b99986ee1f,REPRODUCED
True,UNKNOWN_LEAK,,,keyword_static_baseline,label,adapter.py,,,keyword:label,c_0337ee8e95fc4c30,keyword_static_baseline,c69fff36c89963f0a8a55bd267584fe3b32aad093936e970cae5aac6d917ea90,4640ce4a3328e6b8b4e4383e059d2e1d0bb0bc06625b1b637acee6b99986ee1f,REPRODUCED
False,,,,,,,,,,c_0337ee8e95fc4c30,ast_static_dataflow,c69fff36c89963f0a8a55bd267584fe3b32aad093936e970cae5aac6d917ea90,4640ce4a3328e6b8b4e4383e059d2e1d0bb0bc06625b1b637acee6b99986ee1f,REPRODUCED
True,UNKNOWN_LEAK,,,schema_guard,aux_11,,,,extra metadata field,c_0337ee8e95fc4c30,schema_guard,c69fff36c89963f0a8a55bd267584fe3b32aad093936e970cae5aac6d917ea90,4640ce4a3328e6b8b4e4383e059d2e1d0bb0bc06625b1b637acee6b99986ee1f,REPRODUCED
True,UNKNOWN_LEAK,EvidenceGold,candidate_scoring,selector,aux_11,runtime_taint_trace.jsonl,,True,taint reached deployment sink,c_0337ee8e95fc4c30,runtime_taint,c69fff36c89963f0a8a55bd267584fe3b32aad093936e970cae5aac6d917ea90,4640ce4a3328e6b8b4e4383e059d2e1d0bb0bc06625b1b637acee6b99986ee1f,REPRODUCED
True,UNKNOWN_LEAK,,selected_doc_ids,invariance,selected_doc_ids,selection,,True,changed_qids=3,c_0337ee8e95fc4c30,invariance,c69fff36c89963f0a8a55bd267584fe3b32aad093936e970cae5aac6d917ea90,4640ce4a3328e6b8b4e4383e059d2e1d0bb0bc06625b1b637acee6b99986ee1f,REPRODUCED
True,UNKNOWN_LEAK,EvidenceGold,candidate_scoring,selector,aux_11,runtime_taint_trace.jsonl,,True,full_audit_component=runtime_taint; taint reached deployment sink,c_0337ee8e95fc4c30,full_audit,c69fff36c89963f0a8a55bd267584fe3b32aad093936e970cae5aac6d917ea90,4640ce4a3328e6b8b4e4383e059d2e1d0bb0bc06625b1b637acee6b99986ee1f,REPRODUCED
True,UNKNOWN_LEAK,,,keyword_static_baseline,label,adapter.py,,,keyword:label,c_084667a283314b02,keyword_static_baseline,c69fff36c89963f0a8a55bd267584fe3b32aad093936e970cae5aac6d917ea90,4640ce4a3328e6b8b4e4383e059d2e1d0bb0bc06625b1b637acee6b99986ee1f,REPRODUCED
False,,,,,,,,,,c_084667a283314b02,ast_static_dataflow,c69fff36c89963f0a8a55bd267584fe3b32aad093936e970cae5aac6d917ea90,4640ce4a3328e6b8b4e4383e059d2e1d0bb0bc06625b1b637acee6b99986ee1f,REPRODUCED
False,,,,,,,,,,c_084667a283314b02,schema_guard,c69fff36c89963f0a8a55bd267584fe3b32aad093936e970cae5aac6d917ea90,4640ce4a3328e6b8b4e4383e059d2e1d0bb0bc06625b1b637acee6b99986ee1f,REPRODUCED
False,,,,,,,,,,c_084667a283314b02,runtime_taint,c69fff36c89963f0a8a55bd267584fe3b32aad093936e970cae5aac6d917ea90,4640ce4a3328e6b8b4e4383e059d2e1d0bb0bc06625b1b637acee6b99986ee1f,REPRODUCED
False,,,,,,,,,,c_084667a283314b02,invariance,c69fff36c89963f0a8a55bd267584fe3b32aad093936e970cae5aac6d917ea90,4640ce4a3328e6b8b4e4383e059d2e1d0bb0bc06625b1b637acee6b99986ee1f,REPRODUCED
False,,,,,,,,,,c_084667a283314b02,full_audit,c69fff36c89963f0a8a55bd267584fe3b32aad093936e970cae5aac6d917ea90,4640ce4a3328e6b8b4e4383e059d2e1d0bb0bc06625b1b637acee6b99986ee1f,REPRODUCED
True,UNKNOWN_LEAK,,,keyword_static_baseline,label,adapter.py,,,keyword:label,c_0eb7d0f8f6ee43c4,keyword_static_baseline,c69fff36c89963f0a8a55bd267584fe3b32aad093936e970cae5aac6d917ea90,4640ce4a3328e6b8b4e4383e059d2e1d0bb0bc06625b1b637acee6b99986ee1f,REPRODUCED
False,,,,,,,,,,c_0eb7d0f8f6ee43c4,ast_static_dataflow,c69fff36c89963f0a8a55bd267584fe3b32aad093936e970cae5aac6d917ea90,4640ce4a3328e6b8b4e4383e059d2e1d0bb0bc06625b1b637acee6b99986ee1f,REPRODUCED
False,,,,,,,,,,c_0eb7d0f8f6ee43c4,schema_guard,c69fff36c89963f0a8a55bd267584fe3b32aad093936e970cae5aac6d917ea90,4640ce4a3328e6b8b4e4383e059d2e1d0bb0bc06625b1b637acee6b99986ee1f,REPRODUCED
False,,,,,,,,,,c_0eb7d0f8f6ee43c4,runtime_taint,c69fff36c89963f0a8a55bd267584fe3b32aad093936e970cae5aac6d917ea90,4640ce4a3328e6b8b4e4383e059d2e1d0bb0bc06625b1b637acee6b99986ee1f,REPRODUCED
False,,,,,,,,,,c_0eb7d0f8f6ee43c4,invariance,c69fff36c89963f0a8a55bd267584fe3b32aad093936e970cae5aac6d917ea90,4640ce4a3328e6b8b4e4383e059d2e1d0bb0bc06625b1b637acee6b99986ee1f,REPRODUCED
False,,,,,,,,,,c_0eb7d0f8f6ee43c4,full_audit,c69fff36c89963f0a8a55bd267584fe3b32aad093936e970cae5aac6d917ea90,4640ce4a3328e6b8b4e4383e059d2e1d0bb0bc06625b1b637acee6b99986ee1f,REPRODUCED
True,UNKNOWN_LEAK,,,keyword_static_baseline,label,adapter.py,,,keyword:label,c_0f357c79137b4ab5,keyword_static_baseline,c69fff36c89963f0a8a55bd267584fe3b32aad093936e970cae5aac6d917ea90,4640ce4a3328e6b8b4e4383e059d2e1d0bb0bc06625b1b637acee6b99986ee1f,REPRODUCED
False,,,,,,,,,,c_0f357c79137b4ab5,ast_static_dataflow,c69fff36c89963f0a8a55bd267584fe3b32aad093936e970cae5aac6d917ea90,4640ce4a3328e6b8b4e4383e059d2e1d0bb0bc06625b1b637acee6b99986ee1f,REPRODUCED
False,,,,,,,,,,c_0f357c79137b4ab5,schema_guard,c69fff36c89963f0a8a55bd267584fe3b32aad093936e970cae5aac6d917ea90,4640ce4a3328e6b8b4e4383e059d2e1d0bb0bc06625b1b637acee6b99986ee1f,REPRODUCED
False,,,,,,,,,,c_0f357c79137b4ab5,runtime_taint,c69fff36c89963f0a8a55bd267584fe3b32aad093936e970cae5aac6d917ea90,4640ce4a3328e6b8b4e4383e059d2e1d0bb0bc06625b1b637acee6b99986ee1f,REPRODUCED
False,,,,,,,,,,c_0f357c79137b4ab5,invariance,c69fff36c89963f0a8a55bd267584fe3b32aad093936e970cae5aac6d917ea90,4640ce4a3328e6b8b4e4383e059d2e1d0bb0bc06625b1b637acee6b99986ee1f,REPRODUCED
False,,,,,,,,,,c_0f357c79137b4ab5,full_audit,c69fff36c89963f0a8a55bd267584fe3b32aad093936e970cae5aac6d917ea90,4640ce4a3328e6b8b4e4383e059d2e1d0bb0bc06625b1b637acee6b99986ee1f,REPRODUCED
True,UNKNOWN_LEAK,,,keyword_static_baseline,label,adapter.py,,,keyword:label,c_0f935733be9940a8,keyword_static_baseline,c69fff36c89963f0a8a55bd267584fe3b32aad093936e970cae5aac6d917ea90,4640ce4a3328e6b8b4e4383e059d2e1d0bb0bc06625b1b637acee6b99986ee1f,REPRODUCED
False,,,,,,,,,,c_0f935733be9940a8,ast_static_dataflow,c69fff36c89963f0a8a55bd267584fe3b32aad093936e970cae5aac6d917ea90,4640ce4a3328e6b8b4e4383e059d2e1d0bb0bc06625b1b637acee6b99986ee1f,REPRODUCED
False,,,,,,,,,,c_0f935733be9940a8,schema_guard,c69fff36c89963f0a8a55bd267584fe3b32aad093936e970cae5aac6d917ea90,4640ce4a3328e6b8b4e4383e059d2e1d0bb0bc06625b1b637acee6b99986ee1f,REPRODUCED
False,,,,,,,,,,c_0f935733be9940a8,runtime_taint,c69fff36c89963f0a8a55bd267584fe3b32aad093936e970cae5aac6d917ea90,4640ce4a3328e6b8b4e4383e059d2e1d0bb0bc06625b1b637acee6b99986ee1f,REPRODUCED
False,,,,,,,,,,c_0f935733be9940a8,invariance,c69fff36c89963f0a8a55bd267584fe3b32aad093936e970cae5aac6d917ea90,4640ce4a3328e6b8b4e4383e059d2e1d0bb0bc06625b1b637acee6b99986ee1f,REPRODUCED
False,,,,,,,,,,c_0f935733be9940a8,full_audit,c69fff36c89963f0a8a55bd267584fe3b32aad093936e970cae5aac6d917ea90,4640ce4a3328e6b8b4e4383e059d2e1d0bb0bc06625b1b637acee6b99986ee1f,REPRODUCED
True,UNKNOWN_LEAK,,,keyword_static_baseline,label,adapter.py,,,keyword:label,c_0fb926f7378948c2,keyword_static_baseline,c69fff36c89963f0a8a55bd267584fe3b32aad093936e970cae5aac6d917ea90,4640ce4a3328e6b8b4e4383e059d2e1d0bb0bc06625b1b637acee6b99986ee1f,REPRODUCED
False,,,,,,,,,,c_0fb926f7378948c2,ast_static_dataflow,c69fff36c89963f0a8a55bd267584fe3b32aad093936e970cae5aac6d917ea90,4640ce4a3328e6b8b4e4383e059d2e1d0bb0bc06625b1b637acee6b99986ee1f,REPRODUCED
False,,,,,,,,,,c_0fb926f7378948c2,schema_guard,c69fff36c89963f0a8a55bd267584fe3b32aad093936e970cae5aac6d917ea90,4640ce4a3328e6b8b4e4383e059d2e1d0bb0bc06625b1b637acee6b99986ee1f,REPRODUCED
True,UNKNOWN_LEAK,EvidenceGold,candidate_scoring,selector,aux_67,runtime_taint_trace.jsonl,,True,taint reached deployment sink,c_0fb926f7378948c2,runtime_taint,c69fff36c89963f0a8a55bd267584fe3b32aad093936e970cae5aac6d917ea90,4640ce4a3328e6b8b4e4383e059d2e1d0bb0bc06625b1b637acee6b99986ee1f,REPRODUCED
False,,,,,,,,,,c_0fb926f7378948c2,invariance,c69fff36c89963f0a8a55bd267584fe3b32aad093936e970cae5aac6d917ea90,4640ce4a3328e6b8b4e4383e059d2e1d0bb0bc06625b1b637acee6b99986ee1f,REPRODUCED
True,UNKNOWN_LEAK,EvidenceGold,candidate_scoring,selector,aux_67,runtime_taint_trace.jsonl,,True,full_audit_component=runtime_taint; taint reached deployment sink,c_0fb926f7378948c2,full_audit,c69fff36c89963f0a8a55bd267584fe3b32aad093936e970cae5aac6d917ea90,4640ce4a3328e6b8b4e4383e059d2e1d0bb0bc06625b1b637acee6b99986ee1f,REPRODUCED
True,UNKNOWN_LEAK,,,keyword_static_baseline,label,adapter.py,,,keyword:label,c_12a921a9f7574f48,keyword_static_baseline,c69fff36c89963f0a8a55bd267584fe3b32aad093936e970cae5aac6d917ea90,4640ce4a3328e6b8b4e4383e059d2e1d0bb0bc06625b1b637acee6b99986ee1f,REPRODUCED
False,,,,,,,,,,c_12a921a9f7574f48,ast_static_dataflow,c69fff36c89963f0a8a55bd267584fe3b32aad093936e970cae5aac6d917ea90,4640ce4a3328e6b8b4e4383e059d2e1d0bb0bc06625b1b637acee6b99986ee1f,REPRODUCED
False,,,,,,,,,,c_12a921a9f7574f48,schema_guard,c69fff36c89963f0a8a55bd267584fe3b32aad093936e970cae5aac6d917ea90,4640ce4a3328e6b8b4e4383e059d2e1d0bb0bc06625b1b637acee6b99986ee1f,REPRODUCED
False,,,,,,,,,,c_12a921a9f7574f48,runtime_taint,c69fff36c89963f0a8a55bd267584fe3b32aad093936e970cae5aac6d917ea90,4640ce4a3328e6b8b4e4383e059d2e1d0bb0bc06625b1b637acee6b99986ee1f,REPRODUCED
False,,,,,,,,,,c_12a921a9f7574f48,invariance,c69fff36c89963f0a8a55bd267584fe3b32aad093936e970cae5aac6d917ea90,4640ce4a3328e6b8b4e4383e059d2e1d0bb0bc06625b1b637acee6b99986ee1f,REPRODUCED
False,,,,,,,,,,c_12a921a9f7574f48,full_audit,c69fff36c89963f0a8a55bd267584fe3b32aad093936e970cae5aac6d917ea90,4640ce4a3328e6b8b4e4383e059d2e1d0bb0bc06625b1b637acee6b99986ee1f,REPRODUCED
True,UNKNOWN_LEAK,,,keyword_static_baseline,label,adapter.py,,,keyword:label,c_1960c4abfc3b472f,keyword_static_baseline,c69fff36c89963f0a8a55bd267584fe3b32aad093936e970cae5aac6d917ea90,4640ce4a3328e6b8b4e4383e059d2e1d0bb0bc06625b1b637acee6b99986ee1f,REPRODUCED
False,,,,,,,,,,c_1960c4abfc3b472f,ast_static_dataflow,c69fff36c89963f0a8a55bd267584fe3b32aad093936e970cae5aac6d917ea90,4640ce4a3328e6b8b4e4383e059d2e1d0bb0bc06625b1b637acee6b99986ee1f,REPRODUCED
False,,,,,,,,,,c_1960c4abfc3b472f,schema_guard,c69fff36c89963f0a8a55bd267584fe3b32aad093936e970cae5aac6d917ea90,4640ce4a3328e6b8b4e4383e059d2e1d0bb0bc06625b1b637acee6b99986ee1f,REPRODUCED
False,,,,,,,,,,c_1960c4abfc3b472f,runtime_taint,c69fff36c89963f0a8a55bd267584fe3b32aad093936e970cae5aac6d917ea90,4640ce4a3328e6b8b4e4383e059d2e1d0bb0bc06625b1b637acee6b99986ee1f,REPRODUCED
False,,,,,,,,,,c_1960c4abfc3b472f,invariance,c69fff36c89963f0a8a55bd267584fe3b32aad093936e970cae5aac6d917ea90,4640ce4a3328e6b8b4e4383e059d2e1d0bb0bc06625b1b637acee6b99986ee1f,REPRODUCED
False,,,,,,,,,,c_1960c4abfc3b472f,full_audit,c69fff36c89963f0a8a55bd267584fe3b32aad093936e970cae5aac6d917ea90,4640ce4a3328e6b8b4e4383e059d2e1d0bb0bc06625b1b637acee6b99986ee1f,REPRODUCED
True,UNKNOWN_LEAK,,,keyword_static_baseline,label,adapter.py,,,keyword:label,c_1bc2135ee00d465a,keyword_static_baseline,c69fff36c89963f0a8a55bd267584fe3b32aad093936e970cae5aac6d917ea90,4640ce4a3328e6b8b4e4383e059d2e1d0bb0bc06625b1b637acee6b99986ee1f,REPRODUCED
False,,,,,,,,,,c_1bc2135ee00d465a,ast_static_dataflow,c69fff36c89963f0a8a55bd267584fe3b32aad093936e970cae5aac6d917ea90,4640ce4a3328e6b8b4e4383e059d2e1d0bb0bc06625b1b637acee6b99986ee1f,REPRODUCED
False,,,,,,,,,,c_1bc2135ee00d465a,schema_guard,c69fff36c89963f0a8a55bd267584fe3b32aad093936e970cae5aac6d917ea90,4640ce4a3328e6b8b4e4383e059d2e1d0bb0bc06625b1b637acee6b99986ee1f,REPRODUCED
False,,,,,,,,,,c_1bc2135ee00d465a,runtime_taint,c69fff36c89963f0a8a55bd267584fe3b32aad093936e970cae5aac6d917ea90,4640ce4a3328e6b8b4e4383e059d2e1d0bb0bc06625b1b637acee6b99986ee1f,REPRODUCED
False,,,,,,,,,,c_1bc2135ee00d465a,invariance,c69fff36c89963f0a8a55bd267584fe3b32aad093936e970cae5aac6d917ea90,4640ce4a3328e6b8b4e4383e059d2e1d0bb0bc06625b1b637acee6b99986ee1f,REPRODUCED
False,,,,,,,,,,c_1bc2135ee00d465a,full_audit,c69fff36c89963f0a8a55bd267584fe3b32aad093936e970cae5aac6d917ea90,4640ce4a3328e6b8b4e4383e059d2e1d0bb0bc06625b1b637acee6b99986ee1f,REPRODUCED
True,UNKNOWN_LEAK,,,keyword_static_baseline,label,adapter.py,,,keyword:label,c_1c888b5039314b44,keyword_static_baseline,c69fff36c89963f0a8a55bd267584fe3b32aad093936e970cae5aac6d917ea90,4640ce4a3328e6b8b4e4383e059d2e1d0bb0bc06625b1b637acee6b99986ee1f,REPRODUCED
False,,,,,,,,,,c_1c888b5039314b44,ast_static_dataflow,c69fff36c89963f0a8a55bd267584fe3b32aad093936e970cae5aac6d917ea90,4640ce4a3328e6b8b4e4383e059d2e1d0bb0bc06625b1b637acee6b99986ee1f,REPRODUCED
False,,,,,,,,,,c_1c888b5039314b44,schema_guard,c69fff36c89963f0a8a55bd267584fe3b32aad093936e970cae5aac6d917ea90,4640ce4a3328e6b8b4e4383e059d2e1d0bb0bc06625b1b637acee6b99986ee1f,REPRODUCED
True,UNKNOWN_LEAK,EvidenceGold,feature_matrix,feature_builder,aux_47,runtime_taint_trace.jsonl,,True,taint reached deployment sink,c_1c888b5039314b44,runtime_taint,c69fff36c89963f0a8a55bd267584fe3b32aad093936e970cae5aac6d917ea90,4640ce4a3328e6b8b4e4383e059d2e1d0bb0bc06625b1b637acee6b99986ee1f,REPRODUCED
False,,,,,,,,,,c_1c888b5039314b44,invariance,c69fff36c89963f0a8a55bd267584fe3b32aad093936e970cae5aac6d917ea90,4640ce4a3328e6b8b4e4383e059d2e1d0bb0bc06625b1b637acee6b99986ee1f,REPRODUCED
True,UNKNOWN_LEAK,EvidenceGold,feature_matrix,feature_builder,aux_47,runtime_taint_trace.jsonl,,True,full_audit_component=runtime_taint; taint reached deployment sink,c_1c888b5039314b44,full_audit,c69fff36c89963f0a8a55bd267584fe3b32aad093936e970cae5aac6d917ea90,4640ce4a3328e6b8b4e4383e059d2e1d0bb0bc06625b1b637acee6b99986ee1f,REPRODUCED
True,UNKNOWN_LEAK,,,keyword_static_baseline,label,adapter.py,,,keyword:label,c_20a8d216644f4d40,keyword_static_baseline,c69fff36c89963f0a8a55bd267584fe3b32aad093936e970cae5aac6d917ea90,4640ce4a3328e6b8b4e4383e059d2e1d0bb0bc06625b1b637acee6b99986ee1f,REPRODUCED
False,,,,,,,,,,c_20a8d216644f4d40,ast_static_dataflow,c69fff36c89963f0a8a55bd267584fe3b32aad093936e970cae5aac6d917ea90,4640ce4a3328e6b8b4e4383e059d2e1d0bb0bc06625b1b637acee6b99986ee1f,REPRODUCED
False,,,,,,,,,,c_20a8d216644f4d40,schema_guard,c69fff36c89963f0a8a55bd267584fe3b32aad093936e970cae5aac6d917ea90,4640ce4a3328e6b8b4e4383e059d2e1d0bb0bc06625b1b637acee6b99986ee1f,REPRODUCED
False,,,,,,,,,,c_20a8d216644f4d40,runtime_taint,c69fff36c89963f0a8a55bd267584fe3b32aad093936e970cae5aac6d917ea90,4640ce4a3328e6b8b4e4383e059d2e1d0bb0bc06625b1b637acee6b99986ee1f,REPRODUCED
False,,,,,,,,,,c_20a8d216644f4d40,invariance,c69fff36c89963f0a8a55bd267584fe3b32aad093936e970cae5aac6d917ea90,4640ce4a3328e6b8b4e4383e059d2e1d0bb0bc06625b1b637acee6b99986ee1f,REPRODUCED
False,,,,,,,,,,c_20a8d216644f4d40,full_audit,c69fff36c89963f0a8a55bd267584fe3b32aad093936e970cae5aac6d917ea90,4640ce4a3328e6b8b4e4383e059d2e1d0bb0bc06625b1b637acee6b99986ee1f,REPRODUCED
True,UNKNOWN_LEAK,,,keyword_static_baseline,label,adapter.py,,,keyword:label,c_217dbdab703b4b70,keyword_static_baseline,c69fff36c89963f0a8a55bd267584fe3b32aad093936e970cae5aac6d917ea90,4640ce4a3328e6b8b4e4383e059d2e1d0bb0bc06625b1b637acee6b99986ee1f,REPRODUCED
False,,,,,,,,,,c_217dbdab703b4b70,ast_static_dataflow,c69fff36c89963f0a8a55bd267584fe3b32aad093936e970cae5aac6d917ea90,4640ce4a3328e6b8b4e4383e059d2e1d0bb0bc06625b1b637acee6b99986ee1f,REPRODUCED
False,,,,,,,,,,c_217dbdab703b4b70,schema_guard,c69fff36c89963f0a8a55bd267584fe3b32aad093936e970cae5aac6d917ea90,4640ce4a3328e6b8b4e4383e059d2e1d0bb0bc06625b1b637acee6b99986ee1f,REPRODUCED
True,UNKNOWN_LEAK,EvidenceGold,candidate_scoring,selector,aux_53,runtime_taint_trace.jsonl,,True,taint reached deployment sink,c_217dbdab703b4b70,runtime_taint,c69fff36c89963f0a8a55bd267584fe3b32aad093936e970cae5aac6d917ea90,4640ce4a3328e6b8b4e4383e059d2e1d0bb0bc06625b1b637acee6b99986ee1f,REPRODUCED
False,,,,,,,,,,c_217dbdab703b4b70,invariance,c69fff36c89963f0a8a55bd267584fe3b32aad093936e970cae5aac6d917ea90,4640ce4a3328e6b8b4e4383e059d2e1d0bb0bc06625b1b637acee6b99986ee1f,REPRODUCED
True,UNKNOWN_LEAK,EvidenceGold,candidate_scoring,selector,aux_53,runtime_taint_trace.jsonl,,True,full_audit_component=runtime_taint; taint reached deployment sink,c_217dbdab703b4b70,full_audit,c69fff36c89963f0a8a55bd267584fe3b32aad093936e970cae5aac6d917ea90,4640ce4a3328e6b8b4e4383e059d2e1d0bb0bc06625b1b637acee6b99986ee1f,REPRODUCED
True,UNKNOWN_LEAK,,,keyword_static_baseline,label,adapter.py,,,keyword:label,c_24e99b2a1a02410d,keyword_static_baseline,c69fff36c89963f0a8a55bd267584fe3b32aad093936e970cae5aac6d917ea90,4640ce4a3328e6b8b4e4383e059d2e1d0bb0bc06625b1b637acee6b99986ee1f,REPRODUCED
False,,,,,,,,,,c_24e99b2a1a02410d,ast_static_dataflow,c69fff36c89963f0a8a55bd267584fe3b32aad093936e970cae5aac6d917ea90,4640ce4a3328e6b8b4e4383e059d2e1d0bb0bc06625b1b637acee6b99986ee1f,REPRODUCED
False,,,,,,,,,,c_24e99b2a1a02410d,schema_guard,c69fff36c89963f0a8a55bd267584fe3b32aad093936e970cae5aac6d917ea90,4640ce4a3328e6b8b4e4383e059d2e1d0bb0bc06625b1b637acee6b99986ee1f,REPRODUCED
False,,,,,,,,,,c_24e99b2a1a02410d,runtime_taint,c69fff36c89963f0a8a55bd267584fe3b32aad093936e970cae5aac6d917ea90,4640ce4a3328e6b8b4e4383e059d2e1d0bb0bc06625b1b637acee6b99986ee1f,REPRODUCED
False,,,,,,,,,,c_24e99b2a1a02410d,invariance,c69fff36c89963f0a8a55bd267584fe3b32aad093936e970cae5aac6d917ea90,4640ce4a3328e6b8b4e4383e059d2e1d0bb0bc06625b1b637acee6b99986ee1f,REPRODUCED
False,,,,,,,,,,c_24e99b2a1a02410d,full_audit,c69fff36c89963f0a8a55bd267584fe3b32aad093936e970cae5aac6d917ea90,4640ce4a3328e6b8b4e4383e059d2e1d0bb0bc06625b1b637acee6b99986ee1f,REPRODUCED
True,UNKNOWN_LEAK,,,keyword_static_baseline,label,adapter.py,,,keyword:label,c_26602083d2304cbb,keyword_static_baseline,c69fff36c89963f0a8a55bd267584fe3b32aad093936e970cae5aac6d917ea90,4640ce4a3328e6b8b4e4383e059d2e1d0bb0bc06625b1b637acee6b99986ee1f,REPRODUCED
False,,,,,,,,,,c_26602083d2304cbb,ast_static_dataflow,c69fff36c89963f0a8a55bd267584fe3b32aad093936e970cae5aac6d917ea90,4640ce4a3328e6b8b4e4383e059d2e1d0bb0bc06625b1b637acee6b99986ee1f,REPRODUCED
False,,,,,,,,,,c_26602083d2304cbb,schema_guard,c69fff36c89963f0a8a55bd267584fe3b32aad093936e970cae5aac6d917ea90,4640ce4a3328e6b8b4e4383e059d2e1d0bb0bc06625b1b637acee6b99986ee1f,REPRODUCED
False,,,,,,,,,,c_26602083d2304cbb,runtime_taint,c69fff36c89963f0a8a55bd267584fe3b32aad093936e970cae5aac6d917ea90,4640ce4a3328e6b8b4e4383e059d2e1d0bb0bc06625b1b637acee6b99986ee1f,REPRODUCED
False,,,,,,,,,,c_26602083d2304cbb,invariance,c69fff36c89963f0a8a55bd267584fe3b32aad093936e970cae5aac6d917ea90,4640ce4a3328e6b8b4e4383e059d2e1d0bb0bc06625b1b637acee6b99986ee1f,REPRODUCED
False,,,,,,,,,,c_26602083d2304cbb,full_audit,c69fff36c89963f0a8a55bd267584fe3b32aad093936e970cae5aac6d917ea90,4640ce4a3328e6b8b4e4383e059d2e1d0bb0bc06625b1b637acee6b99986ee1f,REPRODUCED
True,UNKNOWN_LEAK,,,keyword_static_baseline,label,adapter.py,,,keyword:label,c_28b40afbe7c24860,keyword_static_baseline,c69fff36c89963f0a8a55bd267584fe3b32aad093936e970cae5aac6d917ea90,4640ce4a3328e6b8b4e4383e059d2e1d0bb0bc06625b1b637acee6b99986ee1f,REPRODUCED
False,,,,,,,,,,c_28b40afbe7c24860,ast_static_dataflow,c69fff36c89963f0a8a55bd267584fe3b32aad093936e970cae5aac6d917ea90,4640ce4a3328e6b8b4e4383e059d2e1d0bb0bc06625b1b637acee6b99986ee1f,REPRODUCED
False,,,,,,,,,,c_28b40afbe7c24860,schema_guard,c69fff36c89963f0a8a55bd267584fe3b32aad093936e970cae5aac6d917ea90,4640ce4a3328e6b8b4e4383e059d2e1d0bb0bc06625b1b637acee6b99986ee1f,REPRODUCED
False,,,,,,,,,,c_28b40afbe7c24860,runtime_taint,c69fff36c89963f0a8a55bd267584fe3b32aad093936e970cae5aac6d917ea90,4640ce4a3328e6b8b4e4383e059d2e1d0bb0bc06625b1b637acee6b99986ee1f,REPRODUCED
False,,,,,,,,,,c_28b40afbe7c24860,invariance,c69fff36c89963f0a8a55bd267584fe3b32aad093936e970cae5aac6d917ea90,4640ce4a3328e6b8b4e4383e059d2e1d0bb0bc06625b1b637acee6b99986ee1f,REPRODUCED
False,,,,,,,,,,c_28b40afbe7c24860,full_audit,c69fff36c89963f0a8a55bd267584fe3b32aad093936e970cae5aac6d917ea90,4640ce4a3328e6b8b4e4383e059d2e1d0bb0bc06625b1b637acee6b99986ee1f,REPRODUCED
True,UNKNOWN_LEAK,,,keyword_static_baseline,label,adapter.py,,,keyword:label,c_2b47837694ae4f1b,keyword_static_baseline,c69fff36c89963f0a8a55bd267584fe3b32aad093936e970cae5aac6d917ea90,4640ce4a3328e6b8b4e4383e059d2e1d0bb0bc06625b1b637acee6b99986ee1f,REPRODUCED
False,,,,,,,,,,c_2b47837694ae4f1b,ast_static_dataflow,c69fff36c89963f0a8a55bd267584fe3b32aad093936e970cae5aac6d917ea90,4640ce4a3328e6b8b4e4383e059d2e1d0bb0bc06625b1b637acee6b99986ee1f,REPRODUCED
True,UNKNOWN_LEAK,,,schema_guard,aux_11,,,,extra metadata field,c_2b47837694ae4f1b,schema_guard,c69fff36c89963f0a8a55bd267584fe3b32aad093936e970cae5aac6d917ea90,4640ce4a3328e6b8b4e4383e059d2e1d0bb0bc06625b1b637acee6b99986ee1f,REPRODUCED
True,UNKNOWN_LEAK,EvidenceGold,candidate_scoring,selector,aux_11,runtime_taint_trace.jsonl,,True,taint reached deployment sink,c_2b47837694ae4f1b,runtime_taint,c69fff36c89963f0a8a55bd267584fe3b32aad093936e970cae5aac6d917ea90,4640ce4a3328e6b8b4e4383e059d2e1d0bb0bc06625b1b637acee6b99986ee1f,REPRODUCED
True,UNKNOWN_LEAK,,selected_doc_ids,invariance,selected_doc_ids,selection,,True,changed_qids=1,c_2b47837694ae4f1b,invariance,c69fff36c89963f0a8a55bd267584fe3b32aad093936e970cae5aac6d917ea90,4640ce4a3328e6b8b4e4383e059d2e1d0bb0bc06625b1b637acee6b99986ee1f,REPRODUCED
True,UNKNOWN_LEAK,EvidenceGold,candidate_scoring,selector,aux_11,runtime_taint_trace.jsonl,,True,full_audit_component=runtime_taint; taint reached deployment sink,c_2b47837694ae4f1b,full_audit,c69fff36c89963f0a8a55bd267584fe3b32aad093936e970cae5aac6d917ea90,4640ce4a3328e6b8b4e4383e059d2e1d0bb0bc06625b1b637acee6b99986ee1f,REPRODUCED
True,UNKNOWN_LEAK,,,keyword_static_baseline,label,adapter.py,,,keyword:label,c_2cd0bf73f8224159,keyword_static_baseline,c69fff36c89963f0a8a55bd267584fe3b32aad093936e970cae5aac6d917ea90,4640ce4a3328e6b8b4e4383e059d2e1d0bb0bc06625b1b637acee6b99986ee1f,REPRODUCED
False,,,,,,,,,,c_2cd0bf73f8224159,ast_static_dataflow,c69fff36c89963f0a8a55bd267584fe3b32aad093936e970cae5aac6d917ea90,4640ce4a3328e6b8b4e4383e059d2e1d0bb0bc06625b1b637acee6b99986ee1f,REPRODUCED
False,,,,,,,,,,c_2cd0bf73f8224159,schema_guard,c69fff36c89963f0a8a55bd267584fe3b32aad093936e970cae5aac6d917ea90,4640ce4a3328e6b8b4e4383e059d2e1d0bb0bc06625b1b637acee6b99986ee1f,REPRODUCED
False,,,,,,,,,,c_2cd0bf73f8224159,runtime_taint,c69fff36c89963f0a8a55bd267584fe3b32aad093936e970cae5aac6d917ea90,4640ce4a3328e6b8b4e4383e059d2e1d0bb0bc06625b1b637acee6b99986ee1f,REPRODUCED
False,,,,,,,,,,c_2cd0bf73f8224159,invariance,c69fff36c89963f0a8a55bd267584fe3b32aad093936e970cae5aac6d917ea90,4640ce4a3328e6b8b4e4383e059d2e1d0bb0bc06625b1b637acee6b99986ee1f,REPRODUCED
False,,,,,,,,,,c_2cd0bf73f8224159,full_audit,c69fff36c89963f0a8a55bd267584fe3b32aad093936e970cae5aac6d917ea90,4640ce4a3328e6b8b4e4383e059d2e1d0bb0bc06625b1b637acee6b99986ee1f,REPRODUCED
True,UNKNOWN_LEAK,,,keyword_static_baseline,label,adapter.py,,,keyword:label,c_2f3efd7aa03049d7,keyword_static_baseline,c69fff36c89963f0a8a55bd267584fe3b32aad093936e970cae5aac6d917ea90,4640ce4a3328e6b8b4e4383e059d2e1d0bb0bc06625b1b637acee6b99986ee1f,REPRODUCED
False,,,,,,,,,,c_2f3efd7aa03049d7,ast_static_dataflow,c69fff36c89963f0a8a55bd267584fe3b32aad093936e970cae5aac6d917ea90,4640ce4a3328e6b8b4e4383e059d2e1d0bb0bc06625b1b637acee6b99986ee1f,REPRODUCED
False,,,,,,,,,,c_2f3efd7aa03049d7,schema_guard,c69fff36c89963f0a8a55bd267584fe3b32aad093936e970cae5aac6d917ea90,4640ce4a3328e6b8b4e4383e059d2e1d0bb0bc06625b1b637acee6b99986ee1f,REPRODUCED
True,UNKNOWN_LEAK,EvidenceGold,candidate_filter,candidate_filter,aux_73,runtime_taint_trace.jsonl,,True,taint reached deployment sink,c_2f3efd7aa03049d7,runtime_taint,c69fff36c89963f0a8a55bd267584fe3b32aad093936e970cae5aac6d917ea90,4640ce4a3328e6b8b4e4383e059d2e1d0bb0bc06625b1b637acee6b99986ee1f,REPRODUCED
False,,,,,,,,,,c_2f3efd7aa03049d7,invariance,c69fff36c89963f0a8a55bd267584fe3b32aad093936e970cae5aac6d917ea90,4640ce4a3328e6b8b4e4383e059d2e1d0bb0bc06625b1b637acee6b99986ee1f,REPRODUCED
True,UNKNOWN_LEAK,EvidenceGold,candidate_filter,candidate_filter,aux_73,runtime_taint_trace.jsonl,,True,full_audit_component=runtime_taint; taint reached deployment sink,c_2f3efd7aa03049d7,full_audit,c69fff36c89963f0a8a55bd267584fe3b32aad093936e970cae5aac6d917ea90,4640ce4a3328e6b8b4e4383e059d2e1d0bb0bc06625b1b637acee6b99986ee1f,REPRODUCED
True,UNKNOWN_LEAK,,,keyword_static_baseline,label,adapter.py,,,keyword:label,c_3095d6195ad44fdc,keyword_static_baseline,c69fff36c89963f0a8a55bd267584fe3b32aad093936e970cae5aac6d917ea90,4640ce4a3328e6b8b4e4383e059d2e1d0bb0bc06625b1b637acee6b99986ee1f,REPRODUCED
False,,,,,,,,,,c_3095d6195ad44fdc,ast_static_dataflow,c69fff36c89963f0a8a55bd267584fe3b32aad093936e970cae5aac6d917ea90,4640ce4a3328e6b8b4e4383e059d2e1d0bb0bc06625b1b637acee6b99986ee1f,REPRODUCED
True,UNKNOWN_LEAK,,,schema_guard,aux_17,,,,extra metadata field,c_3095d6195ad44fdc,schema_guard,c69fff36c89963f0a8a55bd267584fe3b32aad093936e970cae5aac6d917ea90,4640ce4a3328e6b8b4e4383e059d2e1d0bb0bc06625b1b637acee6b99986ee1f,REPRODUCED
True,UNKNOWN_LEAK,EvidenceGold,candidate_scoring,selector,aux_17,runtime_taint_trace.jsonl,,True,taint reached deployment sink,c_3095d6195ad44fdc,runtime_taint,c69fff36c89963f0a8a55bd267584fe3b32aad093936e970cae5aac6d917ea90,4640ce4a3328e6b8b4e4383e059d2e1d0bb0bc06625b1b637acee6b99986ee1f,REPRODUCED
False,,,,,,,,,,c_3095d6195ad44fdc,invariance,c69fff36c89963f0a8a55bd267584fe3b32aad093936e970cae5aac6d917ea90,4640ce4a3328e6b8b4e4383e059d2e1d0bb0bc06625b1b637acee6b99986ee1f,REPRODUCED
True,UNKNOWN_LEAK,EvidenceGold,candidate_scoring,selector,aux_17,runtime_taint_trace.jsonl,,True,full_audit_component=runtime_taint; taint reached deployment sink,c_3095d6195ad44fdc,full_audit,c69fff36c89963f0a8a55bd267584fe3b32aad093936e970cae5aac6d917ea90,4640ce4a3328e6b8b4e4383e059d2e1d0bb0bc06625b1b637acee6b99986ee1f,REPRODUCED
True,UNKNOWN_LEAK,,,keyword_static_baseline,label,adapter.py,,,keyword:label,c_375a3acdd9024342,keyword_static_baseline,c69fff36c89963f0a8a55bd267584fe3b32aad093936e970cae5aac6d917ea90,4640ce4a3328e6b8b4e4383e059d2e1d0bb0bc06625b1b637acee6b99986ee1f,REPRODUCED
False,,,,,,,,,,c_375a3acdd9024342,ast_static_dataflow,c69fff36c89963f0a8a55bd267584fe3b32aad093936e970cae5aac6d917ea90,4640ce4a3328e6b8b4e4383e059d2e1d0bb0bc06625b1b637acee6b99986ee1f,REPRODUCED
False,,,,,,,,,,c_375a3acdd9024342,schema_guard,c69fff36c89963f0a8a55bd267584fe3b32aad093936e970cae5aac6d917ea90,4640ce4a3328e6b8b4e4383e059d2e1d0bb0bc06625b1b637acee6b99986ee1f,REPRODUCED
False,,,,,,,,,,c_375a3acdd9024342,runtime_taint,c69fff36c89963f0a8a55bd267584fe3b32aad093936e970cae5aac6d917ea90,4640ce4a3328e6b8b4e4383e059d2e1d0bb0bc06625b1b637acee6b99986ee1f,REPRODUCED
False,,,,,,,,,,c_375a3acdd9024342,invariance,c69fff36c89963f0a8a55bd267584fe3b32aad093936e970cae5aac6d917ea90,4640ce4a3328e6b8b4e4383e059d2e1d0bb0bc06625b1b637acee6b99986ee1f,REPRODUCED
False,,,,,,,,,,c_375a3acdd9024342,full_audit,c69fff36c89963f0a8a55bd267584fe3b32aad093936e970cae5aac6d917ea90,4640ce4a3328e6b8b4e4383e059d2e1d0bb0bc06625b1b637acee6b99986ee1f,REPRODUCED
True,UNKNOWN_LEAK,,,keyword_static_baseline,label,adapter.py,,,keyword:label,c_387d494f03c1487e,keyword_static_baseline,c69fff36c89963f0a8a55bd267584fe3b32aad093936e970cae5aac6d917ea90,4640ce4a3328e6b8b4e4383e059d2e1d0bb0bc06625b1b637acee6b99986ee1f,REPRODUCED
False,,,,,,,,,,c_387d494f03c1487e,ast_static_dataflow,c69fff36c89963f0a8a55bd267584fe3b32aad093936e970cae5aac6d917ea90,4640ce4a3328e6b8b4e4383e059d2e1d0bb0bc06625b1b637acee6b99986ee1f,REPRODUCED
False,,,,,,,,,,c_387d494f03c1487e,schema_guard,c69fff36c89963f0a8a55bd267584fe3b32aad093936e970cae5aac6d917ea90,4640ce4a3328e6b8b4e4383e059d2e1d0bb0bc06625b1b637acee6b99986ee1f,REPRODUCED
True,UNKNOWN_LEAK,EvidenceGold,feature_matrix,feature_builder,aux_43,runtime_taint_trace.jsonl,,True,taint reached deployment sink,c_387d494f03c1487e,runtime_taint,c69fff36c89963f0a8a55bd267584fe3b32aad093936e970cae5aac6d917ea90,4640ce4a3328e6b8b4e4383e059d2e1d0bb0bc06625b1b637acee6b99986ee1f,REPRODUCED
False,,,,,,,,,,c_387d494f03c1487e,invariance,c69fff36c89963f0a8a55bd267584fe3b32aad093936e970cae5aac6d917ea90,4640ce4a3328e6b8b4e4383e059d2e1d0bb0bc06625b1b637acee6b99986ee1f,REPRODUCED
True,UNKNOWN_LEAK,EvidenceGold,feature_matrix,feature_builder,aux_43,runtime_taint_trace.jsonl,,True,full_audit_component=runtime_taint; taint reached deployment sink,c_387d494f03c1487e,full_audit,c69fff36c89963f0a8a55bd267584fe3b32aad093936e970cae5aac6d917ea90,4640ce4a3328e6b8b4e4383e059d2e1d0bb0bc06625b1b637acee6b99986ee1f,REPRODUCED
True,UNKNOWN_LEAK,,,keyword_static_baseline,label,adapter.py,,,keyword:label,c_44e48d8e577c47fb,keyword_static_baseline,c69fff36c89963f0a8a55bd267584fe3b32aad093936e970cae5aac6d917ea90,4640ce4a3328e6b8b4e4383e059d2e1d0bb0bc06625b1b637acee6b99986ee1f,REPRODUCED
False,,,,,,,,,,c_44e48d8e577c47fb,ast_static_dataflow,c69fff36c89963f0a8a55bd267584fe3b32aad093936e970cae5aac6d917ea90,4640ce4a3328e6b8b4e4383e059d2e1d0bb0bc06625b1b637acee6b99986ee1f,REPRODUCED
False,,,,,,,,,,c_44e48d8e577c47fb,schema_guard,c69fff36c89963f0a8a55bd267584fe3b32aad093936e970cae5aac6d917ea90,4640ce4a3328e6b8b4e4383e059d2e1d0bb0bc06625b1b637acee6b99986ee1f,REPRODUCED
True,UNKNOWN_LEAK,EvidenceGold,feature_matrix,feature_builder,aux_47,runtime_taint_trace.jsonl,,True,taint reached deployment sink,c_44e48d8e577c47fb,runtime_taint,c69fff36c89963f0a8a55bd267584fe3b32aad093936e970cae5aac6d917ea90,4640ce4a3328e6b8b4e4383e059d2e1d0bb0bc06625b1b637acee6b99986ee1f,REPRODUCED
False,,,,,,,,,,c_44e48d8e577c47fb,invariance,c69fff36c89963f0a8a55bd267584fe3b32aad093936e970cae5aac6d917ea90,4640ce4a3328e6b8b4e4383e059d2e1d0bb0bc06625b1b637acee6b99986ee1f,REPRODUCED
True,UNKNOWN_LEAK,EvidenceGold,feature_matrix,feature_builder,aux_47,runtime_taint_trace.jsonl,,True,full_audit_component=runtime_taint; taint reached deployment sink,c_44e48d8e577c47fb,full_audit,c69fff36c89963f0a8a55bd267584fe3b32aad093936e970cae5aac6d917ea90,4640ce4a3328e6b8b4e4383e059d2e1d0bb0bc06625b1b637acee6b99986ee1f,REPRODUCED
True,UNKNOWN_LEAK,,,keyword_static_baseline,label,adapter.py,,,keyword:label,c_46894f5d00dd47e3,keyword_static_baseline,c69fff36c89963f0a8a55bd267584fe3b32aad093936e970cae5aac6d917ea90,4640ce4a3328e6b8b4e4383e059d2e1d0bb0bc06625b1b637acee6b99986ee1f,REPRODUCED
False,,,,,,,,,,c_46894f5d00dd47e3,ast_static_dataflow,c69fff36c89963f0a8a55bd267584fe3b32aad093936e970cae5aac6d917ea90,4640ce4a3328e6b8b4e4383e059d2e1d0bb0bc06625b1b637acee6b99986ee1f,REPRODUCED
False,,,,,,,,,,c_46894f5d00dd47e3,schema_guard,c69fff36c89963f0a8a55bd267584fe3b32aad093936e970cae5aac6d917ea90,4640ce4a3328e6b8b4e4383e059d2e1d0bb0bc06625b1b637acee6b99986ee1f,REPRODUCED
False,,,,,,,,,,c_46894f5d00dd47e3,runtime_taint,c69fff36c89963f0a8a55bd267584fe3b32aad093936e970cae5aac6d917ea90,4640ce4a3328e6b8b4e4383e059d2e1d0bb0bc06625b1b637acee6b99986ee1f,REPRODUCED
False,,,,,,,,,,c_46894f5d00dd47e3,invariance,c69fff36c89963f0a8a55bd267584fe3b32aad093936e970cae5aac6d917ea90,4640ce4a3328e6b8b4e4383e059d2e1d0bb0bc06625b1b637acee6b99986ee1f,REPRODUCED
False,,,,,,,,,,c_46894f5d00dd47e3,full_audit,c69fff36c89963f0a8a55bd267584fe3b32aad093936e970cae5aac6d917ea90,4640ce4a3328e6b8b4e4383e059d2e1d0bb0bc06625b1b637acee6b99986ee1f,REPRODUCED
True,UNKNOWN_LEAK,,,keyword_static_baseline,label,adapter.py,,,keyword:label,c_46af0707d227425e,keyword_static_baseline,c69fff36c89963f0a8a55bd267584fe3b32aad093936e970cae5aac6d917ea90,4640ce4a3328e6b8b4e4383e059d2e1d0bb0bc06625b1b637acee6b99986ee1f,REPRODUCED
False,,,,,,,,,,c_46af0707d227425e,ast_static_dataflow,c69fff36c89963f0a8a55bd267584fe3b32aad093936e970cae5aac6d917ea90,4640ce4a3328e6b8b4e4383e059d2e1d0bb0bc06625b1b637acee6b99986ee1f,REPRODUCED
False,,,,,,,,,,c_46af0707d227425e,schema_guard,c69fff36c89963f0a8a55bd267584fe3b32aad093936e970cae5aac6d917ea90,4640ce4a3328e6b8b4e4383e059d2e1d0bb0bc06625b1b637acee6b99986ee1f,REPRODUCED
False,,,,,,,,,,c_46af0707d227425e,runtime_taint,c69fff36c89963f0a8a55bd267584fe3b32aad093936e970cae5aac6d917ea90,4640ce4a3328e6b8b4e4383e059d2e1d0bb0bc06625b1b637acee6b99986ee1f,REPRODUCED
False,,,,,,,,,,c_46af0707d227425e,invariance,c69fff36c89963f0a8a55bd267584fe3b32aad093936e970cae5aac6d917ea90,4640ce4a3328e6b8b4e4383e059d2e1d0bb0bc06625b1b637acee6b99986ee1f,REPRODUCED
False,,,,,,,,,,c_46af0707d227425e,full_audit,c69fff36c89963f0a8a55bd267584fe3b32aad093936e970cae5aac6d917ea90,4640ce4a3328e6b8b4e4383e059d2e1d0bb0bc06625b1b637acee6b99986ee1f,REPRODUCED
True,UNKNOWN_LEAK,,,keyword_static_baseline,label,adapter.py,,,keyword:label,c_4ebe8fd5a7034199,keyword_static_baseline,c69fff36c89963f0a8a55bd267584fe3b32aad093936e970cae5aac6d917ea90,4640ce4a3328e6b8b4e4383e059d2e1d0bb0bc06625b1b637acee6b99986ee1f,REPRODUCED
False,,,,,,,,,,c_4ebe8fd5a7034199,ast_static_dataflow,c69fff36c89963f0a8a55bd267584fe3b32aad093936e970cae5aac6d917ea90,4640ce4a3328e6b8b4e4383e059d2e1d0bb0bc06625b1b637acee6b99986ee1f,REPRODUCED
False,,,,,,,,,,c_4ebe8fd5a7034199,schema_guard,c69fff36c89963f0a8a55bd267584fe3b32aad093936e970cae5aac6d917ea90,4640ce4a3328e6b8b4e4383e059d2e1d0bb0bc06625b1b637acee6b99986ee1f,REPRODUCED
False,,,,,,,,,,c_4ebe8fd5a7034199,runtime_taint,c69fff36c89963f0a8a55bd267584fe3b32aad093936e970cae5aac6d917ea90,4640ce4a3328e6b8b4e4383e059d2e1d0bb0bc06625b1b637acee6b99986ee1f,REPRODUCED
False,,,,,,,,,,c_4ebe8fd5a7034199,invariance,c69fff36c89963f0a8a55bd267584fe3b32aad093936e970cae5aac6d917ea90,4640ce4a3328e6b8b4e4383e059d2e1d0bb0bc06625b1b637acee6b99986ee1f,REPRODUCED
False,,,,,,,,,,c_4ebe8fd5a7034199,full_audit,c69fff36c89963f0a8a55bd267584fe3b32aad093936e970cae5aac6d917ea90,4640ce4a3328e6b8b4e4383e059d2e1d0bb0bc06625b1b637acee6b99986ee1f,REPRODUCED
True,UNKNOWN_LEAK,,,keyword_static_baseline,label,adapter.py,,,keyword:label,c_5098e6020128428a,keyword_static_baseline,c69fff36c89963f0a8a55bd267584fe3b32aad093936e970cae5aac6d917ea90,4640ce4a3328e6b8b4e4383e059d2e1d0bb0bc06625b1b637acee6b99986ee1f,REPRODUCED
False,,,,,,,,,,c_5098e6020128428a,ast_static_dataflow,c69fff36c89963f0a8a55bd267584fe3b32aad093936e970cae5aac6d917ea90,4640ce4a3328e6b8b4e4383e059d2e1d0bb0bc06625b1b637acee6b99986ee1f,REPRODUCED
True,UNKNOWN_LEAK,,,schema_guard,aux_11,,,,extra metadata field,c_5098e6020128428a,schema_guard,c69fff36c89963f0a8a55bd267584fe3b32aad093936e970cae5aac6d917ea90,4640ce4a3328e6b8b4e4383e059d2e1d0bb0bc06625b1b637acee6b99986ee1f,REPRODUCED
True,UNKNOWN_LEAK,EvidenceGold,candidate_scoring,selector,aux_11,runtime_taint_trace.jsonl,,True,taint reached deployment sink,c_5098e6020128428a,runtime_taint,c69fff36c89963f0a8a55bd267584fe3b32aad093936e970cae5aac6d917ea90,4640ce4a3328e6b8b4e4383e059d2e1d0bb0bc06625b1b637acee6b99986ee1f,REPRODUCED
False,,,,,,,,,,c_5098e6020128428a,invariance,c69fff36c89963f0a8a55bd267584fe3b32aad093936e970cae5aac6d917ea90,4640ce4a3328e6b8b4e4383e059d2e1d0bb0bc06625b1b637acee6b99986ee1f,REPRODUCED
True,UNKNOWN_LEAK,EvidenceGold,candidate_scoring,selector,aux_11,runtime_taint_trace.jsonl,,True,full_audit_component=runtime_taint; taint reached deployment sink,c_5098e6020128428a,full_audit,c69fff36c89963f0a8a55bd267584fe3b32aad093936e970cae5aac6d917ea90,4640ce4a3328e6b8b4e4383e059d2e1d0bb0bc06625b1b637acee6b99986ee1f,REPRODUCED
True,UNKNOWN_LEAK,,,keyword_static_baseline,label,adapter.py,,,keyword:label,c_522d5b59eb2841ea,keyword_static_baseline,c69fff36c89963f0a8a55bd267584fe3b32aad093936e970cae5aac6d917ea90,4640ce4a3328e6b8b4e4383e059d2e1d0bb0bc06625b1b637acee6b99986ee1f,REPRODUCED
False,,,,,,,,,,c_522d5b59eb2841ea,ast_static_dataflow,c69fff36c89963f0a8a55bd267584fe3b32aad093936e970cae5aac6d917ea90,4640ce4a3328e6b8b4e4383e059d2e1d0bb0bc06625b1b637acee6b99986ee1f,REPRODUCED
False,,,,,,,,,,c_522d5b59eb2841ea,schema_guard,c69fff36c89963f0a8a55bd267584fe3b32aad093936e970cae5aac6d917ea90,4640ce4a3328e6b8b4e4383e059d2e1d0bb0bc06625b1b637acee6b99986ee1f,REPRODUCED
False,,,,,,,,,,c_522d5b59eb2841ea,runtime_taint,c69fff36c89963f0a8a55bd267584fe3b32aad093936e970cae5aac6d917ea90,4640ce4a3328e6b8b4e4383e059d2e1d0bb0bc06625b1b637acee6b99986ee1f,REPRODUCED
False,,,,,,,,,,c_522d5b59eb2841ea,invariance,c69fff36c89963f0a8a55bd267584fe3b32aad093936e970cae5aac6d917ea90,4640ce4a3328e6b8b4e4383e059d2e1d0bb0bc06625b1b637acee6b99986ee1f,REPRODUCED
False,,,,,,,,,,c_522d5b59eb2841ea,full_audit,c69fff36c89963f0a8a55bd267584fe3b32aad093936e970cae5aac6d917ea90,4640ce4a3328e6b8b4e4383e059d2e1d0bb0bc06625b1b637acee6b99986ee1f,REPRODUCED
True,UNKNOWN_LEAK,,,keyword_static_baseline,label,adapter.py,,,keyword:label,c_54adb8be25374740,keyword_static_baseline,c69fff36c89963f0a8a55bd267584fe3b32aad093936e970cae5aac6d917ea90,4640ce4a3328e6b8b4e4383e059d2e1d0bb0bc06625b1b637acee6b99986ee1f,REPRODUCED
False,,,,,,,,,,c_54adb8be25374740,ast_static_dataflow,c69fff36c89963f0a8a55bd267584fe3b32aad093936e970cae5aac6d917ea90,4640ce4a3328e6b8b4e4383e059d2e1d0bb0bc06625b1b637acee6b99986ee1f,REPRODUCED
False,,,,,,,,,,c_54adb8be25374740,schema_guard,c69fff36c89963f0a8a55bd267584fe3b32aad093936e970cae5aac6d917ea90,4640ce4a3328e6b8b4e4383e059d2e1d0bb0bc06625b1b637acee6b99986ee1f,REPRODUCED
True,UNKNOWN_LEAK,EvidenceGold,feature_matrix,feature_builder,aux_41,runtime_taint_trace.jsonl,,True,taint reached deployment sink,c_54adb8be25374740,runtime_taint,c69fff36c89963f0a8a55bd267584fe3b32aad093936e970cae5aac6d917ea90,4640ce4a3328e6b8b4e4383e059d2e1d0bb0bc06625b1b637acee6b99986ee1f,REPRODUCED
False,,,,,,,,,,c_54adb8be25374740,invariance,c69fff36c89963f0a8a55bd267584fe3b32aad093936e970cae5aac6d917ea90,4640ce4a3328e6b8b4e4383e059d2e1d0bb0bc06625b1b637acee6b99986ee1f,REPRODUCED
True,UNKNOWN_LEAK,EvidenceGold,feature_matrix,feature_builder,aux_41,runtime_taint_trace.jsonl,,True,full_audit_component=runtime_taint; taint reached deployment sink,c_54adb8be25374740,full_audit,c69fff36c89963f0a8a55bd267584fe3b32aad093936e970cae5aac6d917ea90,4640ce4a3328e6b8b4e4383e059d2e1d0bb0bc06625b1b637acee6b99986ee1f,REPRODUCED
True,UNKNOWN_LEAK,,,keyword_static_baseline,label,adapter.py,,,keyword:label,c_58f1c9c284b14538,keyword_static_baseline,c69fff36c89963f0a8a55bd267584fe3b32aad093936e970cae5aac6d917ea90,4640ce4a3328e6b8b4e4383e059d2e1d0bb0bc06625b1b637acee6b99986ee1f,REPRODUCED
False,,,,,,,,,,c_58f1c9c284b14538,ast_static_dataflow,c69fff36c89963f0a8a55bd267584fe3b32aad093936e970cae5aac6d917ea90,4640ce4a3328e6b8b4e4383e059d2e1d0bb0bc06625b1b637acee6b99986ee1f,REPRODUCED
False,,,,,,,,,,c_58f1c9c284b14538,schema_guard,c69fff36c89963f0a8a55bd267584fe3b32aad093936e970cae5aac6d917ea90,4640ce4a3328e6b8b4e4383e059d2e1d0bb0bc06625b1b637acee6b99986ee1f,REPRODUCED
False,,,,,,,,,,c_58f1c9c284b14538,runtime_taint,c69fff36c89963f0a8a55bd267584fe3b32aad093936e970cae5aac6d917ea90,4640ce4a3328e6b8b4e4383e059d2e1d0bb0bc06625b1b637acee6b99986ee1f,REPRODUCED
False,,,,,,,,,,c_58f1c9c284b14538,invariance,c69fff36c89963f0a8a55bd267584fe3b32aad093936e970cae5aac6d917ea90,4640ce4a3328e6b8b4e4383e059d2e1d0bb0bc06625b1b637acee6b99986ee1f,REPRODUCED
False,,,,,,,,,,c_58f1c9c284b14538,full_audit,c69fff36c89963f0a8a55bd267584fe3b32aad093936e970cae5aac6d917ea90,4640ce4a3328e6b8b4e4383e059d2e1d0bb0bc06625b1b637acee6b99986ee1f,REPRODUCED
True,UNKNOWN_LEAK,,,keyword_static_baseline,label,adapter.py,,,keyword:label,c_5a06debb26054c51,keyword_static_baseline,c69fff36c89963f0a8a55bd267584fe3b32aad093936e970cae5aac6d917ea90,4640ce4a3328e6b8b4e4383e059d2e1d0bb0bc06625b1b637acee6b99986ee1f,REPRODUCED
False,,,,,,,,,,c_5a06debb26054c51,ast_static_dataflow,c69fff36c89963f0a8a55bd267584fe3b32aad093936e970cae5aac6d917ea90,4640ce4a3328e6b8b4e4383e059d2e1d0bb0bc06625b1b637acee6b99986ee1f,REPRODUCED
True,UNKNOWN_LEAK,,,schema_guard,aux_17,,,,extra metadata field,c_5a06debb26054c51,schema_guard,c69fff36c89963f0a8a55bd267584fe3b32aad093936e970cae5aac6d917ea90,4640ce4a3328e6b8b4e4383e059d2e1d0bb0bc06625b1b637acee6b99986ee1f,REPRODUCED
True,UNKNOWN_LEAK,EvidenceGold,candidate_scoring,selector,aux_17,runtime_taint_trace.jsonl,,True,taint reached deployment sink,c_5a06debb26054c51,runtime_taint,c69fff36c89963f0a8a55bd267584fe3b32aad093936e970cae5aac6d917ea90,4640ce4a3328e6b8b4e4383e059d2e1d0bb0bc06625b1b637acee6b99986ee1f,REPRODUCED
True,UNKNOWN_LEAK,,selected_doc_ids,invariance,selected_doc_ids,selection,,True,changed_qids=3,c_5a06debb26054c51,invariance,c69fff36c89963f0a8a55bd267584fe3b32aad093936e970cae5aac6d917ea90,4640ce4a3328e6b8b4e4383e059d2e1d0bb0bc06625b1b637acee6b99986ee1f,REPRODUCED
True,UNKNOWN_LEAK,EvidenceGold,candidate_scoring,selector,aux_17,runtime_taint_trace.jsonl,,True,full_audit_component=runtime_taint; taint reached deployment sink,c_5a06debb26054c51,full_audit,c69fff36c89963f0a8a55bd267584fe3b32aad093936e970cae5aac6d917ea90,4640ce4a3328e6b8b4e4383e059d2e1d0bb0bc06625b1b637acee6b99986ee1f,REPRODUCED
True,UNKNOWN_LEAK,,,keyword_static_baseline,label,adapter.py,,,keyword:label,c_5afce37ee2774341,keyword_static_baseline,c69fff36c89963f0a8a55bd267584fe3b32aad093936e970cae5aac6d917ea90,4640ce4a3328e6b8b4e4383e059d2e1d0bb0bc06625b1b637acee6b99986ee1f,REPRODUCED
False,,,,,,,,,,c_5afce37ee2774341,ast_static_dataflow,c69fff36c89963f0a8a55bd267584fe3b32aad093936e970cae5aac6d917ea90,4640ce4a3328e6b8b4e4383e059d2e1d0bb0bc06625b1b637acee6b99986ee1f,REPRODUCED
False,,,,,,,,,,c_5afce37ee2774341,schema_guard,c69fff36c89963f0a8a55bd267584fe3b32aad093936e970cae5aac6d917ea90,4640ce4a3328e6b8b4e4383e059d2e1d0bb0bc06625b1b637acee6b99986ee1f,REPRODUCED
False,,,,,,,,,,c_5afce37ee2774341,runtime_taint,c69fff36c89963f0a8a55bd267584fe3b32aad093936e970cae5aac6d917ea90,4640ce4a3328e6b8b4e4383e059d2e1d0bb0bc06625b1b637acee6b99986ee1f,REPRODUCED
False,,,,,,,,,,c_5afce37ee2774341,invariance,c69fff36c89963f0a8a55bd267584fe3b32aad093936e970cae5aac6d917ea90,4640ce4a3328e6b8b4e4383e059d2e1d0bb0bc06625b1b637acee6b99986ee1f,REPRODUCED
False,,,,,,,,,,c_5afce37ee2774341,full_audit,c69fff36c89963f0a8a55bd267584fe3b32aad093936e970cae5aac6d917ea90,4640ce4a3328e6b8b4e4383e059d2e1d0bb0bc06625b1b637acee6b99986ee1f,REPRODUCED
True,UNKNOWN_LEAK,,,keyword_static_baseline,label,adapter.py,,,keyword:label,c_61c199064a5a4d90,keyword_static_baseline,c69fff36c89963f0a8a55bd267584fe3b32aad093936e970cae5aac6d917ea90,4640ce4a3328e6b8b4e4383e059d2e1d0bb0bc06625b1b637acee6b99986ee1f,REPRODUCED
False,,,,,,,,,,c_61c199064a5a4d90,ast_static_dataflow,c69fff36c89963f0a8a55bd267584fe3b32aad093936e970cae5aac6d917ea90,4640ce4a3328e6b8b4e4383e059d2e1d0bb0bc06625b1b637acee6b99986ee1f,REPRODUCED
False,,,,,,,,,,c_61c199064a5a4d90,schema_guard,c69fff36c89963f0a8a55bd267584fe3b32aad093936e970cae5aac6d917ea90,4640ce4a3328e6b8b4e4383e059d2e1d0bb0bc06625b1b637acee6b99986ee1f,REPRODUCED
True,UNKNOWN_LEAK,EvidenceGold,candidate_scoring,selector,aux_53,runtime_taint_trace.jsonl,,True,taint reached deployment sink,c_61c199064a5a4d90,runtime_taint,c69fff36c89963f0a8a55bd267584fe3b32aad093936e970cae5aac6d917ea90,4640ce4a3328e6b8b4e4383e059d2e1d0bb0bc06625b1b637acee6b99986ee1f,REPRODUCED
False,,,,,,,,,,c_61c199064a5a4d90,invariance,c69fff36c89963f0a8a55bd267584fe3b32aad093936e970cae5aac6d917ea90,4640ce4a3328e6b8b4e4383e059d2e1d0bb0bc06625b1b637acee6b99986ee1f,REPRODUCED
True,UNKNOWN_LEAK,EvidenceGold,candidate_scoring,selector,aux_53,runtime_taint_trace.jsonl,,True,full_audit_component=runtime_taint; taint reached deployment sink,c_61c199064a5a4d90,full_audit,c69fff36c89963f0a8a55bd267584fe3b32aad093936e970cae5aac6d917ea90,4640ce4a3328e6b8b4e4383e059d2e1d0bb0bc06625b1b637acee6b99986ee1f,REPRODUCED
True,UNKNOWN_LEAK,,,keyword_static_baseline,label,adapter.py,,,keyword:label,c_6288c8a5d7e54564,keyword_static_baseline,c69fff36c89963f0a8a55bd267584fe3b32aad093936e970cae5aac6d917ea90,4640ce4a3328e6b8b4e4383e059d2e1d0bb0bc06625b1b637acee6b99986ee1f,REPRODUCED
False,,,,,,,,,,c_6288c8a5d7e54564,ast_static_dataflow,c69fff36c89963f0a8a55bd267584fe3b32aad093936e970cae5aac6d917ea90,4640ce4a3328e6b8b4e4383e059d2e1d0bb0bc06625b1b637acee6b99986ee1f,REPRODUCED
False,,,,,,,,,,c_6288c8a5d7e54564,schema_guard,c69fff36c89963f0a8a55bd267584fe3b32aad093936e970cae5aac6d917ea90,4640ce4a3328e6b8b4e4383e059d2e1d0bb0bc06625b1b637acee6b99986ee1f,REPRODUCED
True,UNKNOWN_LEAK,EvidenceGold,candidate_filter,candidate_filter,aux_73,runtime_taint_trace.jsonl,,True,taint reached deployment sink,c_6288c8a5d7e54564,runtime_taint,c69fff36c89963f0a8a55bd267584fe3b32aad093936e970cae5aac6d917ea90,4640ce4a3328e6b8b4e4383e059d2e1d0bb0bc06625b1b637acee6b99986ee1f,REPRODUCED
False,,,,,,,,,,c_6288c8a5d7e54564,invariance,c69fff36c89963f0a8a55bd267584fe3b32aad093936e970cae5aac6d917ea90,4640ce4a3328e6b8b4e4383e059d2e1d0bb0bc06625b1b637acee6b99986ee1f,REPRODUCED
True,UNKNOWN_LEAK,EvidenceGold,candidate_filter,candidate_filter,aux_73,runtime_taint_trace.jsonl,,True,full_audit_component=runtime_taint; taint reached deployment sink,c_6288c8a5d7e54564,full_audit,c69fff36c89963f0a8a55bd267584fe3b32aad093936e970cae5aac6d917ea90,4640ce4a3328e6b8b4e4383e059d2e1d0bb0bc06625b1b637acee6b99986ee1f,REPRODUCED
True,UNKNOWN_LEAK,,,keyword_static_baseline,label,adapter.py,,,keyword:label,c_645d338c354f482c,keyword_static_baseline,c69fff36c89963f0a8a55bd267584fe3b32aad093936e970cae5aac6d917ea90,4640ce4a3328e6b8b4e4383e059d2e1d0bb0bc06625b1b637acee6b99986ee1f,REPRODUCED
False,,,,,,,,,,c_645d338c354f482c,ast_static_dataflow,c69fff36c89963f0a8a55bd267584fe3b32aad093936e970cae5aac6d917ea90,4640ce4a3328e6b8b4e4383e059d2e1d0bb0bc06625b1b637acee6b99986ee1f,REPRODUCED
True,UNKNOWN_LEAK,,,schema_guard,aux_31,,,,extra metadata field,c_645d338c354f482c,schema_guard,c69fff36c89963f0a8a55bd267584fe3b32aad093936e970cae5aac6d917ea90,4640ce4a3328e6b8b4e4383e059d2e1d0bb0bc06625b1b637acee6b99986ee1f,REPRODUCED
True,UNKNOWN_LEAK,EvidenceGold,candidate_scoring,selector,aux_31,runtime_taint_trace.jsonl,,True,taint reached deployment sink,c_645d338c354f482c,runtime_taint,c69fff36c89963f0a8a55bd267584fe3b32aad093936e970cae5aac6d917ea90,4640ce4a3328e6b8b4e4383e059d2e1d0bb0bc06625b1b637acee6b99986ee1f,REPRODUCED
True,UNKNOWN_LEAK,,selected_doc_ids,invariance,selected_doc_ids,selection,,True,changed_qids=3,c_645d338c354f482c,invariance,c69fff36c89963f0a8a55bd267584fe3b32aad093936e970cae5aac6d917ea90,4640ce4a3328e6b8b4e4383e059d2e1d0bb0bc06625b1b637acee6b99986ee1f,REPRODUCED
True,UNKNOWN_LEAK,EvidenceGold,candidate_scoring,selector,aux_31,runtime_taint_trace.jsonl,,True,full_audit_component=runtime_taint; taint reached deployment sink,c_645d338c354f482c,full_audit,c69fff36c89963f0a8a55bd267584fe3b32aad093936e970cae5aac6d917ea90,4640ce4a3328e6b8b4e4383e059d2e1d0bb0bc06625b1b637acee6b99986ee1f,REPRODUCED
True,UNKNOWN_LEAK,,,keyword_static_baseline,label,adapter.py,,,keyword:label,c_678a3a0d749342e4,keyword_static_baseline,c69fff36c89963f0a8a55bd267584fe3b32aad093936e970cae5aac6d917ea90,4640ce4a3328e6b8b4e4383e059d2e1d0bb0bc06625b1b637acee6b99986ee1f,REPRODUCED
False,,,,,,,,,,c_678a3a0d749342e4,ast_static_dataflow,c69fff36c89963f0a8a55bd267584fe3b32aad093936e970cae5aac6d917ea90,4640ce4a3328e6b8b4e4383e059d2e1d0bb0bc06625b1b637acee6b99986ee1f,REPRODUCED
False,,,,,,,,,,c_678a3a0d749342e4,schema_guard,c69fff36c89963f0a8a55bd267584fe3b32aad093936e970cae5aac6d917ea90,4640ce4a3328e6b8b4e4383e059d2e1d0bb0bc06625b1b637acee6b99986ee1f,REPRODUCED
True,UNKNOWN_LEAK,EvidenceGold,candidate_scoring,selector,aux_67,runtime_taint_trace.jsonl,,True,taint reached deployment sink,c_678a3a0d749342e4,runtime_taint,c69fff36c89963f0a8a55bd267584fe3b32aad093936e970cae5aac6d917ea90,4640ce4a3328e6b8b4e4383e059d2e1d0bb0bc06625b1b637acee6b99986ee1f,REPRODUCED
False,,,,,,,,,,c_678a3a0d749342e4,invariance,c69fff36c89963f0a8a55bd267584fe3b32aad093936e970cae5aac6d917ea90,4640ce4a3328e6b8b4e4383e059d2e1d0bb0bc06625b1b637acee6b99986ee1f,REPRODUCED
True,UNKNOWN_LEAK,EvidenceGold,candidate_scoring,selector,aux_67,runtime_taint_trace.jsonl,,True,full_audit_component=runtime_taint; taint reached deployment sink,c_678a3a0d749342e4,full_audit,c69fff36c89963f0a8a55bd267584fe3b32aad093936e970cae5aac6d917ea90,4640ce4a3328e6b8b4e4383e059d2e1d0bb0bc06625b1b637acee6b99986ee1f,REPRODUCED
True,UNKNOWN_LEAK,,,keyword_static_baseline,label,adapter.py,,,keyword:label,c_69e21dea9c9142c8,keyword_static_baseline,c69fff36c89963f0a8a55bd267584fe3b32aad093936e970cae5aac6d917ea90,4640ce4a3328e6b8b4e4383e059d2e1d0bb0bc06625b1b637acee6b99986ee1f,REPRODUCED
False,,,,,,,,,,c_69e21dea9c9142c8,ast_static_dataflow,c69fff36c89963f0a8a55bd267584fe3b32aad093936e970cae5aac6d917ea90,4640ce4a3328e6b8b4e4383e059d2e1d0bb0bc06625b1b637acee6b99986ee1f,REPRODUCED
True,UNKNOWN_LEAK,,,schema_guard,aux_31,,,,extra metadata field,c_69e21dea9c9142c8,schema_guard,c69fff36c89963f0a8a55bd267584fe3b32aad093936e970cae5aac6d917ea90,4640ce4a3328e6b8b4e4383e059d2e1d0bb0bc06625b1b637acee6b99986ee1f,REPRODUCED
True,UNKNOWN_LEAK,EvidenceGold,candidate_scoring,selector,aux_31,runtime_taint_trace.jsonl,,True,taint reached deployment sink,c_69e21dea9c9142c8,runtime_taint,c69fff36c89963f0a8a55bd267584fe3b32aad093936e970cae5aac6d917ea90,4640ce4a3328e6b8b4e4383e059d2e1d0bb0bc06625b1b637acee6b99986ee1f,REPRODUCED
False,,,,,,,,,,c_69e21dea9c9142c8,invariance,c69fff36c89963f0a8a55bd267584fe3b32aad093936e970cae5aac6d917ea90,4640ce4a3328e6b8b4e4383e059d2e1d0bb0bc06625b1b637acee6b99986ee1f,REPRODUCED
True,UNKNOWN_LEAK,EvidenceGold,candidate_scoring,selector,aux_31,runtime_taint_trace.jsonl,,True,full_audit_component=runtime_taint; taint reached deployment sink,c_69e21dea9c9142c8,full_audit,c69fff36c89963f0a8a55bd267584fe3b32aad093936e970cae5aac6d917ea90,4640ce4a3328e6b8b4e4383e059d2e1d0bb0bc06625b1b637acee6b99986ee1f,REPRODUCED
True,UNKNOWN_LEAK,,,keyword_static_baseline,label,adapter.py,,,keyword:label,c_6a131e0a66e44342,keyword_static_baseline,c69fff36c89963f0a8a55bd267584fe3b32aad093936e970cae5aac6d917ea90,4640ce4a3328e6b8b4e4383e059d2e1d0bb0bc06625b1b637acee6b99986ee1f,REPRODUCED
False,,,,,,,,,,c_6a131e0a66e44342,ast_static_dataflow,c69fff36c89963f0a8a55bd267584fe3b32aad093936e970cae5aac6d917ea90,4640ce4a3328e6b8b4e4383e059d2e1d0bb0bc06625b1b637acee6b99986ee1f,REPRODUCED
False,,,,,,,,,,c_6a131e0a66e44342,schema_guard,c69fff36c89963f0a8a55bd267584fe3b32aad093936e970cae5aac6d917ea90,4640ce4a3328e6b8b4e4383e059d2e1d0bb0bc06625b1b637acee6b99986ee1f,REPRODUCED
False,,,,,,,,,,c_6a131e0a66e44342,runtime_taint,c69fff36c89963f0a8a55bd267584fe3b32aad093936e970cae5aac6d917ea90,4640ce4a3328e6b8b4e4383e059d2e1d0bb0bc06625b1b637acee6b99986ee1f,REPRODUCED
False,,,,,,,,,,c_6a131e0a66e44342,invariance,c69fff36c89963f0a8a55bd267584fe3b32aad093936e970cae5aac6d917ea90,4640ce4a3328e6b8b4e4383e059d2e1d0bb0bc06625b1b637acee6b99986ee1f,REPRODUCED
False,,,,,,,,,,c_6a131e0a66e44342,full_audit,c69fff36c89963f0a8a55bd267584fe3b32aad093936e970cae5aac6d917ea90,4640ce4a3328e6b8b4e4383e059d2e1d0bb0bc06625b1b637acee6b99986ee1f,REPRODUCED
True,UNKNOWN_LEAK,,,keyword_static_baseline,label,adapter.py,,,keyword:label,c_6a4d42c1df084d27,keyword_static_baseline,c69fff36c89963f0a8a55bd267584fe3b32aad093936e970cae5aac6d917ea90,4640ce4a3328e6b8b4e4383e059d2e1d0bb0bc06625b1b637acee6b99986ee1f,REPRODUCED
False,,,,,,,,,,c_6a4d42c1df084d27,ast_static_dataflow,c69fff36c89963f0a8a55bd267584fe3b32aad093936e970cae5aac6d917ea90,4640ce4a3328e6b8b4e4383e059d2e1d0bb0bc06625b1b637acee6b99986ee1f,REPRODUCED
False,,,,,,,,,,c_6a4d42c1df084d27,schema_guard,c69fff36c89963f0a8a55bd267584fe3b32aad093936e970cae5aac6d917ea90,4640ce4a3328e6b8b4e4383e059d2e1d0bb0bc06625b1b637acee6b99986ee1f,REPRODUCED
False,,,,,,,,,,c_6a4d42c1df084d27,runtime_taint,c69fff36c89963f0a8a55bd267584fe3b32aad093936e970cae5aac6d917ea90,4640ce4a3328e6b8b4e4383e059d2e1d0bb0bc06625b1b637acee6b99986ee1f,REPRODUCED
False,,,,,,,,,,c_6a4d42c1df084d27,invariance,c69fff36c89963f0a8a55bd267584fe3b32aad093936e970cae5aac6d917ea90,4640ce4a3328e6b8b4e4383e059d2e1d0bb0bc06625b1b637acee6b99986ee1f,REPRODUCED
False,,,,,,,,,,c_6a4d42c1df084d27,full_audit,c69fff36c89963f0a8a55bd267584fe3b32aad093936e970cae5aac6d917ea90,4640ce4a3328e6b8b4e4383e059d2e1d0bb0bc06625b1b637acee6b99986ee1f,REPRODUCED
True,UNKNOWN_LEAK,,,keyword_static_baseline,label,adapter.py,,,keyword:label,c_6cffbc17a06e4af7,keyword_static_baseline,c69fff36c89963f0a8a55bd267584fe3b32aad093936e970cae5aac6d917ea90,4640ce4a3328e6b8b4e4383e059d2e1d0bb0bc06625b1b637acee6b99986ee1f,REPRODUCED
False,,,,,,,,,,c_6cffbc17a06e4af7,ast_static_dataflow,c69fff36c89963f0a8a55bd267584fe3b32aad093936e970cae5aac6d917ea90,4640ce4a3328e6b8b4e4383e059d2e1d0bb0bc06625b1b637acee6b99986ee1f,REPRODUCED
False,,,,,,,,,,c_6cffbc17a06e4af7,schema_guard,c69fff36c89963f0a8a55bd267584fe3b32aad093936e970cae5aac6d917ea90,4640ce4a3328e6b8b4e4383e059d2e1d0bb0bc06625b1b637acee6b99986ee1f,REPRODUCED
True,UNKNOWN_LEAK,EvidenceGold,feature_matrix,feature_builder,aux_43,runtime_taint_trace.jsonl,,True,taint reached deployment sink,c_6cffbc17a06e4af7,runtime_taint,c69fff36c89963f0a8a55bd267584fe3b32aad093936e970cae5aac6d917ea90,4640ce4a3328e6b8b4e4383e059d2e1d0bb0bc06625b1b637acee6b99986ee1f,REPRODUCED
False,,,,,,,,,,c_6cffbc17a06e4af7,invariance,c69fff36c89963f0a8a55bd267584fe3b32aad093936e970cae5aac6d917ea90,4640ce4a3328e6b8b4e4383e059d2e1d0bb0bc06625b1b637acee6b99986ee1f,REPRODUCED
True,UNKNOWN_LEAK,EvidenceGold,feature_matrix,feature_builder,aux_43,runtime_taint_trace.jsonl,,True,full_audit_component=runtime_taint; taint reached deployment sink,c_6cffbc17a06e4af7,full_audit,c69fff36c89963f0a8a55bd267584fe3b32aad093936e970cae5aac6d917ea90,4640ce4a3328e6b8b4e4383e059d2e1d0bb0bc06625b1b637acee6b99986ee1f,REPRODUCED
True,UNKNOWN_LEAK,,,keyword_static_baseline,label,adapter.py,,,keyword:label,c_726f0e1e7cbd4663,keyword_static_baseline,c69fff36c89963f0a8a55bd267584fe3b32aad093936e970cae5aac6d917ea90,4640ce4a3328e6b8b4e4383e059d2e1d0bb0bc06625b1b637acee6b99986ee1f,REPRODUCED
False,,,,,,,,,,c_726f0e1e7cbd4663,ast_static_dataflow,c69fff36c89963f0a8a55bd267584fe3b32aad093936e970cae5aac6d917ea90,4640ce4a3328e6b8b4e4383e059d2e1d0bb0bc06625b1b637acee6b99986ee1f,REPRODUCED
False,,,,,,,,,,c_726f0e1e7cbd4663,schema_guard,c69fff36c89963f0a8a55bd267584fe3b32aad093936e970cae5aac6d917ea90,4640ce4a3328e6b8b4e4383e059d2e1d0bb0bc06625b1b637acee6b99986ee1f,REPRODUCED
False,,,,,,,,,,c_726f0e1e7cbd4663,runtime_taint,c69fff36c89963f0a8a55bd267584fe3b32aad093936e970cae5aac6d917ea90,4640ce4a3328e6b8b4e4383e059d2e1d0bb0bc06625b1b637acee6b99986ee1f,REPRODUCED
False,,,,,,,,,,c_726f0e1e7cbd4663,invariance,c69fff36c89963f0a8a55bd267584fe3b32aad093936e970cae5aac6d917ea90,4640ce4a3328e6b8b4e4383e059d2e1d0bb0bc06625b1b637acee6b99986ee1f,REPRODUCED
False,,,,,,,,,,c_726f0e1e7cbd4663,full_audit,c69fff36c89963f0a8a55bd267584fe3b32aad093936e970cae5aac6d917ea90,4640ce4a3328e6b8b4e4383e059d2e1d0bb0bc06625b1b637acee6b99986ee1f,REPRODUCED
True,UNKNOWN_LEAK,,,keyword_static_baseline,label,adapter.py,,,keyword:label,c_761c96f6dd1e4ec6,keyword_static_baseline,c69fff36c89963f0a8a55bd267584fe3b32aad093936e970cae5aac6d917ea90,4640ce4a3328e6b8b4e4383e059d2e1d0bb0bc06625b1b637acee6b99986ee1f,REPRODUCED
False,,,,,,,,,,c_761c96f6dd1e4ec6,ast_static_dataflow,c69fff36c89963f0a8a55bd267584fe3b32aad093936e970cae5aac6d917ea90,4640ce4a3328e6b8b4e4383e059d2e1d0bb0bc06625b1b637acee6b99986ee1f,REPRODUCED
False,,,,,,,,,,c_761c96f6dd1e4ec6,schema_guard,c69fff36c89963f0a8a55bd267584fe3b32aad093936e970cae5aac6d917ea90,4640ce4a3328e6b8b4e4383e059d2e1d0bb0bc06625b1b637acee6b99986ee1f,REPRODUCED
False,,,,,,,,,,c_761c96f6dd1e4ec6,runtime_taint,c69fff36c89963f0a8a55bd267584fe3b32aad093936e970cae5aac6d917ea90,4640ce4a3328e6b8b4e4383e059d2e1d0bb0bc06625b1b637acee6b99986ee1f,REPRODUCED
False,,,,,,,,,,c_761c96f6dd1e4ec6,invariance,c69fff36c89963f0a8a55bd267584fe3b32aad093936e970cae5aac6d917ea90,4640ce4a3328e6b8b4e4383e059d2e1d0bb0bc06625b1b637acee6b99986ee1f,REPRODUCED
False,,,,,,,,,,c_761c96f6dd1e4ec6,full_audit,c69fff36c89963f0a8a55bd267584fe3b32aad093936e970cae5aac6d917ea90,4640ce4a3328e6b8b4e4383e059d2e1d0bb0bc06625b1b637acee6b99986ee1f,REPRODUCED
True,UNKNOWN_LEAK,,,keyword_static_baseline,label,adapter.py,,,keyword:label,c_7661a4a4c8e543d3,keyword_static_baseline,c69fff36c89963f0a8a55bd267584fe3b32aad093936e970cae5aac6d917ea90,4640ce4a3328e6b8b4e4383e059d2e1d0bb0bc06625b1b637acee6b99986ee1f,REPRODUCED
False,,,,,,,,,,c_7661a4a4c8e543d3,ast_static_dataflow,c69fff36c89963f0a8a55bd267584fe3b32aad093936e970cae5aac6d917ea90,4640ce4a3328e6b8b4e4383e059d2e1d0bb0bc06625b1b637acee6b99986ee1f,REPRODUCED
False,,,,,,,,,,c_7661a4a4c8e543d3,schema_guard,c69fff36c89963f0a8a55bd267584fe3b32aad093936e970cae5aac6d917ea90,4640ce4a3328e6b8b4e4383e059d2e1d0bb0bc06625b1b637acee6b99986ee1f,REPRODUCED
False,,,,,,,,,,c_7661a4a4c8e543d3,runtime_taint,c69fff36c89963f0a8a55bd267584fe3b32aad093936e970cae5aac6d917ea90,4640ce4a3328e6b8b4e4383e059d2e1d0bb0bc06625b1b637acee6b99986ee1f,REPRODUCED
False,,,,,,,,,,c_7661a4a4c8e543d3,invariance,c69fff36c89963f0a8a55bd267584fe3b32aad093936e970cae5aac6d917ea90,4640ce4a3328e6b8b4e4383e059d2e1d0bb0bc06625b1b637acee6b99986ee1f,REPRODUCED
False,,,,,,,,,,c_7661a4a4c8e543d3,full_audit,c69fff36c89963f0a8a55bd267584fe3b32aad093936e970cae5aac6d917ea90,4640ce4a3328e6b8b4e4383e059d2e1d0bb0bc06625b1b637acee6b99986ee1f,REPRODUCED
True,UNKNOWN_LEAK,,,keyword_static_baseline,label,adapter.py,,,keyword:label,c_76e97580221148b2,keyword_static_baseline,c69fff36c89963f0a8a55bd267584fe3b32aad093936e970cae5aac6d917ea90,4640ce4a3328e6b8b4e4383e059d2e1d0bb0bc06625b1b637acee6b99986ee1f,REPRODUCED
False,,,,,,,,,,c_76e97580221148b2,ast_static_dataflow,c69fff36c89963f0a8a55bd267584fe3b32aad093936e970cae5aac6d917ea90,4640ce4a3328e6b8b4e4383e059d2e1d0bb0bc06625b1b637acee6b99986ee1f,REPRODUCED
False,,,,,,,,,,c_76e97580221148b2,schema_guard,c69fff36c89963f0a8a55bd267584fe3b32aad093936e970cae5aac6d917ea90,4640ce4a3328e6b8b4e4383e059d2e1d0bb0bc06625b1b637acee6b99986ee1f,REPRODUCED
False,,,,,,,,,,c_76e97580221148b2,runtime_taint,c69fff36c89963f0a8a55bd267584fe3b32aad093936e970cae5aac6d917ea90,4640ce4a3328e6b8b4e4383e059d2e1d0bb0bc06625b1b637acee6b99986ee1f,REPRODUCED
False,,,,,,,,,,c_76e97580221148b2,invariance,c69fff36c89963f0a8a55bd267584fe3b32aad093936e970cae5aac6d917ea90,4640ce4a3328e6b8b4e4383e059d2e1d0bb0bc06625b1b637acee6b99986ee1f,REPRODUCED
False,,,,,,,,,,c_76e97580221148b2,full_audit,c69fff36c89963f0a8a55bd267584fe3b32aad093936e970cae5aac6d917ea90,4640ce4a3328e6b8b4e4383e059d2e1d0bb0bc06625b1b637acee6b99986ee1f,REPRODUCED
True,UNKNOWN_LEAK,,,keyword_static_baseline,label,adapter.py,,,keyword:label,c_773a01d0b3bf4a18,keyword_static_baseline,c69fff36c89963f0a8a55bd267584fe3b32aad093936e970cae5aac6d917ea90,4640ce4a3328e6b8b4e4383e059d2e1d0bb0bc06625b1b637acee6b99986ee1f,REPRODUCED
False,,,,,,,,,,c_773a01d0b3bf4a18,ast_static_dataflow,c69fff36c89963f0a8a55bd267584fe3b32aad093936e970cae5aac6d917ea90,4640ce4a3328e6b8b4e4383e059d2e1d0bb0bc06625b1b637acee6b99986ee1f,REPRODUCED
False,,,,,,,,,,c_773a01d0b3bf4a18,schema_guard,c69fff36c89963f0a8a55bd267584fe3b32aad093936e970cae5aac6d917ea90,4640ce4a3328e6b8b4e4383e059d2e1d0bb0bc06625b1b637acee6b99986ee1f,REPRODUCED
True,UNKNOWN_LEAK,EvidenceGold,feature_matrix,feature_builder,aux_41,runtime_taint_trace.jsonl,,True,taint reached deployment sink,c_773a01d0b3bf4a18,runtime_taint,c69fff36c89963f0a8a55bd267584fe3b32aad093936e970cae5aac6d917ea90,4640ce4a3328e6b8b4e4383e059d2e1d0bb0bc06625b1b637acee6b99986ee1f,REPRODUCED
False,,,,,,,,,,c_773a01d0b3bf4a18,invariance,c69fff36c89963f0a8a55bd267584fe3b32aad093936e970cae5aac6d917ea90,4640ce4a3328e6b8b4e4383e059d2e1d0bb0bc06625b1b637acee6b99986ee1f,REPRODUCED
True,UNKNOWN_LEAK,EvidenceGold,feature_matrix,feature_builder,aux_41,runtime_taint_trace.jsonl,,True,full_audit_component=runtime_taint; taint reached deployment sink,c_773a01d0b3bf4a18,full_audit,c69fff36c89963f0a8a55bd267584fe3b32aad093936e970cae5aac6d917ea90,4640ce4a3328e6b8b4e4383e059d2e1d0bb0bc06625b1b637acee6b99986ee1f,REPRODUCED
True,UNKNOWN_LEAK,,,keyword_static_baseline,label,adapter.py,,,keyword:label,c_77f1e43735db46b9,keyword_static_baseline,c69fff36c89963f0a8a55bd267584fe3b32aad093936e970cae5aac6d917ea90,4640ce4a3328e6b8b4e4383e059d2e1d0bb0bc06625b1b637acee6b99986ee1f,REPRODUCED
False,,,,,,,,,,c_77f1e43735db46b9,ast_static_dataflow,c69fff36c89963f0a8a55bd267584fe3b32aad093936e970cae5aac6d917ea90,4640ce4a3328e6b8b4e4383e059d2e1d0bb0bc06625b1b637acee6b99986ee1f,REPRODUCED
False,,,,,,,,,,c_77f1e43735db46b9,schema_guard,c69fff36c89963f0a8a55bd267584fe3b32aad093936e970cae5aac6d917ea90,4640ce4a3328e6b8b4e4383e059d2e1d0bb0bc06625b1b637acee6b99986ee1f,REPRODUCED
False,,,,,,,,,,c_77f1e43735db46b9,runtime_taint,c69fff36c89963f0a8a55bd267584fe3b32aad093936e970cae5aac6d917ea90,4640ce4a3328e6b8b4e4383e059d2e1d0bb0bc06625b1b637acee6b99986ee1f,REPRODUCED
False,,,,,,,,,,c_77f1e43735db46b9,invariance,c69fff36c89963f0a8a55bd267584fe3b32aad093936e970cae5aac6d917ea90,4640ce4a3328e6b8b4e4383e059d2e1d0bb0bc06625b1b637acee6b99986ee1f,REPRODUCED
False,,,,,,,,,,c_77f1e43735db46b9,full_audit,c69fff36c89963f0a8a55bd267584fe3b32aad093936e970cae5aac6d917ea90,4640ce4a3328e6b8b4e4383e059d2e1d0bb0bc06625b1b637acee6b99986ee1f,REPRODUCED
True,UNKNOWN_LEAK,,,keyword_static_baseline,label,adapter.py,,,keyword:label,c_7ac276a881c046bd,keyword_static_baseline,c69fff36c89963f0a8a55bd267584fe3b32aad093936e970cae5aac6d917ea90,4640ce4a3328e6b8b4e4383e059d2e1d0bb0bc06625b1b637acee6b99986ee1f,REPRODUCED
False,,,,,,,,,,c_7ac276a881c046bd,ast_static_dataflow,c69fff36c89963f0a8a55bd267584fe3b32aad093936e970cae5aac6d917ea90,4640ce4a3328e6b8b4e4383e059d2e1d0bb0bc06625b1b637acee6b99986ee1f,REPRODUCED
False,,,,,,,,,,c_7ac276a881c046bd,schema_guard,c69fff36c89963f0a8a55bd267584fe3b32aad093936e970cae5aac6d917ea90,4640ce4a3328e6b8b4e4383e059d2e1d0bb0bc06625b1b637acee6b99986ee1f,REPRODUCED
True,UNKNOWN_LEAK,EvidenceGold,candidate_scoring,selector,aux_71,runtime_taint_trace.jsonl,,True,taint reached deployment sink,c_7ac276a881c046bd,runtime_taint,c69fff36c89963f0a8a55bd267584fe3b32aad093936e970cae5aac6d917ea90,4640ce4a3328e6b8b4e4383e059d2e1d0bb0bc06625b1b637acee6b99986ee1f,REPRODUCED
False,,,,,,,,,,c_7ac276a881c046bd,invariance,c69fff36c89963f0a8a55bd267584fe3b32aad093936e970cae5aac6d917ea90,4640ce4a3328e6b8b4e4383e059d2e1d0bb0bc06625b1b637acee6b99986ee1f,REPRODUCED
True,UNKNOWN_LEAK,EvidenceGold,candidate_scoring,selector,aux_71,runtime_taint_trace.jsonl,,True,full_audit_component=runtime_taint; taint reached deployment sink,c_7ac276a881c046bd,full_audit,c69fff36c89963f0a8a55bd267584fe3b32aad093936e970cae5aac6d917ea90,4640ce4a3328e6b8b4e4383e059d2e1d0bb0bc06625b1b637acee6b99986ee1f,REPRODUCED
True,UNKNOWN_LEAK,,,keyword_static_baseline,label,adapter.py,,,keyword:label,c_7dab3a7aae364b29,keyword_static_baseline,c69fff36c89963f0a8a55bd267584fe3b32aad093936e970cae5aac6d917ea90,4640ce4a3328e6b8b4e4383e059d2e1d0bb0bc06625b1b637acee6b99986ee1f,REPRODUCED
False,,,,,,,,,,c_7dab3a7aae364b29,ast_static_dataflow,c69fff36c89963f0a8a55bd267584fe3b32aad093936e970cae5aac6d917ea90,4640ce4a3328e6b8b4e4383e059d2e1d0bb0bc06625b1b637acee6b99986ee1f,REPRODUCED
False,,,,,,,,,,c_7dab3a7aae364b29,schema_guard,c69fff36c89963f0a8a55bd267584fe3b32aad093936e970cae5aac6d917ea90,4640ce4a3328e6b8b4e4383e059d2e1d0bb0bc06625b1b637acee6b99986ee1f,REPRODUCED
True,UNKNOWN_LEAK,EvidenceGold,candidate_scoring,selector,aux_53,runtime_taint_trace.jsonl,,True,taint reached deployment sink,c_7dab3a7aae364b29,runtime_taint,c69fff36c89963f0a8a55bd267584fe3b32aad093936e970cae5aac6d917ea90,4640ce4a3328e6b8b4e4383e059d2e1d0bb0bc06625b1b637acee6b99986ee1f,REPRODUCED
False,,,,,,,,,,c_7dab3a7aae364b29,invariance,c69fff36c89963f0a8a55bd267584fe3b32aad093936e970cae5aac6d917ea90,4640ce4a3328e6b8b4e4383e059d2e1d0bb0bc06625b1b637acee6b99986ee1f,REPRODUCED
True,UNKNOWN_LEAK,EvidenceGold,candidate_scoring,selector,aux_53,runtime_taint_trace.jsonl,,True,full_audit_component=runtime_taint; taint reached deployment sink,c_7dab3a7aae364b29,full_audit,c69fff36c89963f0a8a55bd267584fe3b32aad093936e970cae5aac6d917ea90,4640ce4a3328e6b8b4e4383e059d2e1d0bb0bc06625b1b637acee6b99986ee1f,REPRODUCED
True,UNKNOWN_LEAK,,,keyword_static_baseline,label,adapter.py,,,keyword:label,c_7dfad22b84ed4dac,keyword_static_baseline,c69fff36c89963f0a8a55bd267584fe3b32aad093936e970cae5aac6d917ea90,4640ce4a3328e6b8b4e4383e059d2e1d0bb0bc06625b1b637acee6b99986ee1f,REPRODUCED
False,,,,,,,,,,c_7dfad22b84ed4dac,ast_static_dataflow,c69fff36c89963f0a8a55bd267584fe3b32aad093936e970cae5aac6d917ea90,4640ce4a3328e6b8b4e4383e059d2e1d0bb0bc06625b1b637acee6b99986ee1f,REPRODUCED
False,,,,,,,,,,c_7dfad22b84ed4dac,schema_guard,c69fff36c89963f0a8a55bd267584fe3b32aad093936e970cae5aac6d917ea90,4640ce4a3328e6b8b4e4383e059d2e1d0bb0bc06625b1b637acee6b99986ee1f,REPRODUCED
True,UNKNOWN_LEAK,EvidenceGold,feature_matrix,feature_builder,aux_41,runtime_taint_trace.jsonl,,True,taint reached deployment sink,c_7dfad22b84ed4dac,runtime_taint,c69fff36c89963f0a8a55bd267584fe3b32aad093936e970cae5aac6d917ea90,4640ce4a3328e6b8b4e4383e059d2e1d0bb0bc06625b1b637acee6b99986ee1f,REPRODUCED
False,,,,,,,,,,c_7dfad22b84ed4dac,invariance,c69fff36c89963f0a8a55bd267584fe3b32aad093936e970cae5aac6d917ea90,4640ce4a3328e6b8b4e4383e059d2e1d0bb0bc06625b1b637acee6b99986ee1f,REPRODUCED
True,UNKNOWN_LEAK,EvidenceGold,feature_matrix,feature_builder,aux_41,runtime_taint_trace.jsonl,,True,full_audit_component=runtime_taint; taint reached deployment sink,c_7dfad22b84ed4dac,full_audit,c69fff36c89963f0a8a55bd267584fe3b32aad093936e970cae5aac6d917ea90,4640ce4a3328e6b8b4e4383e059d2e1d0bb0bc06625b1b637acee6b99986ee1f,REPRODUCED
True,UNKNOWN_LEAK,,,keyword_static_baseline,label,adapter.py,,,keyword:label,c_83a70ce8d96049df,keyword_static_baseline,c69fff36c89963f0a8a55bd267584fe3b32aad093936e970cae5aac6d917ea90,4640ce4a3328e6b8b4e4383e059d2e1d0bb0bc06625b1b637acee6b99986ee1f,REPRODUCED
False,,,,,,,,,,c_83a70ce8d96049df,ast_static_dataflow,c69fff36c89963f0a8a55bd267584fe3b32aad093936e970cae5aac6d917ea90,4640ce4a3328e6b8b4e4383e059d2e1d0bb0bc06625b1b637acee6b99986ee1f,REPRODUCED
False,,,,,,,,,,c_83a70ce8d96049df,schema_guard,c69fff36c89963f0a8a55bd267584fe3b32aad093936e970cae5aac6d917ea90,4640ce4a3328e6b8b4e4383e059d2e1d0bb0bc06625b1b637acee6b99986ee1f,REPRODUCED
False,,,,,,,,,,c_83a70ce8d96049df,runtime_taint,c69fff36c89963f0a8a55bd267584fe3b32aad093936e970cae5aac6d917ea90,4640ce4a3328e6b8b4e4383e059d2e1d0bb0bc06625b1b637acee6b99986ee1f,REPRODUCED
False,,,,,,,,,,c_83a70ce8d96049df,invariance,c69fff36c89963f0a8a55bd267584fe3b32aad093936e970cae5aac6d917ea90,4640ce4a3328e6b8b4e4383e059d2e1d0bb0bc06625b1b637acee6b99986ee1f,REPRODUCED
False,,,,,,,,,,c_83a70ce8d96049df,full_audit,c69fff36c89963f0a8a55bd267584fe3b32aad093936e970cae5aac6d917ea90,4640ce4a3328e6b8b4e4383e059d2e1d0bb0bc06625b1b637acee6b99986ee1f,REPRODUCED
True,UNKNOWN_LEAK,,,keyword_static_baseline,label,adapter.py,,,keyword:label,c_86046f76f7c94b25,keyword_static_baseline,c69fff36c89963f0a8a55bd267584fe3b32aad093936e970cae5aac6d917ea90,4640ce4a3328e6b8b4e4383e059d2e1d0bb0bc06625b1b637acee6b99986ee1f,REPRODUCED
False,,,,,,,,,,c_86046f76f7c94b25,ast_static_dataflow,c69fff36c89963f0a8a55bd267584fe3b32aad093936e970cae5aac6d917ea90,4640ce4a3328e6b8b4e4383e059d2e1d0bb0bc06625b1b637acee6b99986ee1f,REPRODUCED
False,,,,,,,,,,c_86046f76f7c94b25,schema_guard,c69fff36c89963f0a8a55bd267584fe3b32aad093936e970cae5aac6d917ea90,4640ce4a3328e6b8b4e4383e059d2e1d0bb0bc06625b1b637acee6b99986ee1f,REPRODUCED
False,,,,,,,,,,c_86046f76f7c94b25,runtime_taint,c69fff36c89963f0a8a55bd267584fe3b32aad093936e970cae5aac6d917ea90,4640ce4a3328e6b8b4e4383e059d2e1d0bb0bc06625b1b637acee6b99986ee1f,REPRODUCED
False,,,,,,,,,,c_86046f76f7c94b25,invariance,c69fff36c89963f0a8a55bd267584fe3b32aad093936e970cae5aac6d917ea90,4640ce4a3328e6b8b4e4383e059d2e1d0bb0bc06625b1b637acee6b99986ee1f,REPRODUCED
False,,,,,,,,,,c_86046f76f7c94b25,full_audit,c69fff36c89963f0a8a55bd267584fe3b32aad093936e970cae5aac6d917ea90,4640ce4a3328e6b8b4e4383e059d2e1d0bb0bc06625b1b637acee6b99986ee1f,REPRODUCED
True,UNKNOWN_LEAK,,,keyword_static_baseline,label,adapter.py,,,keyword:label,c_865df1de3d2646b7,keyword_static_baseline,c69fff36c89963f0a8a55bd267584fe3b32aad093936e970cae5aac6d917ea90,4640ce4a3328e6b8b4e4383e059d2e1d0bb0bc06625b1b637acee6b99986ee1f,REPRODUCED
False,,,,,,,,,,c_865df1de3d2646b7,ast_static_dataflow,c69fff36c89963f0a8a55bd267584fe3b32aad093936e970cae5aac6d917ea90,4640ce4a3328e6b8b4e4383e059d2e1d0bb0bc06625b1b637acee6b99986ee1f,REPRODUCED
False,,,,,,,,,,c_865df1de3d2646b7,schema_guard,c69fff36c89963f0a8a55bd267584fe3b32aad093936e970cae5aac6d917ea90,4640ce4a3328e6b8b4e4383e059d2e1d0bb0bc06625b1b637acee6b99986ee1f,REPRODUCED
True,UNKNOWN_LEAK,EvidenceGold,candidate_scoring,selector,aux_61,runtime_taint_trace.jsonl,,True,taint reached deployment sink,c_865df1de3d2646b7,runtime_taint,c69fff36c89963f0a8a55bd267584fe3b32aad093936e970cae5aac6d917ea90,4640ce4a3328e6b8b4e4383e059d2e1d0bb0bc06625b1b637acee6b99986ee1f,REPRODUCED
False,,,,,,,,,,c_865df1de3d2646b7,invariance,c69fff36c89963f0a8a55bd267584fe3b32aad093936e970cae5aac6d917ea90,4640ce4a3328e6b8b4e4383e059d2e1d0bb0bc06625b1b637acee6b99986ee1f,REPRODUCED
True,UNKNOWN_LEAK,EvidenceGold,candidate_scoring,selector,aux_61,runtime_taint_trace.jsonl,,True,full_audit_component=runtime_taint; taint reached deployment sink,c_865df1de3d2646b7,full_audit,c69fff36c89963f0a8a55bd267584fe3b32aad093936e970cae5aac6d917ea90,4640ce4a3328e6b8b4e4383e059d2e1d0bb0bc06625b1b637acee6b99986ee1f,REPRODUCED
True,UNKNOWN_LEAK,,,keyword_static_baseline,label,adapter.py,,,keyword:label,c_86cdbb6429474b0c,keyword_static_baseline,c69fff36c89963f0a8a55bd267584fe3b32aad093936e970cae5aac6d917ea90,4640ce4a3328e6b8b4e4383e059d2e1d0bb0bc06625b1b637acee6b99986ee1f,REPRODUCED
False,,,,,,,,,,c_86cdbb6429474b0c,ast_static_dataflow,c69fff36c89963f0a8a55bd267584fe3b32aad093936e970cae5aac6d917ea90,4640ce4a3328e6b8b4e4383e059d2e1d0bb0bc06625b1b637acee6b99986ee1f,REPRODUCED
False,,,,,,,,,,c_86cdbb6429474b0c,schema_guard,c69fff36c89963f0a8a55bd267584fe3b32aad093936e970cae5aac6d917ea90,4640ce4a3328e6b8b4e4383e059d2e1d0bb0bc06625b1b637acee6b99986ee1f,REPRODUCED
True,UNKNOWN_LEAK,EvidenceGold,feature_matrix,feature_builder,aux_43,runtime_taint_trace.jsonl,,True,taint reached deployment sink,c_86cdbb6429474b0c,runtime_taint,c69fff36c89963f0a8a55bd267584fe3b32aad093936e970cae5aac6d917ea90,4640ce4a3328e6b8b4e4383e059d2e1d0bb0bc06625b1b637acee6b99986ee1f,REPRODUCED
False,,,,,,,,,,c_86cdbb6429474b0c,invariance,c69fff36c89963f0a8a55bd267584fe3b32aad093936e970cae5aac6d917ea90,4640ce4a3328e6b8b4e4383e059d2e1d0bb0bc06625b1b637acee6b99986ee1f,REPRODUCED
True,UNKNOWN_LEAK,EvidenceGold,feature_matrix,feature_builder,aux_43,runtime_taint_trace.jsonl,,True,full_audit_component=runtime_taint; taint reached deployment sink,c_86cdbb6429474b0c,full_audit,c69fff36c89963f0a8a55bd267584fe3b32aad093936e970cae5aac6d917ea90,4640ce4a3328e6b8b4e4383e059d2e1d0bb0bc06625b1b637acee6b99986ee1f,REPRODUCED
True,UNKNOWN_LEAK,,,keyword_static_baseline,label,adapter.py,,,keyword:label,c_8b8359c4644e4bc6,keyword_static_baseline,c69fff36c89963f0a8a55bd267584fe3b32aad093936e970cae5aac6d917ea90,4640ce4a3328e6b8b4e4383e059d2e1d0bb0bc06625b1b637acee6b99986ee1f,REPRODUCED
False,,,,,,,,,,c_8b8359c4644e4bc6,ast_static_dataflow,c69fff36c89963f0a8a55bd267584fe3b32aad093936e970cae5aac6d917ea90,4640ce4a3328e6b8b4e4383e059d2e1d0bb0bc06625b1b637acee6b99986ee1f,REPRODUCED
False,,,,,,,,,,c_8b8359c4644e4bc6,schema_guard,c69fff36c89963f0a8a55bd267584fe3b32aad093936e970cae5aac6d917ea90,4640ce4a3328e6b8b4e4383e059d2e1d0bb0bc06625b1b637acee6b99986ee1f,REPRODUCED
False,,,,,,,,,,c_8b8359c4644e4bc6,runtime_taint,c69fff36c89963f0a8a55bd267584fe3b32aad093936e970cae5aac6d917ea90,4640ce4a3328e6b8b4e4383e059d2e1d0bb0bc06625b1b637acee6b99986ee1f,REPRODUCED
False,,,,,,,,,,c_8b8359c4644e4bc6,invariance,c69fff36c89963f0a8a55bd267584fe3b32aad093936e970cae5aac6d917ea90,4640ce4a3328e6b8b4e4383e059d2e1d0bb0bc06625b1b637acee6b99986ee1f,REPRODUCED
False,,,,,,,,,,c_8b8359c4644e4bc6,full_audit,c69fff36c89963f0a8a55bd267584fe3b32aad093936e970cae5aac6d917ea90,4640ce4a3328e6b8b4e4383e059d2e1d0bb0bc06625b1b637acee6b99986ee1f,REPRODUCED
True,UNKNOWN_LEAK,,,keyword_static_baseline,label,adapter.py,,,keyword:label,c_8e45d88f0fa2499a,keyword_static_baseline,c69fff36c89963f0a8a55bd267584fe3b32aad093936e970cae5aac6d917ea90,4640ce4a3328e6b8b4e4383e059d2e1d0bb0bc06625b1b637acee6b99986ee1f,REPRODUCED
False,,,,,,,,,,c_8e45d88f0fa2499a,ast_static_dataflow,c69fff36c89963f0a8a55bd267584fe3b32aad093936e970cae5aac6d917ea90,4640ce4a3328e6b8b4e4383e059d2e1d0bb0bc06625b1b637acee6b99986ee1f,REPRODUCED
False,,,,,,,,,,c_8e45d88f0fa2499a,schema_guard,c69fff36c89963f0a8a55bd267584fe3b32aad093936e970cae5aac6d917ea90,4640ce4a3328e6b8b4e4383e059d2e1d0bb0bc06625b1b637acee6b99986ee1f,REPRODUCED
False,,,,,,,,,,c_8e45d88f0fa2499a,runtime_taint,c69fff36c89963f0a8a55bd267584fe3b32aad093936e970cae5aac6d917ea90,4640ce4a3328e6b8b4e4383e059d2e1d0bb0bc06625b1b637acee6b99986ee1f,REPRODUCED
False,,,,,,,,,,c_8e45d88f0fa2499a,invariance,c69fff36c89963f0a8a55bd267584fe3b32aad093936e970cae5aac6d917ea90,4640ce4a3328e6b8b4e4383e059d2e1d0bb0bc06625b1b637acee6b99986ee1f,REPRODUCED
False,,,,,,,,,,c_8e45d88f0fa2499a,full_audit,c69fff36c89963f0a8a55bd267584fe3b32aad093936e970cae5aac6d917ea90,4640ce4a3328e6b8b4e4383e059d2e1d0bb0bc06625b1b637acee6b99986ee1f,REPRODUCED
True,UNKNOWN_LEAK,,,keyword_static_baseline,label,adapter.py,,,keyword:label,c_8ef2d3787cc54b05,keyword_static_baseline,c69fff36c89963f0a8a55bd267584fe3b32aad093936e970cae5aac6d917ea90,4640ce4a3328e6b8b4e4383e059d2e1d0bb0bc06625b1b637acee6b99986ee1f,REPRODUCED
False,,,,,,,,,,c_8ef2d3787cc54b05,ast_static_dataflow,c69fff36c89963f0a8a55bd267584fe3b32aad093936e970cae5aac6d917ea90,4640ce4a3328e6b8b4e4383e059d2e1d0bb0bc06625b1b637acee6b99986ee1f,REPRODUCED
False,,,,,,,,,,c_8ef2d3787cc54b05,schema_guard,c69fff36c89963f0a8a55bd267584fe3b32aad093936e970cae5aac6d917ea90,4640ce4a3328e6b8b4e4383e059d2e1d0bb0bc06625b1b637acee6b99986ee1f,REPRODUCED
False,,,,,,,,,,c_8ef2d3787cc54b05,runtime_taint,c69fff36c89963f0a8a55bd267584fe3b32aad093936e970cae5aac6d917ea90,4640ce4a3328e6b8b4e4383e059d2e1d0bb0bc06625b1b637acee6b99986ee1f,REPRODUCED
False,,,,,,,,,,c_8ef2d3787cc54b05,invariance,c69fff36c89963f0a8a55bd267584fe3b32aad093936e970cae5aac6d917ea90,4640ce4a3328e6b8b4e4383e059d2e1d0bb0bc06625b1b637acee6b99986ee1f,REPRODUCED
False,,,,,,,,,,c_8ef2d3787cc54b05,full_audit,c69fff36c89963f0a8a55bd267584fe3b32aad093936e970cae5aac6d917ea90,4640ce4a3328e6b8b4e4383e059d2e1d0bb0bc06625b1b637acee6b99986ee1f,REPRODUCED
True,UNKNOWN_LEAK,,,keyword_static_baseline,label,adapter.py,,,keyword:label,c_944e1b7397fb484d,keyword_static_baseline,c69fff36c89963f0a8a55bd267584fe3b32aad093936e970cae5aac6d917ea90,4640ce4a3328e6b8b4e4383e059d2e1d0bb0bc06625b1b637acee6b99986ee1f,REPRODUCED
False,,,,,,,,,,c_944e1b7397fb484d,ast_static_dataflow,c69fff36c89963f0a8a55bd267584fe3b32aad093936e970cae5aac6d917ea90,4640ce4a3328e6b8b4e4383e059d2e1d0bb0bc06625b1b637acee6b99986ee1f,REPRODUCED
False,,,,,,,,,,c_944e1b7397fb484d,schema_guard,c69fff36c89963f0a8a55bd267584fe3b32aad093936e970cae5aac6d917ea90,4640ce4a3328e6b8b4e4383e059d2e1d0bb0bc06625b1b637acee6b99986ee1f,REPRODUCED
False,,,,,,,,,,c_944e1b7397fb484d,runtime_taint,c69fff36c89963f0a8a55bd267584fe3b32aad093936e970cae5aac6d917ea90,4640ce4a3328e6b8b4e4383e059d2e1d0bb0bc06625b1b637acee6b99986ee1f,REPRODUCED
False,,,,,,,,,,c_944e1b7397fb484d,invariance,c69fff36c89963f0a8a55bd267584fe3b32aad093936e970cae5aac6d917ea90,4640ce4a3328e6b8b4e4383e059d2e1d0bb0bc06625b1b637acee6b99986ee1f,REPRODUCED
False,,,,,,,,,,c_944e1b7397fb484d,full_audit,c69fff36c89963f0a8a55bd267584fe3b32aad093936e970cae5aac6d917ea90,4640ce4a3328e6b8b4e4383e059d2e1d0bb0bc06625b1b637acee6b99986ee1f,REPRODUCED
True,UNKNOWN_LEAK,,,keyword_static_baseline,label,adapter.py,,,keyword:label,c_95af74b6a1024214,keyword_static_baseline,c69fff36c89963f0a8a55bd267584fe3b32aad093936e970cae5aac6d917ea90,4640ce4a3328e6b8b4e4383e059d2e1d0bb0bc06625b1b637acee6b99986ee1f,REPRODUCED
False,,,,,,,,,,c_95af74b6a1024214,ast_static_dataflow,c69fff36c89963f0a8a55bd267584fe3b32aad093936e970cae5aac6d917ea90,4640ce4a3328e6b8b4e4383e059d2e1d0bb0bc06625b1b637acee6b99986ee1f,REPRODUCED
True,UNKNOWN_LEAK,,,schema_guard,aux_31,,,,extra metadata field,c_95af74b6a1024214,schema_guard,c69fff36c89963f0a8a55bd267584fe3b32aad093936e970cae5aac6d917ea90,4640ce4a3328e6b8b4e4383e059d2e1d0bb0bc06625b1b637acee6b99986ee1f,REPRODUCED
True,UNKNOWN_LEAK,EvidenceGold,candidate_scoring,selector,aux_31,runtime_taint_trace.jsonl,,True,taint reached deployment sink,c_95af74b6a1024214,runtime_taint,c69fff36c89963f0a8a55bd267584fe3b32aad093936e970cae5aac6d917ea90,4640ce4a3328e6b8b4e4383e059d2e1d0bb0bc06625b1b637acee6b99986ee1f,REPRODUCED
True,UNKNOWN_LEAK,,selected_doc_ids,invariance,selected_doc_ids,selection,,True,changed_qids=1,c_95af74b6a1024214,invariance,c69fff36c89963f0a8a55bd267584fe3b32aad093936e970cae5aac6d917ea90,4640ce4a3328e6b8b4e4383e059d2e1d0bb0bc06625b1b637acee6b99986ee1f,REPRODUCED
True,UNKNOWN_LEAK,EvidenceGold,candidate_scoring,selector,aux_31,runtime_taint_trace.jsonl,,True,full_audit_component=runtime_taint; taint reached deployment sink,c_95af74b6a1024214,full_audit,c69fff36c89963f0a8a55bd267584fe3b32aad093936e970cae5aac6d917ea90,4640ce4a3328e6b8b4e4383e059d2e1d0bb0bc06625b1b637acee6b99986ee1f,REPRODUCED
True,UNKNOWN_LEAK,,,keyword_static_baseline,label,adapter.py,,,keyword:label,c_9858f84665404167,keyword_static_baseline,c69fff36c89963f0a8a55bd267584fe3b32aad093936e970cae5aac6d917ea90,4640ce4a3328e6b8b4e4383e059d2e1d0bb0bc06625b1b637acee6b99986ee1f,REPRODUCED
False,,,,,,,,,,c_9858f84665404167,ast_static_dataflow,c69fff36c89963f0a8a55bd267584fe3b32aad093936e970cae5aac6d917ea90,4640ce4a3328e6b8b4e4383e059d2e1d0bb0bc06625b1b637acee6b99986ee1f,REPRODUCED
False,,,,,,,,,,c_9858f84665404167,schema_guard,c69fff36c89963f0a8a55bd267584fe3b32aad093936e970cae5aac6d917ea90,4640ce4a3328e6b8b4e4383e059d2e1d0bb0bc06625b1b637acee6b99986ee1f,REPRODUCED
False,,,,,,,,,,c_9858f84665404167,runtime_taint,c69fff36c89963f0a8a55bd267584fe3b32aad093936e970cae5aac6d917ea90,4640ce4a3328e6b8b4e4383e059d2e1d0bb0bc06625b1b637acee6b99986ee1f,REPRODUCED
False,,,,,,,,,,c_9858f84665404167,invariance,c69fff36c89963f0a8a55bd267584fe3b32aad093936e970cae5aac6d917ea90,4640ce4a3328e6b8b4e4383e059d2e1d0bb0bc06625b1b637acee6b99986ee1f,REPRODUCED
False,,,,,,,,,,c_9858f84665404167,full_audit,c69fff36c89963f0a8a55bd267584fe3b32aad093936e970cae5aac6d917ea90,4640ce4a3328e6b8b4e4383e059d2e1d0bb0bc06625b1b637acee6b99986ee1f,REPRODUCED
True,UNKNOWN_LEAK,,,keyword_static_baseline,label,adapter.py,,,keyword:label,c_9ba4168d6ef04084,keyword_static_baseline,c69fff36c89963f0a8a55bd267584fe3b32aad093936e970cae5aac6d917ea90,4640ce4a3328e6b8b4e4383e059d2e1d0bb0bc06625b1b637acee6b99986ee1f,REPRODUCED
False,,,,,,,,,,c_9ba4168d6ef04084,ast_static_dataflow,c69fff36c89963f0a8a55bd267584fe3b32aad093936e970cae5aac6d917ea90,4640ce4a3328e6b8b4e4383e059d2e1d0bb0bc06625b1b637acee6b99986ee1f,REPRODUCED
False,,,,,,,,,,c_9ba4168d6ef04084,schema_guard,c69fff36c89963f0a8a55bd267584fe3b32aad093936e970cae5aac6d917ea90,4640ce4a3328e6b8b4e4383e059d2e1d0bb0bc06625b1b637acee6b99986ee1f,REPRODUCED
False,,,,,,,,,,c_9ba4168d6ef04084,runtime_taint,c69fff36c89963f0a8a55bd267584fe3b32aad093936e970cae5aac6d917ea90,4640ce4a3328e6b8b4e4383e059d2e1d0bb0bc06625b1b637acee6b99986ee1f,REPRODUCED
False,,,,,,,,,,c_9ba4168d6ef04084,invariance,c69fff36c89963f0a8a55bd267584fe3b32aad093936e970cae5aac6d917ea90,4640ce4a3328e6b8b4e4383e059d2e1d0bb0bc06625b1b637acee6b99986ee1f,REPRODUCED
False,,,,,,,,,,c_9ba4168d6ef04084,full_audit,c69fff36c89963f0a8a55bd267584fe3b32aad093936e970cae5aac6d917ea90,4640ce4a3328e6b8b4e4383e059d2e1d0bb0bc06625b1b637acee6b99986ee1f,REPRODUCED
True,UNKNOWN_LEAK,,,keyword_static_baseline,label,adapter.py,,,keyword:label,c_9c69d78e00e84cea,keyword_static_baseline,c69fff36c89963f0a8a55bd267584fe3b32aad093936e970cae5aac6d917ea90,4640ce4a3328e6b8b4e4383e059d2e1d0bb0bc06625b1b637acee6b99986ee1f,REPRODUCED
False,,,,,,,,,,c_9c69d78e00e84cea,ast_static_dataflow,c69fff36c89963f0a8a55bd267584fe3b32aad093936e970cae5aac6d917ea90,4640ce4a3328e6b8b4e4383e059d2e1d0bb0bc06625b1b637acee6b99986ee1f,REPRODUCED
False,,,,,,,,,,c_9c69d78e00e84cea,schema_guard,c69fff36c89963f0a8a55bd267584fe3b32aad093936e970cae5aac6d917ea90,4640ce4a3328e6b8b4e4383e059d2e1d0bb0bc06625b1b637acee6b99986ee1f,REPRODUCED
False,,,,,,,,,,c_9c69d78e00e84cea,runtime_taint,c69fff36c89963f0a8a55bd267584fe3b32aad093936e970cae5aac6d917ea90,4640ce4a3328e6b8b4e4383e059d2e1d0bb0bc06625b1b637acee6b99986ee1f,REPRODUCED
False,,,,,,,,,,c_9c69d78e00e84cea,invariance,c69fff36c89963f0a8a55bd267584fe3b32aad093936e970cae5aac6d917ea90,4640ce4a3328e6b8b4e4383e059d2e1d0bb0bc06625b1b637acee6b99986ee1f,REPRODUCED
False,,,,,,,,,,c_9c69d78e00e84cea,full_audit,c69fff36c89963f0a8a55bd267584fe3b32aad093936e970cae5aac6d917ea90,4640ce4a3328e6b8b4e4383e059d2e1d0bb0bc06625b1b637acee6b99986ee1f,REPRODUCED
True,UNKNOWN_LEAK,,,keyword_static_baseline,label,adapter.py,,,keyword:label,c_a3b59688f8614014,keyword_static_baseline,c69fff36c89963f0a8a55bd267584fe3b32aad093936e970cae5aac6d917ea90,4640ce4a3328e6b8b4e4383e059d2e1d0bb0bc06625b1b637acee6b99986ee1f,REPRODUCED
False,,,,,,,,,,c_a3b59688f8614014,ast_static_dataflow,c69fff36c89963f0a8a55bd267584fe3b32aad093936e970cae5aac6d917ea90,4640ce4a3328e6b8b4e4383e059d2e1d0bb0bc06625b1b637acee6b99986ee1f,REPRODUCED
False,,,,,,,,,,c_a3b59688f8614014,schema_guard,c69fff36c89963f0a8a55bd267584fe3b32aad093936e970cae5aac6d917ea90,4640ce4a3328e6b8b4e4383e059d2e1d0bb0bc06625b1b637acee6b99986ee1f,REPRODUCED
False,,,,,,,,,,c_a3b59688f8614014,runtime_taint,c69fff36c89963f0a8a55bd267584fe3b32aad093936e970cae5aac6d917ea90,4640ce4a3328e6b8b4e4383e059d2e1d0bb0bc06625b1b637acee6b99986ee1f,REPRODUCED
False,,,,,,,,,,c_a3b59688f8614014,invariance,c69fff36c89963f0a8a55bd267584fe3b32aad093936e970cae5aac6d917ea90,4640ce4a3328e6b8b4e4383e059d2e1d0bb0bc06625b1b637acee6b99986ee1f,REPRODUCED
False,,,,,,,,,,c_a3b59688f8614014,full_audit,c69fff36c89963f0a8a55bd267584fe3b32aad093936e970cae5aac6d917ea90,4640ce4a3328e6b8b4e4383e059d2e1d0bb0bc06625b1b637acee6b99986ee1f,REPRODUCED
True,UNKNOWN_LEAK,,,keyword_static_baseline,label,adapter.py,,,keyword:label,c_a4b2fffa9df24877,keyword_static_baseline,c69fff36c89963f0a8a55bd267584fe3b32aad093936e970cae5aac6d917ea90,4640ce4a3328e6b8b4e4383e059d2e1d0bb0bc06625b1b637acee6b99986ee1f,REPRODUCED
False,,,,,,,,,,c_a4b2fffa9df24877,ast_static_dataflow,c69fff36c89963f0a8a55bd267584fe3b32aad093936e970cae5aac6d917ea90,4640ce4a3328e6b8b4e4383e059d2e1d0bb0bc06625b1b637acee6b99986ee1f,REPRODUCED
False,,,,,,,,,,c_a4b2fffa9df24877,schema_guard,c69fff36c89963f0a8a55bd267584fe3b32aad093936e970cae5aac6d917ea90,4640ce4a3328e6b8b4e4383e059d2e1d0bb0bc06625b1b637acee6b99986ee1f,REPRODUCED
False,,,,,,,,,,c_a4b2fffa9df24877,runtime_taint,c69fff36c89963f0a8a55bd267584fe3b32aad093936e970cae5aac6d917ea90,4640ce4a3328e6b8b4e4383e059d2e1d0bb0bc06625b1b637acee6b99986ee1f,REPRODUCED
False,,,,,,,,,,c_a4b2fffa9df24877,invariance,c69fff36c89963f0a8a55bd267584fe3b32aad093936e970cae5aac6d917ea90,4640ce4a3328e6b8b4e4383e059d2e1d0bb0bc06625b1b637acee6b99986ee1f,REPRODUCED
False,,,,,,,,,,c_a4b2fffa9df24877,full_audit,c69fff36c89963f0a8a55bd267584fe3b32aad093936e970cae5aac6d917ea90,4640ce4a3328e6b8b4e4383e059d2e1d0bb0bc06625b1b637acee6b99986ee1f,REPRODUCED
True,UNKNOWN_LEAK,,,keyword_static_baseline,label,adapter.py,,,keyword:label,c_a76921b573594b2a,keyword_static_baseline,c69fff36c89963f0a8a55bd267584fe3b32aad093936e970cae5aac6d917ea90,4640ce4a3328e6b8b4e4383e059d2e1d0bb0bc06625b1b637acee6b99986ee1f,REPRODUCED
False,,,,,,,,,,c_a76921b573594b2a,ast_static_dataflow,c69fff36c89963f0a8a55bd267584fe3b32aad093936e970cae5aac6d917ea90,4640ce4a3328e6b8b4e4383e059d2e1d0bb0bc06625b1b637acee6b99986ee1f,REPRODUCED
False,,,,,,,,,,c_a76921b573594b2a,schema_guard,c69fff36c89963f0a8a55bd267584fe3b32aad093936e970cae5aac6d917ea90,4640ce4a3328e6b8b4e4383e059d2e1d0bb0bc06625b1b637acee6b99986ee1f,REPRODUCED
False,,,,,,,,,,c_a76921b573594b2a,runtime_taint,c69fff36c89963f0a8a55bd267584fe3b32aad093936e970cae5aac6d917ea90,4640ce4a3328e6b8b4e4383e059d2e1d0bb0bc06625b1b637acee6b99986ee1f,REPRODUCED
False,,,,,,,,,,c_a76921b573594b2a,invariance,c69fff36c89963f0a8a55bd267584fe3b32aad093936e970cae5aac6d917ea90,4640ce4a3328e6b8b4e4383e059d2e1d0bb0bc06625b1b637acee6b99986ee1f,REPRODUCED
False,,,,,,,,,,c_a76921b573594b2a,full_audit,c69fff36c89963f0a8a55bd267584fe3b32aad093936e970cae5aac6d917ea90,4640ce4a3328e6b8b4e4383e059d2e1d0bb0bc06625b1b637acee6b99986ee1f,REPRODUCED
True,UNKNOWN_LEAK,,,keyword_static_baseline,label,adapter.py,,,keyword:label,c_a7a21a51cf0644c1,keyword_static_baseline,c69fff36c89963f0a8a55bd267584fe3b32aad093936e970cae5aac6d917ea90,4640ce4a3328e6b8b4e4383e059d2e1d0bb0bc06625b1b637acee6b99986ee1f,REPRODUCED
False,,,,,,,,,,c_a7a21a51cf0644c1,ast_static_dataflow,c69fff36c89963f0a8a55bd267584fe3b32aad093936e970cae5aac6d917ea90,4640ce4a3328e6b8b4e4383e059d2e1d0bb0bc06625b1b637acee6b99986ee1f,REPRODUCED
False,,,,,,,,,,c_a7a21a51cf0644c1,schema_guard,c69fff36c89963f0a8a55bd267584fe3b32aad093936e970cae5aac6d917ea90,4640ce4a3328e6b8b4e4383e059d2e1d0bb0bc06625b1b637acee6b99986ee1f,REPRODUCED
False,,,,,,,,,,c_a7a21a51cf0644c1,runtime_taint,c69fff36c89963f0a8a55bd267584fe3b32aad093936e970cae5aac6d917ea90,4640ce4a3328e6b8b4e4383e059d2e1d0bb0bc06625b1b637acee6b99986ee1f,REPRODUCED
False,,,,,,,,,,c_a7a21a51cf0644c1,invariance,c69fff36c89963f0a8a55bd267584fe3b32aad093936e970cae5aac6d917ea90,4640ce4a3328e6b8b4e4383e059d2e1d0bb0bc06625b1b637acee6b99986ee1f,REPRODUCED
False,,,,,,,,,,c_a7a21a51cf0644c1,full_audit,c69fff36c89963f0a8a55bd267584fe3b32aad093936e970cae5aac6d917ea90,4640ce4a3328e6b8b4e4383e059d2e1d0bb0bc06625b1b637acee6b99986ee1f,REPRODUCED
True,UNKNOWN_LEAK,,,keyword_static_baseline,label,adapter.py,,,keyword:label,c_a8f8b364d3274793,keyword_static_baseline,c69fff36c89963f0a8a55bd267584fe3b32aad093936e970cae5aac6d917ea90,4640ce4a3328e6b8b4e4383e059d2e1d0bb0bc06625b1b637acee6b99986ee1f,REPRODUCED
False,,,,,,,,,,c_a8f8b364d3274793,ast_static_dataflow,c69fff36c89963f0a8a55bd267584fe3b32aad093936e970cae5aac6d917ea90,4640ce4a3328e6b8b4e4383e059d2e1d0bb0bc06625b1b637acee6b99986ee1f,REPRODUCED
False,,,,,,,,,,c_a8f8b364d3274793,schema_guard,c69fff36c89963f0a8a55bd267584fe3b32aad093936e970cae5aac6d917ea90,4640ce4a3328e6b8b4e4383e059d2e1d0bb0bc06625b1b637acee6b99986ee1f,REPRODUCED
False,,,,,,,,,,c_a8f8b364d3274793,runtime_taint,c69fff36c89963f0a8a55bd267584fe3b32aad093936e970cae5aac6d917ea90,4640ce4a3328e6b8b4e4383e059d2e1d0bb0bc06625b1b637acee6b99986ee1f,REPRODUCED
False,,,,,,,,,,c_a8f8b364d3274793,invariance,c69fff36c89963f0a8a55bd267584fe3b32aad093936e970cae5aac6d917ea90,4640ce4a3328e6b8b4e4383e059d2e1d0bb0bc06625b1b637acee6b99986ee1f,REPRODUCED
False,,,,,,,,,,c_a8f8b364d3274793,full_audit,c69fff36c89963f0a8a55bd267584fe3b32aad093936e970cae5aac6d917ea90,4640ce4a3328e6b8b4e4383e059d2e1d0bb0bc06625b1b637acee6b99986ee1f,REPRODUCED
True,UNKNOWN_LEAK,,,keyword_static_baseline,label,adapter.py,,,keyword:label,c_aca7168d5ac24072,keyword_static_baseline,c69fff36c89963f0a8a55bd267584fe3b32aad093936e970cae5aac6d917ea90,4640ce4a3328e6b8b4e4383e059d2e1d0bb0bc06625b1b637acee6b99986ee1f,REPRODUCED
False,,,,,,,,,,c_aca7168d5ac24072,ast_static_dataflow,c69fff36c89963f0a8a55bd267584fe3b32aad093936e970cae5aac6d917ea90,4640ce4a3328e6b8b4e4383e059d2e1d0bb0bc06625b1b637acee6b99986ee1f,REPRODUCED
False,,,,,,,,,,c_aca7168d5ac24072,schema_guard,c69fff36c89963f0a8a55bd267584fe3b32aad093936e970cae5aac6d917ea90,4640ce4a3328e6b8b4e4383e059d2e1d0bb0bc06625b1b637acee6b99986ee1f,REPRODUCED
False,,,,,,,,,,c_aca7168d5ac24072,runtime_taint,c69fff36c89963f0a8a55bd267584fe3b32aad093936e970cae5aac6d917ea90,4640ce4a3328e6b8b4e4383e059d2e1d0bb0bc06625b1b637acee6b99986ee1f,REPRODUCED
False,,,,,,,,,,c_aca7168d5ac24072,invariance,c69fff36c89963f0a8a55bd267584fe3b32aad093936e970cae5aac6d917ea90,4640ce4a3328e6b8b4e4383e059d2e1d0bb0bc06625b1b637acee6b99986ee1f,REPRODUCED
False,,,,,,,,,,c_aca7168d5ac24072,full_audit,c69fff36c89963f0a8a55bd267584fe3b32aad093936e970cae5aac6d917ea90,4640ce4a3328e6b8b4e4383e059d2e1d0bb0bc06625b1b637acee6b99986ee1f,REPRODUCED
True,UNKNOWN_LEAK,,,keyword_static_baseline,label,adapter.py,,,keyword:label,c_acf3a2ed291e46c6,keyword_static_baseline,c69fff36c89963f0a8a55bd267584fe3b32aad093936e970cae5aac6d917ea90,4640ce4a3328e6b8b4e4383e059d2e1d0bb0bc06625b1b637acee6b99986ee1f,REPRODUCED
False,,,,,,,,,,c_acf3a2ed291e46c6,ast_static_dataflow,c69fff36c89963f0a8a55bd267584fe3b32aad093936e970cae5aac6d917ea90,4640ce4a3328e6b8b4e4383e059d2e1d0bb0bc06625b1b637acee6b99986ee1f,REPRODUCED
False,,,,,,,,,,c_acf3a2ed291e46c6,schema_guard,c69fff36c89963f0a8a55bd267584fe3b32aad093936e970cae5aac6d917ea90,4640ce4a3328e6b8b4e4383e059d2e1d0bb0bc06625b1b637acee6b99986ee1f,REPRODUCED
True,UNKNOWN_LEAK,EvidenceGold,feature_matrix,feature_builder,aux_47,runtime_taint_trace.jsonl,,True,taint reached deployment sink,c_acf3a2ed291e46c6,runtime_taint,c69fff36c89963f0a8a55bd267584fe3b32aad093936e970cae5aac6d917ea90,4640ce4a3328e6b8b4e4383e059d2e1d0bb0bc06625b1b637acee6b99986ee1f,REPRODUCED
False,,,,,,,,,,c_acf3a2ed291e46c6,invariance,c69fff36c89963f0a8a55bd267584fe3b32aad093936e970cae5aac6d917ea90,4640ce4a3328e6b8b4e4383e059d2e1d0bb0bc06625b1b637acee6b99986ee1f,REPRODUCED
True,UNKNOWN_LEAK,EvidenceGold,feature_matrix,feature_builder,aux_47,runtime_taint_trace.jsonl,,True,full_audit_component=runtime_taint; taint reached deployment sink,c_acf3a2ed291e46c6,full_audit,c69fff36c89963f0a8a55bd267584fe3b32aad093936e970cae5aac6d917ea90,4640ce4a3328e6b8b4e4383e059d2e1d0bb0bc06625b1b637acee6b99986ee1f,REPRODUCED
True,UNKNOWN_LEAK,,,keyword_static_baseline,label,adapter.py,,,keyword:label,c_ae61c24d7a1d4e79,keyword_static_baseline,c69fff36c89963f0a8a55bd267584fe3b32aad093936e970cae5aac6d917ea90,4640ce4a3328e6b8b4e4383e059d2e1d0bb0bc06625b1b637acee6b99986ee1f,REPRODUCED
False,,,,,,,,,,c_ae61c24d7a1d4e79,ast_static_dataflow,c69fff36c89963f0a8a55bd267584fe3b32aad093936e970cae5aac6d917ea90,4640ce4a3328e6b8b4e4383e059d2e1d0bb0bc06625b1b637acee6b99986ee1f,REPRODUCED
False,,,,,,,,,,c_ae61c24d7a1d4e79,schema_guard,c69fff36c89963f0a8a55bd267584fe3b32aad093936e970cae5aac6d917ea90,4640ce4a3328e6b8b4e4383e059d2e1d0bb0bc06625b1b637acee6b99986ee1f,REPRODUCED
False,,,,,,,,,,c_ae61c24d7a1d4e79,runtime_taint,c69fff36c89963f0a8a55bd267584fe3b32aad093936e970cae5aac6d917ea90,4640ce4a3328e6b8b4e4383e059d2e1d0bb0bc06625b1b637acee6b99986ee1f,REPRODUCED
False,,,,,,,,,,c_ae61c24d7a1d4e79,invariance,c69fff36c89963f0a8a55bd267584fe3b32aad093936e970cae5aac6d917ea90,4640ce4a3328e6b8b4e4383e059d2e1d0bb0bc06625b1b637acee6b99986ee1f,REPRODUCED
False,,,,,,,,,,c_ae61c24d7a1d4e79,full_audit,c69fff36c89963f0a8a55bd267584fe3b32aad093936e970cae5aac6d917ea90,4640ce4a3328e6b8b4e4383e059d2e1d0bb0bc06625b1b637acee6b99986ee1f,REPRODUCED
True,UNKNOWN_LEAK,,,keyword_static_baseline,label,adapter.py,,,keyword:label,c_b3c392488ed94c9c,keyword_static_baseline,c69fff36c89963f0a8a55bd267584fe3b32aad093936e970cae5aac6d917ea90,4640ce4a3328e6b8b4e4383e059d2e1d0bb0bc06625b1b637acee6b99986ee1f,REPRODUCED
False,,,,,,,,,,c_b3c392488ed94c9c,ast_static_dataflow,c69fff36c89963f0a8a55bd267584fe3b32aad093936e970cae5aac6d917ea90,4640ce4a3328e6b8b4e4383e059d2e1d0bb0bc06625b1b637acee6b99986ee1f,REPRODUCED
False,,,,,,,,,,c_b3c392488ed94c9c,schema_guard,c69fff36c89963f0a8a55bd267584fe3b32aad093936e970cae5aac6d917ea90,4640ce4a3328e6b8b4e4383e059d2e1d0bb0bc06625b1b637acee6b99986ee1f,REPRODUCED
False,,,,,,,,,,c_b3c392488ed94c9c,runtime_taint,c69fff36c89963f0a8a55bd267584fe3b32aad093936e970cae5aac6d917ea90,4640ce4a3328e6b8b4e4383e059d2e1d0bb0bc06625b1b637acee6b99986ee1f,REPRODUCED
False,,,,,,,,,,c_b3c392488ed94c9c,invariance,c69fff36c89963f0a8a55bd267584fe3b32aad093936e970cae5aac6d917ea90,4640ce4a3328e6b8b4e4383e059d2e1d0bb0bc06625b1b637acee6b99986ee1f,REPRODUCED
False,,,,,,,,,,c_b3c392488ed94c9c,full_audit,c69fff36c89963f0a8a55bd267584fe3b32aad093936e970cae5aac6d917ea90,4640ce4a3328e6b8b4e4383e059d2e1d0bb0bc06625b1b637acee6b99986ee1f,REPRODUCED
True,UNKNOWN_LEAK,,,keyword_static_baseline,label,adapter.py,,,keyword:label,c_b4bd4dda993d4582,keyword_static_baseline,c69fff36c89963f0a8a55bd267584fe3b32aad093936e970cae5aac6d917ea90,4640ce4a3328e6b8b4e4383e059d2e1d0bb0bc06625b1b637acee6b99986ee1f,REPRODUCED
False,,,,,,,,,,c_b4bd4dda993d4582,ast_static_dataflow,c69fff36c89963f0a8a55bd267584fe3b32aad093936e970cae5aac6d917ea90,4640ce4a3328e6b8b4e4383e059d2e1d0bb0bc06625b1b637acee6b99986ee1f,REPRODUCED
True,UNKNOWN_LEAK,,,schema_guard,aux_23,,,,extra metadata field,c_b4bd4dda993d4582,schema_guard,c69fff36c89963f0a8a55bd267584fe3b32aad093936e970cae5aac6d917ea90,4640ce4a3328e6b8b4e4383e059d2e1d0bb0bc06625b1b637acee6b99986ee1f,REPRODUCED
True,UNKNOWN_LEAK,EvidenceGold,candidate_scoring,selector,aux_23,runtime_taint_trace.jsonl,,True,taint reached deployment sink,c_b4bd4dda993d4582,runtime_taint,c69fff36c89963f0a8a55bd267584fe3b32aad093936e970cae5aac6d917ea90,4640ce4a3328e6b8b4e4383e059d2e1d0bb0bc06625b1b637acee6b99986ee1f,REPRODUCED
True,UNKNOWN_LEAK,,selected_doc_ids,invariance,selected_doc_ids,selection,,True,changed_qids=3,c_b4bd4dda993d4582,invariance,c69fff36c89963f0a8a55bd267584fe3b32aad093936e970cae5aac6d917ea90,4640ce4a3328e6b8b4e4383e059d2e1d0bb0bc06625b1b637acee6b99986ee1f,REPRODUCED
True,UNKNOWN_LEAK,EvidenceGold,candidate_scoring,selector,aux_23,runtime_taint_trace.jsonl,,True,full_audit_component=runtime_taint; taint reached deployment sink,c_b4bd4dda993d4582,full_audit,c69fff36c89963f0a8a55bd267584fe3b32aad093936e970cae5aac6d917ea90,4640ce4a3328e6b8b4e4383e059d2e1d0bb0bc06625b1b637acee6b99986ee1f,REPRODUCED
True,UNKNOWN_LEAK,,,keyword_static_baseline,label,adapter.py,,,keyword:label,c_b60850a8533a48e8,keyword_static_baseline,c69fff36c89963f0a8a55bd267584fe3b32aad093936e970cae5aac6d917ea90,4640ce4a3328e6b8b4e4383e059d2e1d0bb0bc06625b1b637acee6b99986ee1f,REPRODUCED
False,,,,,,,,,,c_b60850a8533a48e8,ast_static_dataflow,c69fff36c89963f0a8a55bd267584fe3b32aad093936e970cae5aac6d917ea90,4640ce4a3328e6b8b4e4383e059d2e1d0bb0bc06625b1b637acee6b99986ee1f,REPRODUCED
False,,,,,,,,,,c_b60850a8533a48e8,schema_guard,c69fff36c89963f0a8a55bd267584fe3b32aad093936e970cae5aac6d917ea90,4640ce4a3328e6b8b4e4383e059d2e1d0bb0bc06625b1b637acee6b99986ee1f,REPRODUCED
False,,,,,,,,,,c_b60850a8533a48e8,runtime_taint,c69fff36c89963f0a8a55bd267584fe3b32aad093936e970cae5aac6d917ea90,4640ce4a3328e6b8b4e4383e059d2e1d0bb0bc06625b1b637acee6b99986ee1f,REPRODUCED
False,,,,,,,,,,c_b60850a8533a48e8,invariance,c69fff36c89963f0a8a55bd267584fe3b32aad093936e970cae5aac6d917ea90,4640ce4a3328e6b8b4e4383e059d2e1d0bb0bc06625b1b637acee6b99986ee1f,REPRODUCED
False,,,,,,,,,,c_b60850a8533a48e8,full_audit,c69fff36c89963f0a8a55bd267584fe3b32aad093936e970cae5aac6d917ea90,4640ce4a3328e6b8b4e4383e059d2e1d0bb0bc06625b1b637acee6b99986ee1f,REPRODUCED
True,UNKNOWN_LEAK,,,keyword_static_baseline,label,adapter.py,,,keyword:label,c_b614168a3b2c4109,keyword_static_baseline,c69fff36c89963f0a8a55bd267584fe3b32aad093936e970cae5aac6d917ea90,4640ce4a3328e6b8b4e4383e059d2e1d0bb0bc06625b1b637acee6b99986ee1f,REPRODUCED
False,,,,,,,,,,c_b614168a3b2c4109,ast_static_dataflow,c69fff36c89963f0a8a55bd267584fe3b32aad093936e970cae5aac6d917ea90,4640ce4a3328e6b8b4e4383e059d2e1d0bb0bc06625b1b637acee6b99986ee1f,REPRODUCED
False,,,,,,,,,,c_b614168a3b2c4109,schema_guard,c69fff36c89963f0a8a55bd267584fe3b32aad093936e970cae5aac6d917ea90,4640ce4a3328e6b8b4e4383e059d2e1d0bb0bc06625b1b637acee6b99986ee1f,REPRODUCED
True,UNKNOWN_LEAK,EvidenceGold,candidate_scoring,selector,aux_61,runtime_taint_trace.jsonl,,True,taint reached deployment sink,c_b614168a3b2c4109,runtime_taint,c69fff36c89963f0a8a55bd267584fe3b32aad093936e970cae5aac6d917ea90,4640ce4a3328e6b8b4e4383e059d2e1d0bb0bc06625b1b637acee6b99986ee1f,REPRODUCED
False,,,,,,,,,,c_b614168a3b2c4109,invariance,c69fff36c89963f0a8a55bd267584fe3b32aad093936e970cae5aac6d917ea90,4640ce4a3328e6b8b4e4383e059d2e1d0bb0bc06625b1b637acee6b99986ee1f,REPRODUCED
True,UNKNOWN_LEAK,EvidenceGold,candidate_scoring,selector,aux_61,runtime_taint_trace.jsonl,,True,full_audit_component=runtime_taint; taint reached deployment sink,c_b614168a3b2c4109,full_audit,c69fff36c89963f0a8a55bd267584fe3b32aad093936e970cae5aac6d917ea90,4640ce4a3328e6b8b4e4383e059d2e1d0bb0bc06625b1b637acee6b99986ee1f,REPRODUCED
True,UNKNOWN_LEAK,,,keyword_static_baseline,label,adapter.py,,,keyword:label,c_b639297f26794243,keyword_static_baseline,c69fff36c89963f0a8a55bd267584fe3b32aad093936e970cae5aac6d917ea90,4640ce4a3328e6b8b4e4383e059d2e1d0bb0bc06625b1b637acee6b99986ee1f,REPRODUCED
False,,,,,,,,,,c_b639297f26794243,ast_static_dataflow,c69fff36c89963f0a8a55bd267584fe3b32aad093936e970cae5aac6d917ea90,4640ce4a3328e6b8b4e4383e059d2e1d0bb0bc06625b1b637acee6b99986ee1f,REPRODUCED
False,,,,,,,,,,c_b639297f26794243,schema_guard,c69fff36c89963f0a8a55bd267584fe3b32aad093936e970cae5aac6d917ea90,4640ce4a3328e6b8b4e4383e059d2e1d0bb0bc06625b1b637acee6b99986ee1f,REPRODUCED
False,,,,,,,,,,c_b639297f26794243,runtime_taint,c69fff36c89963f0a8a55bd267584fe3b32aad093936e970cae5aac6d917ea90,4640ce4a3328e6b8b4e4383e059d2e1d0bb0bc06625b1b637acee6b99986ee1f,REPRODUCED
False,,,,,,,,,,c_b639297f26794243,invariance,c69fff36c89963f0a8a55bd267584fe3b32aad093936e970cae5aac6d917ea90,4640ce4a3328e6b8b4e4383e059d2e1d0bb0bc06625b1b637acee6b99986ee1f,REPRODUCED
False,,,,,,,,,,c_b639297f26794243,full_audit,c69fff36c89963f0a8a55bd267584fe3b32aad093936e970cae5aac6d917ea90,4640ce4a3328e6b8b4e4383e059d2e1d0bb0bc06625b1b637acee6b99986ee1f,REPRODUCED
True,UNKNOWN_LEAK,,,keyword_static_baseline,label,adapter.py,,,keyword:label,c_b81289d8ab814dcb,keyword_static_baseline,c69fff36c89963f0a8a55bd267584fe3b32aad093936e970cae5aac6d917ea90,4640ce4a3328e6b8b4e4383e059d2e1d0bb0bc06625b1b637acee6b99986ee1f,REPRODUCED
False,,,,,,,,,,c_b81289d8ab814dcb,ast_static_dataflow,c69fff36c89963f0a8a55bd267584fe3b32aad093936e970cae5aac6d917ea90,4640ce4a3328e6b8b4e4383e059d2e1d0bb0bc06625b1b637acee6b99986ee1f,REPRODUCED
False,,,,,,,,,,c_b81289d8ab814dcb,schema_guard,c69fff36c89963f0a8a55bd267584fe3b32aad093936e970cae5aac6d917ea90,4640ce4a3328e6b8b4e4383e059d2e1d0bb0bc06625b1b637acee6b99986ee1f,REPRODUCED
False,,,,,,,,,,c_b81289d8ab814dcb,runtime_taint,c69fff36c89963f0a8a55bd267584fe3b32aad093936e970cae5aac6d917ea90,4640ce4a3328e6b8b4e4383e059d2e1d0bb0bc06625b1b637acee6b99986ee1f,REPRODUCED
False,,,,,,,,,,c_b81289d8ab814dcb,invariance,c69fff36c89963f0a8a55bd267584fe3b32aad093936e970cae5aac6d917ea90,4640ce4a3328e6b8b4e4383e059d2e1d0bb0bc06625b1b637acee6b99986ee1f,REPRODUCED
False,,,,,,,,,,c_b81289d8ab814dcb,full_audit,c69fff36c89963f0a8a55bd267584fe3b32aad093936e970cae5aac6d917ea90,4640ce4a3328e6b8b4e4383e059d2e1d0bb0bc06625b1b637acee6b99986ee1f,REPRODUCED
True,UNKNOWN_LEAK,,,keyword_static_baseline,label,adapter.py,,,keyword:label,c_b9474bd167b94253,keyword_static_baseline,c69fff36c89963f0a8a55bd267584fe3b32aad093936e970cae5aac6d917ea90,4640ce4a3328e6b8b4e4383e059d2e1d0bb0bc06625b1b637acee6b99986ee1f,REPRODUCED
False,,,,,,,,,,c_b9474bd167b94253,ast_static_dataflow,c69fff36c89963f0a8a55bd267584fe3b32aad093936e970cae5aac6d917ea90,4640ce4a3328e6b8b4e4383e059d2e1d0bb0bc06625b1b637acee6b99986ee1f,REPRODUCED
False,,,,,,,,,,c_b9474bd167b94253,schema_guard,c69fff36c89963f0a8a55bd267584fe3b32aad093936e970cae5aac6d917ea90,4640ce4a3328e6b8b4e4383e059d2e1d0bb0bc06625b1b637acee6b99986ee1f,REPRODUCED
False,,,,,,,,,,c_b9474bd167b94253,runtime_taint,c69fff36c89963f0a8a55bd267584fe3b32aad093936e970cae5aac6d917ea90,4640ce4a3328e6b8b4e4383e059d2e1d0bb0bc06625b1b637acee6b99986ee1f,REPRODUCED
False,,,,,,,,,,c_b9474bd167b94253,invariance,c69fff36c89963f0a8a55bd267584fe3b32aad093936e970cae5aac6d917ea90,4640ce4a3328e6b8b4e4383e059d2e1d0bb0bc06625b1b637acee6b99986ee1f,REPRODUCED
False,,,,,,,,,,c_b9474bd167b94253,full_audit,c69fff36c89963f0a8a55bd267584fe3b32aad093936e970cae5aac6d917ea90,4640ce4a3328e6b8b4e4383e059d2e1d0bb0bc06625b1b637acee6b99986ee1f,REPRODUCED
True,UNKNOWN_LEAK,,,keyword_static_baseline,label,adapter.py,,,keyword:label,c_ba9b3c839d7747c6,keyword_static_baseline,c69fff36c89963f0a8a55bd267584fe3b32aad093936e970cae5aac6d917ea90,4640ce4a3328e6b8b4e4383e059d2e1d0bb0bc06625b1b637acee6b99986ee1f,REPRODUCED
False,,,,,,,,,,c_ba9b3c839d7747c6,ast_static_dataflow,c69fff36c89963f0a8a55bd267584fe3b32aad093936e970cae5aac6d917ea90,4640ce4a3328e6b8b4e4383e059d2e1d0bb0bc06625b1b637acee6b99986ee1f,REPRODUCED
False,,,,,,,,,,c_ba9b3c839d7747c6,schema_guard,c69fff36c89963f0a8a55bd267584fe3b32aad093936e970cae5aac6d917ea90,4640ce4a3328e6b8b4e4383e059d2e1d0bb0bc06625b1b637acee6b99986ee1f,REPRODUCED
False,,,,,,,,,,c_ba9b3c839d7747c6,runtime_taint,c69fff36c89963f0a8a55bd267584fe3b32aad093936e970cae5aac6d917ea90,4640ce4a3328e6b8b4e4383e059d2e1d0bb0bc06625b1b637acee6b99986ee1f,REPRODUCED
False,,,,,,,,,,c_ba9b3c839d7747c6,invariance,c69fff36c89963f0a8a55bd267584fe3b32aad093936e970cae5aac6d917ea90,4640ce4a3328e6b8b4e4383e059d2e1d0bb0bc06625b1b637acee6b99986ee1f,REPRODUCED
False,,,,,,,,,,c_ba9b3c839d7747c6,full_audit,c69fff36c89963f0a8a55bd267584fe3b32aad093936e970cae5aac6d917ea90,4640ce4a3328e6b8b4e4383e059d2e1d0bb0bc06625b1b637acee6b99986ee1f,REPRODUCED
True,UNKNOWN_LEAK,,,keyword_static_baseline,label,adapter.py,,,keyword:label,c_bd56abf2cdbc4ff2,keyword_static_baseline,c69fff36c89963f0a8a55bd267584fe3b32aad093936e970cae5aac6d917ea90,4640ce4a3328e6b8b4e4383e059d2e1d0bb0bc06625b1b637acee6b99986ee1f,REPRODUCED
False,,,,,,,,,,c_bd56abf2cdbc4ff2,ast_static_dataflow,c69fff36c89963f0a8a55bd267584fe3b32aad093936e970cae5aac6d917ea90,4640ce4a3328e6b8b4e4383e059d2e1d0bb0bc06625b1b637acee6b99986ee1f,REPRODUCED
False,,,,,,,,,,c_bd56abf2cdbc4ff2,schema_guard,c69fff36c89963f0a8a55bd267584fe3b32aad093936e970cae5aac6d917ea90,4640ce4a3328e6b8b4e4383e059d2e1d0bb0bc06625b1b637acee6b99986ee1f,REPRODUCED
False,,,,,,,,,,c_bd56abf2cdbc4ff2,runtime_taint,c69fff36c89963f0a8a55bd267584fe3b32aad093936e970cae5aac6d917ea90,4640ce4a3328e6b8b4e4383e059d2e1d0bb0bc06625b1b637acee6b99986ee1f,REPRODUCED
False,,,,,,,,,,c_bd56abf2cdbc4ff2,invariance,c69fff36c89963f0a8a55bd267584fe3b32aad093936e970cae5aac6d917ea90,4640ce4a3328e6b8b4e4383e059d2e1d0bb0bc06625b1b637acee6b99986ee1f,REPRODUCED
False,,,,,,,,,,c_bd56abf2cdbc4ff2,full_audit,c69fff36c89963f0a8a55bd267584fe3b32aad093936e970cae5aac6d917ea90,4640ce4a3328e6b8b4e4383e059d2e1d0bb0bc06625b1b637acee6b99986ee1f,REPRODUCED
True,UNKNOWN_LEAK,,,keyword_static_baseline,label,adapter.py,,,keyword:label,c_bf705262cfd64e7a,keyword_static_baseline,c69fff36c89963f0a8a55bd267584fe3b32aad093936e970cae5aac6d917ea90,4640ce4a3328e6b8b4e4383e059d2e1d0bb0bc06625b1b637acee6b99986ee1f,REPRODUCED
False,,,,,,,,,,c_bf705262cfd64e7a,ast_static_dataflow,c69fff36c89963f0a8a55bd267584fe3b32aad093936e970cae5aac6d917ea90,4640ce4a3328e6b8b4e4383e059d2e1d0bb0bc06625b1b637acee6b99986ee1f,REPRODUCED
False,,,,,,,,,,c_bf705262cfd64e7a,schema_guard,c69fff36c89963f0a8a55bd267584fe3b32aad093936e970cae5aac6d917ea90,4640ce4a3328e6b8b4e4383e059d2e1d0bb0bc06625b1b637acee6b99986ee1f,REPRODUCED
False,,,,,,,,,,c_bf705262cfd64e7a,runtime_taint,c69fff36c89963f0a8a55bd267584fe3b32aad093936e970cae5aac6d917ea90,4640ce4a3328e6b8b4e4383e059d2e1d0bb0bc06625b1b637acee6b99986ee1f,REPRODUCED
False,,,,,,,,,,c_bf705262cfd64e7a,invariance,c69fff36c89963f0a8a55bd267584fe3b32aad093936e970cae5aac6d917ea90,4640ce4a3328e6b8b4e4383e059d2e1d0bb0bc06625b1b637acee6b99986ee1f,REPRODUCED
False,,,,,,,,,,c_bf705262cfd64e7a,full_audit,c69fff36c89963f0a8a55bd267584fe3b32aad093936e970cae5aac6d917ea90,4640ce4a3328e6b8b4e4383e059d2e1d0bb0bc06625b1b637acee6b99986ee1f,REPRODUCED
True,UNKNOWN_LEAK,,,keyword_static_baseline,label,adapter.py,,,keyword:label,c_c0e03156eb114ec0,keyword_static_baseline,c69fff36c89963f0a8a55bd267584fe3b32aad093936e970cae5aac6d917ea90,4640ce4a3328e6b8b4e4383e059d2e1d0bb0bc06625b1b637acee6b99986ee1f,REPRODUCED
False,,,,,,,,,,c_c0e03156eb114ec0,ast_static_dataflow,c69fff36c89963f0a8a55bd267584fe3b32aad093936e970cae5aac6d917ea90,4640ce4a3328e6b8b4e4383e059d2e1d0bb0bc06625b1b637acee6b99986ee1f,REPRODUCED
False,,,,,,,,,,c_c0e03156eb114ec0,schema_guard,c69fff36c89963f0a8a55bd267584fe3b32aad093936e970cae5aac6d917ea90,4640ce4a3328e6b8b4e4383e059d2e1d0bb0bc06625b1b637acee6b99986ee1f,REPRODUCED
False,,,,,,,,,,c_c0e03156eb114ec0,runtime_taint,c69fff36c89963f0a8a55bd267584fe3b32aad093936e970cae5aac6d917ea90,4640ce4a3328e6b8b4e4383e059d2e1d0bb0bc06625b1b637acee6b99986ee1f,REPRODUCED
False,,,,,,,,,,c_c0e03156eb114ec0,invariance,c69fff36c89963f0a8a55bd267584fe3b32aad093936e970cae5aac6d917ea90,4640ce4a3328e6b8b4e4383e059d2e1d0bb0bc06625b1b637acee6b99986ee1f,REPRODUCED
False,,,,,,,,,,c_c0e03156eb114ec0,full_audit,c69fff36c89963f0a8a55bd267584fe3b32aad093936e970cae5aac6d917ea90,4640ce4a3328e6b8b4e4383e059d2e1d0bb0bc06625b1b637acee6b99986ee1f,REPRODUCED
True,UNKNOWN_LEAK,,,keyword_static_baseline,label,adapter.py,,,keyword:label,c_c0ee3e26b0c74aaa,keyword_static_baseline,c69fff36c89963f0a8a55bd267584fe3b32aad093936e970cae5aac6d917ea90,4640ce4a3328e6b8b4e4383e059d2e1d0bb0bc06625b1b637acee6b99986ee1f,REPRODUCED
False,,,,,,,,,,c_c0ee3e26b0c74aaa,ast_static_dataflow,c69fff36c89963f0a8a55bd267584fe3b32aad093936e970cae5aac6d917ea90,4640ce4a3328e6b8b4e4383e059d2e1d0bb0bc06625b1b637acee6b99986ee1f,REPRODUCED
True,UNKNOWN_LEAK,,,schema_guard,aux_23,,,,extra metadata field,c_c0ee3e26b0c74aaa,schema_guard,c69fff36c89963f0a8a55bd267584fe3b32aad093936e970cae5aac6d917ea90,4640ce4a3328e6b8b4e4383e059d2e1d0bb0bc06625b1b637acee6b99986ee1f,REPRODUCED
True,UNKNOWN_LEAK,EvidenceGold,candidate_scoring,selector,aux_23,runtime_taint_trace.jsonl,,True,taint reached deployment sink,c_c0ee3e26b0c74aaa,runtime_taint,c69fff36c89963f0a8a55bd267584fe3b32aad093936e970cae5aac6d917ea90,4640ce4a3328e6b8b4e4383e059d2e1d0bb0bc06625b1b637acee6b99986ee1f,REPRODUCED
False,,,,,,,,,,c_c0ee3e26b0c74aaa,invariance,c69fff36c89963f0a8a55bd267584fe3b32aad093936e970cae5aac6d917ea90,4640ce4a3328e6b8b4e4383e059d2e1d0bb0bc06625b1b637acee6b99986ee1f,REPRODUCED
True,UNKNOWN_LEAK,EvidenceGold,candidate_scoring,selector,aux_23,runtime_taint_trace.jsonl,,True,full_audit_component=runtime_taint; taint reached deployment sink,c_c0ee3e26b0c74aaa,full_audit,c69fff36c89963f0a8a55bd267584fe3b32aad093936e970cae5aac6d917ea90,4640ce4a3328e6b8b4e4383e059d2e1d0bb0bc06625b1b637acee6b99986ee1f,REPRODUCED
True,UNKNOWN_LEAK,,,keyword_static_baseline,label,adapter.py,,,keyword:label,c_c2bdabf56b154c5a,keyword_static_baseline,c69fff36c89963f0a8a55bd267584fe3b32aad093936e970cae5aac6d917ea90,4640ce4a3328e6b8b4e4383e059d2e1d0bb0bc06625b1b637acee6b99986ee1f,REPRODUCED
False,,,,,,,,,,c_c2bdabf56b154c5a,ast_static_dataflow,c69fff36c89963f0a8a55bd267584fe3b32aad093936e970cae5aac6d917ea90,4640ce4a3328e6b8b4e4383e059d2e1d0bb0bc06625b1b637acee6b99986ee1f,REPRODUCED
False,,,,,,,,,,c_c2bdabf56b154c5a,schema_guard,c69fff36c89963f0a8a55bd267584fe3b32aad093936e970cae5aac6d917ea90,4640ce4a3328e6b8b4e4383e059d2e1d0bb0bc06625b1b637acee6b99986ee1f,REPRODUCED
False,,,,,,,,,,c_c2bdabf56b154c5a,runtime_taint,c69fff36c89963f0a8a55bd267584fe3b32aad093936e970cae5aac6d917ea90,4640ce4a3328e6b8b4e4383e059d2e1d0bb0bc06625b1b637acee6b99986ee1f,REPRODUCED
False,,,,,,,,,,c_c2bdabf56b154c5a,invariance,c69fff36c89963f0a8a55bd267584fe3b32aad093936e970cae5aac6d917ea90,4640ce4a3328e6b8b4e4383e059d2e1d0bb0bc06625b1b637acee6b99986ee1f,REPRODUCED
False,,,,,,,,,,c_c2bdabf56b154c5a,full_audit,c69fff36c89963f0a8a55bd267584fe3b32aad093936e970cae5aac6d917ea90,4640ce4a3328e6b8b4e4383e059d2e1d0bb0bc06625b1b637acee6b99986ee1f,REPRODUCED
True,UNKNOWN_LEAK,,,keyword_static_baseline,label,adapter.py,,,keyword:label,c_c2ed5d72fa75485f,keyword_static_baseline,c69fff36c89963f0a8a55bd267584fe3b32aad093936e970cae5aac6d917ea90,4640ce4a3328e6b8b4e4383e059d2e1d0bb0bc06625b1b637acee6b99986ee1f,REPRODUCED
False,,,,,,,,,,c_c2ed5d72fa75485f,ast_static_dataflow,c69fff36c89963f0a8a55bd267584fe3b32aad093936e970cae5aac6d917ea90,4640ce4a3328e6b8b4e4383e059d2e1d0bb0bc06625b1b637acee6b99986ee1f,REPRODUCED
False,,,,,,,,,,c_c2ed5d72fa75485f,schema_guard,c69fff36c89963f0a8a55bd267584fe3b32aad093936e970cae5aac6d917ea90,4640ce4a3328e6b8b4e4383e059d2e1d0bb0bc06625b1b637acee6b99986ee1f,REPRODUCED
False,,,,,,,,,,c_c2ed5d72fa75485f,runtime_taint,c69fff36c89963f0a8a55bd267584fe3b32aad093936e970cae5aac6d917ea90,4640ce4a3328e6b8b4e4383e059d2e1d0bb0bc06625b1b637acee6b99986ee1f,REPRODUCED
False,,,,,,,,,,c_c2ed5d72fa75485f,invariance,c69fff36c89963f0a8a55bd267584fe3b32aad093936e970cae5aac6d917ea90,4640ce4a3328e6b8b4e4383e059d2e1d0bb0bc06625b1b637acee6b99986ee1f,REPRODUCED
False,,,,,,,,,,c_c2ed5d72fa75485f,full_audit,c69fff36c89963f0a8a55bd267584fe3b32aad093936e970cae5aac6d917ea90,4640ce4a3328e6b8b4e4383e059d2e1d0bb0bc06625b1b637acee6b99986ee1f,REPRODUCED
True,UNKNOWN_LEAK,,,keyword_static_baseline,label,adapter.py,,,keyword:label,c_cb0685fad8ad43aa,keyword_static_baseline,c69fff36c89963f0a8a55bd267584fe3b32aad093936e970cae5aac6d917ea90,4640ce4a3328e6b8b4e4383e059d2e1d0bb0bc06625b1b637acee6b99986ee1f,REPRODUCED
False,,,,,,,,,,c_cb0685fad8ad43aa,ast_static_dataflow,c69fff36c89963f0a8a55bd267584fe3b32aad093936e970cae5aac6d917ea90,4640ce4a3328e6b8b4e4383e059d2e1d0bb0bc06625b1b637acee6b99986ee1f,REPRODUCED
False,,,,,,,,,,c_cb0685fad8ad43aa,schema_guard,c69fff36c89963f0a8a55bd267584fe3b32aad093936e970cae5aac6d917ea90,4640ce4a3328e6b8b4e4383e059d2e1d0bb0bc06625b1b637acee6b99986ee1f,REPRODUCED
False,,,,,,,,,,c_cb0685fad8ad43aa,runtime_taint,c69fff36c89963f0a8a55bd267584fe3b32aad093936e970cae5aac6d917ea90,4640ce4a3328e6b8b4e4383e059d2e1d0bb0bc06625b1b637acee6b99986ee1f,REPRODUCED
False,,,,,,,,,,c_cb0685fad8ad43aa,invariance,c69fff36c89963f0a8a55bd267584fe3b32aad093936e970cae5aac6d917ea90,4640ce4a3328e6b8b4e4383e059d2e1d0bb0bc06625b1b637acee6b99986ee1f,REPRODUCED
False,,,,,,,,,,c_cb0685fad8ad43aa,full_audit,c69fff36c89963f0a8a55bd267584fe3b32aad093936e970cae5aac6d917ea90,4640ce4a3328e6b8b4e4383e059d2e1d0bb0bc06625b1b637acee6b99986ee1f,REPRODUCED
True,UNKNOWN_LEAK,,,keyword_static_baseline,label,adapter.py,,,keyword:label,c_cd44e81e84724d4a,keyword_static_baseline,c69fff36c89963f0a8a55bd267584fe3b32aad093936e970cae5aac6d917ea90,4640ce4a3328e6b8b4e4383e059d2e1d0bb0bc06625b1b637acee6b99986ee1f,REPRODUCED
False,,,,,,,,,,c_cd44e81e84724d4a,ast_static_dataflow,c69fff36c89963f0a8a55bd267584fe3b32aad093936e970cae5aac6d917ea90,4640ce4a3328e6b8b4e4383e059d2e1d0bb0bc06625b1b637acee6b99986ee1f,REPRODUCED
False,,,,,,,,,,c_cd44e81e84724d4a,schema_guard,c69fff36c89963f0a8a55bd267584fe3b32aad093936e970cae5aac6d917ea90,4640ce4a3328e6b8b4e4383e059d2e1d0bb0bc06625b1b637acee6b99986ee1f,REPRODUCED
False,,,,,,,,,,c_cd44e81e84724d4a,runtime_taint,c69fff36c89963f0a8a55bd267584fe3b32aad093936e970cae5aac6d917ea90,4640ce4a3328e6b8b4e4383e059d2e1d0bb0bc06625b1b637acee6b99986ee1f,REPRODUCED
False,,,,,,,,,,c_cd44e81e84724d4a,invariance,c69fff36c89963f0a8a55bd267584fe3b32aad093936e970cae5aac6d917ea90,4640ce4a3328e6b8b4e4383e059d2e1d0bb0bc06625b1b637acee6b99986ee1f,REPRODUCED
False,,,,,,,,,,c_cd44e81e84724d4a,full_audit,c69fff36c89963f0a8a55bd267584fe3b32aad093936e970cae5aac6d917ea90,4640ce4a3328e6b8b4e4383e059d2e1d0bb0bc06625b1b637acee6b99986ee1f,REPRODUCED
True,UNKNOWN_LEAK,,,keyword_static_baseline,label,adapter.py,,,keyword:label,c_ceda2a01073c44f3,keyword_static_baseline,c69fff36c89963f0a8a55bd267584fe3b32aad093936e970cae5aac6d917ea90,4640ce4a3328e6b8b4e4383e059d2e1d0bb0bc06625b1b637acee6b99986ee1f,REPRODUCED
False,,,,,,,,,,c_ceda2a01073c44f3,ast_static_dataflow,c69fff36c89963f0a8a55bd267584fe3b32aad093936e970cae5aac6d917ea90,4640ce4a3328e6b8b4e4383e059d2e1d0bb0bc06625b1b637acee6b99986ee1f,REPRODUCED
False,,,,,,,,,,c_ceda2a01073c44f3,schema_guard,c69fff36c89963f0a8a55bd267584fe3b32aad093936e970cae5aac6d917ea90,4640ce4a3328e6b8b4e4383e059d2e1d0bb0bc06625b1b637acee6b99986ee1f,REPRODUCED
False,,,,,,,,,,c_ceda2a01073c44f3,runtime_taint,c69fff36c89963f0a8a55bd267584fe3b32aad093936e970cae5aac6d917ea90,4640ce4a3328e6b8b4e4383e059d2e1d0bb0bc06625b1b637acee6b99986ee1f,REPRODUCED
False,,,,,,,,,,c_ceda2a01073c44f3,invariance,c69fff36c89963f0a8a55bd267584fe3b32aad093936e970cae5aac6d917ea90,4640ce4a3328e6b8b4e4383e059d2e1d0bb0bc06625b1b637acee6b99986ee1f,REPRODUCED
False,,,,,,,,,,c_ceda2a01073c44f3,full_audit,c69fff36c89963f0a8a55bd267584fe3b32aad093936e970cae5aac6d917ea90,4640ce4a3328e6b8b4e4383e059d2e1d0bb0bc06625b1b637acee6b99986ee1f,REPRODUCED
True,UNKNOWN_LEAK,,,keyword_static_baseline,label,adapter.py,,,keyword:label,c_d054acaba196402a,keyword_static_baseline,c69fff36c89963f0a8a55bd267584fe3b32aad093936e970cae5aac6d917ea90,4640ce4a3328e6b8b4e4383e059d2e1d0bb0bc06625b1b637acee6b99986ee1f,REPRODUCED
False,,,,,,,,,,c_d054acaba196402a,ast_static_dataflow,c69fff36c89963f0a8a55bd267584fe3b32aad093936e970cae5aac6d917ea90,4640ce4a3328e6b8b4e4383e059d2e1d0bb0bc06625b1b637acee6b99986ee1f,REPRODUCED
False,,,,,,,,,,c_d054acaba196402a,schema_guard,c69fff36c89963f0a8a55bd267584fe3b32aad093936e970cae5aac6d917ea90,4640ce4a3328e6b8b4e4383e059d2e1d0bb0bc06625b1b637acee6b99986ee1f,REPRODUCED
True,UNKNOWN_LEAK,EvidenceGold,candidate_scoring,selector,aux_71,runtime_taint_trace.jsonl,,True,taint reached deployment sink,c_d054acaba196402a,runtime_taint,c69fff36c89963f0a8a55bd267584fe3b32aad093936e970cae5aac6d917ea90,4640ce4a3328e6b8b4e4383e059d2e1d0bb0bc06625b1b637acee6b99986ee1f,REPRODUCED
False,,,,,,,,,,c_d054acaba196402a,invariance,c69fff36c89963f0a8a55bd267584fe3b32aad093936e970cae5aac6d917ea90,4640ce4a3328e6b8b4e4383e059d2e1d0bb0bc06625b1b637acee6b99986ee1f,REPRODUCED
True,UNKNOWN_LEAK,EvidenceGold,candidate_scoring,selector,aux_71,runtime_taint_trace.jsonl,,True,full_audit_component=runtime_taint; taint reached deployment sink,c_d054acaba196402a,full_audit,c69fff36c89963f0a8a55bd267584fe3b32aad093936e970cae5aac6d917ea90,4640ce4a3328e6b8b4e4383e059d2e1d0bb0bc06625b1b637acee6b99986ee1f,REPRODUCED
True,UNKNOWN_LEAK,,,keyword_static_baseline,label,adapter.py,,,keyword:label,c_d0846fda3e5e4736,keyword_static_baseline,c69fff36c89963f0a8a55bd267584fe3b32aad093936e970cae5aac6d917ea90,4640ce4a3328e6b8b4e4383e059d2e1d0bb0bc06625b1b637acee6b99986ee1f,REPRODUCED
False,,,,,,,,,,c_d0846fda3e5e4736,ast_static_dataflow,c69fff36c89963f0a8a55bd267584fe3b32aad093936e970cae5aac6d917ea90,4640ce4a3328e6b8b4e4383e059d2e1d0bb0bc06625b1b637acee6b99986ee1f,REPRODUCED
False,,,,,,,,,,c_d0846fda3e5e4736,schema_guard,c69fff36c89963f0a8a55bd267584fe3b32aad093936e970cae5aac6d917ea90,4640ce4a3328e6b8b4e4383e059d2e1d0bb0bc06625b1b637acee6b99986ee1f,REPRODUCED
False,,,,,,,,,,c_d0846fda3e5e4736,runtime_taint,c69fff36c89963f0a8a55bd267584fe3b32aad093936e970cae5aac6d917ea90,4640ce4a3328e6b8b4e4383e059d2e1d0bb0bc06625b1b637acee6b99986ee1f,REPRODUCED
False,,,,,,,,,,c_d0846fda3e5e4736,invariance,c69fff36c89963f0a8a55bd267584fe3b32aad093936e970cae5aac6d917ea90,4640ce4a3328e6b8b4e4383e059d2e1d0bb0bc06625b1b637acee6b99986ee1f,REPRODUCED
False,,,,,,,,,,c_d0846fda3e5e4736,full_audit,c69fff36c89963f0a8a55bd267584fe3b32aad093936e970cae5aac6d917ea90,4640ce4a3328e6b8b4e4383e059d2e1d0bb0bc06625b1b637acee6b99986ee1f,REPRODUCED
True,UNKNOWN_LEAK,,,keyword_static_baseline,label,adapter.py,,,keyword:label,c_d55aa91337014b89,keyword_static_baseline,c69fff36c89963f0a8a55bd267584fe3b32aad093936e970cae5aac6d917ea90,4640ce4a3328e6b8b4e4383e059d2e1d0bb0bc06625b1b637acee6b99986ee1f,REPRODUCED
False,,,,,,,,,,c_d55aa91337014b89,ast_static_dataflow,c69fff36c89963f0a8a55bd267584fe3b32aad093936e970cae5aac6d917ea90,4640ce4a3328e6b8b4e4383e059d2e1d0bb0bc06625b1b637acee6b99986ee1f,REPRODUCED
False,,,,,,,,,,c_d55aa91337014b89,schema_guard,c69fff36c89963f0a8a55bd267584fe3b32aad093936e970cae5aac6d917ea90,4640ce4a3328e6b8b4e4383e059d2e1d0bb0bc06625b1b637acee6b99986ee1f,REPRODUCED
True,UNKNOWN_LEAK,EvidenceGold,candidate_filter,candidate_filter,aux_73,runtime_taint_trace.jsonl,,True,taint reached deployment sink,c_d55aa91337014b89,runtime_taint,c69fff36c89963f0a8a55bd267584fe3b32aad093936e970cae5aac6d917ea90,4640ce4a3328e6b8b4e4383e059d2e1d0bb0bc06625b1b637acee6b99986ee1f,REPRODUCED
False,,,,,,,,,,c_d55aa91337014b89,invariance,c69fff36c89963f0a8a55bd267584fe3b32aad093936e970cae5aac6d917ea90,4640ce4a3328e6b8b4e4383e059d2e1d0bb0bc06625b1b637acee6b99986ee1f,REPRODUCED
True,UNKNOWN_LEAK,EvidenceGold,candidate_filter,candidate_filter,aux_73,runtime_taint_trace.jsonl,,True,full_audit_component=runtime_taint; taint reached deployment sink,c_d55aa91337014b89,full_audit,c69fff36c89963f0a8a55bd267584fe3b32aad093936e970cae5aac6d917ea90,4640ce4a3328e6b8b4e4383e059d2e1d0bb0bc06625b1b637acee6b99986ee1f,REPRODUCED
True,UNKNOWN_LEAK,,,keyword_static_baseline,label,adapter.py,,,keyword:label,c_eac81545cbfb4249,keyword_static_baseline,c69fff36c89963f0a8a55bd267584fe3b32aad093936e970cae5aac6d917ea90,4640ce4a3328e6b8b4e4383e059d2e1d0bb0bc06625b1b637acee6b99986ee1f,REPRODUCED
False,,,,,,,,,,c_eac81545cbfb4249,ast_static_dataflow,c69fff36c89963f0a8a55bd267584fe3b32aad093936e970cae5aac6d917ea90,4640ce4a3328e6b8b4e4383e059d2e1d0bb0bc06625b1b637acee6b99986ee1f,REPRODUCED
False,,,,,,,,,,c_eac81545cbfb4249,schema_guard,c69fff36c89963f0a8a55bd267584fe3b32aad093936e970cae5aac6d917ea90,4640ce4a3328e6b8b4e4383e059d2e1d0bb0bc06625b1b637acee6b99986ee1f,REPRODUCED
False,,,,,,,,,,c_eac81545cbfb4249,runtime_taint,c69fff36c89963f0a8a55bd267584fe3b32aad093936e970cae5aac6d917ea90,4640ce4a3328e6b8b4e4383e059d2e1d0bb0bc06625b1b637acee6b99986ee1f,REPRODUCED
False,,,,,,,,,,c_eac81545cbfb4249,invariance,c69fff36c89963f0a8a55bd267584fe3b32aad093936e970cae5aac6d917ea90,4640ce4a3328e6b8b4e4383e059d2e1d0bb0bc06625b1b637acee6b99986ee1f,REPRODUCED
False,,,,,,,,,,c_eac81545cbfb4249,full_audit,c69fff36c89963f0a8a55bd267584fe3b32aad093936e970cae5aac6d917ea90,4640ce4a3328e6b8b4e4383e059d2e1d0bb0bc06625b1b637acee6b99986ee1f,REPRODUCED
True,UNKNOWN_LEAK,,,keyword_static_baseline,label,adapter.py,,,keyword:label,c_ee3a39fd03e44190,keyword_static_baseline,c69fff36c89963f0a8a55bd267584fe3b32aad093936e970cae5aac6d917ea90,4640ce4a3328e6b8b4e4383e059d2e1d0bb0bc06625b1b637acee6b99986ee1f,REPRODUCED
False,,,,,,,,,,c_ee3a39fd03e44190,ast_static_dataflow,c69fff36c89963f0a8a55bd267584fe3b32aad093936e970cae5aac6d917ea90,4640ce4a3328e6b8b4e4383e059d2e1d0bb0bc06625b1b637acee6b99986ee1f,REPRODUCED
False,,,,,,,,,,c_ee3a39fd03e44190,schema_guard,c69fff36c89963f0a8a55bd267584fe3b32aad093936e970cae5aac6d917ea90,4640ce4a3328e6b8b4e4383e059d2e1d0bb0bc06625b1b637acee6b99986ee1f,REPRODUCED
False,,,,,,,,,,c_ee3a39fd03e44190,runtime_taint,c69fff36c89963f0a8a55bd267584fe3b32aad093936e970cae5aac6d917ea90,4640ce4a3328e6b8b4e4383e059d2e1d0bb0bc06625b1b637acee6b99986ee1f,REPRODUCED
False,,,,,,,,,,c_ee3a39fd03e44190,invariance,c69fff36c89963f0a8a55bd267584fe3b32aad093936e970cae5aac6d917ea90,4640ce4a3328e6b8b4e4383e059d2e1d0bb0bc06625b1b637acee6b99986ee1f,REPRODUCED
False,,,,,,,,,,c_ee3a39fd03e44190,full_audit,c69fff36c89963f0a8a55bd267584fe3b32aad093936e970cae5aac6d917ea90,4640ce4a3328e6b8b4e4383e059d2e1d0bb0bc06625b1b637acee6b99986ee1f,REPRODUCED
True,UNKNOWN_LEAK,,,keyword_static_baseline,label,adapter.py,,,keyword:label,c_f34ccbf725484c85,keyword_static_baseline,c69fff36c89963f0a8a55bd267584fe3b32aad093936e970cae5aac6d917ea90,4640ce4a3328e6b8b4e4383e059d2e1d0bb0bc06625b1b637acee6b99986ee1f,REPRODUCED
False,,,,,,,,,,c_f34ccbf725484c85,ast_static_dataflow,c69fff36c89963f0a8a55bd267584fe3b32aad093936e970cae5aac6d917ea90,4640ce4a3328e6b8b4e4383e059d2e1d0bb0bc06625b1b637acee6b99986ee1f,REPRODUCED
False,,,,,,,,,,c_f34ccbf725484c85,schema_guard,c69fff36c89963f0a8a55bd267584fe3b32aad093936e970cae5aac6d917ea90,4640ce4a3328e6b8b4e4383e059d2e1d0bb0bc06625b1b637acee6b99986ee1f,REPRODUCED
False,,,,,,,,,,c_f34ccbf725484c85,runtime_taint,c69fff36c89963f0a8a55bd267584fe3b32aad093936e970cae5aac6d917ea90,4640ce4a3328e6b8b4e4383e059d2e1d0bb0bc06625b1b637acee6b99986ee1f,REPRODUCED
False,,,,,,,,,,c_f34ccbf725484c85,invariance,c69fff36c89963f0a8a55bd267584fe3b32aad093936e970cae5aac6d917ea90,4640ce4a3328e6b8b4e4383e059d2e1d0bb0bc06625b1b637acee6b99986ee1f,REPRODUCED
False,,,,,,,,,,c_f34ccbf725484c85,full_audit,c69fff36c89963f0a8a55bd267584fe3b32aad093936e970cae5aac6d917ea90,4640ce4a3328e6b8b4e4383e059d2e1d0bb0bc06625b1b637acee6b99986ee1f,REPRODUCED
True,UNKNOWN_LEAK,,,keyword_static_baseline,label,adapter.py,,,keyword:label,c_f4d70eb71afc4710,keyword_static_baseline,c69fff36c89963f0a8a55bd267584fe3b32aad093936e970cae5aac6d917ea90,4640ce4a3328e6b8b4e4383e059d2e1d0bb0bc06625b1b637acee6b99986ee1f,REPRODUCED
False,,,,,,,,,,c_f4d70eb71afc4710,ast_static_dataflow,c69fff36c89963f0a8a55bd267584fe3b32aad093936e970cae5aac6d917ea90,4640ce4a3328e6b8b4e4383e059d2e1d0bb0bc06625b1b637acee6b99986ee1f,REPRODUCED
False,,,,,,,,,,c_f4d70eb71afc4710,schema_guard,c69fff36c89963f0a8a55bd267584fe3b32aad093936e970cae5aac6d917ea90,4640ce4a3328e6b8b4e4383e059d2e1d0bb0bc06625b1b637acee6b99986ee1f,REPRODUCED
True,UNKNOWN_LEAK,EvidenceGold,candidate_scoring,selector,aux_61,runtime_taint_trace.jsonl,,True,taint reached deployment sink,c_f4d70eb71afc4710,runtime_taint,c69fff36c89963f0a8a55bd267584fe3b32aad093936e970cae5aac6d917ea90,4640ce4a3328e6b8b4e4383e059d2e1d0bb0bc06625b1b637acee6b99986ee1f,REPRODUCED
False,,,,,,,,,,c_f4d70eb71afc4710,invariance,c69fff36c89963f0a8a55bd267584fe3b32aad093936e970cae5aac6d917ea90,4640ce4a3328e6b8b4e4383e059d2e1d0bb0bc06625b1b637acee6b99986ee1f,REPRODUCED
True,UNKNOWN_LEAK,EvidenceGold,candidate_scoring,selector,aux_61,runtime_taint_trace.jsonl,,True,full_audit_component=runtime_taint; taint reached deployment sink,c_f4d70eb71afc4710,full_audit,c69fff36c89963f0a8a55bd267584fe3b32aad093936e970cae5aac6d917ea90,4640ce4a3328e6b8b4e4383e059d2e1d0bb0bc06625b1b637acee6b99986ee1f,REPRODUCED
True,UNKNOWN_LEAK,,,keyword_static_baseline,label,adapter.py,,,keyword:label,c_f75797537cc541d2,keyword_static_baseline,c69fff36c89963f0a8a55bd267584fe3b32aad093936e970cae5aac6d917ea90,4640ce4a3328e6b8b4e4383e059d2e1d0bb0bc06625b1b637acee6b99986ee1f,REPRODUCED
False,,,,,,,,,,c_f75797537cc541d2,ast_static_dataflow,c69fff36c89963f0a8a55bd267584fe3b32aad093936e970cae5aac6d917ea90,4640ce4a3328e6b8b4e4383e059d2e1d0bb0bc06625b1b637acee6b99986ee1f,REPRODUCED
False,,,,,,,,,,c_f75797537cc541d2,schema_guard,c69fff36c89963f0a8a55bd267584fe3b32aad093936e970cae5aac6d917ea90,4640ce4a3328e6b8b4e4383e059d2e1d0bb0bc06625b1b637acee6b99986ee1f,REPRODUCED
True,UNKNOWN_LEAK,EvidenceGold,candidate_scoring,selector,aux_67,runtime_taint_trace.jsonl,,True,taint reached deployment sink,c_f75797537cc541d2,runtime_taint,c69fff36c89963f0a8a55bd267584fe3b32aad093936e970cae5aac6d917ea90,4640ce4a3328e6b8b4e4383e059d2e1d0bb0bc06625b1b637acee6b99986ee1f,REPRODUCED
False,,,,,,,,,,c_f75797537cc541d2,invariance,c69fff36c89963f0a8a55bd267584fe3b32aad093936e970cae5aac6d917ea90,4640ce4a3328e6b8b4e4383e059d2e1d0bb0bc06625b1b637acee6b99986ee1f,REPRODUCED
True,UNKNOWN_LEAK,EvidenceGold,candidate_scoring,selector,aux_67,runtime_taint_trace.jsonl,,True,full_audit_component=runtime_taint; taint reached deployment sink,c_f75797537cc541d2,full_audit,c69fff36c89963f0a8a55bd267584fe3b32aad093936e970cae5aac6d917ea90,4640ce4a3328e6b8b4e4383e059d2e1d0bb0bc06625b1b637acee6b99986ee1f,REPRODUCED
True,UNKNOWN_LEAK,,,keyword_static_baseline,label,adapter.py,,,keyword:label,c_f7760253c6c444cb,keyword_static_baseline,c69fff36c89963f0a8a55bd267584fe3b32aad093936e970cae5aac6d917ea90,4640ce4a3328e6b8b4e4383e059d2e1d0bb0bc06625b1b637acee6b99986ee1f,REPRODUCED
False,,,,,,,,,,c_f7760253c6c444cb,ast_static_dataflow,c69fff36c89963f0a8a55bd267584fe3b32aad093936e970cae5aac6d917ea90,4640ce4a3328e6b8b4e4383e059d2e1d0bb0bc06625b1b637acee6b99986ee1f,REPRODUCED
True,UNKNOWN_LEAK,,,schema_guard,aux_23,,,,extra metadata field,c_f7760253c6c444cb,schema_guard,c69fff36c89963f0a8a55bd267584fe3b32aad093936e970cae5aac6d917ea90,4640ce4a3328e6b8b4e4383e059d2e1d0bb0bc06625b1b637acee6b99986ee1f,REPRODUCED
True,UNKNOWN_LEAK,EvidenceGold,candidate_scoring,selector,aux_23,runtime_taint_trace.jsonl,,True,taint reached deployment sink,c_f7760253c6c444cb,runtime_taint,c69fff36c89963f0a8a55bd267584fe3b32aad093936e970cae5aac6d917ea90,4640ce4a3328e6b8b4e4383e059d2e1d0bb0bc06625b1b637acee6b99986ee1f,REPRODUCED
True,UNKNOWN_LEAK,,selected_doc_ids,invariance,selected_doc_ids,selection,,True,changed_qids=1,c_f7760253c6c444cb,invariance,c69fff36c89963f0a8a55bd267584fe3b32aad093936e970cae5aac6d917ea90,4640ce4a3328e6b8b4e4383e059d2e1d0bb0bc06625b1b637acee6b99986ee1f,REPRODUCED
True,UNKNOWN_LEAK,EvidenceGold,candidate_scoring,selector,aux_23,runtime_taint_trace.jsonl,,True,full_audit_component=runtime_taint; taint reached deployment sink,c_f7760253c6c444cb,full_audit,c69fff36c89963f0a8a55bd267584fe3b32aad093936e970cae5aac6d917ea90,4640ce4a3328e6b8b4e4383e059d2e1d0bb0bc06625b1b637acee6b99986ee1f,REPRODUCED
True,UNKNOWN_LEAK,,,keyword_static_baseline,label,adapter.py,,,keyword:label,c_ffa58de489ef46d9,keyword_static_baseline,c69fff36c89963f0a8a55bd267584fe3b32aad093936e970cae5aac6d917ea90,4640ce4a3328e6b8b4e4383e059d2e1d0bb0bc06625b1b637acee6b99986ee1f,REPRODUCED
False,,,,,,,,,,c_ffa58de489ef46d9,ast_static_dataflow,c69fff36c89963f0a8a55bd267584fe3b32aad093936e970cae5aac6d917ea90,4640ce4a3328e6b8b4e4383e059d2e1d0bb0bc06625b1b637acee6b99986ee1f,REPRODUCED
True,UNKNOWN_LEAK,,,schema_guard,aux_17,,,,extra metadata field,c_ffa58de489ef46d9,schema_guard,c69fff36c89963f0a8a55bd267584fe3b32aad093936e970cae5aac6d917ea90,4640ce4a3328e6b8b4e4383e059d2e1d0bb0bc06625b1b637acee6b99986ee1f,REPRODUCED
True,UNKNOWN_LEAK,EvidenceGold,candidate_scoring,selector,aux_17,runtime_taint_trace.jsonl,,True,taint reached deployment sink,c_ffa58de489ef46d9,runtime_taint,c69fff36c89963f0a8a55bd267584fe3b32aad093936e970cae5aac6d917ea90,4640ce4a3328e6b8b4e4383e059d2e1d0bb0bc06625b1b637acee6b99986ee1f,REPRODUCED
True,UNKNOWN_LEAK,,selected_doc_ids,invariance,selected_doc_ids,selection,,True,changed_qids=1,c_ffa58de489ef46d9,invariance,c69fff36c89963f0a8a55bd267584fe3b32aad093936e970cae5aac6d917ea90,4640ce4a3328e6b8b4e4383e059d2e1d0bb0bc06625b1b637acee6b99986ee1f,REPRODUCED
True,UNKNOWN_LEAK,EvidenceGold,candidate_scoring,selector,aux_17,runtime_taint_trace.jsonl,,True,full_audit_component=runtime_taint; taint reached deployment sink,c_ffa58de489ef46d9,full_audit,c69fff36c89963f0a8a55bd267584fe3b32aad093936e970cae5aac6d917ea90,4640ce4a3328e6b8b4e4383e059d2e1d0bb0bc06625b1b637acee6b99986ee1f,REPRODUCED
